season_label,injury,from_date,to_date,days_out,games_missed,player_id,player_slug,to_date_filled,severe_injury
25/26,Lesão no dedo,2025-10-16,2026-01-09,86.0,14.0,69400,weverton,2026-01-09,True
16/17,Fratura cubital,2016-08-01,2016-11-01,93.0,20.0,31315,fernando-prass,2016-11-01,True
18/19,Lesão dos ligamentos laterais do joelho,2019-04-23,2020-12-02,590.0,81.0,200455,vagner,2020-12-02,True
20/21,Coronavírus,2020-11-20,2020-12-04,15.0,4.0,112940,jailson,2020-12-04,False
21/22,Coronavírus,2022-01-03,2022-01-12,10.0,2.0,438682,daniel-fuzato,2022-01-12,False
22/23,Rotura muscular na coxa,2023-04-24,2023-05-29,36.0,7.0,598975,matheus-teixeira,2023-05-29,False
24/25,Entorse no joelho,2025-03-12,2025-04-02,22.0,5.0,215390,gustavo-gomez,2025-04-02,False
24/25,Lesão na coxa,2025-02-17,2025-03-09,21.0,3.0,215390,gustavo-gomez,2025-03-09,False
23/24,Fratura no pé,2024-02-19,2024-03-27,38.0,5.0,215390,gustavo-gomez,2024-03-27,False
16/17,Fadiga muscular,2017-03-25,2017-04-02,9.0,1.0,215390,gustavo-gomez,2017-04-02,False
25/26,Lesão na coxa,2025-10-14,2025-10-18,5.0,1.0,383638,juninho,2025-10-18,False
24/25,Lesão na coxa,2025-04-04,2025-04-18,15.0,4.0,383638,juninho,2025-04-18,False
24/25,Problemas no Joelho,2025-02-09,2025-02-25,17.0,2.0,346922,thiago-santos,2025-02-25,False
23/24,Lesão na coxa,2024-04-12,2024-05-21,40.0,10.0,346922,thiago-santos,2024-05-21,False
09/10,Innenbandanriss Knie,2009-07-06,2009-08-31,57.0,6.0,52960,leandro-almeida,2009-08-31,False
25/26,Lesão nos adutores,2025-10-19,2025-11-17,30.0,4.0,271335,fabiano,2025-11-17,False
24/25,Traumatismo,2024-11-03,2024-11-29,27.0,2.0,271335,fabiano,2024-11-29,False
24/25,Rotura muscular,2024-09-15,2024-09-30,16.0,3.0,271335,fabiano,2024-09-30,False
23/24,Lesão desconhecida,2024-01-29,2024-03-01,33.0,7.0,271335,fabiano,2024-03-01,False
20/21,Lesão desconhecida,2021-03-06,2021-03-18,13.0,1.0,271335,fabiano,2021-03-18,False
25/26,Operado ao joelho,2025-07-24,2025-08-21,29.0,5.0,277318,thiago-martins,2025-08-21,False
24/25,Lesão na panturrilha,2025-02-20,2025-02-27,8.0,1.0,277318,thiago-martins,2025-02-27,False
22/23,Lesão no tornozelo,2023-05-29,2023-07-04,37.0,7.0,277318,thiago-martins,2023-07-04,False
21/22,Hematoma,2021-08-20,2021-08-29,10.0,3.0,277318,thiago-martins,2021-08-29,False
19/20,Fratura do Metatarso,2020-03-09,2020-06-21,105.0,,277318,thiago-martins,2020-06-21,True
25/26,Lesão muscular,2025-10-01,2025-10-15,15.0,2.0,266809,nicolas-freire,2025-10-15,False
25/26,Ruptura muscular,2025-08-14,2025-09-04,22.0,3.0,266809,nicolas-freire,2025-09-04,False
23/24,Rotura parcial de ligamento,2024-05-20,2025-03-30,315.0,38.0,266809,nicolas-freire,2025-03-30,True
23/24,Lesão muscular,2024-03-17,2024-04-02,17.0,2.0,266809,nicolas-freire,2024-04-02,False
23/24,Lesão muscular,2023-10-03,2023-12-31,90.0,13.0,266809,nicolas-freire,2023-12-31,True
24/25,Lesão na coxa,2025-03-30,2025-04-18,20.0,4.0,207446,antonio-carlos,2025-04-18,False
23/24,lesão na perna,2023-08-17,2023-10-03,48.0,8.0,207446,antonio-carlos,2023-10-03,False
22/23,lesão na perna,2023-02-20,2023-03-09,18.0,3.0,207446,antonio-carlos,2023-03-09,False
21/22,Ruptura muscular,2022-04-04,2022-06-20,78.0,13.0,207446,antonio-carlos,2022-06-20,True
12/13,Rotura dos ligamentos cruzados,2012-07-20,2013-01-20,185.0,31.0,15419,edu-dracena,2013-01-20,True
08/09,Rotura dos ligamentos cruzados,2009-04-06,2009-10-01,179.0,23.0,15419,edu-dracena,2009-10-01,True
08/09,Problemas no Joelho,2009-01-27,2009-02-20,25.0,5.0,15419,edu-dracena,2009-02-20,False
08/09,Lesão desconhecida,2008-09-10,2008-09-30,21.0,3.0,15419,edu-dracena,2008-09-30,False
06/07,Distensão da panturrilha,2007-02-25,2007-03-06,10.0,2.0,15419,edu-dracena,2007-03-06,False
25/26,Lesão no joelho,2025-10-23,2025-11-01,10.0,1.0,428783,vitao,2025-11-01,False
24/25,Lesão na coxa,2024-07-16,2024-08-03,19.0,3.0,428783,vitao,2024-08-03,False
23/24,Lesão na coxa,2023-08-28,2023-09-25,29.0,4.0,428783,vitao,2023-09-25,False
22/23,Entorse no joelho,2023-05-15,2023-05-24,10.0,2.0,428783,vitao,2023-05-24,False
21/22,Lesão desconhecida,2021-10-02,2021-10-14,13.0,1.0,428783,vitao,2021-10-14,False
20/21,Lesão desconhecida,2020-12-09,2021-01-01,24.0,1.0,428783,vitao,2021-01-01,False
24/25,Rotura do menisco,2025-04-22,,332.0,36.0,585264,pedrao,2026-03-20,True
24/25,Entorse da banda lateral,2025-03-04,2025-03-28,25.0,2.0,585264,pedrao,2025-03-28,False
24/25,Lesão dos ligamentos laterais,2024-12-28,2025-02-26,61.0,11.0,585264,pedrao,2025-02-26,True
23/24,Lesão desconhecida,2023-08-17,2023-08-31,15.0,2.0,585264,pedrao,2023-08-31,False
21/22,Lesão na coxa,2022-03-01,2022-03-15,15.0,2.0,585264,pedrao,2022-03-15,False
25/26,Lesão muscular,2025-08-29,2025-09-09,12.0,1.0,520626,gabriel-furtado,2025-09-09,False
25/26,Lesão na cabeça,2025-11-20,2025-11-27,8.0,1.0,234538,victor-luis,2025-11-27,False
24/25,Problemas musculares,2024-10-14,2024-11-04,22.0,4.0,234538,victor-luis,2024-11-04,False
24/25,Entorse do tornozelo,2025-04-27,2025-05-20,24.0,6.0,167724,diogo-barbosa,2025-05-20,False
24/25,Lesão muscular,2024-12-02,2025-01-22,52.0,2.0,167724,diogo-barbosa,2025-01-22,False
24/25,Artroscopia,2024-08-11,2024-09-17,38.0,6.0,167724,diogo-barbosa,2024-09-17,False
24/25,Entorse do tornozelo,2024-08-26,2024-10-18,54.0,5.0,432166,luan-candido,2024-10-18,False
22/23,lesão na perna,2023-02-27,2023-06-26,120.0,22.0,432166,luan-candido,2023-06-26,True
25/26,Lesão na coxa,2025-10-20,2025-11-18,30.0,4.0,75435,marcos-rocha,2025-11-18,False
25/26,Queixas adutores,2025-09-29,2025-10-15,17.0,2.0,75435,marcos-rocha,2025-10-15,False
25/26,Problemas musculares,2025-09-12,2025-09-20,9.0,1.0,75435,marcos-rocha,2025-09-20,False
24/25,Lesão na panturrilha,2025-04-13,2025-05-06,24.0,6.0,75435,marcos-rocha,2025-05-06,False
24/25,Lesão na coxa,2025-03-17,2025-04-11,26.0,5.0,75435,marcos-rocha,2025-04-11,False
24/25,Lesão na coxa,2024-09-16,2024-10-04,19.0,2.0,75435,marcos-rocha,2024-10-04,False
22/23,Lesão na coxa,2023-04-24,2023-05-19,26.0,6.0,75435,marcos-rocha,2023-05-19,False
14/15,Problemas na panturrilha,2015-05-10,2015-07-22,74.0,19.0,75435,marcos-rocha,2015-07-22,True
14/15,Pancada na coxa,2015-02-14,2015-03-09,24.0,5.0,75435,marcos-rocha,2015-03-09,False
25/26,inflamação no joelho,2025-10-27,2025-11-05,10.0,1.0,147361,mayke,2025-11-05,False
25/26,Fadiga muscular,2025-10-02,2025-10-14,13.0,1.0,147361,mayke,2025-10-14,False
24/25,Lesão na coxa,2025-04-04,2025-05-03,30.0,8.0,147361,mayke,2025-05-03,False
24/25,Lesão na panturrilha,2024-08-25,2024-10-19,56.0,5.0,147361,mayke,2024-10-19,False
24/25,Lesão na panturrilha,2024-08-08,2024-08-20,13.0,3.0,147361,mayke,2024-08-20,False
24/25,Problemas musculares,2024-07-22,2024-08-06,16.0,3.0,147361,mayke,2024-08-06,False
23/24,Lesão na coxa,2024-02-04,2024-03-02,28.0,6.0,147361,mayke,2024-03-02,False
19/20,Lesão na coxa,2019-08-19,2019-10-26,69.0,14.0,147361,mayke,2019-10-26,True
13/14,Lesão desconhecida,2013-08-13,2013-08-15,3.0,,147361,mayke,2013-08-15,False
23/24,Lesão na panturrilha,2024-06-20,2024-08-03,45.0,11.0,35537,felipe-melo,2024-08-03,False
20/21,Lesão no tornozelo,2020-11-08,2021-01-17,71.0,19.0,35537,felipe-melo,2021-01-17,True
16/17,Traumatismo no joelho,2016-10-07,2016-10-31,25.0,5.0,35537,felipe-melo,2016-10-31,False
14/15,Operação,2015-02-23,2015-04-13,50.0,6.0,35537,felipe-melo,2015-04-13,False
14/15,Lesão no tornozelo,2015-02-16,2015-02-22,7.0,1.0,35537,felipe-melo,2015-02-22,False
14/15,Lesão desconhecida,2014-10-26,2014-11-01,7.0,1.0,35537,felipe-melo,2014-11-01,False
12/13,Problemas de Ligamento,2012-10-23,2012-10-30,8.0,1.0,35537,felipe-melo,2012-10-30,False
10/11,Lesão desconhecida,2011-03-07,2011-03-25,19.0,2.0,35537,felipe-melo,2011-03-25,False
10/11,Problemas musculares na coxa,2010-11-08,2010-11-12,5.0,1.0,35537,felipe-melo,2010-11-12,False
09/10,Lesão tornozelo,2010-06-26,2010-07-01,6.0,1.0,35537,felipe-melo,2010-07-01,False
24/25,Lesão na coxa,2025-02-12,2025-04-23,71.0,12.0,232096,renato-augusto,2025-04-23,True
20/21,danos na cartilagem,2021-04-14,2023-03-19,705.0,86.0,232096,renato-augusto,2023-03-19,True
19/20,Recuperação ritmo competitivo,2020-05-18,2020-07-09,53.0,2.0,232096,renato-augusto,2020-07-09,False
19/20,Fratura do antebraço,2019-12-01,2020-05-17,169.0,4.0,232096,renato-augusto,2020-05-17,True
19/20,Lesão no tornozelo,2019-09-30,2019-11-13,45.0,5.0,232096,renato-augusto,2019-11-13,False
18/19,Lesão na coxa,2019-05-04,2019-06-12,40.0,6.0,232096,renato-augusto,2019-06-12,False
24/25,Lesão desconhecida,2025-02-05,,408.0,43.0,407654,matheus-sales,2026-03-20,True
20/21,Lesão no joelho,2020-12-26,2021-03-28,93.0,12.0,407654,matheus-sales,2021-03-28,True
25/26,Problemas musculares na coxa,2025-08-25,2025-09-30,37.0,6.0,364261,tche-tche,2025-09-30,False
24/25,Lesão no joelho,2025-02-24,2025-03-29,34.0,3.0,364261,tche-tche,2025-03-29,False
25/26,lesão na perna,2025-07-31,2025-08-05,6.0,1.0,277335,bruno-henrique,2025-08-05,False
18/19,Lesão muscular,2018-11-29,2018-12-10,12.0,1.0,12142,michel-bastos,2018-12-10,False
18/19,Lesão muscular,2018-08-05,2018-08-13,9.0,2.0,12142,michel-bastos,2018-08-13,False
13/14,Lesão na mão,2014-01-22,2014-02-02,12.0,1.0,12142,michel-bastos,2014-02-02,False
12/13,Lesão na coluna,2012-09-17,2012-11-25,70.0,13.0,12142,michel-bastos,2012-11-25,True
11/12,Lesão nas costas,2012-04-18,2012-08-12,117.0,9.0,12142,michel-bastos,2012-08-12,True
11/12,Rotura muscular na coxa,2011-10-28,2011-11-07,11.0,3.0,12142,michel-bastos,2011-11-07,False
10/11,Operado ao joelho,2011-03-19,2011-04-30,43.0,5.0,12142,michel-bastos,2011-04-30,False
25/26,Lesão na coxa,2025-10-02,2025-10-07,6.0,1.0,232847,lucas-lima,2025-10-07,False
25/26,Entorse do tornozelo,2025-08-26,2025-08-30,5.0,,232847,lucas-lima,2025-08-30,False
16/17,Lesão na coxa,2017-05-21,2017-06-13,24.0,5.0,232847,lucas-lima,2017-06-13,False
24/25,Problemas no Joelho,2024-11-17,2024-11-25,9.0,2.0,330085,gustavo-scarpa,2024-11-25,False
23/24,Lesão desconhecida,2023-11-24,2024-01-01,39.0,6.0,330085,gustavo-scarpa,2024-01-01,False
22/23,Lesão no joelho,2023-04-06,2023-05-08,33.0,5.0,330085,gustavo-scarpa,2023-05-08,False
20/21,Coronavírus,2020-11-20,2020-11-28,9.0,2.0,330085,gustavo-scarpa,2020-11-28,False
25/26,Lesão na coxa,2025-10-09,2025-10-24,16.0,2.0,338861,hyoran,2025-10-24,False
24/25,Problema nos flexores do quadril,2025-05-18,2025-07-19,63.0,4.0,338861,hyoran,2025-07-19,True
23/24,Lesão na coxa,2024-04-13,2024-05-28,46.0,5.0,338861,hyoran,2024-05-28,False
22/23,Lesão no tornozelo,2023-06-28,2023-07-28,31.0,4.0,338861,hyoran,2023-07-28,False
22/23,Problemas musculares na coxa,2022-11-06,2022-11-11,6.0,1.0,338861,hyoran,2022-11-11,False
22/23,Doente,2022-10-10,2022-10-19,10.0,1.0,338861,hyoran,2022-10-19,False
16/17,Lesão no joelho,2016-11-10,2017-01-10,62.0,7.0,338861,hyoran,2017-01-10,True
17/18,Lesão na coxa,2018-02-09,2018-02-27,19.0,3.0,323944,vitinho,2018-02-27,False
17/18,Lesão no púbis,2017-12-14,2017-12-19,6.0,1.0,323944,vitinho,2017-12-19,False
24/25,Lesão desconhecida,2024-11-29,2024-12-01,3.0,1.0,428786,alan,2024-12-01,False
24/25,Lesão desconhecida,2024-08-19,2024-08-27,9.0,1.0,428786,alan,2024-08-27,False
20/21,Perna fraturada,2020-10-03,2021-04-01,181.0,43.0,428786,alan,2021-04-01,True
24/25,Lesão na panturrilha,2024-08-08,2024-08-31,24.0,5.0,114937,dudu,2024-08-31,False
23/24,Rotura dos ligamentos cruzados,2023-08-28,2024-06-13,291.0,52.0,114937,dudu,2024-06-13,True
25/26,Entorse do tornozelo,2025-10-09,2025-10-19,11.0,1.0,346065,keno,2025-10-19,False
24/25,Lesão na coxa,2024-11-27,2024-12-04,8.0,1.0,346065,keno,2024-12-04,False
23/24,Lesão desconhecida,2024-06-10,2024-06-14,5.0,1.0,346065,keno,2024-06-14,False
23/24,Entorse do tornozelo,2024-03-20,2024-05-12,54.0,9.0,346065,keno,2024-05-12,False
22/23,Problemas musculares na coxa,2023-05-04,2023-06-22,50.0,10.0,346065,keno,2023-06-22,False
20/21,Lesão no cotovelo,2021-01-26,2021-02-18,24.0,4.0,346065,keno,2021-02-18,False
25/26,Lesão desconhecida,2025-10-31,2025-11-08,9.0,1.0,323945,yan-matheus,2025-11-08,False
21/22,Lesão desconhecida,2021-12-13,2021-12-20,8.0,1.0,323945,yan-matheus,2021-12-20,False
20/21,Lesão desconhecida,2020-10-28,2020-12-03,37.0,4.0,323945,yan-matheus,2020-12-03,False
19/20,Lesão na coxa,2019-10-10,2019-10-22,13.0,3.0,323945,yan-matheus,2019-10-22,False
25/26,Problemas musculares,2026-03-01,2026-03-09,9.0,2.0,440658,artur,2026-03-09,False
25/26,Lesão muscular,2025-09-12,2025-09-23,12.0,3.0,440658,artur,2025-09-23,False
25/26,Gripe,2025-07-21,2025-07-28,8.0,1.0,440658,artur,2025-07-28,False
24/25,Lesão na coxa,2025-05-15,2025-05-26,12.0,2.0,440658,artur,2025-05-26,False
24/25,Lesão muscular,2025-02-07,2025-02-26,20.0,5.0,440658,artur,2025-02-26,False
23/24,Lesão muscular,2024-05-15,2024-05-23,9.0,1.0,440658,artur,2024-05-23,False
23/24,Lesão na coxa,2024-03-08,2024-05-05,59.0,7.0,55338,willian-bigode,2024-05-05,False
23/24,Problemas musculares na coxa,2023-07-17,2023-08-28,43.0,8.0,55338,willian-bigode,2023-08-28,False
20/21,Coronavírus,2020-11-20,2020-12-04,15.0,3.0,55338,willian-bigode,2020-12-04,False
18/19,Rotura de ligamentos no joelho,2018-11-26,2019-06-04,191.0,32.0,55338,willian-bigode,2019-06-04,True
14/15,Hematoma,2015-04-08,2015-05-05,28.0,4.0,243541,deyverson,2015-05-05,False
14/15,Pancada na coxa,2015-03-23,2015-04-01,10.0,,243541,deyverson,2015-04-01,False
24/25,Queixas adutores,2025-04-19,2025-04-25,7.0,1.0,211397,miguel-borja,2025-04-25,False
24/25,Muskelbündelriss,2024-08-08,2024-08-19,12.0,3.0,211397,miguel-borja,2024-08-19,False
23/24,Distensão muscular,2024-04-14,2024-04-19,6.0,1.0,211397,miguel-borja,2024-04-19,False
23/24,Queixas adutores,2024-02-16,2024-02-23,8.0,1.0,211397,miguel-borja,2024-02-23,False
23/24,Muskelbündelriss,2023-11-27,2023-12-12,16.0,3.0,211397,miguel-borja,2023-12-12,False
22/23,Gripe,2023-06-11,2023-06-15,5.0,1.0,211397,miguel-borja,2023-06-15,False
19/20,Doente,2019-12-08,2019-12-08,1.0,,211397,miguel-borja,2019-12-08,False
19/20,Edema no joelho,2019-11-28,2019-11-28,1.0,,211397,miguel-borja,2019-11-28,False
19/20,Traumatismo grade costal,2019-10-27,2019-11-02,7.0,2.0,211397,miguel-borja,2019-11-02,False
19/20,Traumatismo,2019-10-17,2019-10-17,1.0,1.0,211397,miguel-borja,2019-10-17,False
19/20,Contusão nas costas,2019-09-22,2019-09-22,1.0,,211397,miguel-borja,2019-09-22,False
19/20,Problemas no Joelho,2019-07-21,2019-08-05,16.0,2.0,211397,miguel-borja,2019-08-05,False
18/19,Problemas musculares na coxa,2019-06-08,2019-06-08,1.0,,211397,miguel-borja,2019-06-08,False
18/19,Problemas de calcanhares,2019-05-12,2019-05-12,1.0,,211397,miguel-borja,2019-05-12,False
18/19,Doente,2019-04-29,2019-05-01,3.0,,211397,miguel-borja,2019-05-01,False
18/19,Problemas no Joelho,2018-09-09,2018-09-09,1.0,,211397,miguel-borja,2018-09-09,False
18/19,Problemas na anca,2018-08-26,2018-08-26,1.0,,211397,miguel-borja,2018-08-26,False
18/19,Probleme im Fußgewölbe,2018-08-13,2018-08-13,1.0,,211397,miguel-borja,2018-08-13,False
18/19,Problemas no Joelho,2018-06-30,2018-07-30,31.0,5.0,211397,miguel-borja,2018-07-30,False
17/18,Traumatismo na anca,2018-06-07,2018-06-14,8.0,3.0,211397,miguel-borja,2018-06-14,False
17/18,Doente,2018-05-27,2018-05-27,1.0,,211397,miguel-borja,2018-05-27,False
17/18,Problemas de calcanhares,2018-04-17,2018-04-17,1.0,,211397,miguel-borja,2018-04-17,False
21/22,Lesão dos ligamentos laterais do joelho,2022-06-12,2023-06-29,383.0,26.0,528004,leo-passos,2023-06-29,True
25/26,Entorse do tornozelo,2026-02-26,,22.0,3.0,550495,fernando,2026-03-20,False
24/25,Tendinite,2025-03-03,2025-08-29,180.0,25.0,550495,fernando,2025-08-29,True
23/24,Lesão na coxa,2024-04-07,2025-02-14,314.0,45.0,550495,fernando,2025-02-14,True
23/24,Queixas adutores,2023-11-11,2023-12-08,28.0,4.0,550495,fernando,2023-12-08,False
23/24,Queixas adutores,2023-09-02,2023-11-07,67.0,13.0,550495,fernando,2023-11-07,True
22/23,Problemas musculares na coxa,2023-02-22,2023-08-19,179.0,19.0,550495,fernando,2023-08-19,True
22/23,Lesão muscular,2022-09-14,2022-12-31,109.0,14.0,550495,fernando,2022-12-31,True
21/22,Lesão desconhecida,2021-11-27,2021-12-06,10.0,2.0,550495,fernando,2021-12-06,False
21/22,Lesão desconhecida,2021-09-17,2021-10-14,28.0,5.0,550495,fernando,2021-10-14,False
21/22,Lesão no joelho,2021-07-06,2021-08-30,56.0,9.0,550495,fernando,2021-08-30,False
20/21,Lesão desconhecida,2020-10-16,2020-11-05,21.0,6.0,550495,fernando,2020-11-05,False
19/20,Problemas físicos,2019-09-01,2019-11-28,89.0,13.0,550495,fernando,2019-11-28,True
18/19,Entorse do tornozelo,2018-10-31,2018-12-31,62.0,8.0,550495,fernando,2018-12-31,True
23/24,lesão no braço,2024-01-24,2024-02-14,22.0,4.0,587328,rafael-elias,2024-02-14,False
23/24,Lesão dos ligamentos laterais do joelho,2023-09-04,2023-10-16,43.0,4.0,587328,rafael-elias,2023-10-16,False
18/19,Lesão no tornozelo,2019-01-24,2019-02-09,17.0,5.0,587328,rafael-elias,2019-02-09,False
22/23,Fratura de um dedo,2022-10-15,2022-11-21,38.0,3.0,68727,vanderlei,2022-11-21,False
22/23,Problemas musculares,2022-11-10,2023-01-15,67.0,1.0,98930,vladimir,2023-01-15,True
22/23,Problemas no Joelho,2022-09-04,2022-09-27,24.0,3.0,98930,vladimir,2022-09-27,False
25/26,Operado ao joelho,2026-01-04,,75.0,16.0,432914,john-victor,2026-03-20,True
23/24,Lesão na coxa,2024-02-06,2024-04-02,57.0,13.0,432914,john-victor,2024-04-02,False
23/24,Problemas musculares,2023-10-30,2023-11-15,17.0,3.0,432914,john-victor,2023-11-15,False
21/22,Lesão meniscal,2021-08-03,2021-12-01,121.0,27.0,432914,john-victor,2021-12-01,True
20/21,Coronavírus,2021-01-10,2021-01-17,8.0,2.0,432914,john-victor,2021-01-17,False
25/26,Lesão no joelho,2025-09-14,2025-11-01,49.0,10.0,275412,joao-paulo,2025-11-01,False
23/24,Rotura do tendão de Aquiles,2024-05-25,2024-11-16,176.0,29.0,275412,joao-paulo,2024-11-16,True
25/26,Fadiga muscular,2025-07-14,2025-07-18,5.0,1.0,208681,gustavo-henrique,2025-07-18,False
24/25,Problemas na virilha,2025-04-28,2025-07-12,76.0,11.0,208681,gustavo-henrique,2025-07-12,True
24/25,Lesão na coxa,2025-04-03,2025-04-15,13.0,3.0,208681,gustavo-henrique,2025-04-15,False
24/25,Problemas musculares na coxa,2025-01-15,2025-02-22,39.0,12.0,208681,gustavo-henrique,2025-02-22,False
23/24,Doente,2024-04-19,2024-05-10,22.0,5.0,208681,gustavo-henrique,2024-05-10,False
23/24,Problemas musculares,2024-01-20,2024-02-10,22.0,6.0,208681,gustavo-henrique,2024-02-10,False
22/23,Lesão na coxa,2022-10-27,2022-11-25,30.0,4.0,208681,gustavo-henrique,2022-11-25,False
20/21,Doente,2020-10-21,2020-10-23,3.0,1.0,208681,gustavo-henrique,2020-10-23,False
20/21,Doente,2020-09-27,2020-10-04,8.0,2.0,208681,gustavo-henrique,2020-10-04,False
16/17,Rotura dos ligamentos cruzados,2016-09-26,2017-08-08,317.0,57.0,208681,gustavo-henrique,2017-08-08,True
24/25,Lesão desconhecida,2025-03-03,,382.0,23.0,53226,david-braz,2026-03-20,True
16/17,Problemas no Joelho,2016-11-14,2016-12-31,48.0,6.0,226009,cleber-reis,2016-12-31,False
15/16,Lesão no pescoço,2015-08-12,2015-08-24,13.0,2.0,226009,cleber-reis,2015-08-24,False
14/15,Rotura capsular,2015-04-20,2015-05-11,22.0,3.0,226009,cleber-reis,2015-05-11,False
14/15,Recuperação ritmo competitivo,2015-02-14,2015-03-02,17.0,3.0,226009,cleber-reis,2015-03-02,False
14/15,Fibra muscular rasgado,2015-01-27,2015-02-14,19.0,4.0,226009,cleber-reis,2015-02-14,False
14/15,Lesão no ombro,2014-12-13,2014-12-15,3.0,,226009,cleber-reis,2014-12-15,False
23/24,Lesão no joelho,2024-05-02,2024-06-18,48.0,6.0,373150,luiz-felipe,2024-06-18,False
25/26,Lesão nas costas,2025-08-11,2025-08-25,15.0,2.0,411662,lucas-verissimo,2025-08-25,False
22/23,Doente,2022-11-19,2022-11-22,4.0,1.0,411662,lucas-verissimo,2022-11-22,False
21/22,Rotura parcial de ligamento,2021-11-08,2022-09-24,321.0,47.0,411662,lucas-verissimo,2022-09-24,True
20/21,Lesão muscular,2021-05-20,2021-05-31,12.0,1.0,411662,lucas-verissimo,2021-05-31,False
24/25,Lesão na coxa,2024-11-10,2024-12-04,25.0,4.0,633377,kaique-rocha,2024-12-04,False
24/25,Lesão muscular,2024-08-30,2024-11-04,67.0,12.0,458715,robson-bambu,2024-11-04,True
24/25,Lesão muscular,2024-07-10,2024-08-13,35.0,4.0,458715,robson-bambu,2024-08-13,False
23/24,Lesão desconhecida,2024-03-02,2024-04-01,31.0,3.0,458715,robson-bambu,2024-04-01,False
21/22,Operação ao tornozelo,2021-11-19,2022-02-01,75.0,11.0,458715,robson-bambu,2022-02-01,True
17/18,Braço fraturado,2017-08-15,2017-10-12,59.0,6.0,109038,dodo,2017-10-12,False
16/17,Lesão desconhecida,2016-10-21,2016-10-30,10.0,2.0,109038,dodo,2016-10-30,False
14/15,Meniskuseinriss,2015-03-15,2015-09-24,194.0,17.0,109038,dodo,2015-09-24,True
13/14,Problemas musculares na coxa,2014-02-04,2014-03-05,30.0,6.0,109038,dodo,2014-03-05,False
12/13,Lesão desconhecida,2013-04-27,2013-05-04,8.0,1.0,109038,dodo,2013-05-04,False
12/13,Problemas nas costas,2013-02-12,2013-02-24,13.0,1.0,109038,dodo,2013-02-24,False
12/13,Problemas no Joelho,2012-08-20,2012-10-27,69.0,8.0,109038,dodo,2012-10-27,True
11/12,Rotura dos ligamentos cruzados,2011-11-16,2012-05-16,183.0,31.0,109038,dodo,2012-05-16,True
24/25,Traumatismo no pé,2025-06-30,2025-07-07,8.0,,342843,caju,2025-07-07,False
24/25,Lesão muscular,2024-12-21,2025-03-08,78.0,10.0,342843,caju,2025-03-08,True
19/20,Lesão na coxa,2019-11-17,2019-12-06,20.0,4.0,525472,orinho,2019-12-06,False
23/24,Lesão do ligamento cruzado,2023-06-15,2024-06-02,354.0,52.0,167825,alison,2024-06-02,True
20/21,Coronavírus,2021-01-18,2021-01-28,11.0,3.0,167825,alison,2021-01-28,False
14/15,Rotura dos ligamentos,2015-02-12,2015-10-22,253.0,57.0,167825,alison,2015-10-22,True
24/25,Problemas musculares,2024-07-25,2024-08-02,9.0,1.0,215212,jean-mota,2024-08-02,False
23/24,Lesão na virilha,2024-05-16,2024-05-31,16.0,1.0,215212,jean-mota,2024-05-31,False
23/24,Problemas no Joelho,2023-08-24,2023-09-30,38.0,8.0,215212,jean-mota,2023-09-30,False
22/23,Rotura do ligamento lateral,2023-04-30,2023-08-22,115.0,23.0,215212,jean-mota,2023-08-22,True
09/10,Problemas na panturrilha,2009-10-18,2009-10-24,7.0,1.0,15445,renato,2009-10-24,False
25/26,Lesão no joelho,2025-09-26,2025-10-29,34.0,6.0,187210,leo-cittadini,2025-10-29,False
24/25,Problemas musculares,2024-11-24,2024-12-04,11.0,2.0,187210,leo-cittadini,2024-12-04,False
22/23,Lesão na coxa,2023-04-23,2023-06-30,69.0,10.0,187210,leo-cittadini,2023-06-30,True
22/23,Problemas no Joelho,2022-11-03,2023-01-14,73.0,3.0,187210,leo-cittadini,2023-01-14,True
24/25,Problemas no tendão de Aquiles,2025-05-13,2025-05-31,19.0,3.0,546000,diego-pituca,2025-05-31,False
21/22,Lesão desconhecida,2021-08-17,2021-08-23,7.0,2.0,39642,bryan-ruiz,2021-08-23,False
20/21,Coronavírus,2020-10-05,2020-10-18,14.0,2.0,39642,bryan-ruiz,2020-10-18,False
17/18,Lesão muscular,2017-11-06,2017-11-13,8.0,1.0,39642,bryan-ruiz,2017-11-13,False
13/14,Problemas musculares na coxa,2014-02-01,2014-02-07,7.0,1.0,39642,bryan-ruiz,2014-02-07,False
12/13,Problemas musculares na coxa,2012-11-19,2012-12-25,37.0,6.0,39642,bryan-ruiz,2012-12-25,False
12/13,Problemas musculares na coxa,2012-09-01,2012-09-20,20.0,3.0,39642,bryan-ruiz,2012-09-20,False
11/12,Fratura do Metatarso,2012-04-07,2012-06-18,73.0,11.0,39642,bryan-ruiz,2012-06-18,True
11/12,Problemas musculares na coxa,2011-07-21,2011-07-28,8.0,1.0,39642,bryan-ruiz,2011-07-28,False
24/25,Lesão nos adutores,2025-04-25,2025-05-19,25.0,5.0,390368,vitor-bueno,2025-05-19,False
25/26,Distensão muscular,2025-08-25,2025-09-09,16.0,3.0,74373,carlos-sanchez,2025-09-09,False
24/25,Lesão desconhecida,2024-10-25,2024-11-04,11.0,1.0,74373,carlos-sanchez,2024-11-04,False
22/23,Muskelbündelriss,2023-03-06,2023-04-10,36.0,7.0,74373,carlos-sanchez,2023-04-10,False
22/23,Muskelbündelriss,2023-02-06,2023-02-14,9.0,,74373,carlos-sanchez,2023-02-14,False
21/22,Lesão no tornozelo,2021-09-16,2021-09-22,7.0,1.0,74373,carlos-sanchez,2021-09-22,False
20/21,Recuperação ritmo competitivo,2021-04-11,2021-06-22,73.0,22.0,74373,carlos-sanchez,2021-06-22,True
20/21,Rotura dos ligamentos cruzados,2020-10-02,2021-04-10,191.0,43.0,74373,carlos-sanchez,2021-04-10,True
19/20,Problemas musculares na coxa,2019-10-04,2019-10-09,6.0,1.0,74373,carlos-sanchez,2019-10-09,False
18/19,Lesão muscular,2018-09-05,2018-09-12,8.0,3.0,74373,carlos-sanchez,2018-09-12,False
18/19,Problemas musculares na coxa,2018-08-10,2018-08-16,7.0,2.0,74373,carlos-sanchez,2018-08-16,False
12/13,Pubalgia,2013-05-31,2013-06-13,14.0,2.0,74373,carlos-sanchez,2013-06-13,False
11/12,Fratura da clavícula,2012-06-12,2012-08-08,58.0,3.0,74373,carlos-sanchez,2012-08-08,False
23/24,Recuperação ritmo competitivo,2023-08-14,2023-10-10,58.0,11.0,75728,emiliano-vecchio,2023-10-10,False
22/23,Rotura parcial de ligamento,2022-10-14,2023-08-13,304.0,42.0,75728,emiliano-vecchio,2023-08-13,True
22/23,Muskelbündelriss,2022-07-11,2022-08-30,51.0,9.0,75728,emiliano-vecchio,2022-08-30,False
21/22,Muskelbündelriss,2021-09-19,2021-10-10,22.0,4.0,75728,emiliano-vecchio,2021-10-10,False
13/14,Muskelbündelriss,2014-02-15,2014-03-05,19.0,2.0,75728,emiliano-vecchio,2014-03-05,False
24/25,Achillessehnenanriss,2025-04-12,2026-02-02,297.0,34.0,401534,arthur-gomes,2026-02-02,True
24/25,Lesão no ombro,2025-03-15,2025-04-04,21.0,1.0,401534,arthur-gomes,2025-04-04,False
23/24,Problemas musculares na coxa,2024-05-27,2024-06-19,24.0,4.0,401534,arthur-gomes,2024-06-19,False
25/26,Rotura dos ligamentos cruzados,2026-03-03,2026-09-30,212.0,4.0,412363,rodrygo,2026-09-30,True
25/26,Tendinite,2026-02-06,2026-02-27,22.0,5.0,412363,rodrygo,2026-02-27,False
24/25,Febre,2025-05-03,2025-05-05,3.0,1.0,412363,rodrygo,2025-05-05,False
24/25,Lesão muscular,2024-11-09,2024-11-29,21.0,4.0,412363,rodrygo,2024-11-29,False
24/25,Lesão na coxa,2024-10-22,2024-11-04,14.0,1.0,412363,rodrygo,2024-11-04,False
22/23,Gestão de esforço,2023-05-12,2023-05-15,4.0,1.0,412363,rodrygo,2023-05-15,False
22/23,Problemas no flexor esquerdo da anca,2023-02-23,2023-03-01,7.0,1.0,412363,rodrygo,2023-03-01,False
22/23,Fadiga muscular,2022-08-09,2022-08-23,15.0,2.0,412363,rodrygo,2022-08-23,False
21/22,Coronavírus,2021-12-16,2021-12-26,11.0,2.0,412363,rodrygo,2021-12-26,False
21/22,Gripe gastrointestinal,2021-11-28,2021-11-30,3.0,1.0,412363,rodrygo,2021-11-30,False
21/22,Lesão na coxa,2021-10-31,2021-11-19,20.0,4.0,412363,rodrygo,2021-11-19,False
20/21,Lesão na coxa,2020-12-24,2021-02-27,66.0,12.0,412363,rodrygo,2021-02-27,True
19/20,Lesão na coxa,2019-08-14,2019-09-09,27.0,3.0,412363,rodrygo,2019-09-09,False
25/26,inflamação no joelho,2025-08-25,,207.0,23.0,182577,derlis-gonzalez,2026-03-20,True
22/23,Lesão no joelho,2023-03-20,2023-07-04,107.0,22.0,182577,derlis-gonzalez,2023-07-04,True
20/21,Rotura dos ligamentos cruzados,2020-11-02,2021-05-01,181.0,27.0,182577,derlis-gonzalez,2021-05-01,True
20/21,Lesão no ligamento interno,2020-11-02,2021-05-01,181.0,27.0,182577,derlis-gonzalez,2021-05-01,True
14/15,Fibra muscular rasgado,2015-07-02,2015-08-28,58.0,7.0,182577,derlis-gonzalez,2015-08-28,False
14/15,Doente,2015-04-02,2015-04-08,7.0,1.0,182577,derlis-gonzalez,2015-04-08,False
14/15,Problemas físicos,2015-02-19,2015-03-06,16.0,,182577,derlis-gonzalez,2015-03-06,False
24/25,Problemas musculares na coxa,2025-05-05,2025-05-10,6.0,1.0,244275,gabriel-barbosa,2025-05-10,False
24/25,Problemas musculares na coxa,2024-09-16,2024-09-25,10.0,2.0,244275,gabriel-barbosa,2024-09-25,False
24/25,Lesão na coxa,2024-08-16,2024-09-12,28.0,5.0,244275,gabriel-barbosa,2024-09-12,False
25/26,Lesão no calcanhar,2026-02-05,2026-02-20,16.0,3.0,162883,eduardo-sasha,2026-02-20,False
25/26,Lesão na coxa,2025-09-29,2025-10-14,16.0,2.0,162883,eduardo-sasha,2025-10-14,False
24/25,Entorse do tornozelo,2025-02-21,2025-03-30,38.0,3.0,162883,eduardo-sasha,2025-03-30,False
24/25,Lesão na coxa,2024-07-18,2024-08-06,20.0,5.0,162883,eduardo-sasha,2024-08-06,False
23/24,Lesão na coxa,2024-05-11,2024-06-03,24.0,5.0,162883,eduardo-sasha,2024-06-03,False
22/23,Problemas musculares,2022-11-03,2022-12-01,29.0,3.0,162883,eduardo-sasha,2022-12-01,False
14/15,Lesão no tornozelo,2015-05-29,2015-07-08,41.0,8.0,162883,eduardo-sasha,2015-07-08,False
25/26,Pubalgia,2026-02-27,,21.0,4.0,353108,bruno-henrique,2026-03-20,False
25/26,Fadiga muscular,2025-08-04,2025-08-08,5.0,1.0,353108,bruno-henrique,2025-08-08,False
24/25,Lesão na coxa,2025-03-09,2025-03-28,20.0,2.0,353108,bruno-henrique,2025-03-28,False
24/25,Lesão no tornozelo,2024-07-06,2024-08-02,28.0,5.0,353108,bruno-henrique,2024-08-02,False
23/24,Entorse,2024-05-10,2024-06-01,23.0,3.0,353108,bruno-henrique,2024-06-01,False
21/22,Rotura dos ligamentos cruzados,2022-06-17,2023-04-06,294.0,61.0,353108,bruno-henrique,2023-04-06,True
16/17,Infeção,2016-12-14,2016-12-18,5.0,1.0,353108,bruno-henrique,2016-12-18,False
16/17,Traumatismo no pé,2016-11-22,2016-11-24,3.0,,353108,bruno-henrique,2016-11-24,False
16/17,Kreuzbanddehnung,2016-10-27,2016-11-20,25.0,3.0,353108,bruno-henrique,2016-11-20,False
15/16,Edema do osso,2016-04-21,2016-08-08,110.0,4.0,353108,bruno-henrique,2016-08-08,True
15/16,Traumatismo craniano,2016-04-14,2016-04-14,1.0,,353108,bruno-henrique,2016-04-14,False
15/16,Bronquite,2016-02-22,2016-02-29,8.0,1.0,353108,bruno-henrique,2016-02-29,False
25/26,Traumatismo no pé,2026-03-09,,11.0,3.0,620477,kaio-jorge,2026-03-20,False
24/25,Lesão na coxa,2024-11-27,2024-12-31,35.0,4.0,620477,kaio-jorge,2024-12-31,False
23/24,Lesão desconhecida,2024-05-24,2024-05-29,6.0,1.0,620477,kaio-jorge,2024-05-29,False
23/24,Lesão desconhecida,2024-03-30,2024-04-07,9.0,1.0,620477,kaio-jorge,2024-04-07,False
23/24,Lesão desconhecida,2023-09-26,2023-10-22,27.0,3.0,620477,kaio-jorge,2023-10-22,False
22/23,Recuperação ritmo competitivo,2023-02-15,2023-06-14,120.0,26.0,620477,kaio-jorge,2023-06-14,True
21/22,Rotura do tendão rotuliano,2022-02-24,2023-02-14,356.0,46.0,620477,kaio-jorge,2023-02-14,True
21/22,Síndrome gripal,2022-01-06,2022-01-06,1.0,,620477,kaio-jorge,2022-01-06,False
21/22,Problemas musculares,2021-08-23,2021-09-30,39.0,7.0,620477,kaio-jorge,2021-09-30,False
20/21,Problemas musculares,2021-02-15,2021-04-08,53.0,10.0,620477,kaio-jorge,2021-04-08,False
24/25,lesão na perna,2024-09-28,2024-10-21,24.0,3.0,596067,felippe-cardoso,2024-10-21,False
21/22,Rotura de ligamentos do tornozelo,2022-05-26,2022-07-25,61.0,12.0,596067,felippe-cardoso,2022-07-25,True
25/26,Lesão na coxa,2026-02-13,,35.0,6.0,489893,yuri-alberto,2026-03-20,False
25/26,Problemas na virilha,2025-12-01,2025-12-13,13.0,2.0,489893,yuri-alberto,2025-12-13,False
25/26,Operação na virilha,2025-08-12,2025-09-09,29.0,4.0,489893,yuri-alberto,2025-09-09,False
24/25,Fratura da vertebra lombar,2025-05-25,2025-07-25,62.0,7.0,489893,yuri-alberto,2025-07-25,True
24/25,Lesão na coxa,2024-11-21,2024-11-29,9.0,1.0,489893,yuri-alberto,2024-11-29,False
24/25,Pedra nos rins OP,2024-08-01,2024-08-24,24.0,6.0,489893,yuri-alberto,2024-08-24,False
23/24,Tendinite,2024-04-27,2024-05-10,14.0,3.0,489893,yuri-alberto,2024-05-10,False
23/24,Fratura no tornozelo,2024-01-11,2024-01-20,10.0,,371231,jean,2024-01-20,False
25/26,lesão no braço,2025-09-12,2025-10-13,32.0,4.0,352041,lucas-perri,2025-10-13,False
24/25,Problemas musculares,2024-07-17,2024-08-06,21.0,5.0,172054,rodrigo-caio,2024-08-06,False
22/23,Lesão no joelho,2022-07-10,2022-12-31,175.0,34.0,172054,rodrigo-caio,2022-12-31,True
21/22,Problemas no Joelho,2021-12-07,2022-04-04,119.0,17.0,172054,rodrigo-caio,2022-04-04,True
19/20,Lesão na coxa,2019-07-28,2019-08-21,25.0,4.0,172054,rodrigo-caio,2019-08-21,False
14/15,Rotura parcial de ligamento,2014-08-04,2015-02-11,192.0,37.0,172054,rodrigo-caio,2015-02-11,True
24/25,Lesão desconhecida,2025-03-03,2025-04-10,39.0,4.0,159142,aderllan-santos,2025-04-10,False
16/17,Problemas musculares,2016-12-30,2017-01-09,11.0,1.0,159142,aderllan-santos,2017-01-09,False
17/18,Lesão desconhecida,2018-03-05,2018-06-01,89.0,9.0,270191,lucao,2018-06-01,True
17/18,Lesão muscular,2018-01-06,2018-02-22,48.0,7.0,270191,lucao,2018-02-22,False
17/18,Lesão desconhecida,2017-11-20,2017-12-18,29.0,4.0,270191,lucao,2017-12-18,False
25/26,Lesão na coxa,2025-11-19,2025-12-01,13.0,3.0,139867,robert-arboleda,2025-12-01,False
25/26,Lesão na coxa,2025-08-07,2025-09-13,38.0,6.0,139867,robert-arboleda,2025-09-13,False
24/25,Problemas musculares,2025-04-17,2025-05-05,19.0,5.0,139867,robert-arboleda,2025-05-05,False
24/25,lesão na perna,2024-11-06,2024-11-22,17.0,2.0,139867,robert-arboleda,2024-11-22,False
22/23,Tendinite,2023-01-29,2023-03-09,40.0,7.0,139867,robert-arboleda,2023-03-09,False
21/22,Fratura do tornozelo,2022-06-25,2022-10-25,123.0,34.0,139867,robert-arboleda,2022-10-25,True
21/22,Coronavírus,2022-01-16,2022-01-21,6.0,,139867,robert-arboleda,2022-01-21,False
18/19,Contra,2019-05-04,2019-05-24,21.0,4.0,139867,robert-arboleda,2019-05-24,False
17/18,Lesão na coxa,2017-11-06,2017-11-20,15.0,4.0,68832,anderson-martins,2017-11-20,False
22/23,Problemas musculares na coxa,2022-07-17,2022-07-25,9.0,2.0,403296,leotm,2022-07-25,False
20/21,Coronavírus,2021-03-09,2021-03-22,14.0,1.0,403296,leotm,2021-03-22,False
25/26,Fibra muscular rasgado,2025-12-08,2026-03-31,114.0,23.0,401530,eder-militao,2026-03-31,True
25/26,Lesão muscular,2025-11-19,2025-11-28,10.0,2.0,401530,eder-militao,2025-11-28,False
24/25,Rotura parcial de ligamento,2024-11-09,2025-06-30,234.0,54.0,401530,eder-militao,2025-06-30,True
24/25,Lesão muscular,2024-10-08,2024-10-18,11.0,2.0,401530,eder-militao,2024-10-18,False
24/25,Problemas musculares,2024-09-06,2024-09-13,8.0,2.0,401530,eder-militao,2024-09-13,False
23/24,Recuperação ritmo competitivo,2024-03-13,2024-03-30,18.0,3.0,401530,eder-militao,2024-03-30,False
23/24,Rotura dos ligamentos cruzados,2023-08-13,2024-03-13,214.0,45.0,401530,eder-militao,2024-03-13,True
22/23,Lesão muscular,2023-02-03,2023-02-09,7.0,2.0,401530,eder-militao,2023-02-09,False
22/23,Lesão na coxa,2022-09-06,2022-09-16,11.0,2.0,401530,eder-militao,2022-09-16,False
21/22,Gripe,2022-03-14,2022-03-18,5.0,1.0,401530,eder-militao,2022-03-18,False
20/21,Problemas físicos,2021-02-07,2021-03-05,27.0,5.0,401530,eder-militao,2021-03-05,False
20/21,Coronavírus,2020-11-02,2020-11-17,16.0,3.0,401530,eder-militao,2020-11-17,False
20/21,Problemas físicos,2020-09-16,2020-10-16,31.0,6.0,401530,eder-militao,2020-10-16,False
17/18,Rotura muscular na coxa,2017-10-31,2017-11-05,6.0,1.0,401530,eder-militao,2017-11-05,False
25/26,Lesão desconhecida,2025-08-17,,215.0,38.0,546213,tuta,2026-03-20,True
24/25,Problemas musculares,2025-05-11,2025-06-30,51.0,1.0,546213,tuta,2025-06-30,False
24/25,Problemas na panturrilha,2024-12-13,2025-01-07,26.0,2.0,546213,tuta,2025-01-07,False
23/24,Lesão no ombro,2023-11-06,2023-11-10,5.0,1.0,546213,tuta,2023-11-10,False
22/23,Lesão no ombro,2023-05-04,2023-05-12,9.0,1.0,546213,tuta,2023-05-12,False
22/23,Lesão tornozelo,2023-01-13,2023-01-23,11.0,1.0,546213,tuta,2023-01-23,False
20/21,Problemas musculares,2021-03-04,2021-03-13,10.0,1.0,546213,tuta,2021-03-13,False
20/21,Problemas musculares na coxa,2020-10-25,2020-11-04,11.0,1.0,546213,tuta,2020-11-04,False
25/26,Lesão na coxa,2026-01-30,2026-02-03,5.0,1.0,225617,reinaldo,2026-02-03,False
23/24,Lesão ligamentar,2024-03-06,2024-05-28,84.0,13.0,225617,reinaldo,2024-05-28,True
22/23,Lesão na coxa,2022-07-10,2022-08-03,25.0,6.0,225617,reinaldo,2022-08-03,False
14/15,Lesão na coxa,2015-06-15,2015-07-04,20.0,3.0,225617,reinaldo,2015-07-04,False
24/25,Lesão no joelho,2024-11-07,,498.0,25.0,362835,junior-tavares,2026-03-20,True
19/20,Lesão desconhecida,2019-10-20,2019-12-19,61.0,7.0,362835,junior-tavares,2019-12-19,True
25/26,Doente,2026-01-12,2026-01-16,5.0,1.0,569805,marquinhos-cipriano,2026-01-16,False
24/25,Lesão desconhecida,2025-02-19,2025-03-26,36.0,4.0,569805,marquinhos-cipriano,2025-03-26,False
23/24,Lesão muscular,2024-01-13,2024-02-01,20.0,4.0,569805,marquinhos-cipriano,2024-02-01,False
22/23,Problemas musculares,2023-04-18,2023-04-30,13.0,1.0,148751,bruno-peres,2023-04-30,False
22/23,Lesão no ombro,2023-01-28,2023-02-13,17.0,2.0,148751,bruno-peres,2023-02-13,False
22/23,Recuperação ritmo competitivo,2022-09-27,2022-11-12,47.0,10.0,148751,bruno-peres,2022-11-12,False
21/22,Rotura do tendão de Aquiles,2022-04-23,2022-09-27,158.0,17.0,148751,bruno-peres,2022-09-27,True
21/22,Ligamento intra-articular rasgado do joelho,2021-10-17,2021-11-14,29.0,3.0,148751,bruno-peres,2021-11-14,False
21/22,Lesão na virilha,2021-08-26,2021-09-08,14.0,1.0,148751,bruno-peres,2021-09-08,False
20/21,Quarentena,2020-08-28,2020-09-20,24.0,1.0,148751,bruno-peres,2020-09-20,False
17/18,Lesão no bíceps femoral,2018-05-06,2018-07-31,87.0,5.0,148751,bruno-peres,2018-07-31,True
17/18,Rotura muscular,2017-10-28,2017-11-13,17.0,2.0,148751,bruno-peres,2017-11-13,False
17/18,Lesão nos adutores,2017-08-20,2017-09-06,18.0,1.0,148751,bruno-peres,2017-09-06,False
16/17,Fadiga muscular,2017-03-13,2017-03-15,3.0,,148751,bruno-peres,2017-03-15,False
16/17,Distorção do tornozelo,2016-12-12,2016-12-16,5.0,,148751,bruno-peres,2016-12-16,False
16/17,Lesão nos adutores,2016-10-14,2016-10-28,15.0,4.0,148751,bruno-peres,2016-10-28,False
15/16,Lesão desconhecida,2016-01-19,2016-01-25,7.0,2.0,148751,bruno-peres,2016-01-25,False
15/16,Queixas adutores,2015-09-24,2015-10-25,32.0,3.0,148751,bruno-peres,2015-10-25,False
24/25,Problemas na zona lombar,2025-04-27,2025-07-15,80.0,11.0,552240,igor-vinicius,2025-07-15,True
24/25,Problemas físicos,2024-07-31,2024-09-11,43.0,9.0,552240,igor-vinicius,2024-09-11,False
23/24,Lesão na coxa,2024-01-27,2024-02-25,30.0,6.0,552240,igor-vinicius,2024-02-25,False
22/23,Pubalgia,2023-01-20,2023-07-28,190.0,40.0,552240,igor-vinicius,2023-07-28,True
22/23,Pubalgia,2022-10-19,2022-12-01,44.0,7.0,552240,igor-vinicius,2022-12-01,False
21/22,Lesão ocular,2021-09-20,2021-10-22,33.0,7.0,552240,igor-vinicius,2021-10-22,False
20/21,Contra,2020-10-16,2020-10-31,16.0,4.0,552240,igor-vinicius,2020-10-31,False
21/22,Lesão no joelho,2022-01-08,2022-07-01,175.0,23.0,435484,felipe-araruna,2022-07-01,True
20/21,Lesão no ligamento interno,2020-09-27,2021-10-24,393.0,59.0,435484,felipe-araruna,2021-10-24,True
19/20,Problemas musculares na coxa,2019-08-18,2019-09-06,20.0,2.0,435484,felipe-araruna,2019-09-06,False
24/25,Lesão no joelho,2025-04-23,2025-06-30,69.0,5.0,200558,petros,2025-06-30,True
15/16,Lesão na anca,2016-02-07,2016-02-11,5.0,,200558,petros,2016-02-11,False
10/11,Fratura do Metatarso,2011-06-16,2011-08-01,47.0,6.0,110326,jucilei,2011-08-01,False
10/11,Lesão nos adutores,2011-04-24,2011-05-16,23.0,4.0,110326,jucilei,2011-05-16,False
17/18,Lesão na coxa,2017-10-28,2018-02-12,108.0,11.0,54257,hudson,2018-02-12,True
17/18,Lesão desconhecida,2017-07-09,2017-08-12,35.0,8.0,54257,hudson,2017-08-12,False
24/25,Lesão desconhecida,2025-01-13,2025-01-20,8.0,2.0,631786,paulo-henrique,2025-01-20,False
24/25,Lesão desconhecida,2024-11-11,2024-11-18,8.0,1.0,631786,paulo-henrique,2024-11-18,False
19/20,Rotura dos ligamentos cruzados,2020-06-24,2021-04-06,287.0,38.0,631786,paulo-henrique,2021-04-06,True
19/20,Lesão desconhecida,2019-10-18,2019-10-22,5.0,1.0,631786,paulo-henrique,2019-10-22,False
25/26,Lesão nos adutores,2025-09-22,2026-02-03,135.0,22.0,574904,luan,2026-02-03,True
24/25,Lesão na coxa,2024-07-22,2024-08-02,12.0,2.0,574904,luan,2024-08-02,False
21/22,Lesão na coxa,2022-06-12,2022-08-08,58.0,16.0,574904,luan,2022-08-08,False
22/23,Lesão na cabeça,2022-10-08,2022-10-20,13.0,2.0,435489,lucas-kal,2022-10-20,False
20/21,Lesão desconhecida,2021-02-01,2021-03-07,35.0,6.0,435489,lucas-kal,2021-03-07,False
25/26,Estiramento do ligamento colateral interno do joelho,2026-01-12,2026-01-20,9.0,2.0,553469,gabriel-sara,2026-01-20,False
24/25,Pequena lesão,2025-02-26,2025-02-28,3.0,1.0,553469,gabriel-sara,2025-02-28,False
24/25,Estiramento do ligamento colateral interno do joelho,2025-01-08,2025-01-24,17.0,3.0,553469,gabriel-sara,2025-01-24,False
19/20,Fratura do Metatarso,2020-01-10,2020-05-12,124.0,12.0,553469,gabriel-sara,2020-05-12,True
25/26,Problema nos flexores do quadril,2025-11-02,2025-12-02,31.0,6.0,594105,pedro-augusto,2025-12-02,False
24/25,Pubalgia,2024-11-01,2025-01-22,83.0,7.0,594105,pedro-augusto,2025-01-22,True
23/24,Lesão no cotovelo,2024-03-15,2024-04-02,19.0,5.0,594105,pedro-augusto,2024-04-02,False
24/25,Lesão no tornozelo,2024-11-10,2025-01-01,53.0,5.0,401526,liziero,2025-01-01,False
24/25,Problemas musculares na coxa,2024-09-02,2024-09-21,20.0,2.0,401526,liziero,2024-09-21,False
24/25,Lesão muscular,2024-08-12,2024-08-31,20.0,5.0,401526,liziero,2024-08-31,False
22/23,Lesão ligamentar,2023-06-13,2023-07-23,41.0,5.0,401526,liziero,2023-07-23,False
22/23,Lesão desconhecida,2022-10-24,2022-12-20,58.0,5.0,401526,liziero,2022-12-20,False
20/21,Coronavírus,2021-01-17,2021-01-31,15.0,2.0,255685,valdivia,2021-01-31,False
15/16,Rotura dos ligamentos cruzados,2015-11-16,2016-05-15,182.0,26.0,255685,valdivia,2016-05-15,True
14/15,Lesão na coxa,2015-06-12,2015-06-25,14.0,2.0,255685,valdivia,2015-06-25,False
23/24,Contra,2024-06-05,2024-06-24,20.0,1.0,95280,christian-cueva,2024-06-24,False
23/24,Fadiga muscular,2023-09-01,2023-09-06,6.0,,95280,christian-cueva,2023-09-06,False
22/23,Problemas no Joelho,2023-04-06,2023-04-14,9.0,1.0,95280,christian-cueva,2023-04-14,False
13/14,Lesão desconhecida,2014-05-01,2014-07-22,83.0,3.0,54183,maicosuel,2014-07-22,True
13/14,Lesão desconhecida,2013-11-02,2013-11-22,21.0,2.0,54183,maicosuel,2013-11-22,False
10/11,Rotura dos ligamentos cruzados,2010-09-24,2011-05-15,234.0,37.0,54183,maicosuel,2011-05-15,True
09/10,Ligamento Esticado,2010-01-24,2010-01-30,7.0,1.0,54183,maicosuel,2010-01-30,False
24/25,Lesão na panturrilha,2025-05-08,2025-05-17,10.0,1.0,29091,nene,2025-05-17,False
23/24,Lesão no pé,2023-10-31,2024-03-01,123.0,14.0,29091,nene,2024-03-01,True
12/13,Fratura na face,2012-10-22,2012-11-10,20.0,5.0,29091,nene,2012-11-10,False
25/26,Lesão desconhecida,2025-07-12,2025-08-08,28.0,3.0,92729,joao-rojas,2025-08-08,False
24/25,Lesão desconhecida,2025-05-01,2025-05-03,3.0,,92729,joao-rojas,2025-05-03,False
24/25,danos na cartilagem,2025-02-10,2025-03-03,22.0,3.0,92729,joao-rojas,2025-03-03,False
23/24,Lesão desconhecida,2024-02-18,2024-02-29,12.0,1.0,92729,joao-rojas,2024-02-29,False
22/23,Lesão no pé,2023-04-24,2023-05-19,26.0,3.0,92729,joao-rojas,2023-05-19,False
19/20,Rotura num tendão,2019-08-14,2020-11-23,468.0,69.0,92729,joao-rojas,2020-11-23,True
18/19,Rotura do tendão rotuliano,2018-10-28,2019-08-13,290.0,42.0,92729,joao-rojas,2019-08-13,True
21/22,Problemas no Joelho,2022-06-05,2022-07-20,46.0,9.0,419420,everton-felipe,2022-07-20,False
17/18,Rotura de ligamentos no joelho,2017-09-11,2018-03-17,188.0,32.0,419420,everton-felipe,2018-03-17,True
25/26,Problemas musculares,2025-11-24,,116.0,3.0,430761,lucas-fernandes,2026-03-20,True
25/26,Problemas musculares,2025-10-06,2025-11-04,30.0,5.0,430761,lucas-fernandes,2025-11-04,False
25/26,Lesão na panturrilha,2025-07-28,2025-09-13,48.0,6.0,430761,lucas-fernandes,2025-09-13,False
24/25,Problemas musculares,2024-07-20,2024-08-02,14.0,3.0,430761,lucas-fernandes,2024-08-02,False
23/24,Problemas musculares na coxa,2024-05-16,2024-06-15,31.0,6.0,430761,lucas-fernandes,2024-06-15,False
23/24,Lesão na panturrilha,2024-03-24,2024-04-02,10.0,2.0,430761,lucas-fernandes,2024-04-02,False
22/23,Lesão desconhecida,2022-10-10,2022-10-30,21.0,3.0,430761,lucas-fernandes,2022-10-30,False
20/21,Rotura dos ligamentos cruzados,2020-11-09,2021-06-30,234.0,28.0,430761,lucas-fernandes,2021-06-30,True
19/20,Lesão desconhecida,2020-01-05,2020-02-04,31.0,4.0,430761,lucas-fernandes,2020-02-04,False
15/16,Lesão no joelho,2016-06-13,2016-12-31,202.0,35.0,430761,lucas-fernandes,2016-12-31,True
25/26,Lesão desconhecida,2025-11-20,2025-11-28,9.0,1.0,480274,shaylon,2025-11-28,False
24/25,Problemas musculares na coxa,2025-04-10,2025-05-26,47.0,7.0,480274,shaylon,2025-05-26,False
23/24,Entorse do tornozelo,2023-09-03,2023-09-20,18.0,1.0,553459,igor-gomes,2023-09-20,False
19/20,Lesão do ligamento cruzado,2019-09-25,2020-02-01,130.0,17.0,76120,everton,2020-02-01,True
09/10,Lesão no ombro,2010-03-13,2010-07-01,111.0,7.0,76120,everton,2010-07-01,True
16/17,Rotura de ligamentos no joelho,2016-12-12,2017-10-01,294.0,52.0,234208,lucas-farias,2017-10-01,True
23/24,Lesão desconhecida,2024-01-29,2024-02-02,5.0,,172857,morato,2024-02-02,False
21/22,Lesão na coxa,2021-08-10,2021-09-03,25.0,4.0,172857,morato,2021-09-03,False
21/22,Coronavírus,2021-07-02,2021-07-17,16.0,3.0,172857,morato,2021-07-17,False
18/19,Lesão muscular,2018-11-16,2018-12-10,25.0,4.0,172857,morato,2018-12-10,False
18/19,Lesão no tornozelo,2018-09-29,2018-10-07,9.0,2.0,172857,morato,2018-10-07,False
24/25,Lesão na coxa,2024-10-17,2024-11-08,23.0,5.0,412365,helinho,2024-11-08,False
24/25,Distensão da panturrilha,2024-08-18,2024-08-31,14.0,3.0,412365,helinho,2024-08-31,False
23/24,Lesão no pé,2024-04-02,2024-04-27,26.0,6.0,412365,helinho,2024-04-27,False
22/23,Problemas no Joelho,2023-06-05,2023-07-28,54.0,9.0,412365,helinho,2023-07-28,False
22/23,Estiramento do ligamento colateral interno do joelho,2022-11-06,2023-04-10,156.0,19.0,412365,helinho,2023-04-10,True
22/23,lesão na perna,2023-02-05,2023-02-20,16.0,4.0,602105,antony,2023-02-20,False
22/23,Lesão desconhecida,2022-10-28,2022-11-23,27.0,5.0,602105,antony,2022-11-23,False
21/22,Lesão no tornozelo,2022-03-30,2022-07-22,115.0,10.0,602105,antony,2022-07-22,True
21/22,Lesão desconhecida,2021-11-23,2021-12-01,9.0,2.0,602105,antony,2021-12-01,False
20/21,Problemas físicos,2021-03-19,2021-04-03,16.0,1.0,602105,antony,2021-04-03,False
20/21,Problemas musculares,2020-11-09,2020-11-24,16.0,3.0,602105,antony,2020-11-24,False
20/21,Problemas físicos,2020-10-20,2020-10-23,4.0,1.0,602105,antony,2020-10-23,False
22/23,Artroscopia,2023-03-27,2023-08-01,128.0,16.0,33315,diego-souza,2023-08-01,True
13/14,Lesão desconhecida,2014-04-21,2014-06-01,42.0,6.0,33315,diego-souza,2014-06-01,False
25/26,Infeção da sola do pé,2025-08-16,2025-09-03,19.0,4.0,403014,gonzalo-carneiro,2025-09-03,False
24/25,Recuperação ritmo competitivo,2025-06-12,2025-06-20,9.0,2.0,403014,gonzalo-carneiro,2025-06-20,False
24/25,Rotura parcial de ligamento,2024-07-14,2025-06-11,333.0,50.0,403014,gonzalo-carneiro,2025-06-11,True
23/24,Tendinite,2024-03-01,2024-03-09,9.0,2.0,403014,gonzalo-carneiro,2024-03-09,False
22/23,Fratura do perónio,2023-08-01,2023-09-15,46.0,5.0,403014,gonzalo-carneiro,2023-09-15,False
20/21,Problemas na anca,2021-02-21,2021-03-01,9.0,3.0,403014,gonzalo-carneiro,2021-03-01,False
18/19,Lesão na coxa,2018-11-11,2019-01-07,58.0,5.0,403014,gonzalo-carneiro,2019-01-07,False
17/18,Recuperação ritmo competitivo,2018-04-03,2018-06-30,89.0,16.0,403014,gonzalo-carneiro,2018-06-30,True
17/18,Pubalgia,2018-01-01,2018-04-02,92.0,12.0,403014,gonzalo-carneiro,2018-04-02,True
17/18,Pubalgia,2017-11-20,2017-12-31,42.0,5.0,403014,gonzalo-carneiro,2017-12-31,False
17/18,Problemas físicos,2017-11-01,2017-11-07,7.0,1.0,403014,gonzalo-carneiro,2017-11-07,False
17/18,Problemas físicos,2017-09-08,2017-09-12,5.0,1.0,403014,gonzalo-carneiro,2017-09-12,False
16/17,Problemas físicos,2016-08-29,2016-09-07,10.0,2.0,403014,gonzalo-carneiro,2016-09-07,False
21/22,Problemas físicos,2022-03-07,2022-04-09,34.0,4.0,435486,pedro-bortoluzo,2022-04-09,False
22/23,Problema nos flexores do quadril,2022-11-06,2023-05-01,177.0,26.0,553458,bissoli,2023-05-01,True
23/24,Lesão na coxa,2023-08-08,2024-01-13,159.0,21.0,412366,brenner,2024-01-13,True
23/24,Problemas musculares,2023-07-23,2023-08-07,16.0,,412366,brenner,2023-08-07,False
22/23,Lesão no pé,2023-05-08,2023-06-22,46.0,10.0,412366,brenner,2023-06-22,False
20/21,Coronavírus,2020-11-18,2020-11-28,11.0,3.0,67867,victor,2020-11-28,False
17/18,Rotura de ligamentos no joelho,2017-11-06,,3056.0,119.0,181777,uilson,2026-03-20,True
25/26,Vírus,2025-10-14,2025-10-19,6.0,1.0,468247,cleiton,2025-10-19,False
24/25,Vírus,2025-04-17,2025-04-26,10.0,1.0,468247,cleiton,2025-04-26,False
24/25,Lesão na coxa,2024-08-04,2024-08-24,21.0,4.0,468247,cleiton,2024-08-24,False
14/15,Rotura muscular na coxa,2014-11-29,2014-12-11,13.0,3.0,54312,felipe-santana,2014-12-11,False
14/15,Muskelbündelriss,2014-08-31,2014-11-11,73.0,13.0,54312,felipe-santana,2014-11-11,True
13/14,Fibra muscular rasgado,2014-02-26,2014-04-08,42.0,8.0,54312,felipe-santana,2014-04-08,False
13/14,Constipação,2013-09-12,2013-09-16,5.0,1.0,54312,felipe-santana,2013-09-16,False
12/13,Fratura do nariz,2013-01-10,2013-01-15,6.0,,54312,felipe-santana,2013-01-15,False
12/13,Rotura no tendão do adutor,2012-09-04,2012-09-12,9.0,,54312,felipe-santana,2012-09-12,False
12/13,Lesão tornozelo,2012-08-02,2012-08-08,7.0,,54312,felipe-santana,2012-08-08,False
11/12,Distensão abdominal,2012-03-24,2012-04-10,18.0,3.0,54312,felipe-santana,2012-04-10,False
11/12,Außenbandanriss Sprunggelenk,2011-12-18,2012-01-27,41.0,2.0,54312,felipe-santana,2012-01-27,False
15/16,Rompimento do ligamento interior,2015-10-05,2015-11-09,36.0,4.0,56435,roger-bernardo,2015-11-09,False
10/11,Rotura do ligamento lateral do tornozelo,2011-06-21,2011-07-26,36.0,2.0,56435,roger-bernardo,2011-07-26,False
09/10,Fratura do Metatarso,2010-03-09,2010-04-29,52.0,7.0,56435,roger-bernardo,2010-04-29,False
09/10,Problemas musculares,2009-10-06,2009-10-14,9.0,,56435,roger-bernardo,2009-10-14,False
09/10,Fibra muscular rasgado,2009-08-05,2009-08-25,21.0,3.0,56435,roger-bernardo,2009-08-25,False
25/26,Ruptura muscular na coxa,2025-07-29,2026-02-15,202.0,18.0,330114,gabriel,2026-02-15,True
22/23,Lesão do ligamento cruzado,2023-02-24,2023-12-04,284.0,40.0,330114,gabriel,2023-12-04,True
21/22,Lesão no nariz,2022-04-18,2022-05-09,22.0,5.0,330114,gabriel,2022-05-09,False
20/21,Coronavírus,2020-11-16,2020-11-28,13.0,3.0,330114,gabriel,2020-11-28,False
25/26,Lesão desconhecida,2026-01-31,2026-02-13,14.0,1.0,211345,mansur,2026-02-13,False
25/26,Lesão desconhecida,2025-10-25,2025-11-24,31.0,4.0,211345,mansur,2025-11-24,False
24/25,Lesão na panturrilha,2024-11-24,2024-12-30,37.0,6.0,211345,mansur,2024-12-30,False
23/24,Lesão muscular,2024-02-01,2024-03-04,33.0,5.0,211345,mansur,2024-03-04,False
20/21,Lesão muscular,2020-12-01,2021-01-05,36.0,5.0,211345,mansur,2021-01-05,False
22/23,Problemas musculares,2022-09-25,2022-12-31,98.0,10.0,371522,matheus-mancini,2022-12-31,True
19/20,Fratura da mão,2020-01-23,2020-02-29,38.0,7.0,440652,nathan-silva,2020-02-29,False
25/26,Problemas musculares,2026-02-18,2026-02-24,7.0,1.0,516716,bremer,2026-02-24,False
25/26,Lesão meniscal,2025-10-13,2025-12-09,58.0,12.0,516716,bremer,2025-12-09,False
25/26,Problemas musculares,2025-09-28,2025-10-07,10.0,2.0,516716,bremer,2025-10-07,False
24/25,Rotura dos ligamentos cruzados,2024-10-03,2025-06-25,266.0,45.0,516716,bremer,2025-06-25,True
22/23,Lesão muscular,2023-05-28,2023-07-01,35.0,3.0,516716,bremer,2023-07-01,False
22/23,Fadiga muscular,2023-05-10,2023-05-13,4.0,1.0,516716,bremer,2023-05-13,False
22/23,Problemas musculares na coxa,2023-04-20,2023-04-22,3.0,,516716,bremer,2023-04-22,False
22/23,Lesão desconhecida,2023-03-13,2023-03-15,3.0,,516716,bremer,2023-03-15,False
22/23,Fadiga muscular,2023-01-06,2023-01-11,6.0,1.0,516716,bremer,2023-01-11,False
22/23,Lesão no bíceps femoral,2022-10-17,2022-11-05,20.0,4.0,516716,bremer,2022-11-05,False
21/22,Problemas na tibiotársica,2022-05-16,2022-05-30,15.0,1.0,516716,bremer,2022-05-30,False
21/22,Lesão no tornozelo,2021-08-26,2021-09-09,15.0,1.0,516716,bremer,2021-09-09,False
20/21,Coronavírus,2021-02-22,2021-03-15,22.0,1.0,516716,bremer,2021-03-15,False
11/12,Fratura da clavícula,2011-08-10,2011-09-20,42.0,9.0,13835,fabio-santos,2011-09-20,False
21/22,Coronavírus,2021-06-30,2021-07-14,15.0,4.0,95087,patric,2021-07-14,False
25/26,Problemas musculares na coxa,2025-08-29,2025-09-23,26.0,5.0,198250,samuel-xavier,2025-09-23,False
23/24,Problemas no Joelho,2024-06-18,2024-06-23,6.0,1.0,198250,samuel-xavier,2024-06-23,False
23/24,Fratura no pé,2024-04-27,2024-06-10,45.0,9.0,198250,samuel-xavier,2024-06-10,False
22/23,Lesão na coxa,2023-05-08,2023-05-15,8.0,2.0,198250,samuel-xavier,2023-05-15,False
17/18,Lesão no tornozelo,2017-05-15,2017-10-26,165.0,39.0,121046,carlos-cesar,2017-10-26,True
17/18,Lesão meniscal,2017-10-26,2018-01-19,86.0,9.0,277713,alex-silva,2018-01-19,True
14/15,Problemas musculares na coxa,2015-02-28,2015-08-31,185.0,30.0,277713,alex-silva,2015-08-31,True
24/25,Lesão na panturrilha,2025-01-22,2025-05-13,112.0,22.0,476344,emerson-royal,2025-05-13,True
24/25,Lesão desconhecida,2024-11-24,2024-11-28,5.0,,476344,emerson-royal,2024-11-28,False
24/25,Recuperação ritmo competitivo,2024-08-16,2024-08-18,3.0,1.0,476344,emerson-royal,2024-08-18,False
22/23,Operado ao joelho,2023-03-25,2023-05-01,38.0,6.0,476344,emerson-royal,2023-05-01,False
21/22,Lesão desconhecida,2021-12-03,2021-12-13,11.0,2.0,476344,emerson-royal,2021-12-13,False
20/21,Traumatismo no joelho,2020-10-04,2020-10-31,28.0,4.0,476344,emerson-royal,2020-10-31,False
16/17,Pubalgia,2016-07-01,2016-11-05,128.0,14.0,52408,adilson,2016-11-05,True
24/25,Problemas musculares na coxa,2025-05-07,2025-05-20,14.0,3.0,323452,ze-welison,2025-05-20,False
23/24,Lesão na coxa,2024-06-29,2024-07-23,25.0,6.0,323452,ze-welison,2024-07-23,False
14/15,Rotura dos ligamentos cruzados,2015-02-21,2015-08-21,182.0,35.0,323452,ze-welison,2015-08-21,True
15/16,lesão na perna,2016-02-04,2016-04-01,58.0,16.0,74600,elias,2016-04-01,False
11/12,Traumatismo,2011-10-13,2011-10-16,4.0,1.0,74600,elias,2011-10-16,False
17/18,Rotura de ligamentos no joelho,2017-01-24,2018-03-10,411.0,84.0,255754,lucas-candido,2018-03-10,True
14/15,Rotura dos ligamentos cruzados,2015-03-13,2015-11-17,250.0,50.0,255754,lucas-candido,2015-11-17,True
18/19,Lesão no joelho,2019-01-15,2020-01-11,362.0,73.0,378975,matheus-galdezani,2020-01-11,True
17/18,Problemas no tendão de Aquiles,2017-08-06,2017-10-26,82.0,16.0,374855,gustavo-blanco,2017-10-26,True
25/26,Lesão no ligamento interno,2025-10-17,,154.0,14.0,146367,juan-cazares,2026-03-20,True
20/21,Rotura muscular na coxa,2021-01-27,2021-02-10,15.0,2.0,146367,juan-cazares,2021-02-10,False
17/18,Entorse do tornozelo,2017-11-10,2017-11-18,9.0,2.0,146367,juan-cazares,2017-11-18,False
16/17,Lesão nos adutores,2016-07-10,2016-09-14,67.0,14.0,146367,juan-cazares,2016-09-14,True
14/15,Lesão no pé,2015-02-08,2015-02-15,8.0,1.0,177680,romulo-otero,2015-02-15,False
16/17,Lesão no joelho,2017-01-01,2017-01-19,19.0,1.0,294798,nathan,2017-01-19,False
15/16,Lesão nas costas,2016-04-04,2016-06-01,59.0,5.0,294798,nathan,2016-06-01,False
15/16,Lesão no joelho,2015-11-19,2016-01-01,44.0,5.0,294798,nathan,2016-01-01,False
25/26,Problemas no tendão de Aquiles,2025-10-03,2026-01-03,93.0,11.0,261309,david-terans,2026-01-03,True
24/25,Lesão na panturrilha,2024-07-03,2024-08-12,41.0,10.0,261309,david-terans,2024-08-12,False
21/22,Problemas musculares,2022-05-11,2022-05-17,7.0,2.0,261309,david-terans,2022-05-17,False
20/21,Lesão muscular,2021-02-04,2021-02-25,22.0,5.0,261309,david-terans,2021-02-25,False
20/21,Gestão de esforço,2020-10-16,2020-10-19,4.0,1.0,261309,david-terans,2020-10-19,False
24/25,Rotura de ligamentos no joelho,2024-09-28,2025-08-29,336.0,53.0,353279,edinho,2025-08-29,True
22/23,Lesão no tornozelo,2022-08-08,2022-12-31,146.0,17.0,353279,edinho,2022-12-31,True
22/23,Problemas musculares,2022-10-02,2022-10-25,24.0,4.0,351898,leandrinho,2022-10-25,False
17/18,Lesão muscular,2018-02-01,2018-02-19,19.0,4.0,351898,leandrinho,2018-02-19,False
16/17,lesão na perna,2017-03-06,2017-03-16,11.0,2.0,351898,leandrinho,2017-03-16,False
25/26,Lesão desconhecida,2025-08-23,2025-09-12,21.0,2.0,516722,marquinhos,2025-09-12,False
14/15,Rotura muscular na coxa,2015-06-08,2015-07-11,34.0,6.0,192318,luan,2015-07-11,False
23/24,Rotura dos ligamentos cruzados,2023-08-20,2024-04-28,253.0,23.0,262016,erik,2024-04-28,True
19/20,Hematoma,2020-02-09,2020-02-20,12.0,2.0,262016,erik,2020-02-20,False
14/15,lesão na perna,2015-05-01,2015-05-11,11.0,2.0,262016,erik,2015-05-11,False
23/24,Problemas musculares na coxa,2023-09-22,2023-09-26,5.0,1.0,165361,yimmi-chara,2023-09-26,False
22/23,Lesão na coxa,2023-05-28,2023-07-14,48.0,7.0,165361,yimmi-chara,2023-07-14,False
22/23,Lesão muscular,2023-03-01,2023-04-25,56.0,8.0,165361,yimmi-chara,2023-04-25,False
25/26,Ferimento na musculatura da barriga,2026-03-10,,10.0,1.0,284000,carlos-junior,2026-03-20,False
23/24,Lesão desconhecida,2023-07-01,2023-09-05,67.0,5.0,284000,carlos-junior,2023-09-05,True
21/22,Lesão dos ligamentos laterais do joelho,2022-01-22,2022-09-28,250.0,54.0,250007,clayton,2022-09-28,True
20/21,Rotura muscular na coxa,2021-01-25,2021-02-28,35.0,4.0,250007,clayton,2021-02-28,False
17/18,Problemas no tendão de Aquiles,2017-11-02,2017-11-10,9.0,2.0,250007,clayton,2017-11-10,False
16/17,Lesão no tornozelo,2017-06-05,2017-07-23,49.0,13.0,15468,ricardo-oliveira,2017-07-23,False
15/16,inflamação no joelho,2016-05-09,2016-07-13,66.0,15.0,15468,ricardo-oliveira,2016-07-13,True
19/20,Lesão na coxa,2019-09-16,2019-10-13,28.0,6.0,285319,hyuri,2019-10-13,False
25/26,Lesão desconhecida,2025-10-04,2025-10-17,14.0,1.0,271498,denilson-junior,2025-10-17,False
19/20,Traumatismo no pé,2019-10-28,2019-11-11,15.0,2.0,271498,denilson-junior,2019-11-11,False
25/26,Rotura muscular na coxa,2025-10-31,2025-11-04,5.0,,371996,alerrandro,2025-11-04,False
25/26,Lesão muscular,2025-08-09,2025-08-28,20.0,4.0,371996,alerrandro,2025-08-28,False
22/23,Lesão muscular,2022-09-19,2022-11-03,46.0,8.0,371996,alerrandro,2022-11-03,False
20/21,Rotura muscular na coxa,2020-10-10,2020-11-22,44.0,10.0,371996,alerrandro,2020-11-22,False
22/23,Problemas no Joelho,2023-04-01,2023-06-01,62.0,2.0,42373,diego-alves,2023-06-01,True
20/21,Lesão muscular,2020-12-29,2021-01-31,34.0,6.0,42373,diego-alves,2021-01-31,False
17/18,Fratura da clavícula,2017-11-25,2018-02-19,87.0,12.0,42373,diego-alves,2018-02-19,True
15/16,lesão na perna,2016-03-15,2016-03-22,8.0,,42373,diego-alves,2016-03-22,False
14/15,Rotura dos ligamentos cruzados,2015-05-23,2015-12-28,220.0,12.0,42373,diego-alves,2015-12-28,True
13/14,Rotura muscular na coxa,2014-03-23,2014-05-01,40.0,9.0,42373,diego-alves,2014-05-01,False
17/18,Problemas nas costas,2017-11-15,2018-01-01,48.0,3.0,22412,julio-cesar,2018-01-01,False
17/18,Lesão nas costas,2017-10-13,2017-10-16,4.0,1.0,22412,julio-cesar,2017-10-16,False
17/18,Tendinite,2017-08-03,2017-08-22,20.0,4.0,22412,julio-cesar,2017-08-22,False
16/17,Lesão no ombro,2016-12-09,2017-01-06,29.0,6.0,22412,julio-cesar,2017-01-06,False
16/17,Lesão desconhecida,2016-10-14,2016-10-17,4.0,1.0,22412,julio-cesar,2016-10-17,False
15/16,Lesão nos adutores,2016-03-04,2016-06-30,119.0,15.0,22412,julio-cesar,2016-06-30,True
14/15,Lesão na panturrilha,2015-02-02,2015-03-05,32.0,5.0,22412,julio-cesar,2015-03-05,False
14/15,Pequena lesão,2014-09-22,2014-09-29,8.0,1.0,22412,julio-cesar,2014-09-29,False
13/14,Fratura de um dedo,2013-09-19,2013-10-31,43.0,8.0,22412,julio-cesar,2013-10-31,False
11/12,Queixas adutores,2011-10-27,2011-11-17,22.0,4.0,22412,julio-cesar,2011-11-17,False
11/12,Lumbago,2011-10-10,2011-10-17,8.0,2.0,22412,julio-cesar,2011-10-17,False
10/11,Problemas físicos,2011-01-03,2011-01-31,29.0,7.0,22412,julio-cesar,2011-01-31,False
10/11,Problemas musculares na coxa,2010-11-01,2010-12-13,43.0,9.0,22412,julio-cesar,2010-12-13,False
23/24,Rotura dos ligamentos cruzados,2023-07-01,2024-04-15,290.0,32.0,177776,cesar,2024-04-15,True
25/26,Lesão desconhecida,2026-03-13,,7.0,,294817,thiago-rodrigues,2026-03-20,False
25/26,Pancada na coxa,2025-11-03,2025-11-29,27.0,4.0,574901,hugo-souza,2025-11-29,False
25/26,Lesão no ombro,2025-10-19,2025-11-01,14.0,1.0,574901,hugo-souza,2025-11-01,False
24/25,Lesão na coxa,2025-03-28,2025-04-23,27.0,7.0,574901,hugo-souza,2025-04-23,False
17/18,Lesão desconhecida,2017-07-08,2017-08-04,28.0,7.0,55322,rhodolfo,2017-08-04,False
16/17,Lesão no joelho,2016-11-21,2016-12-11,21.0,6.0,55322,rhodolfo,2016-12-11,False
15/16,Rotura dos ligamentos cruzados,2016-02-07,2016-07-01,146.0,18.0,55322,rhodolfo,2016-07-01,True
20/21,Coronavírus,2020-11-18,2020-11-28,11.0,3.0,72489,rever,2020-11-28,False
17/18,Lesão dos ligamentos laterais,2017-10-26,2017-11-21,27.0,7.0,72489,rever,2017-11-21,False
14/15,Problemas musculares na coxa,2015-06-01,2015-07-11,41.0,8.0,72489,rever,2015-07-11,False
09/10,Problemas musculares,2010-03-07,2010-04-06,31.0,5.0,72489,rever,2010-04-06,False
09/10,Fratura da mão,2010-01-28,2010-03-07,39.0,8.0,72489,rever,2010-03-07,False
14/15,Problemas musculares na coxa,2015-06-16,2015-07-17,32.0,7.0,1599,juan,2015-07-17,False
11/12,Lesão no joelho,2012-03-06,2012-05-13,69.0,11.0,1599,juan,2012-05-13,True
11/12,Fibra muscular rasgado,2011-10-29,2011-11-17,20.0,1.0,1599,juan,2011-11-17,False
11/12,Lesão desconhecida,2011-09-14,2011-09-21,8.0,1.0,1599,juan,2011-09-21,False
10/11,Lesão desconhecida,2011-05-17,2011-05-30,14.0,1.0,1599,juan,2011-05-30,False
10/11,Problemas musculares,2010-11-04,2010-11-19,16.0,3.0,1599,juan,2010-11-19,False
08/09,Problemas musculares,2009-06-24,2009-08-25,63.0,5.0,1599,juan,2009-08-25,True
08/09,Fibra muscular rasgado,2009-03-12,2009-06-01,82.0,12.0,1599,juan,2009-06-01,True
08/09,Problemas musculares na coxa,2009-02-22,2009-03-05,12.0,2.0,1599,juan,2009-03-05,False
07/08,Lesão desconhecida,2008-03-20,2008-03-30,11.0,3.0,1599,juan,2008-03-30,False
07/08,Lesão no tornozelo,2008-01-15,2008-02-20,37.0,8.0,1599,juan,2008-02-20,False
25/26,Lesão desconhecida,2025-08-21,2025-10-07,48.0,7.0,312678,leo-duarte,2025-10-07,False
24/25,Lesão desconhecida,2025-05-23,2025-05-27,5.0,1.0,312678,leo-duarte,2025-05-27,False
24/25,Recuperação ritmo competitivo,2025-01-24,2025-01-26,3.0,1.0,312678,leo-duarte,2025-01-26,False
24/25,Lesão desconhecida,2025-01-04,2025-01-24,21.0,3.0,312678,leo-duarte,2025-01-24,False
24/25,Lesão desconhecida,2024-09-18,2024-10-09,22.0,3.0,312678,leo-duarte,2024-10-09,False
24/25,Lesão desconhecida,2024-08-28,2024-09-06,10.0,1.0,312678,leo-duarte,2024-09-06,False
23/24,Lesão desconhecida,2024-03-05,2024-03-22,18.0,2.0,312678,leo-duarte,2024-03-22,False
23/24,Lesão na coxa,2024-02-07,2024-02-29,23.0,4.0,312678,leo-duarte,2024-02-29,False
23/24,Lesão desconhecida,2023-10-01,2023-10-11,11.0,2.0,312678,leo-duarte,2023-10-11,False
22/23,Lesão desconhecida,2023-05-14,2023-05-20,7.0,1.0,312678,leo-duarte,2023-05-20,False
22/23,Lesão desconhecida,2022-09-30,2022-10-11,12.0,3.0,312678,leo-duarte,2022-10-11,False
21/22,Lesão desconhecida,2022-04-30,2022-05-14,15.0,1.0,312678,leo-duarte,2022-05-14,False
20/21,Coronavírus,2021-04-07,2021-04-16,10.0,1.0,312678,leo-duarte,2021-04-16,False
20/21,Lesão desconhecida,2021-03-24,2021-03-31,8.0,,312678,leo-duarte,2021-03-31,False
20/21,Lesão desconhecida,2021-02-27,2021-03-13,15.0,3.0,312678,leo-duarte,2021-03-13,False
20/21,Coronavírus,2020-09-22,2020-10-19,28.0,5.0,312678,leo-duarte,2020-10-19,False
19/20,Lesão na coxa,2020-06-02,2020-07-23,52.0,10.0,312678,leo-duarte,2020-07-23,False
19/20,Operação ao tornozelo,2019-11-22,2020-03-22,122.0,17.0,312678,leo-duarte,2020-03-22,True
18/19,Cirurgia Ligamento Cruzado,2019-03-29,2020-09-01,523.0,40.0,371990,patrick,2020-09-01,True
23/24,Lesão muscular,2023-08-20,2023-10-14,56.0,7.0,603137,rafael-santos,2023-10-14,False
21/22,Lesão na tíbia,2021-09-19,2022-05-31,255.0,31.0,603137,rafael-santos,2022-05-31,True
25/26,Lesão no calcanhar,2025-07-21,2025-08-05,16.0,4.0,212209,rene,2025-08-05,False
24/25,Lesão na cabeça,2024-07-08,2024-07-15,8.0,2.0,212209,rene,2024-07-15,False
23/24,Problemas físicos,2024-06-18,2024-06-22,5.0,1.0,212209,rene,2024-06-22,False
23/24,Problemas musculares na coxa,2023-10-30,2023-11-30,32.0,4.0,212209,rene,2023-11-30,False
22/23,Lesão muscular,2022-06-14,2022-07-29,46.0,9.0,212209,rene,2022-07-29,False
22/23,Problemas físicos,2021-07-28,2021-09-17,52.0,10.0,212209,rene,2021-09-17,False
24/25,Muskelbündelriss,2025-05-29,2025-07-02,35.0,4.0,177690,miguel-trauco,2025-07-02,False
24/25,Problemas na zona lombar,2024-12-05,2025-01-06,33.0,1.0,177690,miguel-trauco,2025-01-06,False
24/25,Lesão desconhecida,2024-09-16,2024-10-17,32.0,6.0,177690,miguel-trauco,2024-10-17,False
21/22,Coronavírus,2022-01-16,2022-01-23,8.0,3.0,177690,miguel-trauco,2022-01-23,False
24/25,Lesão nos adutores,2024-08-11,2024-08-30,20.0,2.0,663578,ramon,2024-08-30,False
25/26,Doente,2026-01-09,2026-01-11,3.0,1.0,185966,rodinei,2026-01-11,False
25/26,Lesão na panturrilha,2025-09-29,2025-10-24,26.0,4.0,185966,rodinei,2025-10-24,False
24/25,Problemas físicos,2024-11-08,2024-11-19,12.0,1.0,185966,rodinei,2024-11-19,False
23/24,Gestão de esforço,2023-10-29,2023-10-31,3.0,1.0,185966,rodinei,2023-10-31,False
22/23,Gripe,2023-04-12,2023-04-17,6.0,1.0,185966,rodinei,2023-04-17,False
25/26,Problemas nos rins,2026-01-26,2026-02-14,20.0,5.0,210747,willian-arao,2026-02-14,False
25/26,Lesão na panturrilha,2025-07-20,2025-09-27,70.0,9.0,210747,willian-arao,2025-09-27,True
24/25,Lesão desconhecida,2025-01-14,2025-01-17,4.0,1.0,210747,willian-arao,2025-01-17,False
23/24,Gestão de esforço,2024-02-10,2024-02-12,3.0,1.0,210747,willian-arao,2024-02-12,False
22/23,Lesão desconhecida,2022-10-03,2022-10-19,17.0,4.0,210747,willian-arao,2022-10-19,False
15/16,Angina,2015-08-08,2015-08-13,6.0,1.0,140682,romulo,2015-08-13,False
12/13,Rotura dos ligamentos cruzados,2012-09-23,2014-01-23,488.0,73.0,140682,romulo,2014-01-23,True
19/20,Lesão muscular,2020-01-30,2020-04-01,63.0,7.0,346870,jonas,2020-04-01,True
19/20,Lesão no tornozelo,2019-08-01,2019-12-30,152.0,18.0,346870,jonas,2019-12-30,True
18/19,Lesão no tornozelo,2019-04-15,2019-05-20,36.0,7.0,346870,jonas,2019-05-20,False
18/19,Lesão muscular,2019-02-20,2019-03-05,14.0,3.0,346870,jonas,2019-03-05,False
15/16,Lesão no cotovelo,2015-07-16,2015-07-25,10.0,1.0,346870,jonas,2015-07-25,False
25/26,Problemas musculares,2025-09-22,2025-10-15,24.0,4.0,119333,gustavo-cuellar,2025-10-15,False
24/25,Lesão na coxa,2025-05-08,2025-08-09,94.0,15.0,119333,gustavo-cuellar,2025-08-09,True
24/25,Problemas musculares,2025-03-17,2025-04-12,27.0,4.0,119333,gustavo-cuellar,2025-04-12,False
24/25,Lesão na coxa,2025-03-02,2025-03-15,14.0,2.0,119333,gustavo-cuellar,2025-03-15,False
22/23,Lesão desconhecida,2023-06-01,2023-11-07,160.0,21.0,273033,piris-da-motta,2023-11-07,True
25/26,Artroscopia,2025-10-26,2026-01-10,77.0,8.0,405768,ronaldo,2026-01-10,True
25/26,Problemas no Joelho,2025-10-14,2025-10-18,5.0,1.0,405768,ronaldo,2025-10-18,False
25/26,Lesão no joelho,2025-08-14,2025-09-26,44.0,6.0,405768,ronaldo,2025-09-26,False
24/25,Lesão no ombro,2024-09-30,2024-10-19,20.0,1.0,405768,ronaldo,2024-10-19,False
21/22,Lesão no joelho,2022-05-22,2022-07-07,47.0,8.0,405768,ronaldo,2022-07-07,False
17/18,Amigdalite,2017-10-28,2017-11-05,9.0,2.0,405768,ronaldo,2017-11-05,False
23/24,Entorse do tornozelo,2024-05-02,2024-06-01,31.0,2.0,644157,hugo-moura,2024-06-01,False
22/23,Problemas musculares na coxa,2022-11-07,2023-01-14,69.0,2.0,644157,hugo-moura,2023-01-14,True
25/26,Lumbago,2025-11-21,2026-02-17,89.0,9.0,364883,jaja,2026-02-17,True
24/25,Lesão desconhecida,2024-08-24,2024-10-22,60.0,6.0,364883,jaja,2024-10-22,True
23/24,Rotura do Tarso,2023-08-20,2023-08-31,12.0,1.0,364883,jaja,2023-08-31,False
23/24,Doente,2023-08-04,2023-08-12,9.0,2.0,364883,jaja,2023-08-12,False
24/25,Entorse,2025-04-28,2025-05-17,20.0,4.0,606716,pepe,2025-05-17,False
23/24,Lesão na coxa,2024-04-09,2024-04-22,14.0,3.0,606716,pepe,2024-04-22,False
22/23,Problemas musculares,2022-11-07,2023-01-01,56.0,2.0,606716,pepe,2023-01-01,False
21/22,Coronavírus,2021-12-30,2022-01-06,8.0,1.0,578872,jean-lucas,2022-01-06,False
25/26,Lesão na coxa,2026-03-08,,12.0,3.0,52896,everton-ribeiro,2026-03-20,False
25/26,Câncer,2025-10-06,2025-11-01,27.0,4.0,52896,everton-ribeiro,2025-11-01,False
19/20,Lesão no pé,2019-07-21,2019-07-31,11.0,3.0,52896,everton-ribeiro,2019-07-31,False
19/20,Lesão no tornozelo,2019-07-26,2019-10-19,86.0,19.0,4248,diego,2019-10-19,True
17/18,Problemas musculares na coxa,2017-10-03,2017-10-11,9.0,2.0,4248,diego,2017-10-11,False
15/16,Problemas físicos,2016-01-14,2016-01-28,15.0,4.0,4248,diego,2016-01-28,False
15/16,Lesão na virilha,2015-09-14,2015-09-21,8.0,2.0,4248,diego,2015-09-21,False
14/15,Problemas físicos,2015-03-23,2015-04-20,29.0,4.0,4248,diego,2015-04-20,False
14/15,Ruptura muscular na coxa,2014-11-24,2014-12-11,18.0,3.0,4248,diego,2014-12-11,False
13/14,Fibra muscular rasgado,2013-11-04,2013-11-18,15.0,2.0,4248,diego,2013-11-18,False
13/14,Traumatismo grade costal,2013-11-04,2013-11-18,15.0,2.0,4248,diego,2013-11-18,False
11/12,Fibra muscular rasgado,2012-02-20,2012-03-19,29.0,8.0,4248,diego,2012-03-19,False
08/09,Fibra muscular rasgado,2009-05-11,2009-05-14,4.0,1.0,4248,diego,2009-05-14,False
08/09,Problemas nas costas,2009-04-30,2009-05-04,5.0,1.0,4248,diego,2009-05-04,False
08/09,Problemas musculares,2009-04-16,2009-04-20,5.0,1.0,4248,diego,2009-04-20,False
08/09,Problemas musculares na coxa,2009-04-09,2009-04-13,5.0,1.0,4248,diego,2009-04-13,False
08/09,Problemas musculares,2008-10-23,2008-10-30,8.0,2.0,4248,diego,2008-10-30,False
07/08,Problemas musculares na coxa,2008-04-28,2008-05-05,8.0,1.0,4248,diego,2008-05-05,False
07/08,Pubalgia,2008-02-18,2008-02-21,4.0,,4248,diego,2008-02-21,False
07/08,Problemas na virilha,2008-01-03,2008-01-24,22.0,,4248,diego,2008-01-24,False
14/15,Lesão nos adutores,2015-04-27,2015-07-01,66.0,7.0,29035,ederson,2015-07-01,True
14/15,Lesão na coxa,2014-12-02,2015-01-21,51.0,7.0,29035,ederson,2015-01-21,False
13/14,Lesão na coxa,2014-01-20,2014-09-28,252.0,26.0,29035,ederson,2014-09-28,True
13/14,Problemas musculares na coxa,2013-11-09,2013-11-13,5.0,1.0,29035,ederson,2013-11-13,False
12/13,Queixas adutores,2013-05-02,2013-05-19,18.0,3.0,29035,ederson,2013-05-19,False
12/13,Queixas adutores,2012-12-09,2013-02-13,67.0,13.0,29035,ederson,2013-02-13,True
12/13,Queixas adutores,2012-10-19,2012-11-16,29.0,7.0,29035,ederson,2012-11-16,False
12/13,Lesão nos adutores,2012-10-04,2012-10-15,12.0,1.0,29035,ederson,2012-10-15,False
12/13,Gripe,2012-09-22,2012-09-24,3.0,1.0,29035,ederson,2012-09-24,False
12/13,Lesão no joelho,2012-07-18,2012-09-01,46.0,3.0,29035,ederson,2012-09-01,False
11/12,Rotura do ligamento externo do joelho,2011-07-20,2011-10-10,83.0,13.0,29035,ederson,2011-10-10,True
10/11,Muskelbündelriss,2010-08-10,2011-02-26,201.0,33.0,29035,ederson,2011-02-26,True
09/10,Lesão no tornozelo,2009-08-15,2009-09-14,31.0,4.0,29035,ederson,2009-09-14,False
24/25,Lesão no tornozelo,2025-02-21,2025-03-10,18.0,2.0,444523,lucas-paqueta,2025-03-10,False
24/25,Lesão na anca,2025-01-30,2025-02-14,16.0,1.0,444523,lucas-paqueta,2025-02-14,False
23/24,Lesão na panturrilha,2024-01-07,2024-02-21,46.0,6.0,444523,lucas-paqueta,2024-02-21,False
22/23,Lesão no pé,2023-04-07,2023-04-13,7.0,1.0,444523,lucas-paqueta,2023-04-13,False
22/23,Lesão no ombro,2023-02-11,2023-02-21,11.0,1.0,444523,lucas-paqueta,2023-02-21,False
22/23,Lesão no ombro,2022-10-17,2022-11-05,20.0,5.0,444523,lucas-paqueta,2022-11-05,False
19/20,Problemas musculares na coxa,2019-09-22,2019-09-28,7.0,1.0,444523,lucas-paqueta,2019-09-28,False
18/19,Distorção do tornozelo,2019-04-02,2019-04-17,16.0,2.0,444523,lucas-paqueta,2019-04-17,False
25/26,Artroscopia,2025-10-06,2025-11-19,45.0,6.0,213605,vitinho,2025-11-19,False
19/20,Operado ao joelho,2019-07-21,2019-08-21,32.0,6.0,213605,vitinho,2019-08-21,False
14/15,Rotura de ligamentos do tornozelo,2014-09-08,2014-10-31,54.0,10.0,213605,vitinho,2014-10-31,False
23/24,Recuperação ritmo competitivo,2024-05-07,2024-05-19,13.0,2.0,345654,marlos-moreno,2024-05-19,False
23/24,Rotura muscular na coxa,2024-04-24,2024-05-07,14.0,2.0,345654,marlos-moreno,2024-05-07,False
16/17,Lesão tornozelo,2017-02-08,2017-03-10,31.0,6.0,345654,marlos-moreno,2017-03-10,False
24/25,Entorse do tornozelo,2025-05-12,2025-05-23,12.0,2.0,371998,vinicius-junior,2025-05-23,False
24/25,Lesão muscular,2024-11-25,2024-12-08,14.0,4.0,371998,vinicius-junior,2024-12-08,False
24/25,Traumatismo na coluna cervical,2024-10-06,2024-10-16,11.0,1.0,371998,vinicius-junior,2024-10-16,False
23/24,Ruptura muscular na coxa,2023-11-18,2024-01-01,45.0,8.0,371998,vinicius-junior,2024-01-01,False
23/24,Lesão no bíceps femoral,2023-08-26,2023-09-26,32.0,6.0,371998,vinicius-junior,2023-09-26,False
22/23,Problemas no Joelho,2023-05-24,2023-05-27,4.0,1.0,371998,vinicius-junior,2023-05-27,False
21/22,Coronavírus,2021-12-29,2022-01-07,10.0,2.0,371998,vinicius-junior,2022-01-07,False
20/21,Vírus intestinal,2020-12-19,2020-12-22,4.0,1.0,371998,vinicius-junior,2020-12-22,False
18/19,Lesão dos ligamentos laterais do joelho,2019-03-06,2019-05-03,59.0,9.0,371998,vinicius-junior,2019-05-03,False
24/25,Lesão desconhecida,2024-11-28,2025-02-03,68.0,5.0,644158,lucas-silva,2025-02-03,True
22/23,Problemas musculares,2022-09-30,2022-10-20,21.0,3.0,177009,geuvanio,2022-10-20,False
20/21,Coronavírus,2020-11-20,2020-12-05,16.0,4.0,177009,geuvanio,2020-12-05,False
15/16,Lesão na coxa,2015-09-05,2015-10-17,43.0,10.0,177009,geuvanio,2015-10-17,False
20/21,lesão na perna,2021-09-11,2022-01-25,137.0,19.0,119197,orlando-berrio,2022-01-25,True
17/18,Rotura do tendão de Aquiles,2017-10-23,2018-09-05,318.0,72.0,119197,orlando-berrio,2018-09-05,True
25/26,Problemas musculares na coxa,2025-09-15,2025-09-22,8.0,1.0,2989,paolo-guerrero,2025-09-22,False
25/26,Ruptura muscular,2025-08-13,2025-09-03,22.0,3.0,2989,paolo-guerrero,2025-09-03,False
25/26,Entorse do tornozelo,2025-07-23,2025-08-20,29.0,5.0,2989,paolo-guerrero,2025-08-20,False
24/25,Problemas na tibiotársica,2025-02-05,2025-02-20,16.0,3.0,2989,paolo-guerrero,2025-02-20,False
23/24,Ruptura muscular,2024-05-01,2024-06-06,37.0,7.0,2989,paolo-guerrero,2024-06-06,False
23/24,Distensão muscular,2024-04-15,2024-04-28,14.0,2.0,2989,paolo-guerrero,2024-04-28,False
23/24,Infeção da sola do pé,2024-03-11,2024-03-18,8.0,1.0,2989,paolo-guerrero,2024-03-18,False
22/23,Gestão de esforço,2023-06-21,2023-06-23,3.0,1.0,2989,paolo-guerrero,2023-06-23,False
22/23,Problemas no Joelho,2023-05-06,2023-05-21,16.0,2.0,2989,paolo-guerrero,2023-05-21,False
22/23,Recuperação ritmo competitivo,2023-01-25,2023-02-10,17.0,2.0,2989,paolo-guerrero,2023-02-10,False
22/23,Lesão no joelho,2022-10-03,2022-12-31,90.0,11.0,2989,paolo-guerrero,2022-12-31,True
21/22,Lesão no joelho,2021-10-08,2021-12-31,85.0,9.0,2989,paolo-guerrero,2021-12-31,True
20/21,Lesão no joelho,2021-06-10,2021-07-28,49.0,21.0,2989,paolo-guerrero,2021-07-28,False
20/21,Rotura parcial de ligamento,2020-08-17,2021-02-17,185.0,47.0,2989,paolo-guerrero,2021-02-17,True
18/19,Problemas na tibiotársica,2019-04-25,2019-04-30,6.0,1.0,2989,paolo-guerrero,2019-04-30,False
17/18,Queixas adutores,2017-10-20,2017-11-03,15.0,4.0,2989,paolo-guerrero,2017-11-03,False
17/18,Lesão na coxa,2017-08-04,2017-08-22,19.0,5.0,2989,paolo-guerrero,2017-08-22,False
15/16,Entorse na tibiotársica,2015-08-26,2015-09-02,8.0,1.0,2989,paolo-guerrero,2015-09-02,False
14/15,Febre,2015-04-13,2015-05-04,22.0,3.0,2989,paolo-guerrero,2015-05-04,False
13/14,Fratura do Metatarso,2013-10-07,2013-12-31,86.0,15.0,2989,paolo-guerrero,2013-12-31,True
11/12,Ruptura muscular,2011-08-06,2011-08-22,17.0,2.0,2989,paolo-guerrero,2011-08-22,False
10/11,Innenbandanriss Knie,2011-05-15,2011-06-30,47.0,2.0,2989,paolo-guerrero,2011-06-30,False
10/11,Problemas na panturrilha,2011-01-08,2011-01-21,14.0,1.0,2989,paolo-guerrero,2011-01-21,False
10/11,Problemas na panturrilha,2010-09-20,2010-10-04,15.0,3.0,2989,paolo-guerrero,2010-10-04,False
09/10,Rotura parcial de ligamento,2009-09-10,2010-03-23,195.0,37.0,2989,paolo-guerrero,2010-03-23,True
08/09,Traumatismo,2009-05-04,2009-05-09,6.0,1.0,2989,paolo-guerrero,2009-05-09,False
08/09,Traumatismo,2009-04-04,2009-04-09,6.0,,2989,paolo-guerrero,2009-04-09,False
08/09,Traumatismo,2008-10-23,2008-10-28,6.0,1.0,2989,paolo-guerrero,2008-10-28,False
08/09,Problemas na panturrilha,2008-07-16,2008-07-24,9.0,,2989,paolo-guerrero,2008-07-24,False
07/08,Gripe gastrointestinal,2007-11-23,2007-11-30,8.0,2.0,2989,paolo-guerrero,2007-11-30,False
07/08,Ruptura muscular,2007-10-10,2007-10-31,22.0,5.0,2989,paolo-guerrero,2007-10-31,False
24/25,Traumatismo,2024-07-29,,599.0,6.0,119030,fernando-uribe,2026-03-20,True
22/23,Lesão muscular,2023-01-20,2023-03-01,41.0,4.0,119030,fernando-uribe,2023-03-01,False
21/22,Lesão muscular,2022-02-03,2022-02-28,26.0,5.0,119030,fernando-uribe,2022-02-28,False
11/12,Distorção do tornozelo,2012-03-23,2012-04-10,19.0,3.0,119030,fernando-uribe,2012-04-10,False
18/19,Perna fraturada,2019-03-03,2019-10-09,221.0,31.0,270959,henrique-dourado,2019-10-09,True
24/25,Problemas na zona lombar,2024-07-25,2024-09-14,52.0,7.0,425462,felipe-vizeu,2024-09-14,False
23/24,Lesão na coxa,2024-06-04,2024-07-15,42.0,10.0,425462,felipe-vizeu,2024-07-15,False
23/24,Lesão no joelho,2024-04-29,2024-09-08,133.0,21.0,575373,vitor-gabriel,2024-09-08,True
24/25,Doente,2024-11-23,2024-11-25,3.0,1.0,372046,lincoln,2024-11-25,False
24/25,Fibra muscular rasgado,2024-07-26,2024-10-25,92.0,11.0,372046,lincoln,2024-10-25,True
20/21,Lesão na coxa,2021-06-14,2021-08-30,78.0,12.0,372046,lincoln,2021-08-30,True
19/20,Lesão na coxa,2019-07-28,2019-10-19,84.0,18.0,372046,lincoln,2019-10-19,True
24/25,Lesão no tornozelo,2025-01-25,2025-04-10,76.0,10.0,589911,wendel,2025-04-10,True
20/21,Coronavírus,2021-04-06,2021-04-21,16.0,4.0,67886,paulo-victor,2021-04-21,False
25/26,Fratura de um dedo,2025-07-14,2025-09-19,68.0,11.0,555016,brenno,2025-09-19,True
22/23,Corte na cabeça,2022-10-09,2022-10-17,9.0,1.0,555016,brenno,2022-10-17,False
23/24,lesão no braço,2024-04-19,2024-06-12,55.0,7.0,32568,pedro-geromel,2024-06-12,False
23/24,Problemas no Joelho,2023-08-29,2023-09-24,27.0,4.0,32568,pedro-geromel,2023-09-24,False
22/23,Lesão no joelho,2023-01-03,2023-08-21,231.0,44.0,32568,pedro-geromel,2023-08-21,True
11/12,Problemas na panturrilha,2012-02-24,2012-03-01,7.0,1.0,32568,pedro-geromel,2012-03-01,False
11/12,Rotura do menisco lateral,2011-09-18,2011-11-05,49.0,6.0,32568,pedro-geromel,2011-11-05,False
10/11,Fibra muscular rasgado,2011-02-22,2011-03-15,22.0,3.0,32568,pedro-geromel,2011-03-15,False
10/11,Tensão muscular,2010-09-21,2010-09-23,3.0,,32568,pedro-geromel,2010-09-23,False
10/11,Fibra muscular rasgado,2010-08-05,2010-09-05,32.0,3.0,32568,pedro-geromel,2010-09-05,False
09/10,Fibra muscular rasgado,2009-07-20,2009-08-20,32.0,3.0,32568,pedro-geromel,2009-08-20,False
18/19,Operado ao joelho,2019-03-28,2020-08-20,512.0,78.0,52844,marcelo-oliveira,2020-08-20,True
25/26,Problemas musculares na coxa,2026-01-15,2026-02-06,23.0,6.0,145400,walter-kannemann,2026-02-06,False
24/25,Problema nos flexores do quadril,2024-10-05,2025-04-15,193.0,29.0,145400,walter-kannemann,2025-04-15,True
24/25,Problemas musculares,2024-08-24,2024-08-31,8.0,1.0,145400,walter-kannemann,2024-08-31,False
23/24,Choque,2024-04-14,2024-04-19,6.0,1.0,145400,walter-kannemann,2024-04-19,False
23/24,Fratura da mão,2023-07-26,2023-08-21,27.0,5.0,145400,walter-kannemann,2023-08-21,False
21/22,Lesão desconhecida,2022-06-20,2022-09-25,98.0,18.0,145400,walter-kannemann,2022-09-25,True
24/25,Traumatismo,2025-04-29,2025-05-13,15.0,2.0,256453,bressan,2025-05-13,False
24/25,Lesão no joelho,2024-12-08,2024-12-17,10.0,1.0,256453,bressan,2024-12-17,False
24/25,Recuperação ritmo competitivo,2024-11-18,2024-11-25,8.0,1.0,256453,bressan,2024-11-25,False
24/25,Traumatismo,2024-10-19,2024-11-18,31.0,5.0,256453,bressan,2024-11-18,False
24/25,Traumatismo,2024-08-24,2024-09-09,17.0,1.0,256453,bressan,2024-09-09,False
23/24,Fratura do perónio,2024-02-04,2024-06-03,121.0,12.0,256453,bressan,2024-06-03,True
22/23,Problemas musculares,2022-10-24,2022-11-15,23.0,4.0,256453,bressan,2022-11-15,False
22/23,Problemas musculares,2022-10-08,2022-10-20,13.0,2.0,256453,bressan,2022-10-20,False
21/22,Lesão nos adutores,2022-06-01,2022-06-15,15.0,3.0,256453,bressan,2022-06-15,False
16/17,Lesão nos adutores,2016-09-05,2016-09-21,17.0,2.0,256453,bressan,2016-09-21,False
13/14,Lesão desconhecida,2014-05-29,2014-06-29,32.0,1.0,256453,bressan,2014-06-29,False
22/23,Contusão no tornozelo,2022-11-06,2023-02-04,91.0,6.0,80499,paulo-miranda,2023-02-04,True
20/21,Coronavírus,2021-03-29,2021-04-14,17.0,4.0,80499,paulo-miranda,2021-04-14,False
17/18,Lesão na panturrilha,2017-11-18,2017-11-25,8.0,2.0,80499,paulo-miranda,2017-11-25,False
17/18,Lesão muscular,2017-10-27,2017-11-01,6.0,1.0,80499,paulo-miranda,2017-11-01,False
17/18,Problemas no Joelho,2017-09-07,2017-09-11,5.0,1.0,80499,paulo-miranda,2017-09-11,False
16/17,rotura da banda de sindesmose,2016-07-21,2016-09-01,43.0,10.0,80499,paulo-miranda,2016-09-01,False
25/26,Lesão na coxa,2026-01-12,2026-03-07,55.0,12.0,292152,rafael-thyere,2026-03-07,False
25/26,Lesão desconhecida,2025-10-26,2025-11-07,13.0,2.0,292152,rafael-thyere,2025-11-07,False
24/25,Hérnia discal,2025-01-27,2025-05-16,110.0,25.0,292152,rafael-thyere,2025-05-16,True
23/24,Problemas musculares na coxa,2023-08-27,2023-09-12,17.0,2.0,292152,rafael-thyere,2023-09-12,False
22/23,Lesão muscular,2022-07-20,2022-09-09,52.0,10.0,292152,rafael-thyere,2022-09-09,False
21/22,Problemas musculares,2021-08-09,2021-09-10,33.0,4.0,292152,rafael-thyere,2021-09-10,False
19/20,Problemas musculares,2019-11-15,2019-11-18,4.0,1.0,292152,rafael-thyere,2019-11-18,False
18/19,Problemas musculares,2019-06-11,2019-07-01,21.0,1.0,292152,rafael-thyere,2019-07-01,False
13/14,Operado ao joelho,2013-09-20,,4564.0,451.0,216071,gabriel,2026-03-20,True
24/25,Lesão desconhecida,2025-05-16,2025-05-27,12.0,3.0,445101,rodrigues,2025-05-27,False
24/25,Problemas no Joelho,2025-05-21,2025-09-23,126.0,12.0,555015,ruan,2025-09-23,True
24/25,Lesão na coxa,2025-02-17,2025-03-28,40.0,3.0,555015,ruan,2025-03-28,False
23/24,Lesão desconhecida,2023-10-02,2023-10-06,5.0,,555015,ruan,2023-10-06,False
25/26,Rotura do osso frontal,2026-03-04,,16.0,,689524,mendonca,2026-03-20,False
22/23,Lesão desconhecida,2022-10-10,2023-01-15,98.0,7.0,182216,bruno-cortez,2023-01-15,True
15/16,Rotura dos ligamentos cruzados,2015-09-19,2016-03-20,184.0,23.0,322781,breno-lorran,2016-03-20,True
14/15,Problemas físicos,2015-03-10,2015-08-03,147.0,11.0,322781,breno-lorran,2015-08-03,True
25/26,Entorse no joelho,2025-07-14,2025-09-30,79.0,14.0,406676,juninho-capixaba,2025-09-30,True
24/25,Lesão na coxa,2025-06-01,2025-07-12,42.0,1.0,406676,juninho-capixaba,2025-07-12,False
24/25,Lesão no joelho,2024-07-25,2024-10-18,86.0,16.0,406676,juninho-capixaba,2024-10-18,True
19/20,Problemas musculares na coxa,2019-08-12,2019-09-27,47.0,9.0,552548,guilherme-guedes,2019-09-27,False
10/11,Rotura dos ligamentos cruzados,2010-11-20,2011-05-20,182.0,35.0,75083,edilson,2011-05-20,True
24/25,Lesão no tornozelo,2024-10-27,2025-06-13,230.0,38.0,177845,madson,2025-06-13,True
22/23,Fratura da mão,2022-09-20,2022-10-08,19.0,3.0,177845,madson,2022-10-08,False
19/20,Lesão na coxa,2019-08-19,2019-09-28,41.0,8.0,29368,leo-moura,2019-09-28,False
19/20,Rotura dos ligamentos cruzados,2019-09-05,2020-05-01,240.0,35.0,347016,leo-gomes,2020-05-01,True
24/25,Traumatismo no joelho,2025-05-09,2025-10-07,152.0,9.0,366948,jailson,2025-10-07,True
24/25,Queixas adutores,2024-10-18,2025-01-15,90.0,11.0,366948,jailson,2025-01-15,True
22/23,Rotura de ligamentos no joelho,2022-04-24,2023-01-10,262.0,48.0,366948,jailson,2023-01-10,True
23/24,Lesão na coxa,2023-11-30,2024-01-29,61.0,4.0,520629,filipe-machado,2024-01-29,True
22/23,Contusão pulmonar,2022-12-14,2023-02-11,60.0,4.0,520629,filipe-machado,2023-02-11,True
24/25,Lesão na panturrilha,2025-06-12,2025-07-03,22.0,3.0,258070,ramiro,2025-07-03,False
22/23,Cirurgia Ligamento Cruzado,2023-05-25,2024-01-05,226.0,32.0,258070,ramiro,2024-01-05,True
20/21,Contusão no tornozelo,2020-11-14,2020-12-01,18.0,2.0,258070,ramiro,2020-12-01,False
14/15,Rotura dos ligamentos cruzados,2015-04-12,2015-11-06,209.0,44.0,258070,ramiro,2015-11-06,True
09/10,Problemas de Ligamento,2009-10-27,2009-11-02,7.0,1.0,17663,cicero,2009-11-02,False
09/10,Fibra muscular rasgado,2009-09-24,2009-10-15,22.0,3.0,17663,cicero,2009-10-15,False
09/10,Problemas musculares na coxa,2009-08-30,2009-09-09,11.0,,17663,cicero,2009-09-09,False
08/09,Tensão muscular,2009-01-06,2009-01-09,4.0,,17663,cicero,2009-01-09,False
15/16,Lesão na panturrilha,2015-08-23,2015-09-07,16.0,3.0,50047,maicon,2015-09-07,False
08/09,Lesão desconhecida,2008-12-12,2009-05-04,144.0,12.0,50047,maicon,2009-05-04,True
08/09,Fibra muscular rasgado,2008-10-09,2008-10-25,17.0,1.0,50047,maicon,2008-10-25,False
25/26,Problema nos flexores do quadril,2025-08-12,2025-09-13,33.0,4.0,229736,alisson,2025-09-13,False
24/25,Fratura do tornozelo,2024-07-18,2024-11-09,115.0,23.0,229736,alisson,2024-11-09,True
22/23,Lesão na coxa,2022-10-15,2022-12-15,62.0,8.0,229736,alisson,2022-12-15,True
21/22,Entorse no joelho,2022-06-06,2022-07-26,51.0,14.0,229736,alisson,2022-07-26,False
14/15,Lesão na coxa,2015-06-07,2015-07-25,49.0,8.0,229736,alisson,2015-07-25,False
14/15,Lesão na coxa,2015-04-12,2015-05-23,42.0,7.0,229736,alisson,2015-05-23,False
14/15,Lesão na coxa,2014-10-23,2015-02-27,128.0,17.0,229736,alisson,2015-02-27,True
25/26,Problemas musculares,2026-02-23,,25.0,3.0,362842,arthur-melo,2026-03-20,False
25/26,Problemas físicos,2025-10-17,2025-10-25,9.0,1.0,362842,arthur-melo,2025-10-25,False
23/24,Problemas na tibiotársica,2024-03-06,2024-03-10,5.0,1.0,362842,arthur-melo,2024-03-10,False
23/24,Fadiga muscular,2024-02-01,2024-02-11,11.0,1.0,362842,arthur-melo,2024-02-11,False
23/24,Queixas adutores,2023-12-13,2023-12-17,5.0,1.0,362842,arthur-melo,2023-12-17,False
22/23,Operação,2022-10-03,2023-02-25,146.0,25.0,362842,arthur-melo,2023-02-25,True
22/23,Problemas na tibiotársica,2022-08-08,2022-08-16,9.0,1.0,362842,arthur-melo,2022-08-16,False
21/22,Lesão desconhecida,2022-05-15,2022-05-27,13.0,2.0,362842,arthur-melo,2022-05-27,False
21/22,Distorção do tornozelo,2022-04-13,2022-04-30,18.0,3.0,362842,arthur-melo,2022-04-30,False
21/22,Coronavírus,2021-12-31,2022-01-05,6.0,,362842,arthur-melo,2022-01-05,False
21/22,Operação,2021-07-16,2021-10-01,78.0,10.0,362842,arthur-melo,2021-10-01,True
20/21,lesão na perna,2021-02-07,2021-03-06,28.0,6.0,362842,arthur-melo,2021-03-06,False
20/21,Lesão na coxa,2020-12-16,2020-12-21,6.0,1.0,362842,arthur-melo,2020-12-21,False
19/20,Lesão no tornozelo,2020-07-18,2020-07-25,8.0,1.0,362842,arthur-melo,2020-07-25,False
19/20,Amigdalite,2020-07-10,2020-07-15,6.0,1.0,362842,arthur-melo,2020-07-15,False
19/20,Lesão no tornozelo,2020-03-05,2020-03-16,12.0,1.0,362842,arthur-melo,2020-03-16,False
19/20,Pubalgia,2019-12-05,2020-01-18,45.0,7.0,362842,arthur-melo,2020-01-18,False
19/20,Choque,2019-11-20,2019-11-25,6.0,1.0,362842,arthur-melo,2019-11-25,False
19/20,Problemas físicos,2019-11-04,2019-11-08,5.0,1.0,362842,arthur-melo,2019-11-08,False
19/20,Pequena lesão,2019-10-27,2019-10-30,4.0,1.0,362842,arthur-melo,2019-10-30,False
19/20,Problemas no tendão de Aquiles,2019-08-10,2019-08-20,11.0,1.0,362842,arthur-melo,2019-08-20,False
18/19,Problemas musculares,2019-05-11,2019-05-23,13.0,2.0,362842,arthur-melo,2019-05-23,False
18/19,Lesão na coxa,2019-02-07,2019-02-26,20.0,4.0,362842,arthur-melo,2019-02-26,False
18/19,Lesão nos adutores,2018-11-25,2018-12-10,16.0,4.0,362842,arthur-melo,2018-12-10,False
17/18,Lesão no tornozelo,2017-12-01,2018-02-26,88.0,13.0,362842,arthur-melo,2018-02-26,True
21/22,Lesão desconhecida,2021-09-10,2021-10-19,40.0,6.0,393839,leo-tilica,2021-10-19,False
25/26,Fratura na grelha costal,2025-10-14,2025-11-19,37.0,6.0,552549,matheus-henrique,2025-11-19,False
24/25,Lesão meniscal,2025-04-10,2025-07-26,108.0,20.0,552549,matheus-henrique,2025-07-26,True
24/25,Fratura,2024-11-27,2024-12-31,35.0,4.0,552549,matheus-henrique,2024-12-31,False
24/25,Problema nos flexores do quadril,2024-10-08,2024-10-22,15.0,1.0,552549,matheus-henrique,2024-10-22,False
23/24,Gestão de esforço,2024-01-03,2024-01-05,3.0,1.0,552549,matheus-henrique,2024-01-05,False
23/24,Lesão no bíceps femoral,2023-10-02,2023-11-24,54.0,6.0,552549,matheus-henrique,2023-11-24,False
21/22,Problemas musculares,2022-04-10,2022-04-15,6.0,,552549,matheus-henrique,2022-04-15,False
21/22,Problemas musculares,2021-12-20,2022-02-04,47.0,6.0,552549,matheus-henrique,2022-02-04,False
18/19,Lesão na virilha,2019-05-25,2019-07-11,48.0,5.0,552549,matheus-henrique,2019-07-11,False
16/17,Rotura dos ligamentos cruzados,2017-02-09,2017-08-09,182.0,45.0,34332,douglas,2017-08-09,True
23/24,Lesão na coxa,2024-03-22,2024-04-27,37.0,6.0,351738,lincoln,2024-04-27,False
23/24,Recuperação ritmo competitivo,2023-11-27,2024-01-08,43.0,7.0,351738,lincoln,2024-01-08,False
22/23,Rotura dos ligamentos cruzados,2023-03-09,2023-11-27,264.0,41.0,351738,lincoln,2023-11-27,True
22/23,Problemas na panturrilha,2022-11-05,2022-11-25,21.0,2.0,351738,lincoln,2022-11-25,False
20/21,Lesão muscular,2020-09-09,2020-10-14,36.0,3.0,351738,lincoln,2020-10-14,False
24/25,Lesão na coxa,2025-05-04,2025-05-23,20.0,5.0,387611,lima,2025-05-23,False
24/25,Lesão na panturrilha,2025-02-27,2025-03-15,17.0,4.0,387611,lima,2025-03-15,False
23/24,Lesão na coxa,2024-06-28,2024-07-23,26.0,5.0,387611,lima,2024-07-23,False
25/26,Lesão na coxa,2026-01-23,2026-02-07,16.0,4.0,392487,thaciano,2026-02-07,False
24/25,Problemas no tendão de Aquiles,2025-04-21,2025-05-03,13.0,2.0,392487,thaciano,2025-05-03,False
24/25,Fratura do nariz,2025-01-23,2025-02-04,13.0,3.0,392487,thaciano,2025-02-04,False
21/22,Lesão desconhecida,2022-01-19,2022-02-02,15.0,1.0,392487,thaciano,2022-02-02,False
24/25,Ruptura muscular na coxa,2025-01-24,2025-03-21,57.0,5.0,561214,thonny-anderson,2025-03-21,False
21/22,Lesão na coxa,2022-06-06,2022-06-20,15.0,4.0,351903,jean-pyerre,2022-06-20,False
21/22,Lesão na coxa,2022-05-20,2022-05-31,12.0,2.0,351903,jean-pyerre,2022-05-31,False
21/22,Câncer testicular,2022-02-03,2022-05-01,88.0,16.0,351903,jean-pyerre,2022-05-01,True
19/20,Problemas no tendão de Aquiles,2019-08-09,2019-09-05,28.0,4.0,351903,jean-pyerre,2019-09-05,False
25/26,Problema nos flexores do quadril,2025-10-16,2025-11-04,20.0,5.0,321239,everton,2025-11-04,False
25/26,Tendinite,2025-07-28,2025-08-05,9.0,2.0,321239,everton,2025-08-05,False
24/25,Lesão na panturrilha,2025-05-05,2025-05-09,5.0,1.0,321239,everton,2025-05-09,False
24/25,Lesão na coxa,2025-02-24,2025-03-15,20.0,3.0,321239,everton,2025-03-15,False
24/25,Rotura do tendão de Aquiles,2024-08-12,2025-01-29,171.0,32.0,321239,everton,2025-01-29,True
24/25,Problemas musculares na coxa,2024-08-01,2024-08-06,6.0,1.0,321239,everton,2024-08-06,False
23/24,Problema nos flexores do quadril,2024-06-21,2024-07-19,29.0,6.0,321239,everton,2024-07-19,False
23/24,Lesão na coxa,2024-06-13,2024-06-20,8.0,1.0,321239,everton,2024-06-20,False
23/24,Lesão na panturrilha,2024-04-20,2024-05-10,21.0,5.0,321239,everton,2024-05-10,False
21/22,Lesão muscular,2022-05-06,2022-05-17,12.0,2.0,321239,everton,2022-05-17,False
21/22,Coronavírus,2022-01-14,2022-01-20,7.0,1.0,321239,everton,2022-01-20,False
20/21,Coronavírus,2021-01-24,2021-02-03,11.0,3.0,321239,everton,2021-02-03,False
24/25,Lesão desconhecida,2024-09-16,2024-10-06,21.0,3.0,552547,lucas-poletto,2024-10-06,False
25/26,Lesão na coxa,2026-03-15,,5.0,,74758,marinho,2026-03-20,False
25/26,Lesão na coxa,2025-10-19,2026-02-09,114.0,14.0,74758,marinho,2026-02-09,True
24/25,Problemas musculares na coxa,2025-04-17,2025-04-28,12.0,3.0,74758,marinho,2025-04-28,False
24/25,Problemas musculares na coxa,2024-08-15,2024-09-10,27.0,4.0,74758,marinho,2024-09-10,False
24/25,Lesão muscular,2024-07-18,2024-07-23,6.0,1.0,74758,marinho,2024-07-23,False
23/24,Lesão na coxa,2024-05-24,2024-07-02,40.0,11.0,74758,marinho,2024-07-02,False
20/21,Coronavírus,2021-02-25,2021-03-06,10.0,3.0,74758,marinho,2021-03-06,False
25/26,Lesão ocular,2025-08-21,2025-09-05,16.0,2.0,520662,pepe,2025-09-05,False
24/25,Lesão desconhecida,2025-02-25,2025-03-13,17.0,2.0,520662,pepe,2025-03-13,False
21/22,Fratura na face,2022-03-21,2022-04-01,12.0,,520662,pepe,2022-04-01,False
21/22,Coronavírus,2021-12-06,2021-12-14,9.0,2.0,520662,pepe,2021-12-14,False
20/21,Lesão desconhecida,2021-01-25,2021-01-30,6.0,1.0,104509,andre-felipe,2021-01-30,False
20/21,Fratura de um dedo,2020-10-12,2020-11-07,27.0,4.0,104509,andre-felipe,2020-11-07,False
19/20,Fratura na face,2019-11-10,2019-12-31,52.0,4.0,195004,hernane,2019-12-31,False
19/20,Problemas no Joelho,2019-08-29,2019-09-06,9.0,1.0,195004,hernane,2019-09-06,False
18/19,Lesão no ombro,2018-09-16,2018-10-08,23.0,3.0,195004,hernane,2018-10-08,False
15/16,Lesão no ligamento interno,2016-03-06,2016-04-09,35.0,9.0,195004,hernane,2016-04-09,False
20/21,Problemas cardíacos,2021-04-17,2021-05-05,19.0,3.0,58516,lucas-barrios,2021-05-05,False
20/21,Coronavírus,2021-04-02,2021-04-16,15.0,2.0,58516,lucas-barrios,2021-04-16,False
19/20,Lesão nos adutores,2020-02-09,2020-03-15,36.0,6.0,58516,lucas-barrios,2020-03-15,False
13/14,Lesão ligamentar,2013-08-29,2013-10-10,43.0,8.0,58516,lucas-barrios,2013-10-10,False
12/13,Problemas musculares,2012-08-23,2012-09-06,15.0,1.0,58516,lucas-barrios,2012-09-06,False
11/12,Gripe gastrointestinal,2012-03-09,2012-03-11,3.0,1.0,58516,lucas-barrios,2012-03-11,False
11/12,Gripe gastrointestinal,2011-12-10,2011-12-16,7.0,1.0,58516,lucas-barrios,2011-12-16,False
11/12,Tensão muscular,2011-10-17,2011-10-23,7.0,2.0,58516,lucas-barrios,2011-10-23,False
11/12,Muskelbündelriss,2011-07-25,2011-09-22,60.0,10.0,58516,lucas-barrios,2011-09-22,True
10/11,Fibra muscular rasgado,2011-04-10,2011-04-22,13.0,1.0,58516,lucas-barrios,2011-04-22,False
10/11,Lesão na cápsula,2010-11-29,2010-12-06,8.0,2.0,58516,lucas-barrios,2010-12-06,False
24/25,Lesão desconhecida,2024-12-16,2025-01-01,17.0,1.0,379877,luis-henrique,2025-01-01,False
17/18,Problemas físicos,2017-10-22,2017-12-26,66.0,8.0,379877,luis-henrique,2017-12-26,True
15/16,Traumatismo,2016-01-20,2016-02-12,24.0,5.0,203136,yuri-mamute,2016-02-12,False
18/19,Lesão na anca,2019-05-17,2019-06-27,42.0,8.0,80815,jael,2019-06-27,False
16/17,Rotura dos ligamentos cruzados,2017-02-24,2017-08-24,182.0,48.0,80815,jael,2017-08-24,True
14/15,Entorse na tibiotársica,2014-09-24,2015-02-28,158.0,20.0,80815,jael,2015-02-28,True
16/17,Lesão dos ligamentos laterais do joelho,2016-08-14,2017-04-15,245.0,42.0,22415,fabio,2017-04-15,True
25/26,Lesão no dedo,2025-09-25,2025-11-12,49.0,6.0,418615,lucas-franca,2025-11-12,False
25/26,Problemas no Joelho,2025-09-21,,180.0,17.0,113586,manoel,2026-03-20,True
23/24,Lesão na coxa,2024-06-18,2024-07-27,40.0,9.0,113586,manoel,2024-07-27,False
23/24,Lesão no tornozelo,2024-03-17,2024-04-15,30.0,3.0,113586,manoel,2024-04-15,False
19/20,Recuperação ritmo competitivo,2020-01-31,2020-02-09,10.0,3.0,113586,manoel,2020-02-09,False
22/23,Contusão nas costas,2022-10-13,,1254.0,3.0,55245,leotm,2026-03-20,True
19/20,Lesão no joelho,2019-10-19,2021-03-01,500.0,66.0,113094,dede,2021-03-01,True
14/15,Lesão ligamentar,2014-11-05,2015-11-01,362.0,80.0,113094,dede,2015-11-01,True
25/26,Entorse do tornozelo,2026-03-09,2026-03-17,9.0,2.0,458710,murilo,2026-03-17,False
24/25,Lesão na coxa,2025-06-24,2025-08-09,47.0,9.0,458710,murilo,2025-08-09,False
24/25,Lesão na coxa,2025-04-13,2025-05-03,21.0,4.0,458710,murilo,2025-05-03,False
24/25,lesão na perna,2024-11-21,2024-11-25,5.0,1.0,458710,murilo,2024-11-25,False
24/25,Lesão na coxa,2024-10-19,2024-11-03,16.0,2.0,458710,murilo,2024-11-03,False
24/25,Entorse do tornozelo,2024-07-22,2024-08-03,13.0,3.0,458710,murilo,2024-08-03,False
23/24,Lesão no tornozelo,2024-06-29,2024-07-16,18.0,4.0,458710,murilo,2024-07-16,False
22/23,Lesão no ombro,2023-05-05,2023-06-30,57.0,12.0,458710,murilo,2023-06-30,False
21/22,Lesão muscular,2021-11-29,2021-12-31,33.0,3.0,458710,murilo,2021-12-31,False
21/22,Lesão muscular,2021-09-17,2021-11-01,46.0,8.0,458710,murilo,2021-11-01,False
21/22,Traumatismo,2021-07-31,2021-08-30,31.0,4.0,458710,murilo,2021-08-30,False
24/25,Traumatismo,2024-10-29,2024-11-19,22.0,3.0,603122,caca,2024-11-19,False
19/20,Lesão no ombro,2019-08-12,2019-08-24,13.0,3.0,435170,patrick-brey,2019-08-24,False
24/25,Lesão desconhecida,2024-10-23,2024-11-10,19.0,1.0,445102,victor-luiz,2024-11-10,False
24/25,Lesão no joelho,2024-12-05,2025-01-15,42.0,4.0,468249,vitinho,2025-01-15,False
23/24,Lesão no joelho,2023-08-30,2023-09-25,27.0,3.0,468249,vitinho,2023-09-25,False
25/26,Lesão desconhecida,2025-12-18,2025-12-22,5.0,1.0,684061,lucas-soares,2025-12-22,False
22/23,Lesão desconhecida,2023-03-10,2023-04-10,32.0,4.0,684061,lucas-soares,2023-04-10,False
14/15,Lesão no pé,2015-06-05,2015-06-18,14.0,2.0,54303,henrique-pacheco,2015-06-18,False
16/17,Problemas cardíacos,2016-07-09,2017-01-01,177.0,26.0,218118,lucas-silva,2017-01-01,True
25/26,Fratura na grelha costal,2026-03-09,,11.0,3.0,242201,lucas-romero,2026-03-20,False
22/23,Muskelbündelriss,2022-09-27,2022-10-13,17.0,5.0,242201,lucas-romero,2022-10-13,False
21/22,Muskelbündelriss,2021-08-09,2021-08-31,23.0,4.0,242201,lucas-romero,2021-08-31,False
23/24,Lesão desconhecida,2024-02-09,2024-02-16,8.0,,520994,lucas-ventura,2024-02-16,False
23/24,Lesão muscular,2023-11-02,2023-11-30,29.0,2.0,520994,lucas-ventura,2023-11-30,False
24/25,Rompimento dos adutores,2024-11-06,2024-11-28,23.0,3.0,96313,federico-mancuello,2024-11-28,False
23/24,Distensão muscular,2024-01-28,2024-02-06,10.0,2.0,96313,federico-mancuello,2024-02-06,False
23/24,Rotura muscular na coxa,2023-11-05,2023-11-21,17.0,1.0,96313,federico-mancuello,2023-11-21,False
15/16,Problemas na tibiotársica,2015-11-20,2015-12-03,14.0,1.0,96313,federico-mancuello,2015-12-03,False
14/15,Tendinite,2015-08-05,2015-10-01,58.0,13.0,96313,federico-mancuello,2015-10-01,False
14/15,Tendinite,2015-07-21,2015-07-26,6.0,1.0,96313,federico-mancuello,2015-07-26,False
14/15,Problemas na anca,2015-05-27,2015-06-14,19.0,2.0,96313,federico-mancuello,2015-06-14,False
14/15,Contra,2015-04-10,2015-04-17,8.0,,96313,federico-mancuello,2015-04-17,False
23/24,Lesão na coxa,2023-08-12,2023-08-21,10.0,1.0,417634,alexis-messidoro,2023-08-21,False
25/26,Gestão de esforço,2026-02-28,2026-03-12,13.0,4.0,607854,ederson,2026-03-12,False
25/26,Lesão meniscal,2025-08-28,2025-09-26,30.0,4.0,607854,ederson,2025-09-26,False
23/24,Problemas na tibiotársica,2023-07-27,2023-08-02,7.0,,607854,ederson,2023-08-02,False
22/23,Lesão no bíceps femoral,2022-08-11,2022-08-27,17.0,2.0,607854,ederson,2022-08-27,False
24/25,Lesão na coxa,2025-03-23,2025-04-05,14.0,3.0,248410,giorgian-de-arrascaeta,2025-04-05,False
24/25,Artroscopia,2024-11-11,2025-01-24,75.0,12.0,248410,giorgian-de-arrascaeta,2025-01-24,True
24/25,Lesão nos adutores,2024-08-19,2024-09-12,25.0,7.0,248410,giorgian-de-arrascaeta,2024-09-12,False
23/24,Lesão na coxa,2024-04-29,2024-05-10,12.0,3.0,248410,giorgian-de-arrascaeta,2024-05-10,False
23/24,Lesão na coxa,2023-08-27,2023-09-22,27.0,6.0,248410,giorgian-de-arrascaeta,2023-09-22,False
22/23,Lesão muscular,2023-05-20,2023-05-28,9.0,3.0,248410,giorgian-de-arrascaeta,2023-05-28,False
22/23,Problemas musculares,2023-03-20,2023-05-03,45.0,11.0,248410,giorgian-de-arrascaeta,2023-05-03,False
22/23,Problemas físicos,2022-09-02,2022-09-05,4.0,1.0,248410,giorgian-de-arrascaeta,2022-09-05,False
22/23,Problemas nas costas,2022-07-08,2022-07-12,5.0,1.0,248410,giorgian-de-arrascaeta,2022-07-12,False
21/22,Problemas físicos,2022-05-31,2022-06-07,8.0,3.0,248410,giorgian-de-arrascaeta,2022-06-07,False
21/22,Gestão de esforço,2022-05-23,2022-05-26,4.0,1.0,248410,giorgian-de-arrascaeta,2022-05-26,False
21/22,Lesão no tornozelo,2022-03-31,2022-04-07,8.0,1.0,248410,giorgian-de-arrascaeta,2022-04-07,False
21/22,Gestão de esforço,2021-12-02,2021-12-11,10.0,3.0,248410,giorgian-de-arrascaeta,2021-12-11,False
21/22,Lesão muscular,2021-10-09,2021-11-19,42.0,17.0,248410,giorgian-de-arrascaeta,2021-11-19,False
21/22,Recuperação ritmo competitivo,2021-09-25,2021-09-28,4.0,1.0,248410,giorgian-de-arrascaeta,2021-09-28,False
21/22,Lesão na coxa,2021-09-13,2021-09-24,12.0,3.0,248410,giorgian-de-arrascaeta,2021-09-24,False
21/22,Fadiga muscular,2021-08-20,2021-08-24,5.0,1.0,248410,giorgian-de-arrascaeta,2021-08-24,False
20/21,Coronavírus,2021-06-01,2021-06-11,11.0,3.0,248410,giorgian-de-arrascaeta,2021-06-11,False
20/21,Lesão muscular,2020-10-10,2020-11-09,31.0,11.0,248410,giorgian-de-arrascaeta,2020-11-09,False
20/21,Problemas musculares,2020-09-11,2020-09-16,6.0,1.0,248410,giorgian-de-arrascaeta,2020-09-16,False
19/20,Problemas no Joelho,2019-11-06,2019-11-12,7.0,2.0,248410,giorgian-de-arrascaeta,2019-11-12,False
19/20,Lesão meniscal,2019-10-04,2019-10-21,18.0,7.0,248410,giorgian-de-arrascaeta,2019-10-21,False
19/20,Lesão na coxa,2019-07-19,2019-07-31,13.0,3.0,248410,giorgian-de-arrascaeta,2019-07-31,False
18/19,Gestão de esforço,2018-10-23,2018-10-25,3.0,1.0,248410,giorgian-de-arrascaeta,2018-10-25,False
18/19,Lesão muscular,2018-09-04,2018-09-29,26.0,6.0,248410,giorgian-de-arrascaeta,2018-09-29,False
17/18,Reação de estresse do osso,2017-07-28,2017-08-21,25.0,6.0,248410,giorgian-de-arrascaeta,2017-08-21,False
16/17,Lesão no joelho,2017-05-29,2017-07-22,55.0,16.0,248410,giorgian-de-arrascaeta,2017-07-22,False
15/16,Traumatismo craniano,2016-05-06,2016-05-20,15.0,2.0,248410,giorgian-de-arrascaeta,2016-05-20,False
08/09,Distensão muscular,2008-10-20,2008-10-26,7.0,1.0,53262,thiago-neves,2008-10-26,False
22/23,Entorse do tornozelo,2022-11-07,2022-11-10,4.0,1.0,75833,robinho,2022-11-10,False
22/23,Lesão na coxa,2022-09-30,2022-10-25,26.0,5.0,75833,robinho,2022-10-25,False
19/20,Problemas musculares na coxa,2019-07-18,2019-08-08,22.0,4.0,52894,rafinha,2019-08-08,False
24/25,Rotura dos ligamentos cruzados,2024-09-30,2025-07-11,285.0,48.0,373189,david,2025-07-11,True
24/25,ferimento facial,2024-08-19,2024-08-31,13.0,2.0,373189,david,2024-08-31,False
22/23,Lesão no joelho,2023-04-15,2023-05-25,41.0,11.0,373189,david,2023-05-25,False
22/23,Ligamento Esticado,2023-02-11,2023-03-04,22.0,4.0,373189,david,2023-03-04,False
14/15,Lesão desconhecida,2014-11-01,2014-11-05,5.0,1.0,288506,caio-rangel,2014-11-05,False
17/18,Rotura dos ligamentos cruzados,2018-03-25,2018-09-10,170.0,37.0,31005,fred,2018-09-10,True
13/14,Lesão na coxa,2013-09-02,2013-12-02,92.0,26.0,31005,fred,2013-12-02,True
09/10,Problemas musculares na coxa,2009-07-25,2009-09-25,63.0,18.0,31005,fred,2009-09-25,True
07/08,Contusão da tíbia,2007-11-26,2007-12-01,6.0,,27376,rafael-sobis,2007-12-01,False
07/08,Problemas na anca,2007-11-02,2007-11-09,8.0,1.0,27376,rafael-sobis,2007-11-09,False
24/25,Lesão nas costas,2025-01-04,2025-01-27,24.0,,53847,hernan-barcos,2025-01-27,False
24/25,Muskelbündelriss,2024-10-19,2024-12-01,44.0,3.0,53847,hernan-barcos,2024-12-01,False
24/25,Muskelbündelriss,2024-08-17,2024-09-13,28.0,2.0,53847,hernan-barcos,2024-09-13,False
17/18,Lesão na panturrilha,2017-11-13,2017-12-05,23.0,3.0,53847,hernan-barcos,2017-12-05,False
18/19,lesão na perna,2018-07-14,2018-09-12,61.0,17.0,218353,sassa,2018-09-12,True
17/18,lesão na perna,2017-10-30,2018-03-01,123.0,17.0,218353,sassa,2018-03-01,True
15/16,Lesão no joelho,2015-10-31,2016-05-01,184.0,22.0,218353,sassa,2016-05-01,True
19/20,Lesão muscular,2019-09-14,2019-10-12,29.0,6.0,34862,rafael-marques,2019-10-12,False
09/10,Problemas musculares na coxa,2010-03-10,2010-05-04,56.0,10.0,34862,rafael-marques,2010-05-04,False
06/07,Fratura do Metatarso,2007-02-03,2007-08-13,192.0,17.0,34862,rafael-marques,2007-08-13,True
14/15,Rotura dos ligamentos,2015-06-12,2017-11-01,874.0,166.0,344843,judivan,2017-11-01,True
24/25,Problemas musculares na coxa,2025-03-23,2025-05-09,48.0,12.0,404321,renato-kayzer,2025-05-09,False
24/25,Problemas musculares,2024-12-02,2024-12-07,6.0,1.0,404321,renato-kayzer,2024-12-07,False
21/22,Lesão desconhecida,2022-10-18,2022-10-31,14.0,2.0,404321,renato-kayzer,2022-10-31,False
25/26,Lesão na coxa,2025-07-29,2026-02-01,188.0,30.0,349583,raniel,2026-02-01,True
20/21,Lesão desconhecida,2020-10-02,2021-07-01,273.0,68.0,349583,raniel,2021-07-01,True
25/26,Rotura de ligamentos no joelho,2026-03-13,2026-12-13,276.0,2.0,50144,cassio,2026-12-13,True
25/26,Lesão na cabeça,2025-10-16,2025-10-25,10.0,1.0,50144,cassio,2025-10-25,False
23/24,Problemas no Joelho,2023-11-12,2024-01-01,51.0,1.0,50144,cassio,2024-01-01,False
22/23,Vírus intestinal,2023-02-10,2023-02-13,4.0,1.0,50144,cassio,2023-02-13,False
20/21,Contra,2020-11-26,2020-12-01,6.0,,50144,cassio,2020-12-01,False
24/25,Lesão desconhecida,2025-02-04,2025-04-05,61.0,8.0,269860,walter,2025-04-05,True
22/23,Lesão muscular,2022-09-06,2022-10-14,39.0,6.0,269860,walter,2022-10-14,False
17/18,Lesão na coxa,2017-11-09,2018-03-05,117.0,16.0,269860,walter,2018-03-05,True
20/21,Lesão na panturrilha,2020-12-25,2021-01-05,12.0,2.0,52513,henrique,2021-01-05,False
14/15,Fadiga muscular,2015-01-24,2015-02-03,11.0,2.0,52513,henrique,2015-02-03,False
09/10,Meniskusschaden,2010-04-01,2010-06-01,62.0,9.0,52513,henrique,2010-06-01,True
25/26,Operado ao joelho,2025-08-24,2026-01-09,139.0,18.0,285548,fabian-balbuena,2026-01-09,True
24/25,Lesão muscular,2025-04-28,2025-06-02,36.0,4.0,285548,fabian-balbuena,2025-06-02,False
20/21,Lesão na panturrilha,2021-02-10,2021-02-16,7.0,1.0,285548,fabian-balbuena,2021-02-16,False
20/21,Vírus,2021-01-02,2021-01-18,17.0,2.0,285548,fabian-balbuena,2021-01-18,False
20/21,Distensão dos adutores,2020-12-18,2020-12-21,4.0,,285548,fabian-balbuena,2020-12-21,False
18/19,Operado ao joelho,2018-12-22,2019-03-02,71.0,12.0,285548,fabian-balbuena,2019-03-02,True
18/19,Choque,2018-12-02,2018-12-03,2.0,,285548,fabian-balbuena,2018-12-03,False
25/26,Problemas musculares na coxa,2025-11-27,2026-01-10,45.0,2.0,329720,pedro-henrique,2026-01-10,False
25/26,Lesão na cabeça,2025-07-24,2025-07-28,5.0,1.0,329720,pedro-henrique,2025-07-28,False
24/25,Lesão na coxa,2024-08-11,2024-09-14,35.0,6.0,329720,pedro-henrique,2024-09-14,False
24/25,Pubalgia,2024-07-29,2024-08-06,9.0,2.0,329720,pedro-henrique,2024-08-06,False
23/24,Lesão no tornozelo,2023-07-14,2023-10-02,81.0,13.0,329720,pedro-henrique,2023-10-02,True
20/21,Traumatismo no joelho,2020-07-19,2021-02-06,203.0,13.0,351894,leo-santos,2021-02-06,True
19/20,Operado ao joelho,2019-09-04,2020-01-01,120.0,23.0,351894,leo-santos,2020-01-01,True
18/19,Inflamação do tendão,2019-03-11,2019-07-15,127.0,19.0,351894,leo-santos,2019-07-15,True
22/23,Lesão desconhecida,2022-09-19,2022-10-20,32.0,4.0,625345,caetano,2022-10-20,False
21/22,Lesão na coxa,2022-05-07,2022-06-03,28.0,7.0,140748,danilo-avelar,2022-06-03,False
20/21,Lesão do ligamento cruzado,2020-10-07,2022-04-20,561.0,108.0,140748,danilo-avelar,2022-04-20,True
16/17,Lesão muscular,2017-01-09,2017-02-08,31.0,5.0,140748,danilo-avelar,2017-02-08,False
15/16,Rotura dos ligamentos cruzados,2016-02-20,2016-11-04,259.0,25.0,140748,danilo-avelar,2016-11-04,True
15/16,Operado ao joelho,2015-09-14,2015-12-09,87.0,13.0,140748,danilo-avelar,2015-12-09,True
14/15,Muskelquetschung,2014-11-23,2014-12-05,13.0,2.0,140748,danilo-avelar,2014-12-05,False
12/13,Lesão desconhecida,2013-04-28,2013-05-06,9.0,1.0,140748,danilo-avelar,2013-05-06,False
25/26,Lesão desconhecida,2025-09-14,2025-10-04,21.0,4.0,330060,sidcley,2025-10-04,False
22/23,Problemas musculares na coxa,2022-10-03,2022-10-30,28.0,6.0,330060,sidcley,2022-10-30,False
21/22,Muskelquetschung,2021-10-24,2021-11-20,28.0,3.0,330060,sidcley,2021-11-20,False
22/23,Lesão na coxa,2022-06-30,2022-08-12,44.0,8.0,519879,guilherme-romao,2022-08-12,False
19/20,Problemas musculares na coxa,2019-10-10,2019-10-25,16.0,3.0,519879,guilherme-romao,2019-10-25,False
25/26,Fadiga muscular,2026-01-30,2026-02-02,4.0,1.0,585982,carlos-augusto,2026-02-02,False
24/25,Choque,2025-02-20,2025-03-08,17.0,4.0,585982,carlos-augusto,2025-03-08,False
24/25,Fadiga muscular,2024-11-29,2024-12-04,6.0,,585982,carlos-augusto,2024-12-04,False
24/25,Lesão na coxa,2024-10-23,2024-11-18,27.0,6.0,585982,carlos-augusto,2024-11-18,False
23/24,Problemas na panturrilha,2024-03-09,2024-03-19,11.0,2.0,585982,carlos-augusto,2024-03-19,False
22/23,Fadiga muscular,2023-02-11,2023-02-23,13.0,2.0,585982,carlos-augusto,2023-02-23,False
22/23,Problemas na tibiotársica,2022-08-15,2022-08-22,8.0,1.0,585982,carlos-augusto,2022-08-22,False
25/26,Fratura da tíbula,2025-08-01,2025-11-28,120.0,21.0,47592,fagner,2025-11-28,True
24/25,Fadiga muscular,2025-05-19,2025-05-24,6.0,1.0,47592,fagner,2025-05-24,False
24/25,Fadiga muscular,2025-04-18,2025-04-25,8.0,1.0,47592,fagner,2025-04-25,False
23/24,Lesão na coxa,2024-05-28,2024-07-15,49.0,10.0,47592,fagner,2024-07-15,False
12/13,Vírus,2013-02-18,2013-02-27,10.0,1.0,47592,fagner,2013-02-27,False
22/23,Lesão no joelho,2022-10-28,2022-11-10,14.0,3.0,77262,michel-macedo,2022-11-10,False
17/18,Lesão muscular,2017-12-21,2018-02-01,43.0,6.0,77262,michel-macedo,2018-02-01,False
16/17,Problemas musculares,2017-05-15,2017-05-29,15.0,1.0,77262,michel-macedo,2017-05-29,False
16/17,Problemas no tendão de Aquiles,2017-02-07,2017-03-28,50.0,7.0,77262,michel-macedo,2017-03-28,False
16/17,Fratura maxilar,2016-10-23,2016-11-11,20.0,,77262,michel-macedo,2016-11-11,False
14/15,Lesão na coxa,2015-03-24,2015-05-14,52.0,8.0,77262,michel-macedo,2015-05-14,False
14/15,Gripe,2015-01-15,2015-01-24,10.0,1.0,77262,michel-macedo,2015-01-24,False
10/11,Lesão dos ligamentos laterais do joelho,2011-05-16,2011-06-16,32.0,1.0,77262,michel-macedo,2011-06-16,False
10/11,Problemas musculares,2010-11-24,2011-01-01,39.0,5.0,77262,michel-macedo,2011-01-01,False
22/23,Rotura de ligamentos no joelho,2022-10-02,2023-07-09,281.0,45.0,213606,gabriel,2023-07-09,True
15/16,Rotura dos ligamentos cruzados,2015-08-03,2016-02-01,183.0,30.0,213606,gabriel,2016-02-01,True
24/25,Lesão na virilha,2025-03-10,2025-03-13,4.0,,393621,douglas-augusto,2025-03-13,False
24/25,lesão na perna,2025-01-20,2025-02-05,17.0,2.0,393621,douglas-augusto,2025-02-05,False
23/24,Pancada na coxa,2024-04-25,2024-05-18,24.0,3.0,393621,douglas-augusto,2024-05-18,False
23/24,Lesão no joelho,2023-10-06,2023-11-19,45.0,4.0,393621,douglas-augusto,2023-11-19,False
22/23,Lesão desconhecida,2022-10-08,2022-10-13,6.0,1.0,393621,douglas-augusto,2022-10-13,False
21/22,Lesão na coxa,2021-11-01,2021-12-02,32.0,6.0,393621,douglas-augusto,2021-12-02,False
21/22,Lesão na coxa,2021-07-11,2021-08-25,46.0,2.0,393621,douglas-augusto,2021-08-25,False
19/20,Rotura parcial de ligamento,2020-05-25,2020-10-12,141.0,19.0,393621,douglas-augusto,2020-10-12,True
19/20,Lesão na zona pélvica,2019-08-29,2019-09-09,12.0,1.0,393621,douglas-augusto,2019-09-09,False
25/26,Lesão na panturrilha,2026-03-02,,18.0,4.0,421935,maycon,2026-03-20,False
25/26,Problemas no Joelho,2025-11-19,2025-11-29,11.0,2.0,421935,maycon,2025-11-29,False
25/26,Problemas musculares na coxa,2025-07-17,2025-08-15,30.0,7.0,421935,maycon,2025-08-15,False
23/24,Lesão do ligamento cruzado,2024-04-18,2025-02-08,297.0,62.0,421935,maycon,2025-02-08,True
23/24,Lesão na coxa,2024-03-02,2024-04-14,44.0,4.0,421935,maycon,2024-04-14,False
22/23,Fratura de um dedo do pé,2022-08-04,2022-10-06,64.0,14.0,421935,maycon,2022-10-06,True
21/22,Lesão na coxa,2022-06-15,2022-07-18,34.0,10.0,421935,maycon,2022-07-18,False
19/20,Lesão no joelho,2020-05-30,2020-06-11,13.0,2.0,421935,maycon,2020-06-11,False
18/19,Cirurgia Ligamento Cruzado,2019-04-25,2019-11-09,199.0,27.0,421935,maycon,2019-11-09,True
23/24,Lesão no ombro,2024-04-28,2024-06-22,56.0,8.0,408958,mateus-vital,2024-06-22,False
23/24,Lesão desconhecida,2024-01-23,2024-02-17,26.0,5.0,408958,mateus-vital,2024-02-17,False
22/23,Lesão nos adutores,2023-05-12,2023-05-24,13.0,3.0,408958,mateus-vital,2023-05-24,False
22/23,Entorse do tornozelo,2023-01-21,2023-02-14,25.0,4.0,408958,mateus-vital,2023-02-14,False
20/21,Artroscopia,2021-03-22,2021-05-01,41.0,9.0,408958,mateus-vital,2021-05-01,False
20/21,Coronavírus,2020-11-13,2020-11-30,18.0,3.0,408958,mateus-vital,2020-11-30,False
24/25,Problemas musculares na coxa,2024-09-30,2025-01-10,103.0,10.0,583064,thiaguinho,2025-01-10,True
24/25,Lesão na coxa,2024-08-08,2024-09-10,34.0,6.0,583064,thiaguinho,2024-09-10,False
23/24,Lesão na panturrilha,2024-06-12,2024-06-25,14.0,3.0,583064,thiaguinho,2024-06-25,False
23/24,Lesão na coxa,2024-03-20,2024-03-29,10.0,2.0,100091,marquinhos-gabriel,2024-03-29,False
17/18,Rotura muscular na coxa,2017-10-27,2017-11-17,22.0,3.0,100091,marquinhos-gabriel,2017-11-17,False
10/11,Traumatismo,2010-10-25,2010-10-30,6.0,,29261,jadson,2010-10-30,False
23/24,Rotura dos ligamentos cruzados,2024-02-16,2024-12-09,298.0,52.0,403148,angelo-araos,2024-12-09,True
23/24,Recuperação ritmo competitivo,2024-01-01,2024-02-10,41.0,7.0,403148,angelo-araos,2024-02-10,False
22/23,Rotura dos ligamentos cruzados,2023-03-16,2023-12-31,291.0,41.0,403148,angelo-araos,2023-12-31,True
22/23,Lesão desconhecida,2023-03-06,2023-04-28,54.0,5.0,178940,lucca,2023-04-28,False
22/23,Problemas musculares,2022-10-10,2022-10-25,16.0,2.0,178940,lucca,2022-10-25,False
14/15,Entorse,2015-04-08,2015-05-08,31.0,3.0,178940,lucca,2015-05-08,False
12/13,Rotura dos ligamentos cruzados,2012-10-19,2013-04-19,183.0,19.0,178940,lucca,2013-04-19,True
25/26,Ruptura muscular,2026-02-25,,23.0,5.0,262262,angel-romero,2026-03-20,False
24/25,Problemas musculares na coxa,2024-08-11,2024-08-24,14.0,3.0,262262,angel-romero,2024-08-24,False
24/25,Hérnia discal,2024-11-10,2025-02-14,97.0,11.0,519851,andre-luis,2025-02-14,True
24/25,Lesão muscular,2024-10-19,2024-11-01,14.0,2.0,519851,andre-luis,2024-11-01,False
24/25,Hérnia discal,2024-09-01,2024-10-04,34.0,4.0,519851,andre-luis,2024-10-04,False
22/23,Recuperação ritmo competitivo,2023-10-23,2024-01-01,71.0,9.0,519851,andre-luis,2024-01-01,True
22/23,Lesão desconhecida,2023-06-03,2023-08-31,90.0,13.0,519851,andre-luis,2023-08-31,True
24/25,Lesão desconhecida,2025-05-04,2025-05-19,16.0,2.0,520401,fessin,2025-05-19,False
22/23,Problemas musculares,2022-09-30,2022-10-25,26.0,4.0,520401,fessin,2022-10-25,False
25/26,Problemas musculares,2025-12-04,,106.0,3.0,625333,rafael-bilu,2026-03-20,True
25/26,Entorse do tornozelo,2025-11-21,2025-11-27,7.0,1.0,625333,rafael-bilu,2025-11-27,False
25/26,Traumatismo no joelho,2025-07-13,2025-08-15,34.0,6.0,625333,rafael-bilu,2025-08-15,False
22/23,Rotura do tendão de Aquiles,2023-05-06,2024-06-19,411.0,63.0,625333,rafael-bilu,2024-06-19,True
22/23,Problemas no Joelho,2022-09-27,2022-10-25,29.0,5.0,625333,rafael-bilu,2022-10-25,False
22/23,Lesão dos ligamentos laterais do joelho,2022-10-28,2023-08-15,292.0,53.0,636314,gustavo-silva,2023-08-15,True
24/25,Lesão desconhecida,2025-02-28,2025-03-28,29.0,3.0,515208,pedrinho,2025-03-28,False
22/23,Ruptura muscular na coxa,2022-08-29,2022-12-31,125.0,14.0,515208,pedrinho,2022-12-31,True
21/22,Lesão desconhecida,2021-10-23,2021-11-17,26.0,4.0,515208,pedrinho,2021-11-17,False
21/22,Lesão desconhecida,2021-08-17,2021-09-02,17.0,3.0,515208,pedrinho,2021-09-02,False
21/22,Problemas musculares,2021-08-10,2021-08-17,8.0,1.0,515208,pedrinho,2021-08-17,False
20/21,Problemas musculares,2021-01-01,2021-01-06,6.0,1.0,515208,pedrinho,2021-01-06,False
20/21,Lesão no pé,2020-11-01,2020-12-01,31.0,6.0,515208,pedrinho,2020-12-01,False
24/25,Lesão desconhecida,2025-04-11,2025-05-26,46.0,8.0,340179,sergio-diaz,2025-05-26,False
24/25,Problemas na panturrilha,2025-03-28,2025-03-31,4.0,1.0,340179,sergio-diaz,2025-03-31,False
24/25,Rotura muscular,2024-12-06,2025-01-17,43.0,5.0,340179,sergio-diaz,2025-01-17,False
24/25,Lesão desconhecida,2024-11-01,2024-11-29,29.0,3.0,340179,sergio-diaz,2024-11-29,False
21/22,Rotura dos ligamentos cruzados,2022-04-20,2022-10-30,194.0,36.0,340179,sergio-diaz,2022-10-30,True
18/19,Lesão no joelho,2018-10-29,2018-12-31,64.0,7.0,340179,sergio-diaz,2018-12-31,True
17/18,Rotura dos ligamentos cruzados,2017-11-16,2018-07-16,243.0,28.0,340179,sergio-diaz,2018-07-16,True
21/22,Lesão desconhecida,2022-01-13,2022-01-26,14.0,2.0,58345,jonathas,2022-01-26,False
21/22,Lesão muscular,2021-12-01,2021-12-09,9.0,1.0,58345,jonathas,2021-12-09,False
19/20,Coronavírus,2020-03-15,2020-04-15,32.0,,58345,jonathas,2020-04-15,False
19/20,Fibra muscular rasgado,2019-08-09,2019-09-09,32.0,3.0,58345,jonathas,2019-09-09,False
19/20,Fibra muscular rasgado,2019-07-03,2019-07-23,21.0,,58345,jonathas,2019-07-23,False
18/19,Fibra muscular rasgado,2019-03-27,2019-04-25,30.0,4.0,58345,jonathas,2019-04-25,False
17/18,Recuperação ritmo competitivo,2018-04-30,2018-05-21,22.0,2.0,58345,jonathas,2018-05-21,False
17/18,Fibra muscular rasgado,2018-04-02,2018-04-30,29.0,4.0,58345,jonathas,2018-04-30,False
17/18,Sehnenanriss,2017-11-23,2018-02-19,89.0,11.0,58345,jonathas,2018-02-19,True
17/18,Rotura muscular na coxa,2017-09-14,2017-10-09,26.0,4.0,58345,jonathas,2017-10-09,False
17/18,Pequena lesão,2017-07-20,2017-07-24,5.0,1.0,58345,jonathas,2017-07-24,False
16/17,Lesão muscular,2016-09-26,2016-10-10,15.0,1.0,58345,jonathas,2016-10-10,False
15/16,Lesão no tornozelo,2016-04-21,2016-04-28,8.0,1.0,58345,jonathas,2016-04-28,False
15/16,Lesão na coxa,2015-11-05,2015-12-03,29.0,3.0,58345,jonathas,2015-12-03,False
13/14,Lesão na cabeça,2014-03-16,2014-03-24,9.0,1.0,58345,jonathas,2014-03-24,False
13/14,Problemas musculares,2013-09-15,2013-09-26,12.0,2.0,58345,jonathas,2013-09-26,False
12/13,Pequena lesão,2012-11-26,2012-12-04,9.0,1.0,58345,jonathas,2012-12-04,False
22/23,Lesão desconhecida,2022-09-05,2022-11-11,68.0,9.0,36802,colin-kazim-richards,2022-11-11,True
21/22,Problemas no tendão de Aquiles,2021-08-15,2021-11-15,93.0,10.0,36802,colin-kazim-richards,2021-11-15,True
14/15,Problemas musculares na coxa,2015-02-27,2015-03-19,21.0,3.0,36802,colin-kazim-richards,2015-03-19,False
11/12,Distensão dos adutores,2011-10-16,2011-11-01,17.0,1.0,36802,colin-kazim-richards,2011-11-01,False
21/22,Problemas físicos,2021-12-12,2022-03-22,101.0,3.0,99615,junior-dutra,2022-03-22,True
21/22,Quarentena,2021-09-30,2021-10-22,23.0,2.0,99615,junior-dutra,2021-10-22,False
19/20,Lesão na coxa,2019-10-01,2019-10-27,27.0,,99615,junior-dutra,2019-10-27,False
17/18,Problemas musculares na coxa,2017-11-21,2017-12-01,11.0,1.0,99615,junior-dutra,2017-12-01,False
17/18,Tumor na bacia,2017-09-30,2017-11-07,39.0,7.0,70342,roger-silva,2017-11-07,False
25/26,Lesão desconhecida,2025-04-25,2025-05-05,11.0,2.0,333913,gustavo,2025-05-05,False
25/26,Problemas musculares,2025-04-02,2025-04-10,9.0,,333913,gustavo,2025-04-10,False
23/24,Lesão no joelho,2024-02-22,2024-03-10,18.0,3.0,333913,gustavo,2024-03-10,False
22/23,lesão na perna,2023-11-08,2024-02-01,86.0,4.0,333913,gustavo,2024-02-01,True
21/22,Coronavírus,2022-04-07,2022-04-21,15.0,2.0,333913,gustavo,2022-04-21,False
21/22,Recuperação ritmo competitivo,2022-02-01,2022-02-17,17.0,,333913,gustavo,2022-02-17,False
24/25,Lesão nos adutores,2025-04-17,2025-04-26,10.0,2.0,363173,carlinhos,2025-04-26,False
24/25,Lesão nos adutores,2024-10-21,2024-11-25,36.0,7.0,363173,carlinhos,2024-11-25,False
23/24,Recuperação ritmo competitivo,2024-06-01,2024-06-23,23.0,4.0,363173,carlinhos,2024-06-23,False
23/24,Problemas cardíacos,2023-12-28,2024-04-26,121.0,,541048,matheus-matias,2024-04-26,True
22/23,Lesão no joelho,2022-09-02,2023-05-19,260.0,43.0,99439,danilo-fernandes,2023-05-19,True
24/25,Pubalgia,2024-08-25,2024-10-04,41.0,4.0,53015,marcelo-lomba,2024-10-04,False
23/24,Artroscopia,2024-06-01,2024-06-19,19.0,3.0,417084,keiller,2024-06-19,False
23/24,Lesão no joelho,2024-05-02,2024-05-11,10.0,1.0,417084,keiller,2024-05-11,False
24/25,lesão na perna,2025-05-19,2025-05-30,12.0,3.0,530421,daniel,2025-05-30,False
24/25,Lesão na cabeça,2025-04-14,2025-04-25,12.0,1.0,530421,daniel,2025-04-25,False
24/25,lesão na perna,2024-09-20,2024-09-27,8.0,1.0,530421,daniel,2024-09-27,False
23/24,Lesão muscular,2024-03-20,2024-07-25,128.0,23.0,530421,daniel,2024-07-25,True
22/23,Lesão no joelho,2023-03-15,2023-04-20,37.0,5.0,530421,daniel,2023-04-20,False
20/21,Coronavírus,2020-11-17,2020-12-03,17.0,2.0,530421,daniel,2020-12-03,False
24/25,Problemas físicos,2024-11-21,2025-02-10,82.0,5.0,104326,victor-cuesta,2025-02-10,True
24/25,Entorse do tornozelo,2024-09-02,2024-09-20,19.0,2.0,104326,victor-cuesta,2024-09-20,False
24/25,Lesão no joelho,2024-05-22,2024-06-12,22.0,3.0,104326,victor-cuesta,2024-06-12,False
17/18,Lesão muscular,2017-11-06,2017-11-16,11.0,3.0,104326,victor-cuesta,2017-11-16,False
24/25,Problemas físicos,2025-04-01,2025-08-22,144.0,22.0,119434,rodrigo-moledo,2025-08-22,True
20/21,Rotura dos ligamentos cruzados,2021-01-13,2022-03-10,422.0,83.0,119434,rodrigo-moledo,2022-03-10,True
19/20,Problemas musculares na coxa,2019-09-26,2019-10-31,36.0,7.0,119434,rodrigo-moledo,2019-10-31,False
19/20,Problemas musculares na coxa,2019-05-19,2019-08-04,78.0,9.0,119434,rodrigo-moledo,2019-08-04,True
18/19,Lesão muscular,2018-09-19,2018-10-22,34.0,4.0,119434,rodrigo-moledo,2018-10-22,False
18/19,Lesão no joelho,2018-07-05,2018-08-02,29.0,4.0,119434,rodrigo-moledo,2018-08-02,False
17/18,Lesão na cabeça,2017-11-19,2017-12-04,16.0,3.0,119434,rodrigo-moledo,2017-12-04,False
17/18,Lesão no cotovelo,2017-08-21,2017-09-18,29.0,4.0,119434,rodrigo-moledo,2017-09-18,False
16/17,Fratura do nariz,2017-05-29,2017-07-12,45.0,1.0,119434,rodrigo-moledo,2017-07-12,False
16/17,Lesão muscular,2017-01-10,2017-02-03,25.0,5.0,119434,rodrigo-moledo,2017-02-03,False
14/15,Operado ao joelho,2015-05-20,2015-11-05,170.0,32.0,119434,rodrigo-moledo,2015-11-05,True
13/14,Lesão na coxa,2013-11-04,2013-11-11,8.0,1.0,119434,rodrigo-moledo,2013-11-11,False
22/23,Entorse do tornozelo,2022-10-19,2022-10-24,6.0,1.0,294804,eduardo-bauermann,2022-10-24,False
23/24,Lesão desconhecida,2024-03-03,2024-03-11,9.0,1.0,290500,thales-lira,2024-03-11,False
24/25,Lesão desconhecida,2024-12-21,2025-01-13,24.0,1.0,484599,william-klaus,2025-01-13,False
23/24,Lesão na anca,2023-12-22,2024-04-09,110.0,13.0,484599,william-klaus,2024-04-09,True
23/24,Problemas físicos,2023-11-29,2023-12-13,15.0,3.0,484599,william-klaus,2023-12-13,False
17/18,Braço fraturado,2017-09-09,2017-11-11,64.0,11.0,484599,william-klaus,2017-11-11,True
22/23,Lesão dos ligamentos laterais do joelho,2022-07-23,2023-07-01,344.0,53.0,74747,uendel,2023-07-01,True
25/26,Doença de pele,2025-07-08,2025-07-14,7.0,2.0,520468,iago,2025-07-14,False
24/25,Problemas musculares na coxa,2025-04-07,2025-04-20,14.0,3.0,520468,iago,2025-04-20,False
24/25,Lesão muscular,2024-10-29,2025-02-21,116.0,19.0,520468,iago,2025-02-21,True
23/24,Traumatismo no pé,2024-04-01,2024-05-06,36.0,5.0,520468,iago,2024-05-06,False
23/24,Problemas musculares na coxa,2023-12-06,2023-12-22,17.0,3.0,520468,iago,2023-12-22,False
22/23,Lesão muscular,2023-04-23,2023-06-30,69.0,5.0,520468,iago,2023-06-30,True
22/23,Problemas no tendão de Aquiles,2023-01-01,2023-02-15,46.0,5.0,520468,iago,2023-02-15,False
22/23,Problemas musculares na coxa,2022-09-19,2022-09-29,11.0,,520468,iago,2022-09-29,False
22/23,Pequena lesão,2022-09-01,2022-09-08,8.0,1.0,520468,iago,2022-09-08,False
21/22,Problemas musculares,2022-01-17,2022-02-03,18.0,1.0,520468,iago,2022-02-03,False
21/22,Lesão na mão,2021-10-28,2021-11-15,19.0,2.0,520468,iago,2021-11-15,False
21/22,Lesão no ombro,2021-09-16,2021-10-11,26.0,2.0,520468,iago,2021-10-11,False
20/21,Problemas no Joelho,2021-05-20,2021-05-31,12.0,1.0,520468,iago,2021-05-31,False
20/21,Lesão tornozelo,2021-02-01,2021-04-12,71.0,9.0,520468,iago,2021-04-12,True
20/21,Lesão no pescoço,2021-01-11,2021-01-21,11.0,1.0,520468,iago,2021-01-21,False
20/21,Traumatismo,2020-11-30,2020-12-17,18.0,3.0,520468,iago,2020-12-17,False
20/21,Problemas musculares,2020-06-01,2020-08-17,78.0,5.0,520468,iago,2020-08-17,True
19/20,Rotura do menisco lateral,2019-07-29,2019-09-26,60.0,6.0,520468,iago,2019-09-26,True
20/21,Lesão muscular,2020-09-01,2020-09-30,30.0,5.0,61952,danilo-silva,2020-09-30,False
18/19,Lesão muscular,2019-06-25,2019-08-10,47.0,8.0,61952,danilo-silva,2019-08-10,False
18/19,Lesão muscular,2018-09-18,2018-10-04,17.0,2.0,61952,danilo-silva,2018-10-04,False
18/19,Problemas musculares,2018-08-26,2018-09-14,20.0,1.0,61952,danilo-silva,2018-09-14,False
16/17,Problemas no Joelho,2016-10-23,2017-05-01,191.0,22.0,61952,danilo-silva,2017-05-01,True
16/17,Lesão desconhecida,2016-09-09,2016-10-07,29.0,5.0,61952,danilo-silva,2016-10-07,False
13/14,Lesão desconhecida,2013-11-25,2014-01-13,50.0,3.0,61952,danilo-silva,2014-01-13,False
13/14,Lesão na coxa,2013-08-05,2013-09-16,43.0,7.0,61952,danilo-silva,2013-09-16,False
10/11,Operação no nariz,2010-09-11,2010-10-10,30.0,6.0,61952,danilo-silva,2010-10-10,False
16/17,Lesão na panturrilha,2017-05-29,2017-07-31,64.0,17.0,325196,zeca,2017-07-31,True
25/26,Lesão desconhecida,2026-01-29,2026-02-12,15.0,2.0,181783,claudio-winck,2026-02-12,False
25/26,Lesão desconhecida,2025-12-04,2025-12-08,5.0,1.0,181783,claudio-winck,2025-12-08,False
25/26,Lesão desconhecida,2025-08-18,2025-09-07,21.0,1.0,181783,claudio-winck,2025-09-07,False
24/25,Lesão desconhecida,2025-03-29,2025-04-28,31.0,3.0,181783,claudio-winck,2025-04-28,False
24/25,Lesão desconhecida,2025-03-07,2025-03-21,15.0,1.0,181783,claudio-winck,2025-03-21,False
24/25,Lesão desconhecida,2024-11-23,2024-12-01,9.0,1.0,181783,claudio-winck,2024-12-01,False
23/24,Lesão desconhecida,2024-05-01,2024-05-27,27.0,4.0,181783,claudio-winck,2024-05-27,False
20/21,Lesão desconhecida,2021-01-28,2021-02-10,14.0,3.0,181783,claudio-winck,2021-02-10,False
17/18,Lesão muscular,2018-05-28,2018-06-15,19.0,5.0,181783,claudio-winck,2018-06-15,False
15/16,Lesão desconhecida,2015-10-22,2015-10-27,6.0,1.0,181783,claudio-winck,2015-10-27,False
14/15,Lesão na coxa,2015-05-21,2015-07-15,56.0,13.0,181783,claudio-winck,2015-07-15,False
23/24,Lesão na coxa,2023-08-23,2023-10-02,41.0,6.0,336474,gabriel-dias,2023-10-02,False
22/23,Lesão muscular,2022-08-01,2023-06-30,334.0,43.0,336474,gabriel-dias,2023-06-30,True
24/25,Lesão na virilha,2024-10-04,2025-01-01,90.0,2.0,520491,ruan,2025-01-01,True
24/25,Problemas na anca,2024-09-05,2024-09-11,7.0,1.0,520491,ruan,2024-09-11,False
22/23,Lesão na coxa,2023-05-10,2023-06-14,36.0,6.0,520491,ruan,2023-06-14,False
22/23,Lesão na panturrilha,2023-04-24,2023-05-03,10.0,1.0,520491,ruan,2023-05-03,False
18/19,Lesão na coxa,2019-02-01,2019-03-06,34.0,1.0,520491,ruan,2019-03-06,False
23/24,Problemas no Joelho,2024-06-14,2024-06-25,12.0,3.0,476362,dudu,2024-06-25,False
23/24,Problemas físicos,2024-02-23,2024-03-12,19.0,2.0,476362,dudu,2024-03-12,False
22/23,Problemas musculares na coxa,2023-03-06,2023-03-25,20.0,5.0,476362,dudu,2023-03-25,False
22/23,Problemas no Joelho,2023-06-12,2023-07-24,43.0,9.0,210548,fabinho,2023-07-24,False
23/24,Rotura dos ligamentos cruzados,2023-07-06,2024-09-18,441.0,48.0,373301,silva,2024-09-18,True
21/22,Lesão desconhecida,2022-04-27,2022-05-04,8.0,1.0,373301,silva,2022-05-04,False
21/22,Lesão desconhecida,2021-12-08,2021-12-16,9.0,1.0,373301,silva,2021-12-16,False
20/21,Lesão desconhecida,2021-01-20,2021-01-28,9.0,1.0,373301,silva,2021-01-28,False
20/21,Lesão desconhecida,2020-09-30,2020-10-29,30.0,3.0,373301,silva,2020-10-29,False
25/26,Problemas no Joelho,2025-09-11,2025-10-14,34.0,5.0,486078,charles,2025-10-14,False
19/20,Problemas musculares,2019-08-04,2019-08-14,11.0,1.0,486078,charles,2019-08-14,False
24/25,Problemas musculares na coxa,2025-05-06,2025-07-12,68.0,9.0,169052,edenilson,2025-07-12,True
23/24,Lesão muscular,2024-04-05,2024-05-05,31.0,6.0,333159,patrick,2024-05-05,False
22/23,Problemas musculares,2022-07-24,2022-08-04,12.0,3.0,333159,patrick,2022-08-04,False
25/26,Lesão na coxa,2026-02-06,,42.0,9.0,546172,nonato,2026-03-20,False
25/26,Tendinite,2025-09-17,2025-11-05,50.0,10.0,546172,nonato,2025-11-05,False
25/26,Lesão na coxa,2025-08-10,2025-08-22,13.0,3.0,546172,nonato,2025-08-22,False
24/25,Fratura do nariz,2024-09-22,2024-10-31,40.0,6.0,546172,nonato,2024-10-31,False
24/25,Entorse do tornozelo,2024-08-02,2024-08-19,18.0,4.0,546172,nonato,2024-08-19,False
25/26,Patellasehnenspitzensyndrom,2025-10-07,2026-01-24,110.0,13.0,520467,juan-alano,2026-01-24,True
23/24,Lesão na coxa,2024-04-04,2024-06-17,75.0,15.0,520467,juan-alano,2024-06-17,True
20/21,Operação no nariz,2021-05-20,2021-05-31,12.0,3.0,520467,juan-alano,2021-05-31,False
21/22,Lesão muscular,2021-10-04,2021-10-25,22.0,1.0,3445,andres-dalessandro,2021-10-25,False
16/17,Queixas adutores,2016-10-25,2016-11-02,9.0,2.0,3445,andres-dalessandro,2016-11-02,False
16/17,Gripe gastrointestinal,2016-08-06,2016-08-08,3.0,1.0,3445,andres-dalessandro,2016-08-08,False
15/16,Lesão nos adutores,2016-05-08,2016-05-30,23.0,2.0,3445,andres-dalessandro,2016-05-30,False
15/16,Lesão muscular,2016-02-20,2016-03-08,18.0,4.0,3445,andres-dalessandro,2016-03-08,False
14/15,Fratura de um dedo,2015-05-28,2015-06-25,29.0,5.0,3445,andres-dalessandro,2015-06-25,False
02/03,Lesão desconhecida,2002-08-12,2002-09-04,24.0,4.0,3445,andres-dalessandro,2002-09-04,False
21/22,Lesão no joelho,2022-01-29,2022-02-12,15.0,4.0,74286,camilo,2022-02-12,False
25/26,allergische Reaktion,2025-09-21,2025-10-04,14.0,2.0,442818,fernandinho,2025-10-04,False
25/26,Lesão na coxa,2025-07-28,2025-09-13,48.0,6.0,442818,fernandinho,2025-09-13,False
25/26,Fadiga muscular,2025-07-17,2025-07-22,6.0,1.0,442818,fernandinho,2025-07-22,False
24/25,Lesão no ombro,2025-04-06,2025-06-03,59.0,10.0,442818,fernandinho,2025-06-03,False
22/23,Lesão na coxa,2023-05-18,2023-08-04,79.0,13.0,520081,marcinho,2023-08-04,True
22/23,Lesão na coxa,2023-03-27,2023-05-01,36.0,7.0,520081,marcinho,2023-05-01,False
24/25,Ruptura muscular,2025-05-13,2025-06-30,49.0,5.0,505002,martin-sarrafiore,2025-06-30,False
24/25,Meniskuseinriss,2024-12-28,2025-01-31,35.0,1.0,505002,martin-sarrafiore,2025-01-31,False
22/23,Lesão na coxa,2022-10-25,2022-12-31,68.0,5.0,199472,william-pottker,2022-12-31,True
21/22,Queixas adutores,2021-08-07,2021-09-06,31.0,8.0,121990,wellington-silva,2021-09-06,False
18/19,Lesão na coxa,2019-04-13,2019-05-24,42.0,9.0,121990,wellington-silva,2019-05-24,False
18/19,Lesão no tornozelo,2019-04-13,2019-05-23,41.0,9.0,121990,wellington-silva,2019-05-23,False
15/16,Lesão na coxa,2015-10-20,2015-12-31,73.0,10.0,121990,wellington-silva,2015-12-31,True
22/23,Lesão na panturrilha,2023-05-25,2023-08-24,92.0,17.0,227462,mike,2023-08-24,True
21/22,Problemas no Joelho,2022-06-18,2022-06-23,6.0,1.0,227462,mike,2022-06-23,False
19/20,Apendicite,2019-07-24,2019-09-01,40.0,4.0,212114,rossi,2019-09-01,False
20/21,Coronavírus,2021-01-09,2021-01-20,12.0,3.0,574949,richard-birkheun,2021-01-20,False
19/20,Lesão desconhecida,2019-09-16,2019-09-29,14.0,2.0,574949,richard-birkheun,2019-09-29,False
22/23,Entorse na tibiotársica,2023-06-21,2023-07-16,26.0,5.0,139449,leandro-damiao,2023-07-16,False
22/23,Operação ao tornozelo,2022-12-28,2023-03-27,90.0,7.0,139449,leandro-damiao,2023-03-27,True
22/23,Rotura de ligamentos do tornozelo,2022-08-21,2022-11-06,78.0,11.0,139449,leandro-damiao,2022-11-06,True
17/18,Lesão muscular,2017-10-24,2017-10-29,6.0,1.0,139449,leandro-damiao,2017-10-29,False
22/23,Problemas no Joelho,2022-10-04,2022-10-15,12.0,2.0,185593,nicolas-lopez,2022-10-15,False
22/23,Lesão no joelho,2022-08-22,2022-09-19,29.0,7.0,185593,nicolas-lopez,2022-09-19,False
21/22,Lesão desconhecida,2022-05-23,2022-06-13,22.0,,185593,nicolas-lopez,2022-06-13,False
21/22,Apendicectomia,2021-09-24,2021-10-12,19.0,3.0,185593,nicolas-lopez,2021-10-12,False
20/21,Lesão no pé,2021-04-26,2021-05-04,9.0,1.0,185593,nicolas-lopez,2021-05-04,False
20/21,Coronavírus,2021-01-21,2021-02-05,16.0,3.0,185593,nicolas-lopez,2021-02-05,False
20/21,Recuperação ritmo competitivo,2020-07-21,2020-07-27,7.0,1.0,185593,nicolas-lopez,2020-07-27,False
20/21,Lesão no tornozelo,2020-07-04,2020-07-20,17.0,,185593,nicolas-lopez,2020-07-20,False
19/20,Dor de dentes,2020-02-21,2020-02-28,8.0,2.0,185593,nicolas-lopez,2020-02-28,False
19/20,Púbis inflamado,2020-02-05,2020-02-14,10.0,1.0,185593,nicolas-lopez,2020-02-14,False
19/20,Amigdalite,2019-11-21,2019-11-25,5.0,1.0,185593,nicolas-lopez,2019-11-25,False
16/17,Problemas físicos,2016-10-01,2016-10-31,31.0,8.0,185593,nicolas-lopez,2016-10-31,False
15/16,Problemas no Joelho,2016-05-22,2016-06-01,11.0,2.0,185593,nicolas-lopez,2016-06-01,False
15/16,Problemas no Joelho,2016-05-14,2016-05-18,5.0,1.0,185593,nicolas-lopez,2016-05-18,False
15/16,Lesão num dedo do pé,2015-10-31,2015-11-21,22.0,2.0,185593,nicolas-lopez,2015-11-21,False
12/13,Lesão no tornozelo,2013-03-29,2013-04-07,10.0,1.0,185593,nicolas-lopez,2013-04-07,False
21/22,Problemas no Joelho,2021-10-06,2021-11-05,31.0,6.0,248105,jonatan-alvez,2021-11-05,False
16/17,Tendinite,2016-08-14,2016-08-30,17.0,3.0,248105,jonatan-alvez,2016-08-30,False
15/16,Tendinite,2016-06-07,2016-06-21,15.0,,248105,jonatan-alvez,2016-06-21,False
14/15,Lesão desconhecida,2015-02-26,2015-04-01,35.0,4.0,248105,jonatan-alvez,2015-04-01,False
13/14,Bruch der Augenhöhle,2014-05-11,2014-05-25,15.0,1.0,248105,jonatan-alvez,2014-05-25,False
15/16,Lesão nos adutores,2016-03-18,2016-06-01,76.0,7.0,181711,carlos-luque,2016-06-01,True
14/15,Entorse do tornozelo,2015-06-29,2015-08-01,34.0,6.0,181711,carlos-luque,2015-08-01,False
24/25,Operação,2025-01-16,,428.0,14.0,563691,brenner,2026-03-20,True
25/26,Estiramento do ligamento colateral interno do joelho,2025-08-04,2025-09-13,41.0,5.0,291963,fernando-miguel,2025-09-13,False
23/24,Lesão do ligamento cruzado,2024-02-26,2025-01-17,327.0,50.0,291963,fernando-miguel,2025-01-17,True
22/23,Problemas no Joelho,2023-05-10,2023-07-09,61.0,14.0,291963,fernando-miguel,2023-07-09,True
18/19,Tensão muscular,2019-04-24,2019-06-14,52.0,7.0,291963,fernando-miguel,2019-06-14,False
15/16,Lesão desconhecida,2016-06-27,2016-07-29,33.0,7.0,291963,fernando-miguel,2016-07-29,False
14/15,Lesão desconhecida,2015-08-08,2015-10-23,77.0,14.0,291963,fernando-miguel,2015-10-23,True
14/15,Lesão desconhecida,2015-07-25,2015-08-07,14.0,2.0,291963,fernando-miguel,2015-08-07,False
24/25,Lesão na coxa,2025-04-18,2025-05-20,33.0,9.0,387925,ronaldo,2025-05-20,False
24/25,Lesão no joelho,2025-01-20,2025-02-08,20.0,5.0,387925,ronaldo,2025-02-08,False
24/25,Problemas musculares,2024-07-25,2024-08-17,24.0,5.0,387925,ronaldo,2024-08-17,False
22/23,Lesão no ombro,2022-08-01,2022-08-03,3.0,,387925,ronaldo,2022-08-03,False
19/20,Lesão no ligamento interno,2020-01-15,2020-02-04,21.0,5.0,68833,wallace,2020-02-04,False
19/20,Lesão na coxa,2019-08-31,2019-09-16,17.0,1.0,68833,wallace,2019-09-16,False
24/25,Problemas musculares na coxa,2025-03-10,2025-04-11,33.0,6.0,371025,ramon-menezes,2025-04-11,False
22/23,Problemas no tendão de Aquiles,2022-07-11,2022-07-14,4.0,,371025,ramon-menezes,2022-07-14,False
25/26,Fratura do perónio,2026-02-27,,21.0,2.0,188715,walisson-maia,2026-03-20,False
23/24,Fratura da clavícula,2024-02-08,2024-03-20,42.0,9.0,188715,walisson-maia,2024-03-20,False
19/20,Entorse no joelho,2019-08-04,2019-08-27,24.0,,188715,walisson-maia,2019-08-27,False
22/23,Lesão dos ligamentos laterais do joelho,2022-10-07,2023-07-01,268.0,41.0,605893,lucas-ribeiro,2023-07-01,True
17/18,Rotura num tendão,2017-10-03,2018-01-08,98.0,15.0,520089,ruan-renato,2018-01-08,True
17/18,Lesão muscular,2017-07-24,2017-08-23,31.0,5.0,520089,ruan-renato,2017-08-23,False
22/23,Muskelbündelriss,2023-06-23,2023-07-13,21.0,3.0,96432,marcelo-benitez,2023-07-13,False
13/14,Fratura do tornozelo,2013-07-14,2013-12-14,154.0,35.0,54308,lucas,2013-12-14,True
14/15,Problemas musculares na coxa,2015-05-21,2015-06-09,20.0,6.0,150085,leo-morais,2015-06-09,False
21/22,Lesão no joelho,2022-04-27,2023-01-01,250.0,36.0,578629,cedric,2023-01-01,True
22/23,Lesão no pé,2022-08-28,2022-10-30,64.0,10.0,71080,willian-farias,2022-10-30,True
14/15,Lesão desconhecida,2015-05-18,2015-12-02,199.0,38.0,71080,willian-farias,2015-12-02,True
22/23,Lesão dos ligamentos laterais do joelho,2023-04-30,2024-01-01,247.0,35.0,161891,filipe-soutto,2024-01-01,True
23/24,Lesão na panturrilha,2024-05-31,2024-06-20,21.0,4.0,435239,rodrigo-andrade,2024-06-20,False
23/24,Problemas musculares,2024-04-26,2024-05-11,16.0,3.0,435239,rodrigo-andrade,2024-05-11,False
23/24,Lesão na coxa,2024-01-23,2024-02-20,29.0,7.0,435239,rodrigo-andrade,2024-02-20,False
22/23,Problemas musculares,2022-10-02,2022-10-25,24.0,4.0,435239,rodrigo-andrade,2022-10-25,False
19/20,Lesão no pé,2019-10-10,2019-10-17,8.0,2.0,435239,rodrigo-andrade,2019-10-17,False
22/23,Problemas musculares,2023-05-19,2023-07-01,44.0,7.0,346935,yago-felipe,2023-07-01,False
20/21,Lesão muscular,2020-09-21,2020-11-25,66.0,7.0,375025,lucas-marques,2020-11-25,True
25/26,Lesão do ligamento cruzado,2025-09-28,,173.0,6.0,375821,lucas-fernandes,2026-03-20,True
21/22,Lesão tornozelo,2022-06-06,2022-07-17,42.0,9.0,375821,lucas-fernandes,2022-07-17,False
21/22,Cavidade Ocular Fraturada,2021-10-17,2021-12-05,50.0,6.0,375821,lucas-fernandes,2021-12-05,False
20/21,Queixas adutores,2020-09-27,2020-10-04,8.0,1.0,375821,lucas-fernandes,2020-10-04,False
22/23,Problemas na virilha,2023-06-08,2023-06-20,13.0,1.0,72653,nicolas-lodeiro,2023-06-20,False
21/22,Operado ao joelho,2021-09-18,2021-12-31,105.0,10.0,72653,nicolas-lodeiro,2021-12-31,True
21/22,Problemas no Joelho,2021-09-13,2021-09-18,6.0,1.0,72653,nicolas-lodeiro,2021-09-18,False
20/21,Operado ao joelho,2021-05-28,2021-08-02,67.0,10.0,72653,nicolas-lodeiro,2021-08-02,True
20/21,Problemas no Joelho,2021-05-04,2021-05-27,24.0,4.0,72653,nicolas-lodeiro,2021-05-27,False
20/21,Problemas musculares na coxa,2021-04-07,2021-04-28,22.0,2.0,72653,nicolas-lodeiro,2021-04-28,False
19/20,Lesão muscular,2020-02-20,2020-06-30,132.0,4.0,72653,nicolas-lodeiro,2020-06-30,True
19/20,Problemas nas costas,2019-09-20,2019-10-01,12.0,2.0,72653,nicolas-lodeiro,2019-10-01,False
17/18,Fratura de um dedo do pé,2018-05-01,2018-06-08,39.0,7.0,72653,nicolas-lodeiro,2018-06-08,False
17/18,Lesão no pé,2018-03-13,2018-03-27,15.0,4.0,72653,nicolas-lodeiro,2018-03-27,False
15/16,Rotura do menisco lateral,2016-04-30,2016-05-24,25.0,7.0,72653,nicolas-lodeiro,2016-05-24,False
19/20,Fratura de um dedo do pé,2010-07-03,2010-11-20,141.0,31.0,72653,nicolas-lodeiro,2010-11-20,True
14/15,Lesão desconhecida,2014-10-06,2014-10-23,18.0,2.0,27378,cleiton-xavier,2014-10-23,False
13/14,Lesão desconhecida,2013-10-06,2013-10-31,26.0,3.0,27378,cleiton-xavier,2013-10-31,False
13/14,Ruptura muscular,2013-09-16,2013-09-26,11.0,2.0,27378,cleiton-xavier,2013-09-26,False
12/13,Ruptura muscular,2013-06-22,2013-08-23,63.0,8.0,27378,cleiton-xavier,2013-08-23,True
09/10,Problemas musculares,2009-10-22,2009-11-22,32.0,5.0,27378,cleiton-xavier,2009-11-22,False
18/19,Lesão muscular,2019-01-10,2019-02-11,33.0,6.0,16474,alexander-baumjohann,2019-02-11,False
17/18,Fibra muscular rasgado,2017-10-27,2017-11-13,18.0,4.0,16474,alexander-baumjohann,2017-11-13,False
17/18,Fratura da mão,2017-08-19,2017-09-09,22.0,2.0,16474,alexander-baumjohann,2017-09-09,False
16/17,Amigdalite,2017-02-27,2017-03-16,18.0,2.0,16474,alexander-baumjohann,2017-03-16,False
15/16,Tensão muscular,2016-02-29,2016-03-03,4.0,1.0,16474,alexander-baumjohann,2016-03-03,False
14/15,Rotura dos ligamentos cruzados,2014-08-21,2015-06-01,285.0,35.0,16474,alexander-baumjohann,2015-06-01,True
13/14,Rotura dos ligamentos cruzados,2013-09-02,2014-03-17,197.0,22.0,16474,alexander-baumjohann,2014-03-17,True
11/12,Síndrome gripal,2011-10-24,2011-10-27,4.0,1.0,16474,alexander-baumjohann,2011-10-27,False
09/10,Lesão no dedo,2010-01-18,2010-01-21,4.0,,16474,alexander-baumjohann,2010-01-21,False
20/21,Lesão no joelho,2020-11-20,2021-04-08,140.0,16.0,99900,rhayner,2021-04-08,True
19/20,Lesão na coxa,2019-08-01,2019-08-23,23.0,,346863,nickson,2019-08-23,False
21/22,Artroscopia,2021-07-10,2022-05-01,296.0,45.0,264284,neilton,2022-05-01,True
14/15,Lesão muscular,2015-06-24,2015-07-24,31.0,6.0,264284,neilton,2015-07-24,False
22/23,Lesão muscular,2023-02-01,2023-04-10,69.0,6.0,447663,luan-santos,2023-04-10,True
24/25,Entorse do tornozelo,2025-02-09,2025-02-12,4.0,1.0,515638,erick,2025-02-12,False
24/25,Problemas musculares,2024-08-12,2024-08-21,10.0,2.0,515638,erick,2024-08-21,False
20/21,Quarentena,2020-11-03,2020-11-14,12.0,2.0,515638,erick,2020-11-14,False
19/20,Problemas físicos,2019-10-02,2019-10-29,28.0,2.0,515638,erick,2019-10-29,False
25/26,Hematoma,2025-11-05,2025-11-11,7.0,1.0,334233,walter-bou,2025-11-11,False
25/26,Lesão muscular,2025-07-30,2025-08-19,21.0,4.0,334233,walter-bou,2025-08-19,False
24/25,Entorse do tornozelo,2025-04-07,2025-04-25,19.0,4.0,334233,walter-bou,2025-04-25,False
24/25,Muskelkater,2024-11-21,2024-12-03,13.0,2.0,334233,walter-bou,2024-12-03,False
24/25,Lesão muscular,2024-07-13,2024-08-01,20.0,3.0,334233,walter-bou,2024-08-01,False
22/23,Lesão nos adutores,2023-04-10,2023-04-25,16.0,3.0,334233,walter-bou,2023-04-25,False
18/19,Problemas musculares na coxa,2019-03-11,2019-03-20,10.0,1.0,334233,walter-bou,2019-03-20,False
21/22,Rotura do tendão de Aquiles,2021-07-26,2022-01-01,160.0,24.0,112335,kieza,2022-01-01,True
14/15,Rotura muscular na coxa,2015-06-08,2015-06-08,1.0,,112335,kieza,2015-06-08,False
18/19,Lesão muscular,2018-11-07,2018-12-10,34.0,4.0,294576,bruno-gomes,2018-12-10,False
08/09,Problemas musculares na coxa,2009-05-25,2009-06-25,32.0,4.0,68465,wallyson,2009-06-25,False
24/25,Fratura da tíbia,2025-01-06,2025-11-05,304.0,39.0,393339,rafaelson,2025-11-05,True
22/23,Lesão na coxa,2022-07-15,2022-08-04,21.0,3.0,393339,rafaelson,2022-08-04,False
17/18,Fratura do Metatarso,2018-03-07,2018-06-13,99.0,20.0,393339,rafaelson,2018-06-13,True
20/21,Lesão tornozelo,2020-12-04,2021-01-20,48.0,5.0,518080,junior-todinho,2021-01-20,False
20/21,Lesão na coxa,2020-12-04,2021-01-20,48.0,5.0,518080,junior-todinho,2021-01-20,False
23/24,Fratura na face,2024-02-27,2024-07-01,126.0,21.0,76398,martin-silva,2024-07-01,True
22/23,Lesão desconhecida,2022-08-20,2022-10-10,52.0,7.0,255928,jordi,2022-10-10,False
21/22,Rotura do tendão de Aquiles,2021-07-09,2022-07-01,358.0,43.0,255928,jordi,2022-07-01,True
20/21,Coronavírus,2020-11-13,2020-11-30,18.0,2.0,54929,leandro-castan,2020-11-30,False
18/19,Rotura muscular na coxa,2019-04-21,2019-06-14,55.0,9.0,54929,leandro-castan,2019-06-14,False
17/18,Fascite plantar,2018-05-17,2018-05-21,5.0,,54929,leandro-castan,2018-05-21,False
16/17,Fadiga muscular,2017-01-14,2017-01-31,18.0,2.0,54929,leandro-castan,2017-01-31,False
16/17,Lesão no bíceps femoral,2017-01-13,2017-03-05,52.0,6.0,54929,leandro-castan,2017-03-05,False
16/17,Fadiga muscular,2016-10-24,2016-10-31,8.0,1.0,54929,leandro-castan,2016-10-31,False
15/16,Gripe,2016-03-12,2016-03-21,10.0,2.0,54929,leandro-castan,2016-03-21,False
14/15,Inflamação,2014-09-16,2014-10-26,41.0,9.0,54929,leandro-castan,2014-10-26,False
14/15,Câncer,2014-09-15,2015-06-30,289.0,48.0,54929,leandro-castan,2015-06-30,True
14/15,Lesão desconhecida,2014-08-26,2014-09-10,16.0,1.0,54929,leandro-castan,2014-09-10,False
12/13,Entorse,2013-02-12,2013-03-05,22.0,3.0,54929,leandro-castan,2013-03-05,False
16/17,Problemas no Joelho,2017-06-27,2017-07-31,35.0,10.0,163434,frickson-erazo,2017-07-31,False
16/17,Problemas no Joelho,2017-01-01,2017-04-30,120.0,18.0,163434,frickson-erazo,2017-04-30,True
16/17,Lesão no joelho,2016-08-18,2016-09-13,27.0,7.0,163434,frickson-erazo,2016-09-13,False
22/23,Lesão no joelho,2023-08-21,2024-07-15,330.0,45.0,128855,paulao,2024-07-15,True
20/21,Coronavírus,2020-11-17,2020-12-02,16.0,3.0,128855,paulao,2020-12-02,False
14/15,Púbis inflamado,2015-06-10,2015-08-04,56.0,12.0,128855,paulao,2015-08-04,False
22/23,Lesão desconhecida,2022-09-20,,1277.0,8.0,75437,werley,2026-03-20,True
22/23,Lesão desconhecida,2022-09-05,2022-09-20,16.0,2.0,92056,oswaldo-henriquez,2022-09-20,False
25/26,Achillessehnenanriss,2026-01-17,,62.0,8.0,225640,luiz-gustavo,2026-03-20,True
18/19,Operado ao joelho,2018-10-30,2019-06-14,228.0,40.0,52947,breno,2019-06-14,True
17/18,Lesão meniscal,2018-01-22,2018-05-09,108.0,25.0,52947,breno,2018-05-09,True
15/16,Lesão no joelho,2016-02-08,2016-12-31,328.0,67.0,52947,breno,2016-12-31,True
11/12,Artroscopia,2012-02-07,2012-05-10,94.0,22.0,52947,breno,2012-05-10,True
11/12,Problemas no Joelho,2012-02-01,2012-02-06,6.0,1.0,52947,breno,2012-02-06,False
11/12,Gripe,2012-01-18,2012-01-27,10.0,1.0,52947,breno,2012-01-27,False
11/12,Doente,2011-09-24,2011-10-08,15.0,3.0,52947,breno,2011-10-08,False
10/11,Lesão meniscal,2011-05-11,2011-10-16,159.0,15.0,52947,breno,2011-10-16,True
09/10,Rotura dos ligamentos cruzados,2010-03-07,2010-11-01,240.0,27.0,52947,breno,2010-11-01,True
09/10,Doente,2009-10-23,2009-10-27,5.0,1.0,52947,breno,2009-10-27,False
08/09,Fibra muscular rasgado,2009-04-22,2009-05-06,15.0,2.0,52947,breno,2009-05-06,False
08/09,Problemas na panturrilha,2009-04-16,2009-04-21,6.0,1.0,52947,breno,2009-04-21,False
13/14,Problemas na anca,2013-11-17,2013-11-25,9.0,2.0,187873,jomar,2013-11-25,False
13/14,lesão na perna,2013-09-18,2013-09-24,7.0,2.0,187873,jomar,2013-09-24,False
25/26,Lesão desconhecida,2025-10-16,,155.0,20.0,678991,ulisses,2026-03-20,True
20/21,Coronavírus,2020-11-18,2020-12-03,16.0,4.0,678991,ulisses,2020-12-03,False
20/21,Apendicite,2021-01-07,2021-01-25,19.0,5.0,524607,ricardo-graca,2021-01-25,False
20/21,Rotura muscular na coxa,2020-10-09,2020-10-27,19.0,3.0,524607,ricardo-graca,2020-10-27,False
20/21,Rotura muscular na coxa,2020-09-15,2020-10-03,19.0,4.0,524607,ricardo-graca,2020-10-03,False
20/21,Coronavírus,2020-09-02,2020-09-12,11.0,3.0,524607,ricardo-graca,2020-09-12,False
20/21,Coronavírus,2020-11-13,2020-11-30,18.0,2.0,412376,miranda,2020-11-30,False
18/19,Cirurgia Ligamento Cruzado,2018-11-14,2019-06-15,214.0,37.0,55270,ramon,2019-06-15,True
16/17,Recuperação ritmo competitivo,2017-03-24,2017-04-09,17.0,2.0,55270,ramon,2017-04-09,False
15/16,Lesão desconhecida,2016-05-13,2016-05-20,8.0,1.0,55270,ramon,2016-05-20,False
15/16,Lesão desconhecida,2016-05-02,2016-05-09,8.0,1.0,55270,ramon,2016-05-09,False
14/15,Lesão desconhecida,2015-05-19,2015-05-28,10.0,1.0,55270,ramon,2015-05-28,False
14/15,Pubalgia,2015-02-11,2015-02-12,2.0,,55270,ramon,2015-02-12,False
14/15,Lesão no tornozelo,2014-12-14,2014-12-25,12.0,3.0,55270,ramon,2014-12-25,False
13/14,Gripe,2013-10-01,2013-10-06,6.0,1.0,55270,ramon,2013-10-06,False
14/15,Lesão nos adutores,2015-05-26,2015-06-29,35.0,7.0,54140,fabricio,2015-06-29,False
23/24,Doente,2024-02-14,2024-02-22,9.0,1.0,204072,henrique-silva,2024-02-22,False
23/24,Lesão desconhecida,2023-09-21,2023-09-30,10.0,1.0,204072,henrique-silva,2023-09-30,False
22/23,Lesão no joelho,2022-12-22,2023-01-30,40.0,6.0,204072,henrique-silva,2023-01-30,False
21/22,Lesão muscular,2021-12-13,2022-01-08,27.0,1.0,204072,henrique-silva,2022-01-08,False
20/21,Lesão desconhecida,2021-02-11,2021-02-13,3.0,,204072,henrique-silva,2021-02-13,False
16/17,Lesão desconhecida,2016-10-17,2017-06-01,228.0,37.0,343602,bruno-paulista,2017-06-01,True
14/15,Operado ao joelho,2014-10-06,2015-06-30,268.0,51.0,74789,wellington,2015-06-30,True
11/12,Operado ao joelho,2012-02-21,2012-08-21,183.0,41.0,74789,wellington,2012-08-21,True
19/20,Lesão no pescoço,2019-09-27,2019-10-19,23.0,3.0,181704,leandro-desabato,2019-10-19,False
18/19,Lesão na panturrilha,2019-03-18,2019-03-31,14.0,1.0,181704,leandro-desabato,2019-03-31,False
21/22,Lesão dos ligamentos laterais do joelho,2022-05-28,2023-03-05,282.0,43.0,351895,andrey,2023-03-05,True
23/24,Entorse do tornozelo,2024-04-25,2024-05-30,36.0,8.0,479587,raul,2024-05-30,False
22/23,Lesão dos ligamentos laterais do joelho,2023-01-30,2023-09-30,244.0,43.0,479587,raul,2023-09-30,True
22/23,Quarentena,2021-06-22,2021-07-02,11.0,2.0,124701,rafael-galhardo,2021-07-02,False
24/25,Lesão no joelho,2025-04-03,2025-04-16,14.0,2.0,323874,evander,2025-04-16,False
23/24,lesão na perna,2024-04-26,2024-05-11,16.0,2.0,323874,evander,2024-05-11,False
23/24,lesão na perna,2024-02-27,2024-03-06,9.0,1.0,323874,evander,2024-03-06,False
23/24,Lesão na panturrilha,2023-09-22,2023-10-03,12.0,2.0,323874,evander,2023-10-03,False
23/24,lesão na perna,2023-07-04,2023-07-07,4.0,1.0,323874,evander,2023-07-07,False
22/23,Lesão na anca,2023-03-11,2023-04-05,26.0,3.0,323874,evander,2023-04-05,False
22/23,Rotura da fibra muscular,2022-07-19,2022-08-08,21.0,5.0,323874,evander,2022-08-08,False
20/21,Coronavírus,2020-11-16,2020-12-03,18.0,4.0,323874,evander,2020-12-03,False
20/21,Rotura muscular na coxa,2020-08-15,2020-09-05,22.0,1.0,323874,evander,2020-09-05,False
24/25,Rotura do menisco,2024-10-30,2026-01-14,442.0,15.0,594201,dudu-sampaio,2026-01-14,True
24/25,Rotura dos ligamentos cruzados,2024-10-30,2026-01-14,442.0,15.0,594201,dudu-sampaio,2026-01-14,True
21/22,Rotura dos ligamentos cruzados,2022-05-10,2023-02-17,284.0,18.0,587600,matheus-moresche,2023-02-17,True
19/20,Lesão na coxa,2019-09-22,2019-09-22,1.0,,175230,rildo,2019-09-22,False
23/24,Lesão na coxa,2023-07-03,2023-08-14,43.0,5.0,165383,kelvin-oliveira,2023-08-14,False
16/17,Lesão no joelho,2017-06-12,2017-12-31,203.0,32.0,165383,kelvin-oliveira,2017-12-31,True
19/20,Ferida de bala,2019-07-30,2019-08-10,12.0,,265660,yago-pikachu,2019-08-10,False
23/24,Lesão do ligamento cruzado,2023-09-27,2024-11-11,412.0,52.0,599879,marrony,2024-11-11,True
22/23,Lesão no tornozelo,2022-10-18,2022-11-11,25.0,5.0,599879,marrony,2022-11-11,False
25/26,Lesão na tíbia,2025-07-05,,258.0,55.0,428791,paulinho,2026-03-20,True
24/25,Fissura,2024-12-01,2025-04-11,132.0,22.0,428791,paulinho,2025-04-11,True
23/24,Lesão muscular,2024-10-13,2024-10-18,6.0,1.0,428791,paulinho,2024-10-18,False
22/23,Constipação,2022-11-03,2022-11-13,11.0,3.0,428791,paulinho,2022-11-13,False
21/22,Coronavírus,2022-01-10,2022-01-27,18.0,2.0,428791,paulinho,2022-01-27,False
20/21,Rotura dos ligamentos cruzados,2020-07-02,2021-05-13,316.0,48.0,428791,paulinho,2021-05-13,True
17/18,Braço fraturado,2018-04-05,2018-07-30,117.0,17.0,428791,paulinho,2018-07-30,True
19/20,Lesão nos adutores,2019-08-08,2019-09-04,28.0,4.0,119229,duvier-riascos,2019-09-04,False
20/21,Depressão,2021-04-04,2021-05-06,33.0,4.0,26263,maxi-lopez,2021-05-06,False
20/21,Doente,2021-01-18,2021-02-26,40.0,7.0,26263,maxi-lopez,2021-02-26,False
20/21,Problemas musculares,2020-11-06,2020-11-26,21.0,3.0,26263,maxi-lopez,2020-11-26,False
19/20,Problemas musculares,2020-07-28,2020-08-01,5.0,1.0,26263,maxi-lopez,2020-08-01,False
19/20,Problemas musculares,2020-02-27,2020-03-09,12.0,3.0,26263,maxi-lopez,2020-03-09,False
19/20,Lesão muscular,2019-10-06,2020-01-08,95.0,12.0,26263,maxi-lopez,2020-01-08,True
17/18,Lesão muscular,2018-11-13,2018-11-18,6.0,2.0,26263,maxi-lopez,2018-11-18,False
16/17,Lesão na coxa,2016-09-15,2016-10-02,18.0,3.0,26263,maxi-lopez,2016-10-02,False
15/16,Amigdalite,2016-04-19,2016-04-22,4.0,1.0,26263,maxi-lopez,2016-04-22,False
13/14,Lesão no pé,2014-02-06,2014-02-20,15.0,2.0,26263,maxi-lopez,2014-02-20,False
12/13,Meniskusschaden,2012-11-05,2013-01-16,73.0,9.0,26263,maxi-lopez,2013-01-16,True
11/12,Traumatismo no pé,2012-03-23,2012-03-27,5.0,1.0,26263,maxi-lopez,2012-03-27,False
11/12,Problemas na panturrilha,2012-02-23,2012-03-16,23.0,4.0,26263,maxi-lopez,2012-03-16,False
09/10,Problemas musculares,2009-08-10,2009-09-10,32.0,5.0,26263,maxi-lopez,2009-09-10,False
04/05,Fratura,2005-04-25,2005-09-22,151.0,11.0,26263,maxi-lopez,2005-09-22,True
20/21,Tensão muscular,2021-01-10,2021-02-15,37.0,6.0,186399,thiago-galhardo,2021-02-15,False
18/19,Operado ao joelho,2019-01-18,2019-05-22,125.0,29.0,258374,vinicius-araujo,2019-05-22,True
14/15,Lesão no joelho,2015-02-12,2015-12-31,323.0,15.0,59310,andres-rios,2015-12-31,True
24/25,Problemas musculares na coxa,2024-08-22,2025-02-01,164.0,21.0,140811,santos,2025-02-01,True
20/21,Coronavírus,2020-11-24,2020-12-10,17.0,3.0,140811,santos,2020-12-10,False
24/25,Lesão no joelho,2024-10-03,2025-01-27,117.0,21.0,477460,warleson,2025-01-27,True
19/20,Lesão no tornozelo,2020-02-01,2020-08-01,183.0,7.0,582690,caio-alan,2020-08-01,True
18/19,Recuperação ritmo competitivo,2019-05-11,2019-05-12,2.0,,582690,caio-alan,2019-05-12,False
18/19,Lesão no tornozelo,2019-01-03,2019-04-25,113.0,,582690,caio-alan,2019-04-25,True
24/25,Problemas musculares,2024-11-03,2024-11-15,13.0,1.0,45431,thiago-heleno,2024-11-15,False
24/25,Lesão muscular,2024-08-30,2024-09-10,12.0,1.0,45431,thiago-heleno,2024-09-10,False
24/25,Lesão muscular,2024-04-26,2024-06-01,37.0,6.0,45431,thiago-heleno,2024-06-01,False
17/18,Problemas nas costas,2017-11-01,2017-11-07,7.0,1.0,45431,thiago-heleno,2017-11-07,False
11/12,Fratura do Metatarso,2011-12-09,2012-04-09,123.0,21.0,45431,thiago-heleno,2012-04-09,True
24/25,Problemas musculares na coxa,2024-12-02,2024-12-07,6.0,1.0,288431,leo-pereira,2024-12-07,False
24/25,Problemas no Joelho,2024-08-29,2024-09-11,14.0,1.0,288431,leo-pereira,2024-09-11,False
22/23,Lesão na coxa,2024-05-19,2024-05-29,11.0,2.0,288431,leo-pereira,2024-05-29,False
23/24,Traumatismo grade costal,2023-10-26,2023-10-31,6.0,,288431,leo-pereira,2023-10-31,False
23/24,Lesão na coxa,2020-02-12,2020-02-22,11.0,2.0,288431,leo-pereira,2020-02-22,False
13/14,Perna fraturada,2014-02-02,2015-05-01,454.0,88.0,75140,emerson,2015-05-01,True
25/26,Operação ao tendão de Aquiles,2025-12-23,2026-05-31,160.0,4.0,209163,cleberson,2026-05-31,True
14/15,Cirurgia Ligamento Cruzado,2015-03-23,2015-11-05,228.0,50.0,209163,cleberson,2015-11-05,True
25/26,Lesão na coxa,2025-12-04,2025-12-08,5.0,1.0,468302,lucas-halter,2025-12-08,False
20/21,Coronavírus,2020-11-24,2020-12-10,17.0,3.0,484848,ze-ivaldo,2020-12-10,False
19/20,Edema do osso,2019-07-12,2019-08-30,50.0,10.0,484848,ze-ivaldo,2019-08-30,False
15/16,Lesão no joelho,2015-11-02,2017-01-16,442.0,58.0,55484,marcio-azevedo,2017-01-16,True
15/16,Pequena lesão,2015-10-15,2015-10-22,8.0,2.0,55484,marcio-azevedo,2015-10-22,False
15/16,Pequena lesão,2015-09-17,2015-09-24,8.0,2.0,55484,marcio-azevedo,2015-09-24,False
15/16,Gestão de esforço,2015-08-20,2015-08-24,5.0,1.0,55484,marcio-azevedo,2015-08-24,False
15/16,Problemas físicos,2015-07-27,2015-08-17,22.0,4.0,55484,marcio-azevedo,2015-08-17,False
15/16,Pequena lesão,2015-07-13,2015-07-16,4.0,1.0,55484,marcio-azevedo,2015-07-16,False
14/15,Problemas físicos,2015-03-09,2015-06-29,113.0,15.0,55484,marcio-azevedo,2015-06-29,True
13/14,Pequena lesão,2014-04-28,2014-05-01,4.0,,55484,marcio-azevedo,2014-05-01,False
13/14,Operado ao joelho,2013-09-02,2013-09-12,11.0,,55484,marcio-azevedo,2013-09-12,False
12/13,Lesão meniscal,2013-05-06,2013-05-30,25.0,2.0,55484,marcio-azevedo,2013-05-30,False
14/15,Operado ao joelho,2015-05-30,2015-06-24,26.0,,60982,thiago-carleto,2015-06-24,False
12/13,Operado ao joelho,2013-06-13,2014-03-13,274.0,50.0,60982,thiago-carleto,2014-03-13,True
25/26,Tendinite,2025-11-30,2025-12-09,10.0,2.0,442258,nicolas,2025-12-09,False
24/25,Lesão nos adutores,2025-04-06,2025-04-25,20.0,3.0,442258,nicolas,2025-04-25,False
24/25,Lesão da parede abdominal,2025-05-20,2025-05-23,4.0,1.0,476352,renan-lodi,2025-05-23,False
24/25,Lesão desconhecida,2025-02-23,2025-03-09,15.0,4.0,476352,renan-lodi,2025-03-09,False
24/25,Lesão desconhecida,2025-01-27,2025-02-21,26.0,5.0,476352,renan-lodi,2025-02-21,False
23/24,Lesão no pé,2024-05-16,2024-05-19,4.0,1.0,476352,renan-lodi,2024-05-19,False
21/22,Lumbago,2021-11-27,2021-11-29,3.0,1.0,476352,renan-lodi,2021-11-29,False
20/21,Lesão muscular,2021-04-30,2021-05-03,4.0,1.0,476352,renan-lodi,2021-05-03,False
20/21,Lesão nas costas,2020-12-05,2020-12-08,4.0,1.0,476352,renan-lodi,2020-12-08,False
20/21,Problemas físicos,2020-10-15,2020-10-18,4.0,1.0,476352,renan-lodi,2020-10-18,False
19/20,Coronavírus,2020-05-08,2020-05-15,8.0,,476352,renan-lodi,2020-05-15,False
19/20,Lesão muscular,2020-03-05,2020-03-08,4.0,1.0,476352,renan-lodi,2020-03-08,False
14/15,Operado ao joelho,2015-02-10,2015-06-10,121.0,20.0,54149,jonathan,2015-06-10,True
14/15,Problemas no Joelho,2015-01-06,2015-02-09,35.0,8.0,54149,jonathan,2015-02-09,False
14/15,Lesão desconhecida,2014-09-26,2015-01-06,103.0,18.0,54149,jonathan,2015-01-06,True
14/15,Lesão desconhecida,2014-09-10,2014-09-17,8.0,1.0,54149,jonathan,2014-09-17,False
13/14,Lesão desconhecida,2014-04-05,2014-05-03,29.0,4.0,54149,jonathan,2014-05-03,False
13/14,Lesão desconhecida,2013-10-03,2013-10-08,6.0,1.0,54149,jonathan,2013-10-08,False
12/13,Lesão no ombro,2013-05-08,2013-05-30,23.0,2.0,54149,jonathan,2013-05-30,False
11/12,Problemas musculares,2011-11-25,2012-01-14,51.0,8.0,54149,jonathan,2012-01-14,False
24/25,Lesão desconhecida,2025-03-08,2025-03-10,3.0,1.0,468272,gustavo-cascardo,2025-03-10,False
24/25,Lesão desconhecida,2025-03-02,2025-03-04,3.0,1.0,468272,gustavo-cascardo,2025-03-04,False
24/25,Lesão desconhecida,2024-07-19,2024-07-27,9.0,2.0,468272,gustavo-cascardo,2024-07-27,False
24/25,Lesão desconhecida,2024-03-18,2024-05-30,74.0,11.0,468272,gustavo-cascardo,2024-05-30,True
23/24,lesão na perna,2024-02-16,2024-02-27,12.0,2.0,468272,gustavo-cascardo,2024-02-27,False
23/24,lesão na perna,2023-07-23,2023-07-30,8.0,2.0,468272,gustavo-cascardo,2023-07-30,False
22/23,lesão na perna,2023-05-21,2023-05-26,6.0,2.0,468272,gustavo-cascardo,2023-05-26,False
22/23,lesão na perna,2023-01-24,2023-02-06,14.0,4.0,468272,gustavo-cascardo,2023-02-06,False
19/20,Lesão muscular,2020-06-18,2020-06-26,9.0,1.0,468272,gustavo-cascardo,2020-06-26,False
14/15,Lesão na coxa,2015-05-20,2015-07-21,63.0,12.0,124546,deivid,2015-07-21,True
25/26,Entorse,2026-02-05,2026-02-18,14.0,3.0,131233,esteban-pavez,2026-02-18,False
24/25,Síndrome gripal,2025-05-23,2025-05-27,5.0,1.0,131233,esteban-pavez,2025-05-27,False
23/24,Problemas musculares,2023-10-02,2023-10-06,5.0,1.0,131233,esteban-pavez,2023-10-06,False
09/10,Problemas no Joelho,2009-09-02,2009-11-05,65.0,11.0,53275,pierre,2009-11-05,True
25/26,Lesão na coxa,2025-10-21,2025-11-04,15.0,2.0,552242,baralhas,2025-11-04,False
25/26,Lesão desconhecida,2025-08-04,2025-08-30,27.0,3.0,552242,baralhas,2025-08-30,False
24/25,Problemas físicos,2025-05-04,2025-05-09,6.0,1.0,552242,baralhas,2025-05-09,False
24/25,Lesão no joelho,2025-03-24,2025-04-01,9.0,2.0,552242,baralhas,2025-04-01,False
15/16,Gripe gastrointestinal,2016-02-06,2016-02-08,3.0,1.0,26244,lucho-gonzalez,2016-02-08,False
09/10,Problemas no Joelho,2009-12-23,2010-01-11,20.0,1.0,26244,lucho-gonzalez,2010-01-11,False
09/10,Lesão no tornozelo,2009-11-01,2009-11-22,22.0,3.0,26244,lucho-gonzalez,2009-11-22,False
09/10,Fratura da clavícula,2009-07-29,2009-09-01,35.0,5.0,26244,lucho-gonzalez,2009-09-01,False
08/09,Meniskusschaden,2009-04-16,2009-06-01,47.0,9.0,26244,lucho-gonzalez,2009-06-01,False
24/25,Lesão na panturrilha,2025-05-18,2025-07-08,52.0,4.0,445000,matheus-rossetto,2025-07-08,False
24/25,Lesão na panturrilha,2025-01-22,2025-02-06,16.0,5.0,445000,matheus-rossetto,2025-02-06,False
24/25,Lesão na panturrilha,2024-08-18,2024-09-16,30.0,5.0,445000,matheus-rossetto,2024-09-16,False
23/24,Problemas musculares na coxa,2024-06-17,2024-06-29,13.0,3.0,445000,matheus-rossetto,2024-06-29,False
23/24,Lesão na coxa,2024-03-28,2024-04-26,30.0,6.0,445000,matheus-rossetto,2024-04-26,False
22/23,Lesão muscular,2023-03-08,2023-03-22,15.0,2.0,445000,matheus-rossetto,2023-03-22,False
21/22,Lesão muscular,2022-04-04,2022-04-28,25.0,4.0,445000,matheus-rossetto,2022-04-28,False
20/21,Quarentena,2021-04-01,2021-04-30,30.0,5.0,445000,matheus-rossetto,2021-04-30,False
25/26,Lesão na coxa,2026-02-13,,35.0,10.0,520624,bruno-guimaraes,2026-03-20,False
22/23,Lesão tornozelo,2023-02-01,2023-02-20,20.0,3.0,520624,bruno-guimaraes,2023-02-20,False
22/23,Lesão na coxa,2022-08-25,2022-09-16,23.0,3.0,520624,bruno-guimaraes,2022-09-16,False
20/21,Coronavírus,2021-01-01,2021-01-11,11.0,2.0,520624,bruno-guimaraes,2021-01-11,False
20/21,Coronavírus,2020-09-25,2020-10-12,18.0,4.0,242808,felipe-gedoz,2020-10-12,False
17/18,Lesão no pé,2017-11-03,2017-11-07,5.0,1.0,242808,felipe-gedoz,2017-11-07,False
16/17,Gripe,2016-10-14,2016-10-16,3.0,1.0,242808,felipe-gedoz,2016-10-16,False
16/17,Rotura de ligamentos do tornozelo,2016-08-29,2016-09-08,11.0,,242808,felipe-gedoz,2016-09-08,False
14/15,Pubalgia,2015-05-08,2015-09-30,146.0,20.0,242808,felipe-gedoz,2015-09-30,True
14/15,Lesão nos adutores,2015-04-07,2015-05-07,31.0,7.0,242808,felipe-gedoz,2015-05-07,False
15/16,Lesão desconhecida,2015-11-21,2015-12-05,15.0,2.0,54160,guilherme,2015-12-05,False
23/24,Lesão na coxa,2024-06-28,2024-07-20,23.0,6.0,149572,nikao,2024-07-20,False
22/23,Lesão na coxa,2022-10-25,2022-12-15,52.0,5.0,149572,nikao,2022-12-15,False
22/23,Lesão na coxa,2022-08-28,2022-10-11,45.0,10.0,149572,nikao,2022-10-11,False
21/22,Contusão no tornozelo,2022-05-22,2022-07-05,45.0,12.0,149572,nikao,2022-07-05,False
20/21,Coronavírus,2020-11-24,2020-12-10,17.0,3.0,149572,nikao,2020-12-10,False
12/13,inflamação no joelho,2013-04-19,2013-05-04,16.0,2.0,53288,marquinho,2013-05-04,False
25/26,Lesão no púbis,2025-08-07,2025-09-12,37.0,6.0,432953,raphael-veiga,2025-09-12,False
24/25,Lesão no ombro,2025-04-10,2025-05-03,24.0,6.0,432953,raphael-veiga,2025-05-03,False
24/25,Problemas na zona lombar,2025-03-31,2025-04-05,6.0,1.0,432953,raphael-veiga,2025-04-05,False
22/23,Lesão na coxa,2023-04-10,2023-04-24,15.0,4.0,432953,raphael-veiga,2023-04-24,False
22/23,Artroscopia,2022-08-30,2023-01-01,125.0,15.0,432953,raphael-veiga,2023-01-01,True
21/22,Lesão muscular,2022-06-05,2022-06-26,22.0,5.0,432953,raphael-veiga,2022-06-26,False
20/21,Coronavírus,2020-11-20,2020-12-04,15.0,3.0,432953,raphael-veiga,2020-12-04,False
22/23,Problemas no Joelho,2022-10-29,2023-01-14,78.0,4.0,250010,bruno-nazario,2023-01-14,True
18/19,Rotura dos ligamentos cruzados,2018-09-07,2019-05-15,251.0,49.0,250010,bruno-nazario,2019-05-15,True
23/24,Problemas musculares na coxa,2023-04-30,2023-06-22,54.0,11.0,520623,matheus-anjos,2023-06-22,False
19/20,Lesão muscular,2019-07-17,2019-10-28,104.0,21.0,520623,matheus-anjos,2019-10-28,True
24/25,Lesão desconhecida,2025-05-10,2025-05-19,10.0,2.0,579401,demethryus,2025-05-19,False
25/26,Lesão muscular,2025-07-21,2025-08-29,40.0,7.0,379369,giovanny,2025-08-29,False
22/23,Lesão desconhecida,2023-05-08,2023-05-20,13.0,1.0,379369,giovanny,2023-05-20,False
20/21,Distensão muscular,2021-06-05,2021-06-30,26.0,5.0,226067,felipe-dorta,2021-06-30,False
20/21,Lesão muscular,2021-05-24,2021-06-05,13.0,,226067,felipe-dorta,2021-06-05,False
20/21,Doente,2020-10-22,2020-11-02,12.0,,226067,felipe-dorta,2020-11-02,False
20/21,Lesão muscular,2020-08-23,2020-09-14,23.0,2.0,226067,felipe-dorta,2020-09-14,False
19/20,Problemas físicos,2020-03-07,2020-03-13,7.0,,226067,felipe-dorta,2020-03-13,False
16/17,Fibra muscular rasgado,2017-03-20,2017-04-11,23.0,2.0,226067,felipe-dorta,2017-04-11,False
16/17,Lesão desconhecida,2016-10-29,2017-01-01,65.0,1.0,226067,felipe-dorta,2017-01-01,True
14/15,Rotura dos ligamentos cruzados,2014-07-24,2015-03-06,226.0,22.0,226067,felipe-dorta,2015-03-06,True
13/14,Problemas no Joelho,2014-04-02,2014-04-07,6.0,1.0,226067,felipe-dorta,2014-04-07,False
13/14,Queixas adutores,2014-02-24,2014-03-01,6.0,1.0,226067,felipe-dorta,2014-03-01,False
13/14,Lesão do ligamento cruzado,2013-09-25,2013-12-31,98.0,9.0,226067,felipe-dorta,2013-12-31,True
12/13,Rotura dos ligamentos cruzados,2012-11-29,2013-06-30,214.0,18.0,226067,felipe-dorta,2013-06-30,True
23/24,Lesão na coxa,2024-05-17,2024-05-28,12.0,2.0,448308,yago-cesar,2024-05-28,False
25/26,Lesão na coxa,2026-03-09,,11.0,3.0,406766,bruno-rodrigues,2026-03-20,False
23/24,Lesão no joelho,2024-01-26,2025-09-12,596.0,118.0,406766,bruno-rodrigues,2025-09-12,True
24/25,Lesão no cotovelo,2025-06-02,2025-07-26,55.0,4.0,670965,vitinho,2025-07-26,False
24/25,Fratura de um dedo,2025-04-30,2025-05-24,25.0,6.0,670965,vitinho,2025-05-24,False
21/22,Constipação,2022-01-23,2022-01-25,3.0,,670965,vitinho,2022-01-25,False
22/23,Lesão dos ligamentos laterais do joelho,2022-08-01,2023-06-01,305.0,56.0,114514,marcelo-cirino,2023-06-01,True
25/26,Vírus,2025-09-13,2025-09-20,8.0,1.0,148765,pablo,2025-09-20,False
25/26,Lesão na panturrilha,2025-07-08,2025-07-25,18.0,4.0,148765,pablo,2025-07-25,False
24/25,Lesão na panturrilha,2025-05-12,2025-05-24,13.0,1.0,148765,pablo,2025-05-24,False
24/25,Problemas musculares na coxa,2025-04-13,2025-05-02,20.0,3.0,148765,pablo,2025-05-02,False
24/25,Lesão no joelho,2024-09-20,2024-09-25,6.0,1.0,148765,pablo,2024-09-25,False
24/25,Lesão na coxa,2024-08-12,2024-09-10,30.0,6.0,148765,pablo,2024-09-10,False
25/26,Lesão na anca,2025-08-23,2026-01-31,162.0,9.0,423839,ribamar,2026-01-31,True
20/21,Coronavírus,2020-11-13,2020-11-30,18.0,4.0,423839,ribamar,2020-11-30,False
19/20,Fratura do tornozelo,2019-07-10,2019-09-05,58.0,8.0,423839,ribamar,2019-09-05,False
18/19,Constipação,2019-05-10,2019-06-05,27.0,4.0,423839,ribamar,2019-06-05,False
18/19,Lesão muscular,2019-05-10,2019-06-05,27.0,4.0,423839,ribamar,2019-06-05,False
18/19,Lesão muscular,2018-12-15,2019-04-25,132.0,4.0,423839,ribamar,2019-04-25,True
16/17,Recuperação ritmo competitivo,2016-11-06,2017-01-11,67.0,6.0,423839,ribamar,2017-01-11,True
16/17,Rotura num tendão,2016-09-05,2016-11-05,62.0,9.0,423839,ribamar,2016-11-05,True
16/17,Recuperação ritmo competitivo,2016-07-29,2016-09-01,35.0,4.0,423839,ribamar,2016-09-01,False
16/17,Lesão muscular,2016-07-14,2016-07-28,15.0,3.0,423839,ribamar,2016-07-28,False
18/19,Rotura de ligamentos no joelho,2019-04-05,2020-01-15,286.0,46.0,76470,ederson,2020-01-15,True
22/23,Braço fraturado,2023-04-10,2023-04-25,16.0,4.0,371009,rony,2023-04-25,False
20/21,Coronavírus,2020-11-20,2020-11-28,9.0,1.0,371009,rony,2020-11-28,False
24/25,lesão no braço,2024-08-10,2024-08-31,22.0,3.0,373300,cryzan,2024-08-31,False
21/22,Coronavírus,2021-08-10,2021-08-21,12.0,3.0,373300,cryzan,2021-08-21,False
20/21,Lesão muscular,2020-10-12,2020-12-10,60.0,7.0,373300,cryzan,2020-12-10,True
17/18,Lesão desconhecida,2017-05-17,2017-06-14,29.0,6.0,135061,bergson,2017-06-14,False
17/18,Lesão desconhecida,2017-03-30,2017-04-08,10.0,2.0,135061,bergson,2017-04-08,False
22/23,Lesão desconhecida,2022-08-03,2022-08-17,15.0,2.0,424676,juninho,2022-08-17,False
21/22,Lesão desconhecida,2021-10-16,2022-01-12,89.0,8.0,424676,juninho,2022-01-12,True
20/21,Lesão desconhecida,2021-01-20,2021-03-09,49.0,7.0,424676,juninho,2021-03-09,False
24/25,Lesão no tornozelo,2025-04-21,2025-05-04,14.0,1.0,585876,gabriel-taliari,2025-05-04,False
24/25,Entorse do tornozelo,2025-04-13,2025-04-19,7.0,1.0,585876,gabriel-taliari,2025-04-19,False
24/25,Problemas no Joelho,2024-08-15,2024-10-19,66.0,10.0,585876,gabriel-taliari,2024-10-19,True
23/24,Artroscopia,2024-01-18,2024-06-10,145.0,24.0,585876,gabriel-taliari,2024-06-10,True
18/19,Fratura do antebraço,2018-10-15,2019-01-03,81.0,9.0,55304,magrao,2019-01-03,True
17/18,Traumatismo no joelho,2018-04-08,2018-05-09,32.0,4.0,55304,magrao,2018-05-09,False
14/15,Lesão no ombro,2015-05-18,2015-08-18,93.0,19.0,55304,magrao,2015-08-18,True
23/24,Problemas no Joelho,2023-09-16,2023-09-25,10.0,1.0,273250,luan-polli,2023-09-25,False
24/25,Lesão desconhecida,2025-02-20,2025-06-30,131.0,18.0,515496,mailson,2025-06-30,True
24/25,Lesão muscular,2025-01-17,2025-02-09,24.0,4.0,515496,mailson,2025-02-09,False
19/20,Edema no joelho,2019-10-16,2019-12-31,77.0,9.0,515496,mailson,2019-12-31,True
18/19,Fratura no pé,2018-07-20,2018-07-31,12.0,3.0,53755,ernando,2018-07-31,False
18/19,Problemas no Joelho,2019-04-14,2019-05-21,38.0,5.0,124543,ronaldo-alves,2019-05-21,False
14/15,lesão na perna,2015-06-04,2015-06-25,22.0,3.0,124543,ronaldo-alves,2015-06-25,False
18/19,Calcanhar de Aquiles,2018-07-15,2018-07-30,16.0,4.0,32808,durval,2018-07-30,False
17/18,Problemas físicos,2018-04-14,2018-05-14,31.0,5.0,32808,durval,2018-05-14,False
24/25,Pequena lesão,2025-05-24,2025-05-29,6.0,1.0,373433,adryelson,2025-05-29,False
24/25,Lesão no pé,2025-04-12,2025-05-02,21.0,4.0,373433,adryelson,2025-05-02,False
19/20,Pubalgia,2019-11-19,2019-12-31,43.0,2.0,373433,adryelson,2019-12-31,False
19/20,Lesão no pé,2019-08-01,2019-08-03,3.0,1.0,373433,adryelson,2019-08-03,False
25/26,Entorse do tornozelo,2025-10-30,2025-11-28,30.0,7.0,374136,leo-ortiz,2025-11-28,False
25/26,Problemas na tibiotársica,2025-10-23,2025-10-27,5.0,1.0,374136,leo-ortiz,2025-10-27,False
22/23,Rotura dos ligamentos cruzados,2022-10-03,2023-07-14,285.0,45.0,374136,leo-ortiz,2023-07-14,True
19/20,Lesão na coxa,2019-10-10,2019-11-10,32.0,7.0,443611,capa,2019-11-10,False
23/24,Lesão na coxa,2023-08-01,2023-10-02,63.0,9.0,353722,sander,2023-10-02,True
19/20,Problemas musculares,2019-11-11,2019-11-16,6.0,1.0,353722,sander,2019-11-16,False
19/20,Corte,2019-08-22,2019-09-06,16.0,3.0,353722,sander,2019-09-06,False
19/20,Lesão no cotovelo,2019-07-17,2019-08-15,30.0,5.0,353722,sander,2019-08-15,False
18/19,Edema do osso,2019-04-24,2019-05-15,22.0,3.0,353722,sander,2019-05-15,False
18/19,Lesão no pé,2018-10-28,2018-12-10,44.0,7.0,353722,sander,2018-12-10,False
22/23,Lesão no pé,2022-09-25,2022-10-15,21.0,4.0,347283,raul-prata,2022-10-15,False
18/19,Entorse no joelho,2018-08-15,2018-09-07,24.0,5.0,347283,raul-prata,2018-09-07,False
17/18,Doente,2018-05-06,2018-05-14,9.0,2.0,347283,raul-prata,2018-05-14,False
17/18,Lesão muscular,2017-10-21,2017-11-03,14.0,3.0,347283,raul-prata,2017-11-03,False
14/15,Operado ao joelho,2015-06-08,2015-07-08,31.0,5.0,347283,raul-prata,2015-07-08,False
14/15,Rotura dos ligamentos cruzados,2014-07-29,2015-01-31,187.0,25.0,347283,raul-prata,2015-01-31,True
25/26,Lesão na anca,2026-01-26,2026-03-12,46.0,6.0,114341,anselmo,2026-03-12,False
25/26,Problemas na virilha,2025-12-21,2026-01-02,13.0,1.0,114341,anselmo,2026-01-02,False
25/26,Recuperação ritmo competitivo,2025-09-06,2025-12-03,89.0,6.0,114341,anselmo,2025-12-03,True
12/13,Rotura muscular,2012-11-08,2012-12-11,34.0,5.0,114341,anselmo,2012-12-11,False
12/13,Fratura da rótula,2012-10-19,2012-10-30,12.0,2.0,114341,anselmo,2012-10-30,False
18/19,Lesão na coxa,2019-04-29,2019-06-06,39.0,5.0,328758,ronaldo-henrique,2019-06-06,False
22/23,Contusão no tornozelo,2022-09-25,2022-12-31,98.0,7.0,329843,neto-moura,2022-12-31,True
25/26,Lesão do ligamento cruzado,2025-09-01,,200.0,38.0,239294,jair,2026-03-20,True
23/24,Lesão do ligamento cruzado,2024-02-05,2024-10-23,262.0,46.0,239294,jair,2024-10-23,True
24/25,Lesão no joelho,2024-07-05,2024-07-30,26.0,6.0,612162,jadsom,2024-07-30,False
20/21,Coronavírus,2020-11-14,2020-11-30,17.0,4.0,31127,fellipe-bastos,2020-11-30,False
23/24,Rotura dos ligamentos cruzados,2023-07-29,2024-06-30,338.0,15.0,520380,jean-carlos,2024-06-30,True
21/22,Cirurgia Ligamento Cruzado,2022-05-22,2023-06-30,405.0,38.0,520380,jean-carlos,2023-06-30,True
18/19,Lesão no pé,2018-10-28,2018-11-16,20.0,3.0,231039,marlone,2018-11-16,False
25/26,Probleme im Fußgewölbe,2026-02-09,2026-03-03,23.0,5.0,174570,gabriel,2026-03-03,False
25/26,Problemas musculares na coxa,2025-10-16,2025-10-31,16.0,2.0,174570,gabriel,2025-10-31,False
25/26,Lesão na coxa,2025-08-10,2025-09-20,42.0,5.0,174570,gabriel,2025-09-20,False
24/25,Lesão muscular,2025-04-17,2025-04-25,9.0,1.0,174570,gabriel,2025-04-25,False
24/25,Lesão desconhecida,2025-03-03,2025-04-05,34.0,1.0,174570,gabriel,2025-04-05,False
18/19,Lesão muscular,2018-09-07,2018-09-25,19.0,3.0,174570,gabriel,2018-09-25,False
17/18,Lesão na coxa,2018-04-26,2018-04-30,5.0,1.0,174570,gabriel,2018-04-30,False
18/19,Lesão muscular,2018-05-06,2018-05-21,16.0,3.0,181775,andrigo,2018-05-21,False
22/23,Fratura da mão,2023-04-24,2023-08-11,110.0,5.0,635807,marlon,2023-08-11,True
18/19,Lesão muscular,2018-11-17,2018-11-29,13.0,3.0,175256,rogerio,2018-11-29,False
18/19,Lesão muscular,2018-09-25,2018-10-16,22.0,3.0,175256,rogerio,2018-10-16,False
18/19,Lesão muscular,2018-07-28,2018-08-07,11.0,2.0,175256,rogerio,2018-08-07,False
22/23,Lesão no joelho,2022-12-04,2023-01-04,32.0,4.0,268093,reinaldo-lenis,2023-01-04,False
20/21,Muskelbündelriss,2021-01-25,2021-02-17,24.0,1.0,268093,reinaldo-lenis,2021-02-17,False
21/22,Lesão na coxa,2021-11-17,2021-12-05,19.0,3.0,270414,leandro-pereira,2021-12-05,False
21/22,Lesão na coxa,2021-09-11,2021-11-08,59.0,10.0,270414,leandro-pereira,2021-11-08,False
19/20,Rotura muscular na coxa,2019-09-07,2019-10-20,44.0,6.0,270414,leandro-pereira,2019-10-20,False
18/19,Lumbago,2019-02-20,2019-03-10,19.0,4.0,270414,leandro-pereira,2019-03-10,False
23/24,Lesão desconhecida,2023-08-15,2023-10-13,60.0,8.0,436833,felipe-rodrigues,2023-10-13,True
22/23,Lesão desconhecida,2023-05-04,2023-05-26,23.0,4.0,436833,felipe-rodrigues,2023-05-26,False
20/21,Lesão muscular,2021-02-20,2021-05-10,80.0,14.0,432938,juninho,2021-05-10,True
19/20,Problemas nas costas,2019-09-09,2019-10-10,32.0,6.0,432938,juninho,2019-10-10,False
22/23,Entorse do tornozelo,2022-10-24,2023-02-08,108.0,9.0,642689,mikael,2023-02-08,True
21/22,Lesão desconhecida,2022-05-21,2022-05-26,6.0,1.0,642689,mikael,2022-05-26,False
22/23,Entorse do tornozelo,2022-09-05,2023-04-01,209.0,24.0,518361,matheus-peixoto,2023-04-01,True
21/22,lesão no braço,2021-10-05,2022-05-31,239.0,27.0,584630,fernando-castro,2022-05-31,True
14/15,Lesão na coxa,2015-06-09,2015-06-30,22.0,3.0,193135,jackson,2015-06-30,False
19/20,Problemas físicos,2020-02-07,2020-02-17,11.0,2.0,210146,douglas-grolli,2020-02-17,False
19/20,Lesão desconhecida,2019-08-01,2019-09-10,41.0,5.0,210146,douglas-grolli,2019-09-10,False
17/18,Lesão na coxa,2017-11-06,2017-11-09,4.0,1.0,203060,lucas-fonseca,2017-11-09,False
25/26,Lesão desconhecida,2026-02-16,2026-02-26,11.0,1.0,410158,rodrigo-becao,2026-02-26,False
25/26,Recuperação ritmo competitivo,2026-01-15,2026-01-19,5.0,1.0,410158,rodrigo-becao,2026-01-19,False
25/26,Recuperação ritmo competitivo,2025-08-21,2025-09-01,12.0,3.0,410158,rodrigo-becao,2025-09-01,False
24/25,Rotura dos ligamentos cruzados,2024-12-15,2025-08-21,250.0,35.0,410158,rodrigo-becao,2025-08-21,True
23/24,Ruptura muscular,2024-03-02,2024-03-25,24.0,4.0,410158,rodrigo-becao,2024-03-25,False
23/24,Recuperação ritmo competitivo,2024-01-22,2024-02-18,28.0,6.0,410158,rodrigo-becao,2024-02-18,False
23/24,Rotura num tendão,2023-10-29,2024-01-22,86.0,15.0,410158,rodrigo-becao,2024-01-22,True
23/24,Lesão desconhecida,2023-08-13,2023-08-22,10.0,2.0,410158,rodrigo-becao,2023-08-22,False
22/23,Problemas musculares,2022-10-16,2022-12-21,67.0,6.0,410158,rodrigo-becao,2022-12-21,True
22/23,Lesão desconhecida,2022-10-09,2022-10-11,3.0,1.0,410158,rodrigo-becao,2022-10-11,False
21/22,Problemas musculares,2021-12-02,2021-12-10,9.0,1.0,410158,rodrigo-becao,2021-12-10,False
19/20,Fadiga muscular,2020-07-31,2020-08-10,11.0,1.0,410158,rodrigo-becao,2020-08-10,False
19/20,Fadiga muscular,2019-10-02,2019-10-17,16.0,1.0,410158,rodrigo-becao,2019-10-17,False
18/19,lesão na perna,2019-04-20,2019-04-27,8.0,1.0,410158,rodrigo-becao,2019-04-27,False
25/26,Lesão no joelho,2025-07-24,2025-08-27,35.0,9.0,624291,ignacio,2025-08-27,False
24/25,Problemas no Joelho,2024-10-27,2025-01-14,80.0,8.0,624291,ignacio,2025-01-14,True
24/25,Lesão meniscal,2024-08-18,2024-10-16,60.0,9.0,624291,ignacio,2024-10-16,True
24/25,Lesão no tornozelo,2025-06-24,2025-07-29,36.0,3.0,113999,eugenio-mena,2025-07-29,False
24/25,Problemas no tendão de Aquiles,2025-02-13,2025-03-02,18.0,3.0,113999,eugenio-mena,2025-03-02,False
23/24,Fratura da tíbia e do perónio,2023-08-26,2024-01-17,145.0,14.0,113999,eugenio-mena,2024-01-17,True
21/22,Rotura muscular na coxa,2022-02-14,2022-03-17,32.0,5.0,113999,eugenio-mena,2022-03-17,False
21/22,Muskelbündelriss,2021-11-17,2021-12-15,29.0,7.0,113999,eugenio-mena,2021-12-15,False
21/22,Muskelbündelriss,2021-09-27,2021-10-17,21.0,6.0,113999,eugenio-mena,2021-10-17,False
18/19,Operação ao pé,2019-06-08,2019-08-19,73.0,10.0,113999,eugenio-mena,2019-08-19,True
18/19,Lesão no calcanhar,2019-04-03,2019-05-26,54.0,5.0,113999,eugenio-mena,2019-05-26,False
18/19,Problemas de calcanhares,2019-02-17,2019-02-26,10.0,2.0,113999,eugenio-mena,2019-02-26,False
18/19,Problemas na tibiotársica,2018-10-23,2018-11-09,18.0,2.0,113999,eugenio-mena,2018-11-09,False
15/16,Muskelbündelriss,2016-06-08,2016-07-04,27.0,12.0,113999,eugenio-mena,2016-07-04,False
12/13,Problemas musculares na coxa,2013-03-06,2013-03-14,9.0,2.0,113999,eugenio-mena,2013-03-14,False
12/13,Muskelbündelriss,2013-02-02,2013-02-28,27.0,7.0,113999,eugenio-mena,2013-02-28,False
25/26,Doente,2026-02-15,2026-02-16,2.0,1.0,520492,paulinho,2026-02-16,False
25/26,Lesão desconhecida,2026-01-15,2026-02-07,24.0,2.0,520492,paulinho,2026-02-07,False
24/25,Operação,2024-07-25,2024-10-05,73.0,17.0,520492,paulinho,2024-10-05,True
19/20,lesão na perna,2019-07-21,2019-09-01,43.0,5.0,520492,paulinho,2019-09-01,False
24/25,Lesão na coxa,2025-01-27,2025-06-22,147.0,32.0,603423,mayk,2025-06-22,True
24/25,Problemas musculares,2024-08-05,2024-09-14,41.0,7.0,603423,mayk,2024-09-14,False
23/24,Lesão muscular,2024-04-10,2024-05-31,52.0,7.0,603423,mayk,2024-05-31,False
25/26,Lesão muscular,2026-02-28,,20.0,4.0,342024,joao-pedro,2026-03-20,False
25/26,Lesão no ombro,2025-09-22,2026-01-09,110.0,15.0,342024,joao-pedro,2026-01-09,True
24/25,Operação ao tornozelo,2025-05-26,2025-09-12,110.0,14.0,342024,joao-pedro,2025-09-12,True
22/23,Problemas musculares,2023-04-29,2023-05-22,24.0,6.0,342024,joao-pedro,2023-05-22,False
18/19,Lesão desconhecida,2018-12-23,2019-01-27,36.0,6.0,342024,joao-pedro,2019-01-27,False
24/25,Lesão nos adutores,2024-09-02,2024-10-25,54.0,5.0,544464,willean-lepo,2024-10-25,False
24/25,Problemas no Joelho,2024-07-28,2024-08-10,14.0,1.0,544464,willean-lepo,2024-08-10,False
19/20,Fratura na face,2019-08-06,2019-09-20,46.0,6.0,56676,nilton,2019-09-20,False
19/20,Lesão muscular,2019-08-15,2019-08-24,10.0,2.0,103146,edson,2019-08-24,False
22/23,Problemas musculares na coxa,2022-11-06,2023-03-09,124.0,11.0,128823,elton,2023-03-09,True
19/20,Problemas no Joelho,2019-07-16,2019-08-21,37.0,5.0,128823,elton,2019-08-21,False
14/15,lesão na perna,2014-08-24,2015-07-10,321.0,53.0,128823,elton,2015-07-10,True
25/26,Lesão muscular,2025-09-11,2025-09-22,12.0,1.0,546036,gregore,2025-09-22,False
22/23,Fratura no pé,2023-03-13,2023-10-13,215.0,42.0,546036,gregore,2023-10-13,True
25/26,Lesão na coxa,2026-03-09,,11.0,3.0,225432,ze-rafael,2026-03-20,False
25/26,Tendinite,2026-02-05,2026-02-21,17.0,3.0,225432,ze-rafael,2026-02-21,False
24/25,Lesão na coluna,2025-01-01,2025-05-11,131.0,22.0,225432,ze-rafael,2025-05-11,True
24/25,Lesão na coxa,2024-07-03,2024-07-16,14.0,3.0,225432,ze-rafael,2024-07-16,False
23/24,Problemas na zona lombar,2024-04-08,2024-05-04,27.0,7.0,225432,ze-rafael,2024-05-04,False
24/25,Lesão muscular,2024-12-07,2025-06-16,192.0,28.0,373191,flavio,2025-06-16,True
22/23,Recuperação ritmo competitivo,2023-03-26,2023-04-10,16.0,2.0,373191,flavio,2023-04-10,False
22/23,Rotura dos ligamentos cruzados,2022-10-02,2023-03-26,176.0,17.0,373191,flavio,2023-03-26,True
21/22,Lesão desconhecida,2022-03-14,2022-03-31,18.0,1.0,373191,flavio,2022-03-31,False
21/22,Lesão desconhecida,2022-02-04,2022-02-11,8.0,,373191,flavio,2022-02-11,False
20/21,Estiramento do ligamento colateral interno do joelho,2021-05-08,2021-06-19,43.0,2.0,373191,flavio,2021-06-19,False
25/26,Lesão na coxa,2025-11-03,2025-12-02,30.0,5.0,614328,eric-ramires,2025-12-02,False
24/25,Lesão na coxa,2024-10-27,2024-12-07,42.0,6.0,614328,eric-ramires,2024-12-07,False
24/25,Lesão na panturrilha,2024-08-11,2024-09-28,49.0,9.0,614328,eric-ramires,2024-09-28,False
23/24,Lesão na coxa,2024-01-19,2024-02-19,32.0,9.0,614328,eric-ramires,2024-02-19,False
22/23,Lesão na coxa,2022-10-23,2023-02-23,124.0,14.0,614328,eric-ramires,2023-02-23,True
19/20,Coronavírus,2020-08-19,2020-09-21,34.0,5.0,614328,eric-ramires,2020-09-21,False
19/20,Lesão desconhecida,2020-07-23,2020-08-08,17.0,4.0,614328,eric-ramires,2020-08-08,False
19/20,Lesão na coxa,2019-10-04,2020-01-29,118.0,15.0,614328,eric-ramires,2020-01-29,True
14/15,Operado ao joelho,2015-04-03,2015-08-25,145.0,31.0,189411,agustin-allione,2015-08-25,True
23/24,Lesão desconhecida,2024-04-22,2024-06-30,70.0,7.0,106281,vina,2024-06-30,True
14/15,Lesão no pé,2015-06-29,2015-08-18,51.0,10.0,106281,vina,2015-08-18,False
21/22,Lesão na virilha,2022-05-08,2022-06-02,26.0,6.0,201792,elber,2022-06-02,False
14/15,Lesão meniscal,2015-06-04,2015-07-19,46.0,9.0,201792,elber,2015-07-19,False
22/23,Lesão desconhecida,2022-09-30,2022-12-31,93.0,6.0,55378,kayke,2022-12-31,True
12/13,Meniskusschaden,2012-06-29,2012-08-14,47.0,5.0,55378,kayke,2012-08-14,False
10/11,Lesão desconhecida,2011-04-25,2011-05-11,17.0,2.0,55378,kayke,2011-05-11,False
23/24,Lesão na coxa,2023-06-18,2023-10-29,134.0,19.0,189612,edigar-junio,2023-10-29,True
19/20,Lesão no tornozelo,2019-07-21,2019-11-16,119.0,13.0,189612,edigar-junio,2019-11-16,True
18/19,Lesão na coxa,2019-04-06,2019-05-09,34.0,7.0,189612,edigar-junio,2019-05-09,False
25/26,Problemas musculares,2025-11-03,,137.0,9.0,164013,gilberto,2026-03-20,True
25/26,Lesão na coxa,2025-08-12,2025-09-13,33.0,4.0,164013,gilberto,2025-09-13,False
24/25,Lesão na coxa,2025-01-26,2025-04-15,80.0,12.0,164013,gilberto,2025-04-15,True
24/25,Lesão na panturrilha,2024-08-12,2024-09-04,24.0,5.0,164013,gilberto,2024-09-04,False
23/24,Lesão muscular,2024-04-15,2024-05-30,46.0,3.0,164013,gilberto,2024-05-30,False
17/18,Recuperação ritmo competitivo,2018-01-31,2018-02-04,5.0,1.0,164013,gilberto,2018-02-04,False
15/16,Distensão da panturrilha,2016-03-07,2016-03-15,9.0,1.0,164013,gilberto,2016-03-15,False
15/16,Rotura muscular na coxa,2015-08-14,2015-08-20,7.0,1.0,164013,gilberto,2015-08-20,False
25/26,Lesão meniscal,2026-01-31,,48.0,3.0,380146,mario-sergio,2026-03-20,False
24/25,Lesão muscular,2025-05-15,2025-07-25,72.0,6.0,524590,junior-brumado,2025-07-25,True
22/23,Lesão muscular,2022-08-29,2023-01-31,156.0,18.0,524590,junior-brumado,2023-01-31,True
21/22,Lesão no joelho,2022-05-12,2022-06-30,50.0,3.0,524590,junior-brumado,2022-06-30,False
21/22,Lesão tornozelo,2021-10-14,2021-11-18,36.0,6.0,524590,junior-brumado,2021-11-18,False
20/21,Lesão tornozelo,2020-10-08,2021-03-25,169.0,28.0,524590,junior-brumado,2021-03-25,True
25/26,Lesão muscular,2025-09-02,2025-10-20,49.0,9.0,189425,guillermo-de-amores,2025-10-20,False
25/26,Problemas musculares,2025-06-27,2025-08-07,42.0,6.0,189425,guillermo-de-amores,2025-08-07,False
24/25,Lesão muscular,2025-05-30,2025-06-16,18.0,3.0,189425,guillermo-de-amores,2025-06-16,False
23/24,Sehnenanriss,2024-05-10,2024-07-10,62.0,10.0,189425,guillermo-de-amores,2024-07-10,True
24/25,Problemas musculares,2024-01-31,2024-02-05,6.0,,189425,guillermo-de-amores,2024-02-05,False
24/25,Lesão na cabeça,2024-12-04,2024-12-09,6.0,1.0,283166,marcos-felipe,2024-12-09,False
22/23,Problemas no Joelho,2022-09-13,,1284.0,12.0,64870,renato-chaves,2026-03-20,True
19/20,Lesão no tornozelo,2020-01-14,2020-07-01,170.0,12.0,222468,nathan-otavio,2020-07-01,True
18/19,Lesão no tornozelo,2018-09-15,2018-09-26,12.0,2.0,222468,nathan-otavio,2018-09-26,False
25/26,Lesão no pé,2025-08-05,2025-08-16,12.0,1.0,347913,luan-peres,2025-08-16,False
23/24,Operado ao joelho,2023-10-04,2024-05-13,223.0,42.0,347913,luan-peres,2024-05-13,True
23/24,Lesão desconhecida,2023-08-20,2023-09-04,16.0,4.0,347913,luan-peres,2023-09-04,False
22/23,Recuperação ritmo competitivo,2023-04-11,2023-04-20,10.0,2.0,347913,luan-peres,2023-04-20,False
22/23,Lesão desconhecida,2023-02-24,2023-04-11,47.0,8.0,347913,luan-peres,2023-04-11,False
22/23,Recuperação ritmo competitivo,2022-12-16,2023-01-04,20.0,4.0,347913,luan-peres,2023-01-04,False
22/23,Lesão no joelho,2022-09-15,2022-12-16,93.0,12.0,347913,luan-peres,2022-12-16,True
21/22,Problemas físicos,2022-02-12,2022-02-16,5.0,1.0,347913,luan-peres,2022-02-16,False
20/21,Coronavírus,2020-11-05,2020-11-19,15.0,,347913,luan-peres,2020-11-19,False
22/23,Lesão no ombro,2022-07-15,2022-08-02,19.0,4.0,330031,paulo-ricardo,2022-08-02,False
17/18,Lesão desconhecida,2018-02-21,2018-03-08,16.0,2.0,330031,paulo-ricardo,2018-03-08,False
17/18,Lesão desconhecida,2017-09-07,2017-09-13,7.0,1.0,330031,paulo-ricardo,2017-09-13,False
16/17,Lesão desconhecida,2016-11-03,2016-11-25,23.0,1.0,330031,paulo-ricardo,2016-11-25,False
20/21,Coronavírus,2021-01-02,2021-01-12,11.0,2.0,187211,ygor-nogueira,2021-01-12,False
19/20,Lesão desconhecida,2020-01-07,2020-02-04,29.0,4.0,187211,ygor-nogueira,2020-02-04,False
22/23,Lesão no calcanhar,2023-03-05,2023-03-10,6.0,1.0,524481,roger-ibanez,2023-03-10,False
22/23,Lesão desconhecida,2022-10-27,2022-10-30,4.0,1.0,524481,roger-ibanez,2022-10-30,False
21/22,Ferimento da banda lateral,2022-02-08,2022-02-26,19.0,2.0,524481,roger-ibanez,2022-02-26,False
20/21,Problemas musculares,2021-02-18,2021-03-10,21.0,5.0,524481,roger-ibanez,2021-03-10,False
20/21,Problemas musculares,2020-11-22,2020-11-28,7.0,1.0,524481,roger-ibanez,2020-11-28,False
19/20,Queixas adutores,2020-07-20,2020-07-27,8.0,2.0,524481,roger-ibanez,2020-07-27,False
23/24,Fratura do tornozelo,2023-09-07,2024-04-19,226.0,32.0,628223,alex,2024-04-19,True
22/23,Problemas musculares na coxa,2022-11-03,2023-01-01,60.0,3.0,628223,alex,2023-01-01,True
25/26,Vírus,2026-03-13,,7.0,1.0,406675,marlon,2026-03-20,False
24/25,Lesão no peito,2024-07-08,2024-07-21,14.0,3.0,406675,marlon,2024-07-21,False
22/23,Rotura do menisco lateral,2022-10-23,2022-12-02,41.0,5.0,406675,marlon,2022-12-02,False
22/23,Lesão desconhecida,2022-09-30,2022-10-14,15.0,2.0,406675,marlon,2022-10-14,False
20/21,Coronavírus,2021-02-17,2021-02-27,11.0,1.0,406675,marlon,2021-02-27,False
20/21,Lesão na coxa,2020-09-08,2020-09-22,15.0,2.0,406675,marlon,2020-09-22,False
19/20,Lesão no joelho,2019-12-07,2019-12-30,24.0,1.0,406675,marlon,2019-12-30,False
25/26,Pubalgia,2026-01-10,2026-01-27,18.0,5.0,349585,ayrton-lucas,2026-01-27,False
25/26,Lesão na tíbia,2025-07-13,2025-07-30,18.0,4.0,349585,ayrton-lucas,2025-07-30,False
23/24,Lesão na coxa,2024-05-29,2024-06-20,23.0,3.0,349585,ayrton-lucas,2024-06-20,False
21/22,Traumatismo no metatarso,2022-03-19,2022-03-31,13.0,,349585,ayrton-lucas,2022-03-31,False
20/21,Constipação,2020-11-09,2020-11-15,7.0,,349585,ayrton-lucas,2020-11-15,False
17/18,lesão na perna,2018-05-16,2018-06-08,24.0,5.0,349585,ayrton-lucas,2018-06-08,False
23/24,Gripe,2024-02-29,2024-03-05,6.0,1.0,503766,matheus-mascarenhas,2024-03-05,False
22/23,Lesão tornozelo,2022-05-10,2022-12-20,225.0,14.0,503766,matheus-mascarenhas,2022-12-20,True
21/22,Lesão muscular,2021-11-10,2021-12-01,22.0,,503766,matheus-mascarenhas,2021-12-01,False
21/22,Lesão muscular,2021-06-01,2021-08-20,81.0,21.0,503766,matheus-mascarenhas,2021-08-20,True
19/20,Operado ao joelho,2020-03-25,2021-03-01,342.0,34.0,503766,matheus-mascarenhas,2021-03-01,True
19/20,Tendinite,2019-09-24,2019-11-30,68.0,15.0,503766,matheus-mascarenhas,2019-11-30,True
25/26,Apendicite,2026-02-22,2026-03-23,30.0,6.0,231614,gilberto,2026-03-23,False
25/26,Problemas musculares na coxa,2025-10-26,2025-11-19,25.0,3.0,231614,gilberto,2025-11-19,False
25/26,Lesão muscular,2025-08-17,2025-09-02,17.0,4.0,231614,gilberto,2025-09-02,False
24/25,Lesão no joelho,2025-05-01,2025-05-17,17.0,4.0,231614,gilberto,2025-05-17,False
24/25,Problemas musculares na coxa,2024-08-05,2024-08-31,27.0,5.0,231614,gilberto,2024-08-31,False
22/23,Gripe,2023-01-09,2023-01-12,4.0,1.0,231614,gilberto,2023-01-12,False
21/22,Amigdalite,2022-02-01,2022-02-09,9.0,2.0,231614,gilberto,2022-02-09,False
20/21,Lesão muscular,2021-02-12,2021-02-16,5.0,1.0,231614,gilberto,2021-02-16,False
20/21,Coronavírus,2021-01-19,2021-01-27,9.0,2.0,231614,gilberto,2021-01-27,False
15/16,Lesão desconhecida,2015-09-29,2015-10-25,27.0,4.0,231614,gilberto,2015-10-25,False
25/26,Lesão desconhecida,2025-08-11,2025-10-26,77.0,8.0,223977,igor-juliao,2025-10-26,True
24/25,Problemas musculares na coxa,2025-04-03,2025-06-30,89.0,7.0,223977,igor-juliao,2025-06-30,True
23/24,Lesão na coxa,2024-04-12,2024-06-30,80.0,6.0,223977,igor-juliao,2024-06-30,True
23/24,Lesão desconhecida,2024-02-02,2024-02-07,6.0,1.0,223977,igor-juliao,2024-02-07,False
23/24,Lesão muscular,2022-07-21,2022-11-07,110.0,9.0,223977,igor-juliao,2022-11-07,True
24/25,Lesão no tornozelo,2025-05-05,2025-05-09,5.0,1.0,373174,dodi,2025-05-09,False
25/26,Lesão desconhecida,2025-07-27,2025-08-24,29.0,3.0,252900,willian-oliveira,2025-08-24,False
24/25,Lesão no joelho,2025-04-17,2025-07-07,82.0,11.0,252900,willian-oliveira,2025-07-07,True
24/25,Estiramento do ligamento colateral interno do joelho,2025-01-20,2025-01-31,12.0,2.0,252900,willian-oliveira,2025-01-31,False
17/18,lesão na perna,2017-09-01,2017-11-01,62.0,10.0,252900,willian-oliveira,2017-11-01,True
16/17,Lesão no pé,2016-09-20,2016-11-07,49.0,2.0,252900,willian-oliveira,2016-11-07,False
25/26,Traumatismo craniano,2025-08-04,2025-08-13,10.0,1.0,364972,marlon-freitas,2025-08-13,False
25/26,Problema nos flexores do quadril,2026-01-10,,69.0,18.0,530737,richard,2026-03-20,True
25/26,Problema nos flexores do quadril,2025-09-22,2025-11-01,41.0,7.0,530737,richard,2025-11-01,False
25/26,Traumatismo craniano,2025-08-07,2025-08-12,6.0,1.0,530737,richard,2025-08-12,False
24/25,Lesão desconhecida,2025-02-09,2025-02-28,20.0,3.0,530737,richard,2025-02-28,False
24/25,Lesão desconhecida,2025-01-03,2025-01-09,7.0,1.0,530737,richard,2025-01-09,False
23/24,Lesão muscular,2023-11-24,2023-11-27,4.0,1.0,530737,richard,2023-11-27,False
22/23,Lesão desconhecida,2022-10-17,2022-10-29,13.0,2.0,530737,richard,2022-10-29,False
24/25,Lesão na coxa,2024-08-26,2024-12-03,100.0,12.0,565443,caio-vinicius,2024-12-03,True
24/25,Lesão na coxa,2024-07-25,2024-08-18,25.0,3.0,565443,caio-vinicius,2024-08-18,False
24/25,Lesão na coxa,2024-07-05,2024-07-23,19.0,4.0,565443,caio-vinicius,2024-07-23,False
22/23,Lesão desconhecida,2022-11-06,2023-06-30,237.0,39.0,565443,caio-vinicius,2023-06-30,True
24/25,inflamação no joelho,2025-01-22,2025-05-22,121.0,20.0,600549,ze-ricardo,2025-05-22,True
13/14,Lesão desconhecida,2014-01-25,2014-01-31,7.0,1.0,205179,jadson,2014-01-31,False
18/19,Lesão no joelho,2018-08-01,2018-08-20,20.0,3.0,362790,luiz-fernando,2018-08-20,False
17/18,Lesão desconhecida,2018-03-01,2018-03-21,21.0,3.0,362790,luiz-fernando,2018-03-21,False
20/21,Lesão no bíceps femoral,2020-09-28,2020-11-09,43.0,8.0,351899,ramon,2020-11-09,False
20/21,Rotura muscular na coxa,2021-03-28,2021-04-07,11.0,2.0,218115,marcos-junior,2021-04-07,False
24/25,Meniskuseinriss,2024-10-28,2025-01-13,78.0,6.0,189488,junior-sornoza,2025-01-13,True
23/24,Muskelbündelriss,2024-04-11,2024-06-06,57.0,12.0,189488,junior-sornoza,2024-06-06,False
22/23,Fibra muscular rasgado,2023-05-03,2023-05-19,17.0,2.0,189488,junior-sornoza,2023-05-19,False
16/17,Achillessehnenanriss,2017-05-21,2017-08-25,97.0,24.0,189488,junior-sornoza,2017-08-25,True
13/14,lesão na perna,2013-11-28,2014-01-08,42.0,2.0,189488,junior-sornoza,2014-01-08,False
21/22,Rotura dos ligamentos cruzados,2021-11-01,2022-06-30,242.0,36.0,312735,bryan-cabezas,2022-06-30,True
16/17,Lesão na coxa,2016-11-05,2016-12-09,35.0,5.0,312735,bryan-cabezas,2016-12-09,False
17/18,Rotura de ligamentos no joelho,2017-08-31,2018-10-07,403.0,71.0,341120,marcos-calazans,2018-10-07,True
24/25,Problemas musculares,2024-07-28,2024-08-18,22.0,2.0,388397,everaldo,2024-08-18,False
23/24,Lesão na coxa,2024-02-13,2024-07-06,145.0,29.0,388397,everaldo,2024-07-06,True
21/22,Problemas musculares,2021-11-09,2022-01-31,84.0,9.0,388397,everaldo,2022-01-31,True
21/22,Lesão na coxa,2021-10-19,2021-11-03,16.0,3.0,388397,everaldo,2021-11-03,False
23/24,Cirurgia Ligamento Cruzado,2023-09-04,2024-04-04,214.0,39.0,612496,marcos-paulo,2024-04-04,True
21/22,Lesão muscular,2021-07-28,2021-08-12,16.0,,612496,marcos-paulo,2021-08-12,False
20/21,Lesão desconhecida,2020-11-08,2020-11-27,20.0,1.0,165544,felipe-amorim,2020-11-27,False
25/26,Problemas musculares na coxa,2025-11-24,2025-12-01,8.0,1.0,223560,luciano,2025-12-01,False
23/24,Lesão na coxa,2023-07-05,2023-07-10,6.0,1.0,223560,luciano,2023-07-10,False
21/22,Doente,2021-11-20,2021-12-05,16.0,3.0,223560,luciano,2021-12-05,False
20/21,Lesão muscular,2021-06-21,2021-08-16,57.0,16.0,223560,luciano,2021-08-16,False
20/21,Recuperação ritmo competitivo,2020-12-28,2021-01-21,25.0,4.0,223560,luciano,2021-01-21,False
20/21,Lesão muscular,2020-12-13,2020-12-24,12.0,1.0,223560,luciano,2020-12-24,False
20/21,Lesão na coxa,2020-08-12,2020-08-20,9.0,2.0,223560,luciano,2020-08-20,False
18/19,Lesão na coxa,2018-08-18,2018-09-02,16.0,3.0,223560,luciano,2018-09-02,False
17/18,Rotura parcial de ligamento,2017-09-20,2018-07-25,309.0,27.0,223560,luciano,2018-07-25,True
15/16,Rotura parcial de ligamento,2015-08-19,2016-03-01,196.0,25.0,223560,luciano,2016-03-01,True
14/15,Problemas musculares na coxa,2015-05-08,2015-06-19,43.0,8.0,223560,luciano,2015-06-19,False
25/26,Fratura do antebraço,2025-10-23,2025-12-12,51.0,13.0,432895,pedro,2025-12-12,False
24/25,Recuperação ritmo competitivo,2025-03-26,2025-04-07,13.0,3.0,432895,pedro,2025-04-07,False
24/25,Rotura dos ligamentos cruzados,2024-09-04,2025-03-25,203.0,37.0,432895,pedro,2025-03-25,True
24/25,Lesão na coxa,2024-08-16,2024-08-31,16.0,4.0,432895,pedro,2024-08-31,False
22/23,Lesão na coxa,2023-05-12,2023-05-19,8.0,2.0,432895,pedro,2023-05-19,False
19/20,Problemas musculares na coxa,2019-08-12,2019-09-20,40.0,5.0,432895,pedro,2019-09-20,False
18/19,Rotura dos ligamentos cruzados,2018-08-25,2019-03-20,208.0,38.0,432895,pedro,2019-03-20,True
15/16,Operado ao joelho,2016-03-05,2016-04-30,57.0,4.0,264343,pablo-dyego,2016-04-30,False
25/26,Lesão desconhecida,2025-06-01,2025-08-11,72.0,6.0,518676,patrick-luan,2025-08-11,True
24/25,Lesão desconhecida,2024-08-31,2025-01-09,132.0,14.0,518676,patrick-luan,2025-01-09,True
22/23,Lesão desconhecida,2023-02-15,2023-03-01,15.0,2.0,518676,patrick-luan,2023-03-01,False
22/23,Lesão desconhecida,2022-10-27,2023-01-26,92.0,6.0,518676,patrick-luan,2023-01-26,True
20/21,Lesão desconhecida,2021-04-07,2021-04-28,22.0,6.0,518676,patrick-luan,2021-04-28,False
20/21,Lesão desconhecida,2020-11-23,2021-01-01,40.0,8.0,518676,patrick-luan,2021-01-01,False
19/20,Lesão desconhecida,2020-07-01,2020-07-31,31.0,8.0,518676,patrick-luan,2020-07-31,False
19/20,Lesão na coxa,2019-08-01,2019-10-09,70.0,10.0,518676,patrick-luan,2019-10-09,True
22/23,Lesão desconhecida,2022-09-03,2022-10-15,43.0,5.0,550179,joao-carlos,2022-10-15,False
25/26,Problemas na panturrilha,2025-10-17,2025-10-31,15.0,2.0,711337,evanilson,2025-10-31,False
24/25,Fratura no pé,2025-01-04,2025-02-20,48.0,7.0,711337,evanilson,2025-02-20,False
23/24,Lesão no tornozelo,2023-09-16,2023-10-03,18.0,3.0,711337,evanilson,2023-10-03,False
23/24,Lesão muscular,2023-08-06,2023-09-01,27.0,4.0,711337,evanilson,2023-09-01,False
22/23,Lesão desconhecida,2023-03-30,2023-04-12,14.0,1.0,711337,evanilson,2023-04-12,False
22/23,Lesão muscular,2023-02-23,2023-03-13,19.0,3.0,711337,evanilson,2023-03-13,False
22/23,Lesão desconhecida,2023-02-10,2023-02-20,11.0,2.0,711337,evanilson,2023-02-20,False
22/23,Lesão desconhecida,2022-12-22,2023-01-30,40.0,7.0,711337,evanilson,2023-01-30,False
20/21,Coronavírus,2021-01-17,2021-01-27,11.0,2.0,711337,evanilson,2021-01-27,False
20/21,Fadiga muscular,2020-09-25,2020-10-04,10.0,2.0,711337,evanilson,2020-10-04,False
24/25,Lesão desconhecida,2024-09-20,2024-10-26,37.0,4.0,594561,dudu-teodora,2024-10-26,False
21/22,Lesão no joelho,2021-06-14,2023-07-01,748.0,,432964,tiepo,2023-07-01,True
22/23,Lesão na mão,2023-05-10,2023-06-30,52.0,11.0,512344,jandrei,2023-06-30,False
22/23,Fratura,2022-07-28,2022-08-17,21.0,6.0,512344,jandrei,2022-08-17,False
22/23,Problemas nas costas,2022-07-17,2022-07-26,10.0,2.0,512344,jandrei,2022-07-26,False
20/21,Coronavírus,2020-11-24,2020-12-10,17.0,3.0,512344,jandrei,2020-12-10,False
21/22,Fratura do Metatarso,2021-11-06,2021-12-16,41.0,5.0,101304,douglas,2021-12-16,False
21/22,Lesão desconhecida,2021-09-13,2021-09-20,8.0,1.0,101304,douglas,2021-09-20,False
19/20,Lesão muscular,2019-07-30,2019-08-08,10.0,1.0,101304,douglas,2019-08-08,False
13/14,Lesão no joelho,2013-12-05,2014-01-04,31.0,1.0,101304,douglas,2014-01-04,False
13/14,Lesão desconhecida,2013-11-08,2013-12-02,25.0,3.0,101304,douglas,2013-12-02,False
13/14,Lesão desconhecida,2013-07-01,2013-08-26,57.0,8.0,101304,douglas,2013-08-26,False
16/17,Lesão na cabeça,2016-11-28,2019-12-13,1111.0,208.0,131787,neto,2019-12-13,True
08/09,Problemas musculares,2009-03-15,2009-06-15,93.0,12.0,58362,rafael-pereira,2009-06-15,True
24/25,Lesão na panturrilha,2025-01-15,2025-08-17,215.0,26.0,381032,luizao,2025-08-17,True
22/23,Problemas musculares na coxa,2022-08-30,2022-09-30,32.0,5.0,381032,luizao,2022-09-30,False
23/24,Fratura do nariz,2024-03-02,2024-03-05,4.0,,432773,fabricio-bruno,2024-03-05,False
21/22,Fratura de um dedo do pé,2022-03-30,2022-07-16,109.0,26.0,432773,fabricio-bruno,2022-07-16,True
25/26,Fratura da mão,2025-11-21,2026-02-07,79.0,12.0,435163,bruno-pacheco,2026-02-07,True
25/26,Lesão no tornozelo,2025-11-10,2025-11-19,10.0,1.0,435163,bruno-pacheco,2025-11-19,False
25/26,Problemas musculares na coxa,2025-10-03,2025-10-18,16.0,2.0,435163,bruno-pacheco,2025-10-18,False
25/26,Tendinite,2025-07-08,2025-07-25,18.0,3.0,435163,bruno-pacheco,2025-07-25,False
24/25,Tendinite,2024-11-23,2025-01-22,61.0,4.0,435163,bruno-pacheco,2025-01-22,True
24/25,Tendinite,2024-09-01,2024-09-28,28.0,5.0,435163,bruno-pacheco,2024-09-28,False
23/24,Lesão na mão,2024-02-16,2024-02-23,8.0,2.0,435163,bruno-pacheco,2024-02-23,False
22/23,Doente,2022-11-07,2022-11-11,5.0,1.0,435163,bruno-pacheco,2022-11-11,False
22/23,Problemas musculares,2022-09-19,2022-10-07,19.0,3.0,435163,bruno-pacheco,2022-10-07,False
17/18,Lesão no ombro,2017-10-30,2017-11-05,7.0,1.0,435163,bruno-pacheco,2017-11-05,False
13/14,Lesão na coxa,2013-10-16,2013-11-03,19.0,4.0,277361,vinicius-freitas,2013-11-03,False
13/14,Lesão no tornozelo,2013-08-09,2013-08-15,7.0,,277361,vinicius-freitas,2013-08-15,False
23/24,Fratura da mão,2024-04-10,2024-04-22,13.0,3.0,75080,alan-ruschel,2024-04-22,False
17/18,Problemas físicos,2017-08-08,2017-09-12,36.0,3.0,75080,alan-ruschel,2017-09-12,False
16/17,Lesão na coluna,2016-11-28,2017-07-31,246.0,55.0,75080,alan-ruschel,2017-07-31,True
15/16,Rotura dos ligamentos cruzados,2015-08-26,2016-08-01,342.0,61.0,75080,alan-ruschel,2016-08-01,True
22/23,Problemas musculares na coxa,2023-04-21,2023-05-26,36.0,10.0,53999,eduardo,2023-05-26,False
22/23,Lesão dos ligamentos laterais do joelho,2022-05-22,2023-01-01,225.0,30.0,524568,bryan-borges,2023-01-01,True
25/26,Lesão na panturrilha,2026-03-02,,19.0,3.0,594006,marcos-vinicius,2026-03-21,False
19/20,Lesão na coxa,2019-08-01,2019-09-09,40.0,8.0,594006,marcos-vinicius,2019-09-09,False
24/25,Lesão na coxa,2024-07-28,2024-08-30,34.0,5.0,348262,gustavo-barreto,2024-08-30,False
22/23,Rompimento do ligamento interior,2023-01-15,2023-03-07,52.0,6.0,348262,gustavo-barreto,2023-03-07,False
08/09,Rotura dos ligamentos cruzados,2008-07-01,2008-12-31,184.0,30.0,53788,amaral,2008-12-31,True
19/20,Lesão no tornozelo,2019-07-01,2019-08-22,53.0,6.0,54989,elicarlos,2019-08-22,False
22/23,Lesão meniscal,2023-01-03,2023-07-01,180.0,22.0,432958,lucas-mineiro,2023-07-01,True
21/22,Lesão meniscal,2022-01-20,2022-03-11,51.0,10.0,432958,lucas-mineiro,2022-03-11,False
25/26,Lesão no joelho,2026-01-22,,58.0,6.0,636667,khevin-fraga,2026-03-21,False
19/20,Lesão desconhecida,2019-12-14,2019-12-16,3.0,1.0,96255,hector-canteros,2019-12-16,False
19/20,Lesão desconhecida,2019-09-23,2019-10-26,34.0,4.0,96255,hector-canteros,2019-10-26,False
21/22,Lesão desconhecida,2021-07-23,2021-07-30,8.0,1.0,626102,regis,2021-07-30,False
24/25,Lesão nos adutores,2024-07-25,2024-08-09,16.0,2.0,224481,arthur-caike,2024-08-09,False
22/23,Lesão muscular,2023-06-09,2023-07-14,36.0,6.0,224481,arthur-caike,2023-07-14,False
17/18,Lesão muscular,2018-03-12,2018-03-26,15.0,1.0,203323,victor-andrade,2018-03-26,False
17/18,Lesão muscular,2018-01-25,2018-02-19,26.0,4.0,203323,victor-andrade,2018-02-19,False
16/17,Recuperação ritmo competitivo,2017-05-02,2017-08-28,119.0,10.0,203323,victor-andrade,2017-08-28,True
16/17,Rotura dos ligamentos cruzados,2016-10-26,2017-05-01,188.0,22.0,203323,victor-andrade,2017-05-01,True
22/23,Lesão desconhecida,2022-11-06,2022-12-31,56.0,1.0,146020,vinicius,2022-12-31,False
21/22,Lesão na coxa,2022-04-27,2022-05-27,31.0,4.0,146020,vinicius,2022-05-27,False
19/20,Lesão na coxa,2019-08-01,2019-08-06,6.0,1.0,146020,vinicius,2019-08-06,False
19/20,Lesão do ligamento cruzado,2019-09-25,2019-12-31,98.0,10.0,373194,osman,2019-12-31,True
19/20,Lesão desconhecida,2019-09-02,2019-09-24,23.0,2.0,432960,lourency,2019-09-24,False
17/18,Problemas físicos,2017-08-08,2017-08-22,15.0,2.0,432960,lourency,2017-08-22,False
25/26,Lesão no tornozelo,2025-07-24,2025-08-09,17.0,2.0,444920,guilherme,2025-08-09,False
24/25,Problema nos flexores do quadril,2025-05-02,2025-05-21,20.0,3.0,444920,guilherme,2025-05-21,False
23/24,Problemas musculares na coxa,2024-06-28,2024-07-14,17.0,2.0,444920,guilherme,2024-07-14,False
23/24,Lesão na coxa,2024-05-16,2024-06-13,29.0,4.0,444920,guilherme,2024-06-13,False
18/19,Problemas na zona lombar,2019-04-24,2019-05-01,8.0,1.0,444920,guilherme,2019-05-01,False
24/25,danos na cartilagem,2025-07-14,2025-10-14,93.0,14.0,564684,bruno-costa,2025-10-14,True
12/13,Lesão desconhecida,2012-08-01,2012-08-31,31.0,6.0,173274,junior-santos,2012-08-31,False
14/15,Entorse na tibiotársica,2015-05-06,2015-05-15,10.0,2.0,51716,wellington-paulista,2015-05-15,False
20/21,Lesão no joelho,2020-12-12,2021-04-28,138.0,23.0,617445,miullen,2021-04-28,True
08/09,Fibra muscular rasgado,2009-01-18,2009-03-12,54.0,11.0,27364,renan-brito,2009-03-12,False
19/20,Lesão na coxa,2019-08-05,2019-08-26,22.0,4.0,53371,fernando-henrique,2019-08-26,False
23/24,Fratura de um dedo,2024-06-24,2024-08-06,44.0,10.0,106032,everson,2024-08-06,False
22/23,Rotura do tendão rotuliano,2023-03-19,,1101.0,10.0,190705,bruno-pirri,2026-03-24,True
21/22,Lesão desconhecida,2021-08-02,2021-11-20,111.0,13.0,190705,bruno-pirri,2021-11-20,True
21/22,Lesão desconhecida,2021-05-25,2021-07-26,63.0,6.0,190705,bruno-pirri,2021-07-26,True
19/20,Lesão desconhecida,2019-11-10,2019-12-19,40.0,5.0,190705,bruno-pirri,2019-12-19,False
25/26,Fratura na face,2025-11-16,,128.0,6.0,237621,naldo,2026-03-24,True
24/25,Lesão meniscal,2025-05-01,2025-07-01,62.0,8.0,237621,naldo,2025-07-01,True
15/16,Lesão no joelho,2015-09-13,2015-10-21,39.0,6.0,237621,naldo,2015-10-21,False
13/14,Problemas na anca,2014-07-19,2014-08-27,40.0,6.0,237621,naldo,2014-08-27,False
24/25,Rotura de ligamentos no joelho,2024-10-23,2026-02-14,480.0,72.0,265693,luiz-otavio,2026-02-14,True
23/24,Rotura dos ligamentos cruzados,2024-01-14,2024-10-06,267.0,49.0,265693,luiz-otavio,2024-10-06,True
19/20,Problemas musculares na coxa,2019-11-14,2020-01-01,49.0,5.0,560903,patrick-william,2020-01-01,False
24/25,Problemas físicos,2025-05-04,2025-07-12,70.0,8.0,108611,ernandes,2025-07-12,True
24/25,Problemas musculares,2025-04-18,2025-04-27,10.0,1.0,108611,ernandes,2025-04-27,False
21/22,Lesão no joelho,2022-06-03,2023-04-03,305.0,28.0,108611,ernandes,2023-04-03,True
21/22,Problemas musculares,2022-04-27,2022-05-02,6.0,1.0,108611,ernandes,2022-05-02,False
22/23,Rotura de ligamentos no joelho,2023-04-22,2024-01-01,255.0,44.0,587786,felipe-jonatan,2024-01-01,True
22/23,Lesão desconhecida,2022-11-06,2023-02-16,103.0,10.0,587786,felipe-jonatan,2023-02-16,True
24/25,Fascite plantar,2025-02-13,2025-07-08,146.0,22.0,145573,richardson,2025-07-08,True
16/17,Lesão no joelho,2016-08-01,2016-12-01,123.0,,225912,ricardinho,2016-12-01,True
07/08,Rotura dos ligamentos cruzados,2008-06-15,2008-12-31,200.0,32.0,52514,pedro-ken,2008-12-31,True
19/20,Lesão na coxa,2019-11-11,2019-11-19,9.0,2.0,425939,leandrinho,2019-11-19,False
19/20,Lesão na coxa,2019-10-06,2019-10-11,6.0,1.0,425939,leandrinho,2019-10-11,False
19/20,Lesão na coxa,2019-08-01,2019-08-03,3.0,1.0,425939,leandrinho,2019-08-03,False
17/18,Lesão desconhecida,2018-06-04,2018-10-17,136.0,21.0,166483,wescley,2018-10-17,True
24/25,Lesão desconhecida,2025-03-03,2025-03-14,12.0,1.0,617700,kendy,2025-03-14,False
19/20,Febre,2019-08-06,2019-08-08,3.0,1.0,434052,luidy,2019-08-08,False
16/17,Lesão desconhecida,2016-09-26,2016-10-02,7.0,1.0,386392,alex-amado,2016-10-02,False
12/13,Braço fraturado,2013-02-10,2013-03-20,39.0,3.0,142136,juninho-quixada,2013-03-20,False
22/23,Lesão do ligamento cruzado,2023-06-09,2024-03-13,279.0,40.0,347184,robinho,2024-03-13,True
18/19,Constipação,2019-05-02,2019-05-06,5.0,1.0,437773,leandro-carvalho,2019-05-06,False
17/18,Meniskusschaden,2018-04-23,2018-06-20,59.0,12.0,437773,leandro-carvalho,2018-06-20,False
18/19,Problemas físicos,2019-05-22,2019-06-10,20.0,2.0,269116,douglas-coutinho,2019-06-10,False
22/23,Lesão desconhecida,2022-08-24,2022-10-30,68.0,11.0,110650,ricardo-bueno,2022-10-30,True
19/20,Doente,2019-08-04,2019-08-06,3.0,1.0,110650,ricardo-bueno,2019-08-06,False
25/26,Problemas físicos,2026-02-16,2026-02-24,9.0,2.0,390638,arthur-cabral,2026-02-24,False
25/26,Fratura da mão,2025-10-16,2025-10-25,10.0,1.0,390638,arthur-cabral,2025-10-25,False
25/26,Edema do osso,2025-09-12,2025-09-23,12.0,3.0,390638,arthur-cabral,2025-09-23,False
25/26,Problemas musculares na coxa,2025-08-15,2025-08-20,6.0,1.0,390638,arthur-cabral,2025-08-20,False
24/25,Lesão desconhecida,2025-02-07,2025-02-10,4.0,1.0,390638,arthur-cabral,2025-02-10,False
23/24,Problemas na zona lombar,2024-05-11,2024-06-17,38.0,2.0,390638,arthur-cabral,2024-06-17,False
22/23,Gestão de esforço,2023-05-13,2023-05-15,3.0,1.0,390638,arthur-cabral,2023-05-15,False
22/23,Lesão no pé,2023-05-06,2023-05-10,5.0,1.0,390638,arthur-cabral,2023-05-10,False
22/23,Lesão desconhecida,2023-01-07,2023-01-28,22.0,3.0,390638,arthur-cabral,2023-01-28,False
19/20,Coronavírus,2020-08-19,2020-09-02,15.0,2.0,390638,arthur-cabral,2020-09-02,False
19/20,Lesão ligamentar,2020-01-04,2020-02-05,33.0,2.0,390638,arthur-cabral,2020-02-05,False
18/19,Lesão tornozelo,2018-06-09,2018-06-25,17.0,,390638,arthur-cabral,2018-06-25,False
17/18,lesão na perna,2018-05-16,2018-06-01,17.0,,390638,arthur-cabral,2018-06-01,False
25/26,Lesão no ombro,2025-09-28,,177.0,28.0,270420,joao-ricardo,2026-03-24,True
25/26,Lesão no ombro,2025-09-14,2025-09-26,13.0,1.0,270420,joao-ricardo,2025-09-26,False
25/26,Fratura de um dedo,2025-07-10,2025-08-23,45.0,9.0,270420,joao-ricardo,2025-08-23,False
22/23,Lesão nos adutores,2023-03-18,2023-05-18,62.0,15.0,270420,joao-ricardo,2023-05-18,True
21/22,Lesão dos ligamentos laterais do joelho,2022-06-07,2023-03-31,298.0,44.0,137159,matheus-ferraz,2023-03-31,True
18/19,Rotura de ligamentos no joelho,2019-06-14,2020-01-01,202.0,33.0,137159,matheus-ferraz,2020-01-01,True
13/14,Rotura dos ligamentos cruzados,2014-02-22,2014-08-22,182.0,28.0,137159,matheus-ferraz,2014-08-22,True
21/22,Recuperação ritmo competitivo,2022-02-20,2022-03-14,23.0,4.0,206097,ricardo-silva,2022-03-14,False
08/09,Lesão no tornozelo,2009-02-14,2009-03-27,42.0,5.0,53011,lima,2009-03-27,False
22/23,Problemas musculares,2022-10-24,2023-01-15,84.0,5.0,401539,messias,2023-01-15,True
22/23,Problemas musculares,2022-09-30,2022-10-20,21.0,4.0,401539,messias,2022-10-20,False
17/18,Lesão na coxa,2017-11-16,2017-11-20,5.0,1.0,401539,messias,2017-11-20,False
21/22,Lesão dos ligamentos laterais do joelho,2022-02-05,,1508.0,50.0,55243,carlinhos,2026-03-24,True
14/15,Lesão desconhecida,2015-06-15,2015-08-11,58.0,11.0,55243,carlinhos,2015-08-11,False
15/16,Lesão na coxa,2015-07-19,2016-01-11,177.0,30.0,270650,giovanni,2016-01-11,True
24/25,Lesão na coxa,2025-05-13,2025-06-11,30.0,4.0,101506,aderlan,2025-06-11,False
24/25,Cirurgia Ligamento Cruzado,2024-07-15,2025-04-26,286.0,42.0,101506,aderlan,2025-04-26,True
23/24,Luxação,2024-04-23,2024-06-02,41.0,6.0,101506,aderlan,2024-06-02,False
23/24,Lesão na coxa,2024-03-08,2024-03-30,23.0,3.0,101506,aderlan,2024-03-30,False
17/18,Lesão muscular,2017-10-21,2017-11-01,12.0,3.0,52929,wesley,2017-11-01,False
11/12,Rotura dos ligamentos cruzados,2012-04-10,2012-10-15,189.0,43.0,52929,wesley,2012-10-15,True
10/11,Sehnenanriss,2010-11-21,2011-03-07,107.0,14.0,52929,wesley,2011-03-07,True
14/15,Lesão num dedo do pé,2015-04-29,2015-07-01,64.0,14.0,19206,david,2015-07-01,True
10/11,Lesão desconhecida,2010-08-05,2010-11-01,89.0,15.0,27303,gerson-magrao,2010-11-01,True
20/21,Lesão desconhecida,2020-10-05,2020-10-12,8.0,1.0,74198,renan-oliveira,2020-10-12,False
19/20,Problemas musculares na coxa,2019-08-01,2019-08-15,15.0,2.0,71079,ruytm,2019-08-15,False
21/22,Fratura do Metatarso,2021-12-13,2022-04-01,110.0,7.0,329013,serginho,2022-04-01,True
21/22,Fratura do Metatarso,2021-08-15,2021-12-12,120.0,2.0,329013,serginho,2021-12-12,True
19/20,Lesão na coxa,2019-10-07,2019-10-30,24.0,4.0,329013,serginho,2019-10-30,False
24/25,Lesão na coxa,2024-07-16,2024-08-17,33.0,5.0,401533,matheusinho,2024-08-17,False
22/23,Edema no joelho,2023-04-30,2023-07-05,67.0,15.0,401533,matheusinho,2023-07-05,True
20/21,Coronavírus,2021-01-15,2021-01-29,15.0,2.0,401533,matheusinho,2021-01-29,False
20/21,Lesão na coxa,2020-11-03,2021-01-14,73.0,12.0,401533,matheusinho,2021-01-14,True
17/18,Lesão dos ligamentos laterais do joelho,2017-10-23,2018-07-20,271.0,36.0,401533,matheusinho,2018-07-20,True
18/19,Rotura do tendão de Aquiles,2019-04-24,2020-04-01,344.0,51.0,75380,luan,2020-04-01,True
09/10,Lesão no tornozelo,2009-07-23,2009-09-01,41.0,6.0,75380,luan,2009-09-01,False
25/26,Lesão na coxa,2025-08-25,2025-09-27,34.0,8.0,544259,ademir,2025-09-27,False
24/25,Lesão muscular,2025-05-08,2025-05-27,20.0,5.0,544259,ademir,2025-05-27,False
24/25,Lesão na coxa,2024-07-22,2024-08-28,38.0,8.0,544259,ademir,2024-08-28,False
21/22,Rotura dos ligamentos cruzados,2022-06-07,2022-12-31,208.0,32.0,688773,matheusinho,2022-12-31,True
24/25,Lesão na coxa,2025-04-22,2025-05-16,25.0,4.0,329845,aylon,2025-05-16,False
24/25,Rotura dos ligamentos cruzados,2025-06-06,,291.0,,476334,pilar,2026-03-24,True
14/15,Artroscopia,2015-04-01,2015-05-03,33.0,7.0,32561,jefferson,2015-05-03,False
06/07,Ruptura muscular do músculo do perônio,2007-03-12,2007-06-30,111.0,12.0,32561,jefferson,2007-06-30,True
06/07,Lesão do punho,2006-08-08,2006-08-21,14.0,3.0,32561,jefferson,2006-08-21,False
05/06,Ligamento intra-articular rasgado do joelho,2006-01-20,2006-02-15,27.0,3.0,32561,jefferson,2006-02-15,False
11/12,Problemas no Joelho,2011-11-16,2012-01-19,65.0,5.0,107318,roberto-fernandez,2012-01-19,True
11/12,Lesão no joelho,2011-08-08,2011-10-17,71.0,9.0,107318,roberto-fernandez,2011-10-17,True
22/23,Lesão desconhecida,2022-10-13,2022-11-14,33.0,6.0,610417,andrew,2022-11-14,False
19/20,Problemas musculares na coxa,2019-08-01,2019-08-06,6.0,2.0,87323,joel-carli,2019-08-06,False
24/25,Lesão na coxa,2025-04-02,2025-04-19,18.0,4.0,341701,igor-rabello,2025-04-19,False
23/24,Lesão na coxa,2023-08-11,2023-09-04,25.0,4.0,341701,igor-rabello,2023-09-04,False
22/23,Lesão dos ligamentos laterais do joelho,2022-08-21,2023-05-15,268.0,41.0,341701,igor-rabello,2023-05-15,True
25/26,Lesão desconhecida,2025-09-22,2025-11-02,42.0,6.0,423981,wellington-priori,2025-11-02,False
25/26,Lesão na coxa,2025-08-23,2025-11-19,89.0,13.0,476339,marcelo-benevenuto,2025-11-19,True
22/23,Lesão na coxa,2023-04-30,2023-05-23,24.0,5.0,476339,marcelo-benevenuto,2023-05-23,False
22/23,Entorse do tornozelo,2022-10-08,2022-10-20,13.0,2.0,476339,marcelo-benevenuto,2022-10-20,False
25/26,Lesão na coxa,2026-02-12,,40.0,10.0,524446,kanu,2026-03-24,False
24/25,Lesão muscular,2025-04-14,2025-10-04,174.0,40.0,524446,kanu,2025-10-04,True
25/26,Lesão muscular,2025-10-31,2025-11-15,16.0,2.0,368468,moises,2025-11-15,False
23/24,Lesão muscular,2024-05-15,2024-06-10,27.0,2.0,368468,moises,2024-06-10,False
23/24,Entorse na tibiotársica,2023-09-16,2023-10-03,18.0,3.0,368468,moises,2023-10-03,False
22/23,Lesão desconhecida,2022-07-31,2022-12-01,124.0,20.0,186922,rodrigo-lindoso,2022-12-01,True
20/21,Coronavírus,2021-01-01,2021-01-10,10.0,2.0,292160,marcelo-santos,2021-01-10,False
25/26,Lesão na coxa,2025-11-07,2025-11-21,15.0,2.0,351892,matheus-fernandes,2025-11-21,False
25/26,Lesão na panturrilha,2025-07-10,2025-08-15,37.0,9.0,351892,matheus-fernandes,2025-08-15,False
24/25,Problemas musculares na coxa,2025-04-07,2025-04-15,9.0,1.0,351892,matheus-fernandes,2025-04-15,False
24/25,Lesão na coxa,2025-01-15,2025-02-03,20.0,6.0,351892,matheus-fernandes,2025-02-03,False
24/25,Lesão na coxa,2024-08-01,2024-09-14,45.0,9.0,351892,matheus-fernandes,2024-09-14,False
23/24,Lesão na coxa,2024-06-21,2024-07-16,26.0,5.0,351892,matheus-fernandes,2024-07-16,False
23/24,Lesão muscular,2024-04-09,2024-04-27,19.0,5.0,351892,matheus-fernandes,2024-04-27,False
23/24,Lesão muscular,2024-02-18,2024-03-12,24.0,6.0,351892,matheus-fernandes,2024-03-12,False
23/24,Lesão muscular,2024-02-01,2024-02-13,13.0,3.0,351892,matheus-fernandes,2024-02-13,False
20/21,Problemas musculares,2020-09-14,2020-10-26,43.0,6.0,351892,matheus-fernandes,2020-10-26,False
19/20,Lesão na coxa,2020-06-24,2020-07-10,17.0,3.0,351892,matheus-fernandes,2020-07-10,False
25/26,Lesão na coxa,2026-01-05,2026-01-08,4.0,1.0,529609,rickson,2026-01-08,False
21/22,Lesão desconhecida,2021-12-08,2022-06-30,205.0,,355437,jonathan-fernandes,2022-06-30,True
25/26,Lesão meniscal,2025-07-03,2025-09-19,79.0,16.0,135984,joao-paulo,2025-09-19,True
24/25,Lesão na panturrilha,2024-09-03,2024-10-04,32.0,5.0,135984,joao-paulo,2024-10-04,False
23/24,Lesão na anca,2024-02-19,2024-04-04,46.0,5.0,135984,joao-paulo,2024-04-04,False
22/23,Problemas musculares,2023-04-04,2023-04-10,7.0,1.0,135984,joao-paulo,2023-04-10,False
21/22,Rotura dos ligamentos cruzados,2022-05-05,2022-12-31,241.0,28.0,135984,joao-paulo,2022-12-31,True
17/18,Fratura da tíbia,2018-03-19,2018-08-07,142.0,25.0,135984,joao-paulo,2018-08-07,True
10/11,Rotura do menisco lateral,2010-12-13,2011-02-01,51.0,8.0,22943,dudu-cearense,2011-02-01,False
14/15,Traumatismo,2015-06-03,2015-06-26,24.0,4.0,189963,marcos-vinicius,2015-06-26,False
23/24,Problemas na panturrilha,2024-03-23,2024-04-03,12.0,2.0,201318,leonardo-valencia,2024-04-03,False
20/21,Lesão desconhecida,2021-06-26,2021-07-22,27.0,5.0,201318,leonardo-valencia,2021-07-22,False
20/21,Muskelbündelriss,2020-10-12,2020-10-18,7.0,1.0,201318,leonardo-valencia,2020-10-18,False
18/19,Ruptura muscular do músculo do perônio,2018-09-21,2018-10-22,32.0,6.0,201318,leonardo-valencia,2018-10-22,False
15/16,Problemas na panturrilha,2016-01-22,2016-01-27,6.0,1.0,201318,leonardo-valencia,2016-01-27,False
11/12,Fratura do perónio,2011-10-27,2011-12-09,44.0,4.0,76134,rodrigo-pimpao,2011-12-09,False
24/25,Lesão muscular,2024-09-26,2024-10-02,7.0,1.0,372013,luiz-fernando,2024-10-02,False
24/25,Problemas no flexor direito da anca,2024-09-02,2025-04-12,223.0,19.0,525828,ezequiel,2025-04-12,True
23/24,Lesão na coxa,2024-04-01,2024-06-02,63.0,13.0,525828,ezequiel,2024-06-02,True
23/24,Queixas adutores,2023-08-07,2023-09-04,29.0,4.0,525828,ezequiel,2023-09-04,False
21/22,Lesão tornozelo,2022-03-24,2022-07-24,123.0,26.0,525828,ezequiel,2022-07-24,True
24/25,Lesão desconhecida,2024-12-26,2025-01-30,36.0,4.0,189410,rodrigo-aguirre,2025-01-30,False
23/24,Fratura do nariz,2023-10-23,2023-11-14,23.0,6.0,189410,rodrigo-aguirre,2023-11-14,False
23/24,Rotura muscular na coxa,2023-07-27,2023-08-19,24.0,5.0,189410,rodrigo-aguirre,2023-08-19,False
22/23,Ligamento intra-articular rasgado do joelho,2022-07-19,2022-08-03,16.0,3.0,189410,rodrigo-aguirre,2022-08-03,False
21/22,Coronavírus,2022-02-17,2022-02-28,12.0,2.0,189410,rodrigo-aguirre,2022-02-28,False
20/21,Lesão muscular,2021-01-30,2021-03-18,48.0,7.0,189410,rodrigo-aguirre,2021-03-18,False
17/18,Recuperação ritmo competitivo,2018-02-01,2018-05-07,96.0,16.0,189410,rodrigo-aguirre,2018-05-07,True
17/18,Lesão meniscal,2017-12-01,2018-01-31,62.0,5.0,189410,rodrigo-aguirre,2018-01-31,True
17/18,Problemas no Joelho,2017-11-17,2017-11-24,8.0,2.0,189410,rodrigo-aguirre,2017-11-24,False
17/18,Lesão no tornozelo,2017-08-20,2017-08-29,10.0,1.0,189410,rodrigo-aguirre,2017-08-29,False
17/18,Problemas no Joelho,2017-06-27,2017-07-14,18.0,3.0,189410,rodrigo-aguirre,2017-07-14,False
16/17,Lesão na cabeça,2017-04-29,2017-05-15,17.0,3.0,189410,rodrigo-aguirre,2017-05-15,False
15/16,Ferimento na musculatura da barriga,2015-12-17,2016-01-04,19.0,1.0,189410,rodrigo-aguirre,2016-01-04,False
14/15,Lesão no joelho,2014-08-04,2014-09-11,39.0,2.0,189410,rodrigo-aguirre,2014-09-11,False
23/24,Muskelbündelriss,2023-07-28,2023-09-09,44.0,4.0,435046,brenner,2023-09-09,False
23/24,Lesão desconhecida,2024-02-20,2024-03-25,35.0,4.0,476338,pachu,2024-03-25,False
24/25,Rotura do tendão de Aquiles,2024-09-20,2025-07-15,299.0,44.0,159893,richard-costa,2025-07-15,True
24/25,Lesão na coxa,2025-05-19,2025-08-02,76.0,10.0,349513,neris,2025-08-02,True
23/24,Lesão no tornozelo,2024-03-01,2024-03-07,7.0,1.0,349513,neris,2024-03-07,False
22/23,Lesão na coxa,2023-03-03,2023-03-20,18.0,3.0,349513,neris,2023-03-20,False
19/20,Síndrome gripal,2019-12-13,2019-12-17,5.0,1.0,349513,neris,2019-12-17,False
25/26,Lesão na coxa,2025-09-03,2025-10-07,35.0,6.0,363156,jesiel,2025-10-07,False
24/25,Lesão na coxa,2025-04-06,2025-06-20,76.0,15.0,363156,jesiel,2025-06-20,True
24/25,Lesão na coxa,2025-01-24,2025-03-17,53.0,9.0,363156,jesiel,2025-03-17,False
24/25,Lesão na coxa,2024-07-03,2024-11-02,123.0,21.0,363156,jesiel,2024-11-02,True
23/24,Lesão nos adutores,2024-04-08,2024-04-21,14.0,2.0,363156,jesiel,2024-04-21,False
22/23,Meniskusschaden,2023-03-04,2023-10-22,233.0,40.0,363156,jesiel,2023-10-22,True
22/23,Fratura da mão,2022-10-05,2022-10-19,15.0,2.0,363156,jesiel,2022-10-19,False
21/22,Lesão do ligamento cruzado,2021-11-08,2022-07-10,245.0,33.0,363156,jesiel,2022-07-10,True
19/20,Lesão muscular,2020-07-12,2020-07-23,12.0,2.0,363156,jesiel,2020-07-23,False
19/20,Rotura muscular na coxa,2019-09-05,2019-10-27,53.0,9.0,363156,jesiel,2019-10-27,False
25/26,Lesão na coxa,2026-03-06,,18.0,1.0,420064,caio-henrique,2026-03-24,False
25/26,Lesão no pé,2025-10-24,2025-10-31,8.0,2.0,420064,caio-henrique,2025-10-31,False
23/24,Rotura dos ligamentos cruzados,2023-09-23,2024-04-22,213.0,32.0,420064,caio-henrique,2024-04-22,True
22/23,Coronavírus,2022-08-01,2022-08-08,8.0,2.0,420064,caio-henrique,2022-08-08,False
20/21,Pancada na coxa,2020-09-04,2020-10-14,41.0,4.0,420064,caio-henrique,2020-10-14,False
20/21,Equimose no tornozelo,2020-08-29,2020-09-05,8.0,1.0,420064,caio-henrique,2020-09-05,False
25/26,Lesão na coxa,2026-02-17,,36.0,4.0,520480,igor-carius,2026-03-25,False
25/26,Lesão na panturrilha,2025-08-17,2025-09-20,35.0,3.0,520480,igor-carius,2025-09-20,False
24/25,Lesão na coxa,2025-04-07,2025-04-25,19.0,3.0,520480,igor-carius,2025-04-25,False
24/25,Problema neurológico,2025-03-30,2025-04-05,7.0,1.0,520480,igor-carius,2025-04-05,False
22/23,Contusão no tornozelo,2022-10-07,2022-10-15,9.0,1.0,520480,igor-carius,2022-10-15,False
21/22,Distensão da panturrilha,2021-07-23,2021-08-18,27.0,6.0,520480,igor-carius,2021-08-18,False
18/19,Fratura na grelha costal,2018-09-16,2018-10-11,26.0,3.0,520480,igor-carius,2018-10-11,False
18/19,Lesão na anca,2018-07-24,2018-08-01,9.0,2.0,520480,igor-carius,2018-08-01,False
17/18,lesão na perna,2018-04-15,2018-05-10,26.0,4.0,520480,igor-carius,2018-05-10,False
24/25,Lesão desconhecida,2024-11-25,2025-05-31,188.0,19.0,554947,juninho,2025-05-31,True
20/21,Lesão no tornozelo,2021-01-10,2021-01-22,13.0,2.0,154990,rene-santos,2021-01-22,False
15/16,Lesão desconhecida,2016-04-03,2016-04-13,11.0,2.0,154990,rene-santos,2016-04-13,False
12/13,Distorção do tornozelo,2012-08-08,2012-08-29,22.0,3.0,154990,rene-santos,2012-08-29,False
22/23,Lesão desconhecida,2022-10-05,2022-10-10,6.0,1.0,347090,leandro-vilela,2022-10-10,False
17/18,lesão na perna,2017-10-03,2017-11-06,35.0,,347090,leandro-vilela,2017-11-06,False
25/26,Lesão no tornozelo,2026-01-21,2026-02-24,35.0,5.0,468167,jhony-douglas,2026-02-24,False
24/25,Lesão na coxa,2024-08-05,2024-10-19,76.0,17.0,219835,alex-santana,2024-10-19,True
23/24,Lesão no joelho,2024-01-28,2024-03-09,42.0,8.0,219835,alex-santana,2024-03-09,False
21/22,Lesão muscular,2022-04-28,2022-05-24,27.0,4.0,219835,alex-santana,2022-05-24,False
21/22,Pequena lesão,2021-12-11,2021-12-13,3.0,,219835,alex-santana,2021-12-13,False
21/22,Lesão desconhecida,2021-10-31,2021-12-10,41.0,8.0,219835,alex-santana,2021-12-10,False
21/22,Gestão de esforço,2021-07-31,2021-07-31,1.0,1.0,219835,alex-santana,2021-07-31,False
21/22,Pequena lesão,2021-07-30,2021-08-01,3.0,1.0,219835,alex-santana,2021-08-01,False
20/21,Lesão desconhecida,2021-06-06,2021-06-30,25.0,,219835,alex-santana,2021-06-30,False
20/21,Pequena lesão,2021-05-25,2021-05-27,3.0,1.0,219835,alex-santana,2021-05-27,False
20/21,Problemas físicos,2021-04-17,2021-04-19,3.0,1.0,219835,alex-santana,2021-04-19,False
20/21,Pequena lesão,2021-02-14,2021-02-21,8.0,2.0,219835,alex-santana,2021-02-21,False
20/21,Problemas físicos,2020-11-27,2020-11-30,4.0,1.0,219835,alex-santana,2020-11-30,False
20/21,Problemas físicos,2020-05-19,2020-12-21,217.0,4.0,219835,alex-santana,2020-12-21,True
18/19,Pequena lesão,2019-12-07,2019-12-10,4.0,1.0,219835,alex-santana,2019-12-10,False
18/19,Lesão muscular,2019-09-20,2019-10-24,35.0,8.0,219835,alex-santana,2019-10-24,False
19/20,Lesão na coxa,2019-08-07,2019-08-26,20.0,2.0,219835,alex-santana,2019-08-26,False
18/19,Choque,2019-06-01,2019-06-03,3.0,1.0,219835,alex-santana,2019-06-03,False
18/19,Pequena lesão,2019-04-26,2019-04-28,3.0,1.0,219835,alex-santana,2019-04-28,False
25/26,Lesão na coxa,2026-02-09,2026-03-14,34.0,5.0,323934,matheus-pereira,2026-03-14,False
25/26,Lesão na coxa,2025-10-16,2025-11-05,21.0,4.0,323934,matheus-pereira,2025-11-05,False
25/26,Lesão na coxa,2025-08-10,2025-08-23,14.0,3.0,323934,matheus-pereira,2025-08-23,False
21/22,Coronavírus,2022-01-01,2022-01-08,8.0,,323934,matheus-pereira,2022-01-08,False
18/19,Lesão desconhecida,2018-12-24,2019-01-23,31.0,2.0,323934,matheus-pereira,2019-01-23,False
14/15,Ruptura muscular do músculo do perônio,2015-02-01,2015-03-01,29.0,,52406,carlos-eduardo,2015-03-01,False
12/13,Angina,2012-07-25,2012-08-25,32.0,4.0,52406,carlos-eduardo,2012-08-25,False
11/12,Operado ao joelho,2012-01-17,2012-05-17,122.0,17.0,52406,carlos-eduardo,2012-05-17,True
10/11,Lesão no joelho,2010-11-11,2011-09-11,305.0,35.0,52406,carlos-eduardo,2011-09-11,True
08/09,Traumatismo,2008-09-24,2008-09-30,7.0,1.0,52406,carlos-eduardo,2008-09-30,False
23/24,Lesão na coxa,2024-05-05,2024-05-13,9.0,1.0,212902,guilherme-biteco,2024-05-13,False
11/12,Meniskuseinriss,2012-01-01,2012-05-01,122.0,10.0,72860,zezinho,2012-05-01,True
17/18,Lesão desconhecida,2017-10-19,2017-10-23,5.0,1.0,519854,joao-paulo,2017-10-23,False
24/25,Lesão na panturrilha,2024-11-24,2024-12-03,10.0,1.0,405720,diego-goncalves,2024-12-03,False
24/25,Problemas musculares na coxa,2024-09-12,2024-10-25,44.0,5.0,405720,diego-goncalves,2024-10-25,False
23/24,Lesão desconhecida,2024-03-02,2024-03-20,19.0,2.0,579354,raphael-utzig,2024-03-20,False
22/23,Lesão desconhecida,2023-03-17,2023-04-11,26.0,2.0,579354,raphael-utzig,2023-04-11,False
22/23,Lesão desconhecida,2022-11-20,2022-12-15,26.0,5.0,579354,raphael-utzig,2022-12-15,False
22/23,Lesão desconhecida,2022-10-30,2022-11-08,10.0,1.0,579354,raphael-utzig,2022-11-08,False
18/19,Lesão no tornozelo,2018-07-20,2018-09-10,53.0,11.0,385648,thiago-santos,2018-09-10,False
17/18,Lesão muscular,2018-05-01,2018-06-01,32.0,4.0,385648,thiago-santos,2018-06-01,False
20/21,Coronavírus,2020-11-20,2020-12-04,15.0,2.0,286772,vinicius,2020-12-04,False
19/20,Lesão no dedo polegar,2019-10-07,2020-01-01,87.0,11.0,286772,vinicius,2020-01-01,True
25/26,Lesão na panturrilha,2026-03-12,,13.0,3.0,149752,vitor-hugo,2026-03-25,False
22/23,Lesão no nariz,2022-12-10,2022-12-18,9.0,,149752,vitor-hugo,2022-12-18,False
21/22,Recuperação ritmo competitivo,2022-04-01,2022-04-04,4.0,1.0,149752,vitor-hugo,2022-04-04,False
21/22,Fratura da tíbia,2022-03-01,2022-04-01,32.0,3.0,149752,vitor-hugo,2022-04-01,False
21/22,Recuperação ritmo competitivo,2022-01-04,2022-01-08,5.0,1.0,149752,vitor-hugo,2022-01-08,False
21/22,Lesão muscular,2021-12-20,2022-01-04,16.0,3.0,149752,vitor-hugo,2022-01-04,False
20/21,Lesão na virilha,2021-04-28,2021-05-09,12.0,1.0,149752,vitor-hugo,2021-05-09,False
20/21,Fratura do nariz,2021-02-28,2021-03-03,4.0,,149752,vitor-hugo,2021-03-03,False
20/21,Stauchung der Wirbelsäule,2020-12-26,2021-01-07,13.0,2.0,149752,vitor-hugo,2021-01-07,False
18/19,Operação na virilha,2019-12-04,2020-02-09,68.0,7.0,149752,vitor-hugo,2020-02-09,True
18/19,Problemas musculares,2019-01-30,2019-02-04,6.0,1.0,149752,vitor-hugo,2019-02-04,False
17/18,Lesão no bíceps femoral,2018-04-26,2018-05-15,20.0,3.0,149752,vitor-hugo,2018-05-15,False
22/23,Problemas musculares na coxa,2023-02-26,2023-04-13,47.0,14.0,688668,lucas-esteves,2023-04-13,False
22/23,Lesão dos ligamentos laterais do joelho,2023-04-02,2023-12-31,274.0,38.0,689737,patrick-de-lucca,2023-12-31,True
15/16,Problemas musculares,2015-11-23,2015-12-08,16.0,3.0,54170,ramires,2015-12-08,False
14/15,Problemas nos rins,2015-05-03,2015-06-01,30.0,4.0,54170,ramires,2015-06-01,False
14/15,Lesão nos adutores,2014-09-22,2014-10-20,29.0,5.0,54170,ramires,2014-10-20,False
20/21,Lesão desconhecida,2021-01-13,2021-02-24,43.0,7.0,327911,felipe-pires,2021-02-24,False
16/17,Lesão no tornozelo,2017-04-07,2017-04-15,9.0,1.0,327911,felipe-pires,2017-04-15,False
15/16,Lesão no joelho,2015-07-17,2015-07-19,3.0,1.0,327911,felipe-pires,2015-07-19,False
24/25,Problemas musculares na coxa,2025-04-21,2025-05-09,19.0,3.0,363794,carlos-eduardo,2025-05-09,False
24/25,Lesão na coxa,2025-02-05,2025-02-21,17.0,4.0,363794,carlos-eduardo,2025-02-21,False
25/26,Lesão na coxa,2025-09-22,2025-10-19,28.0,5.0,627221,gabriel-veron,2025-10-19,False
24/25,Lesão na coxa,2024-07-23,2024-09-05,45.0,10.0,627221,gabriel-veron,2024-09-05,False
23/24,Operação ao pé,2024-01-23,2024-04-09,78.0,14.0,627221,gabriel-veron,2024-04-09,True
23/24,Ruptura muscular na coxa,2023-10-11,2023-12-31,82.0,15.0,627221,gabriel-veron,2023-12-31,True
23/24,Lesão nos adutores,2023-07-26,2023-10-04,71.0,9.0,627221,gabriel-veron,2023-10-04,True
22/23,Lesão tornozelo,2023-01-30,2023-03-04,34.0,7.0,627221,gabriel-veron,2023-03-04,False
22/23,Lesão desconhecida,2022-10-28,2022-12-04,38.0,6.0,627221,gabriel-veron,2022-12-04,False
20/21,Lesão na coxa,2021-04-16,2021-07-10,86.0,30.0,627221,gabriel-veron,2021-07-10,True
20/21,Coronavírus,2020-11-20,2020-11-28,9.0,2.0,627221,gabriel-veron,2020-11-28,False
17/18,Lesão no joelho,2018-09-20,2019-02-15,149.0,14.0,106076,ricardo-goulart,2019-02-15,True
15/16,Lesão desconhecida,2015-07-14,2015-07-21,8.0,2.0,106076,ricardo-goulart,2015-07-21,False
23/24,Doente,2024-04-27,2024-05-02,6.0,1.0,48974,luiz-adriano,2024-05-02,False
20/21,Coronavírus,2021-04-06,2021-04-13,8.0,2.0,48974,luiz-adriano,2021-04-13,False
19/20,Problemas musculares na coxa,2019-10-11,2019-11-05,26.0,6.0,48974,luiz-adriano,2019-11-05,False
18/19,Lesão no joelho,2019-04-21,2019-05-10,20.0,3.0,48974,luiz-adriano,2019-05-10,False
16/17,Lesão na coxa,2017-04-09,2017-04-26,18.0,3.0,48974,luiz-adriano,2017-04-26,False
16/17,Lesão na panturrilha,2017-03-06,2017-04-02,28.0,2.0,48974,luiz-adriano,2017-04-02,False
15/16,Lesão da parede abdominal,2016-04-15,2016-04-23,9.0,2.0,48974,luiz-adriano,2016-04-23,False
15/16,lesão na perna,2016-02-22,2016-03-08,16.0,4.0,48974,luiz-adriano,2016-03-08,False
15/16,Traumatismo grade costal,2016-01-26,2016-02-12,18.0,3.0,48974,luiz-adriano,2016-02-12,False
11/12,Constipação,2011-10-27,2011-11-01,6.0,1.0,48974,luiz-adriano,2011-11-01,False
25/26,Lesão muscular,2025-12-19,2026-01-02,15.0,2.0,210178,pablo-mari,2026-01-02,False
24/25,Fadiga muscular,2025-01-13,2025-02-11,30.0,5.0,210178,pablo-mari,2025-02-11,False
23/24,Reação de estresse do osso,2023-12-08,2023-12-22,15.0,2.0,210178,pablo-mari,2023-12-22,False
23/24,Lesão desconhecida,2023-11-11,2023-11-25,15.0,1.0,210178,pablo-mari,2023-11-25,False
22/23,Traumatismo,2023-05-07,2023-05-12,6.0,,210178,pablo-mari,2023-05-12,False
22/23,Operação,2022-10-27,2022-12-22,57.0,4.0,210178,pablo-mari,2022-12-22,False
22/23,Ferimento na musculatura da barriga,2022-08-18,2022-09-05,19.0,3.0,210178,pablo-mari,2022-09-05,False
20/21,Lesão na panturrilha,2021-01-14,2021-02-08,26.0,6.0,210178,pablo-mari,2021-02-08,False
20/21,Lesão tornozelo,2020-06-15,2020-12-03,172.0,26.0,210178,pablo-mari,2020-12-03,True
17/18,Lesão no tornozelo,2017-10-19,2017-11-16,29.0,2.0,210178,pablo-mari,2017-11-16,False
15/16,Fibra muscular rasgado,2016-04-07,2016-05-23,47.0,6.0,210178,pablo-mari,2016-05-23,False
23/24,Problemas musculares na coxa,2023-09-12,2023-09-22,11.0,3.0,21725,filipe-luis,2023-09-22,False
22/23,Lesão muscular,2023-04-13,2023-05-16,34.0,10.0,21725,filipe-luis,2023-05-16,False
19/20,Entorse no joelho,2019-10-03,2019-10-19,17.0,4.0,21725,filipe-luis,2019-10-19,False
18/19,Lesão muscular,2019-03-04,2019-03-28,25.0,5.0,21725,filipe-luis,2019-03-28,False
18/19,Lesão muscular,2018-12-16,2019-02-02,49.0,7.0,21725,filipe-luis,2019-02-02,False
18/19,Lesão muscular,2018-11-29,2018-12-10,12.0,3.0,21725,filipe-luis,2018-12-10,False
17/18,Fratura do perónio,2018-03-15,2018-05-02,49.0,12.0,21725,filipe-luis,2018-05-02,False
17/18,Lesão na coxa,2017-12-28,2018-02-08,43.0,9.0,21725,filipe-luis,2018-02-08,False
17/18,Distensão da panturrilha,2017-11-02,2017-11-16,15.0,3.0,21725,filipe-luis,2017-11-16,False
17/18,Lesão muscular,2017-09-28,2017-10-12,15.0,3.0,21725,filipe-luis,2017-10-12,False
17/18,Lesão muscular,2017-08-03,2017-08-24,22.0,1.0,21725,filipe-luis,2017-08-24,False
16/17,Lesão muscular,2016-12-05,2017-01-02,29.0,4.0,21725,filipe-luis,2017-01-02,False
16/17,Lesão na coxa,2016-11-24,2016-12-01,8.0,2.0,21725,filipe-luis,2016-12-01,False
15/16,Queixas adutores,2016-05-30,2016-06-02,4.0,1.0,21725,filipe-luis,2016-06-02,False
13/14,Rotura muscular na coxa,2014-01-30,2014-02-20,22.0,6.0,21725,filipe-luis,2014-02-20,False
09/10,Problemas físicos,2010-01-25,2010-04-29,95.0,17.0,21725,filipe-luis,2010-04-29,True
23/24,lesão na perna,2024-04-05,2024-07-05,92.0,21.0,33947,rafinha,2024-07-05,True
23/24,Rotura num tendão,2024-02-04,2024-03-08,34.0,7.0,33947,rafinha,2024-03-08,False
22/23,Entorse do tornozelo,2023-01-22,2023-03-31,69.0,10.0,33947,rafinha,2023-03-31,True
22/23,Lesão desconhecida,2022-08-09,2022-08-16,8.0,2.0,33947,rafinha,2022-08-16,False
22/23,Síndrome gripal,2022-07-02,2022-07-05,4.0,1.0,33947,rafinha,2022-07-05,False
18/19,Lesão nos ligamentos do tornozelo,2018-09-16,2018-10-16,31.0,6.0,33947,rafinha,2018-10-16,False
17/18,Choque,2017-11-20,2017-11-24,5.0,1.0,33947,rafinha,2017-11-24,False
16/17,Queixas adutores,2016-10-27,2016-10-31,5.0,1.0,33947,rafinha,2016-10-31,False
15/16,Traumatismo no joelho,2016-01-18,2016-01-28,11.0,1.0,33947,rafinha,2016-01-28,False
14/15,Lesão ligamentar,2015-01-29,2015-02-09,12.0,3.0,33947,rafinha,2015-02-09,False
14/15,Rotura do ligamento lateral,2014-08-11,2014-09-15,36.0,7.0,33947,rafinha,2014-09-15,False
12/13,Síndrome gripal,2013-02-25,2013-03-07,11.0,2.0,33947,rafinha,2013-03-07,False
12/13,Lesão na cápsula,2013-01-28,2013-02-04,8.0,1.0,33947,rafinha,2013-02-04,False
12/13,Rotura de ligamentos do tarso,2012-07-19,2012-09-06,50.0,5.0,33947,rafinha,2012-09-06,False
11/12,Síndrome gripal,2012-03-08,2012-03-12,5.0,1.0,33947,rafinha,2012-03-12,False
09/10,Síndrome gripal,2009-12-17,2009-12-21,5.0,1.0,33947,rafinha,2009-12-21,False
25/26,Rotura de ligamentos no joelho,2026-03-16,,9.0,2.0,672292,joao-lucas,2026-03-25,False
25/26,Lesão muscular,2025-08-03,2025-09-30,59.0,8.0,672292,joao-lucas,2025-09-30,False
24/25,Problemas musculares,2025-05-13,2025-07-25,74.0,10.0,672292,joao-lucas,2025-07-25,True
24/25,Lesão na coxa,2024-07-28,2024-08-23,27.0,6.0,672292,joao-lucas,2024-08-23,False
22/23,Problemas físicos,2022-10-07,2022-10-25,19.0,3.0,672292,joao-lucas,2022-10-25,False
25/26,Doente,2026-02-02,2026-02-09,8.0,1.0,663581,vini-souza,2026-02-09,False
25/26,Queixas adutores,2025-12-03,2025-12-10,8.0,1.0,663581,vini-souza,2025-12-10,False
24/25,Lesão na coxa,2025-03-09,2025-03-31,23.0,3.0,663581,vini-souza,2025-03-31,False
24/25,Lesão na coxa,2024-12-27,2025-01-22,27.0,6.0,663581,vini-souza,2025-01-22,False
24/25,Lesão na coxa,2024-12-11,2024-12-23,13.0,2.0,663581,vini-souza,2024-12-23,False
25/26,Fadiga muscular,2026-03-16,2026-03-21,6.0,1.0,341705,gerson,2026-03-21,False
25/26,Lesão na anca,2025-08-23,2025-10-17,56.0,8.0,341705,gerson,2025-10-17,False
24/25,Lesão na coxa,2025-03-22,2025-04-05,15.0,3.0,341705,gerson,2025-04-05,False
24/25,Problemas nos rins,2024-02-18,2024-04-11,54.0,10.0,341705,gerson,2024-04-11,False
22/23,Problemas musculares na coxa,2023-05-01,2023-05-16,16.0,4.0,341705,gerson,2023-05-16,False
22/23,Problemas na tibiotársica,2022-08-21,2022-08-30,10.0,1.0,341705,gerson,2022-08-30,False
21/22,Coronavírus,2022-01-06,2022-01-13,8.0,1.0,341705,gerson,2022-01-13,False
23/24,Lesão na coxa,2023-12-02,2023-12-24,23.0,4.0,627226,reinier,2023-12-24,False
22/23,Lesão na coxa,2022-12-20,2023-02-11,54.0,8.0,627226,reinier,2023-02-11,False
22/23,Lesão no tornozelo,2022-11-01,2022-11-30,30.0,3.0,627226,reinier,2022-11-30,False
22/23,Problemas musculares,2022-10-01,2022-10-22,22.0,4.0,627226,reinier,2022-10-22,False
20/21,Problemas musculares,2020-12-17,2020-12-23,7.0,2.0,627226,reinier,2020-12-23,False
20/21,Coronavírus,2020-11-23,2020-12-09,17.0,5.0,627226,reinier,2020-12-09,False
19/20,Lesão muscular,2020-06-23,2020-07-08,16.0,4.0,627226,reinier,2020-07-08,False
25/26,Lesão do punho,2025-12-03,2026-01-09,38.0,1.0,227671,tiago-volpi,2026-01-09,False
25/26,Lesão muscular,2025-09-25,2025-10-25,31.0,5.0,227671,tiago-volpi,2025-10-25,False
22/23,Tendinite,2022-10-05,2023-03-11,158.0,22.0,546212,diego-costa,2023-03-11,True
22/23,Entorse na tibiotársica,2022-08-29,2022-10-20,53.0,10.0,673492,morato,2022-10-20,False
19/20,Lesão muscular,2020-01-06,2020-01-23,18.0,2.0,673492,morato,2020-01-23,False
24/25,Lesão na tíbia,2024-08-04,2024-12-06,125.0,21.0,729266,lucas-fasson,2024-12-06,True
23/24,Lesão muscular,2024-04-20,2024-05-09,20.0,3.0,729266,lucas-fasson,2024-05-09,False
22/23,Recuperação ritmo competitivo,2023-04-30,2023-05-25,26.0,4.0,729266,lucas-fasson,2023-05-25,False
22/23,Rotura dos ligamentos cruzados,2022-07-24,2023-04-29,280.0,31.0,729266,lucas-fasson,2023-04-29,True
19/20,Rotura dos ligamentos cruzados,2020-01-12,2022-06-08,879.0,170.0,574903,walce,2022-06-08,True
24/25,Fratura da clavícula,2024-08-18,2024-11-19,94.0,15.0,662326,patryck,2024-11-19,True
23/24,Lesão muscular,2024-04-03,2024-04-16,14.0,3.0,662326,patryck,2024-04-16,False
23/24,Lesão no tornozelo,2023-07-24,2023-09-04,43.0,11.0,662326,patryck,2023-09-04,False
25/26,Lesão no tornozelo,2025-08-24,2025-10-17,55.0,8.0,729264,welington,2025-10-17,False
24/25,Lesão na coxa,2024-11-04,2025-01-01,59.0,7.0,729264,welington,2025-01-01,False
23/24,Lesão nos ligamentos do tornozelo,2024-04-30,2024-05-12,13.0,3.0,729264,welington,2024-05-12,False
22/23,Lesão no tornozelo,2023-03-13,2023-06-29,109.0,22.0,729264,welington,2023-06-29,True
22/23,Ligamento Esticado,2023-02-12,2023-03-04,21.0,3.0,729264,welington,2023-03-04,False
21/22,Lesão na anca,2021-08-08,2021-09-10,34.0,5.0,729264,welington,2021-09-10,False
20/21,Coronavírus,2021-03-10,2021-03-27,18.0,1.0,729264,welington,2021-03-27,False
18/19,Lesão na panturrilha,2018-11-22,2018-12-22,31.0,6.0,16635,juanfran-torres,2018-12-22,False
18/19,Lesão muscular,2018-08-26,2018-09-13,19.0,1.0,16635,juanfran-torres,2018-09-13,False
17/18,Lesão na coxa,2018-04-23,2018-05-10,18.0,4.0,16635,juanfran-torres,2018-05-10,False
17/18,Lesão na coxa,2018-03-16,2018-04-04,20.0,2.0,16635,juanfran-torres,2018-04-04,False
17/18,Lesão na coxa,2017-11-21,2017-12-13,23.0,6.0,16635,juanfran-torres,2017-12-13,False
16/17,Lesão na coxa,2017-04-20,2017-07-20,92.0,8.0,16635,juanfran-torres,2017-07-20,True
16/17,Lesão na coxa,2017-02-13,2017-03-04,20.0,4.0,16635,juanfran-torres,2017-03-04,False
15/16,Queixas adutores,2015-11-09,2015-11-23,15.0,2.0,16635,juanfran-torres,2015-11-23,False
12/13,Entorse,2012-08-15,2012-08-30,16.0,1.0,16635,juanfran-torres,2012-08-30,False
09/10,Apendicite,2010-02-02,2010-02-18,17.0,2.0,16635,juanfran-torres,2010-02-18,False
22/23,Lesão no joelho,2022-09-29,2022-10-02,4.0,1.0,15951,dani-alves,2022-10-02,False
21/22,Coronavírus,2021-12-27,2022-01-03,8.0,1.0,15951,dani-alves,2022-01-03,False
20/21,Lesão no joelho,2021-05-22,2021-06-22,32.0,13.0,15951,dani-alves,2021-06-22,False
20/21,Fratura do antebraço,2020-08-27,2020-09-25,30.0,7.0,15951,dani-alves,2020-09-25,False
18/19,Lesão no joelho,2019-03-18,2019-04-02,16.0,3.0,15951,dani-alves,2019-04-02,False
18/19,Recuperação ritmo competitivo,2018-10-31,2018-11-01,2.0,,15951,dani-alves,2018-11-01,False
18/19,Lesão do ligamento cruzado,2018-05-09,2018-11-21,197.0,33.0,15951,dani-alves,2018-11-21,True
17/18,Problemas no Joelho,2018-04-02,2018-04-12,11.0,1.0,15951,dani-alves,2018-04-12,False
16/17,Fratura do perónio,2016-11-28,2017-01-19,53.0,8.0,15951,dani-alves,2017-01-19,False
16/17,Traumatismo,2016-09-15,2016-09-19,5.0,,15951,dani-alves,2016-09-19,False
15/16,Lesão na virilha,2015-08-24,2015-09-18,26.0,5.0,15951,dani-alves,2015-09-18,False
12/13,Lesão no bíceps femoral,2012-11-26,2012-12-08,13.0,3.0,15951,dani-alves,2012-12-08,False
12/13,Muskelbündelriss,2012-10-08,2012-10-26,19.0,4.0,15951,dani-alves,2012-10-26,False
12/13,Fratura da clavícula,2012-05-17,2012-07-16,61.0,5.0,15951,dani-alves,2012-07-16,True
09/10,Muskelbündelriss,2010-02-08,2010-02-18,11.0,1.0,15951,dani-alves,2010-02-18,False
09/10,Muskelbündelriss,2009-10-21,2009-11-02,13.0,3.0,15951,dani-alves,2009-11-02,False
25/26,Lesão no cotovelo,2025-08-03,2025-08-19,17.0,2.0,468304,rodrigo-nestor,2025-08-19,False
24/25,Entorse do tornozelo,2024-09-02,2024-09-21,20.0,2.0,468304,rodrigo-nestor,2024-09-21,False
23/24,Lesão no joelho,2023-11-06,2024-04-08,155.0,22.0,468304,rodrigo-nestor,2024-04-08,True
22/23,Lesão no joelho,2023-03-04,2023-07-07,126.0,26.0,627222,talles-costa,2023-07-07,True
21/22,Entorse do tornozelo,2022-05-26,2022-07-05,41.0,10.0,627222,talles-costa,2022-07-05,False
19/20,Lesão na coxa,2019-08-12,2019-09-15,35.0,5.0,52897,hernanes,2019-09-15,False
15/16,Lesão nos adutores,2015-11-23,2015-12-18,26.0,5.0,52897,hernanes,2015-12-18,False
14/15,Queixas adutores,2014-11-27,2014-12-18,22.0,4.0,52897,hernanes,2014-12-18,False
14/15,Problemas no Joelho,2014-10-29,2014-11-10,13.0,1.0,52897,hernanes,2014-11-10,False
13/14,Queixas adutores,2014-02-17,2014-02-24,8.0,1.0,52897,hernanes,2014-02-24,False
13/14,Problemas musculares na coxa,2013-10-31,2013-11-06,7.0,,52897,hernanes,2013-11-06,False
12/13,Problemas musculares,2013-05-14,2013-05-23,10.0,1.0,52897,hernanes,2013-05-23,False
12/13,Traumatismo craniano,2013-01-29,2013-02-07,10.0,2.0,52897,hernanes,2013-02-07,False
12/13,Problemas musculares,2012-11-22,2012-11-27,6.0,1.0,52897,hernanes,2012-11-27,False
11/12,Problemas musculares na coxa,2012-04-24,2012-05-17,24.0,5.0,52897,hernanes,2012-05-17,False
11/12,Fratura por Fadiga,2012-01-17,2012-01-19,3.0,,52897,hernanes,2012-01-19,False
11/12,Lesão meniscal,2012-01-10,2012-01-12,3.0,,52897,hernanes,2012-01-12,False
11/12,Problemas musculares,2012-01-03,2012-01-05,3.0,,52897,hernanes,2012-01-05,False
23/24,Febre,2023-09-15,2023-09-17,3.0,1.0,84377,jonatan-gomez,2023-09-17,False
22/23,Muskelbündelriss,2023-04-30,2023-05-21,22.0,3.0,84377,jonatan-gomez,2023-05-21,False
20/21,Coronavírus,2021-01-05,2021-01-21,17.0,3.0,575375,jonas-toro,2021-01-21,False
25/26,Lesão do ligamento cruzado,2025-07-05,2026-05-07,307.0,16.0,546218,danilo-gomes,2026-05-07,True
23/24,Problemas musculares,2023-11-20,2023-12-31,42.0,5.0,37579,alexandre-pato,2023-12-31,False
22/23,Operado ao joelho,2022-08-21,2023-07-07,321.0,21.0,37579,alexandre-pato,2023-07-07,True
20/21,Operado ao joelho,2021-05-04,2021-10-15,165.0,26.0,37579,alexandre-pato,2021-10-15,True
20/21,Lesão no joelho,2021-04-18,2021-05-03,16.0,2.0,37579,alexandre-pato,2021-05-03,False
16/17,Gripe,2016-10-22,2016-11-02,12.0,2.0,37579,alexandre-pato,2016-11-02,False
16/17,Lesão tornozelo,2016-08-29,2016-09-13,16.0,1.0,37579,alexandre-pato,2016-09-13,False
15/16,Problemas na virilha,2016-03-07,2016-03-07,1.0,,37579,alexandre-pato,2016-03-07,False
15/16,Recuperação ritmo competitivo,2016-01-30,2016-03-13,44.0,9.0,37579,alexandre-pato,2016-03-13,False
14/15,Teilschädigung am Kreuzband,2015-03-19,2015-04-02,15.0,1.0,37579,alexandre-pato,2015-04-02,False
14/15,Muskelbündelriss,2014-10-16,2014-11-14,30.0,8.0,37579,alexandre-pato,2014-11-14,False
12/13,Problemas físicos,2012-11-22,2012-12-20,29.0,7.0,37579,alexandre-pato,2012-12-20,False
12/13,Lesão nos adutores,2012-08-23,2012-10-08,47.0,12.0,37579,alexandre-pato,2012-10-08,False
11/12,Problemas musculares,2012-04-05,2012-05-14,40.0,8.0,37579,alexandre-pato,2012-05-14,False
11/12,Problemas musculares,2012-03-01,2012-04-02,33.0,8.0,37579,alexandre-pato,2012-04-02,False
11/12,Fadiga muscular,2012-02-16,2012-02-23,8.0,1.0,37579,alexandre-pato,2012-02-23,False
11/12,Lesão muscular,2012-01-19,2012-02-16,29.0,7.0,37579,alexandre-pato,2012-02-16,False
11/12,Febre,2011-12-01,2011-12-05,5.0,1.0,37579,alexandre-pato,2011-12-05,False
11/12,Problemas musculares,2011-09-22,2011-11-17,57.0,15.0,37579,alexandre-pato,2011-11-17,False
10/11,Problemas musculares na coxa,2011-04-18,2011-05-02,15.0,3.0,37579,alexandre-pato,2011-05-02,False
10/11,Entorse na tibiotársica,2011-03-21,2011-03-31,11.0,1.0,37579,alexandre-pato,2011-03-31,False
10/11,Problemas no tendão de Aquiles,2010-11-11,2011-01-03,54.0,9.0,37579,alexandre-pato,2011-01-03,False
10/11,Lesão nos adutores,2010-09-16,2010-09-30,15.0,4.0,37579,alexandre-pato,2010-09-30,False
10/11,Lesão no tornozelo,2010-08-19,2010-08-23,5.0,,37579,alexandre-pato,2010-08-23,False
07/08,Flambagem do osso,2008-02-04,2008-02-18,15.0,3.0,37579,alexandre-pato,2008-02-18,False
25/26,Lesão desconhecida,2026-02-08,2026-02-17,10.0,1.0,662332,juan,2026-02-17,False
25/26,Gestão de esforço,2025-12-01,2025-12-04,4.0,1.0,662332,juan,2025-12-04,False
24/25,Lesão na coxa,2025-04-12,2025-05-31,50.0,8.0,662332,juan,2025-05-31,False
24/25,Lesão desconhecida,2025-02-02,2025-02-18,17.0,2.0,662332,juan,2025-02-18,False
24/25,Lesão muscular,2024-12-15,2025-01-01,18.0,2.0,662332,juan,2025-01-01,False
22/23,Rotura de ligamentos do tarso,2023-05-13,2023-11-02,174.0,25.0,267420,walter-montoya,2023-11-02,True
22/23,Rotura de ligamentos do tarso,2022-07-22,2023-01-01,164.0,19.0,267420,walter-montoya,2023-01-01,True
24/25,Lesão no joelho,2025-04-17,2025-06-12,57.0,10.0,468320,leo-chu,2025-06-12,False
24/25,Doente,2025-02-25,2025-03-06,10.0,1.0,468320,leo-chu,2025-03-06,False
24/25,Lesão na virilha,2024-09-17,2024-10-31,45.0,6.0,468320,leo-chu,2024-10-31,False
23/24,Lesão nos adutores,2024-05-17,2024-06-05,20.0,4.0,468320,leo-chu,2024-06-05,False
23/24,Fissura da banda do joelho,2024-03-20,2024-04-10,22.0,3.0,468320,leo-chu,2024-04-10,False
25/26,Problemas musculares na coxa,2025-11-23,2025-12-01,9.0,1.0,689017,ferreirinha,2025-12-01,False
25/26,Lesão nos adutores,2025-09-13,2025-09-17,5.0,1.0,689017,ferreirinha,2025-09-17,False
24/25,Lesão no pé,2025-05-15,2025-07-11,58.0,6.0,689017,ferreirinha,2025-07-11,False
24/25,Problemas musculares na coxa,2025-02-11,2025-03-02,20.0,4.0,689017,ferreirinha,2025-03-02,False
24/25,Lesão na coxa,2024-08-18,2024-10-15,59.0,11.0,689017,ferreirinha,2024-10-15,False
22/23,Lesão na coxa,2023-03-26,2023-06-30,97.0,18.0,689017,ferreirinha,2023-06-30,True
22/23,Lesão muscular,2022-08-23,2023-01-02,133.0,13.0,689017,ferreirinha,2023-01-02,True
21/22,Lesão no joelho,2021-07-11,2021-08-23,44.0,11.0,689017,ferreirinha,2021-08-23,False
23/24,Lesão no joelho,2024-02-12,2024-08-27,198.0,43.0,711338,jhonata-robert,2024-08-27,True
22/23,Lesão no joelho,2022-10-03,2023-07-28,299.0,45.0,711338,jhonata-robert,2023-07-28,True
21/22,Lesão do ligamento cruzado,2022-01-14,2022-09-18,248.0,46.0,711338,jhonata-robert,2022-09-18,True
20/21,Lesão no tornozelo,2020-07-15,2021-01-10,180.0,33.0,37536,diego-tardelli,2021-01-10,True
14/15,Lesão no joelho,2015-03-03,2015-04-16,45.0,8.0,37536,diego-tardelli,2015-04-16,False
10/11,Lesão no joelho,2011-06-10,2011-07-10,31.0,6.0,37536,diego-tardelli,2011-07-10,False
08/09,Braço fraturado,2008-08-03,2008-12-31,151.0,19.0,37536,diego-tardelli,2008-12-31,True
23/24,Pubalgia,2024-05-18,2024-06-10,24.0,3.0,260377,felipe-aguilar,2024-06-10,False
23/24,Muskelbündelriss,2024-02-08,2024-02-22,15.0,3.0,260377,felipe-aguilar,2024-02-22,False
22/23,Lesão muscular,2023-04-03,2023-04-28,26.0,4.0,260377,felipe-aguilar,2023-04-28,False
21/22,Entorse do tornozelo,2022-03-18,2022-06-01,76.0,12.0,260377,felipe-aguilar,2022-06-01,True
21/22,Lesão muscular,2021-08-25,2021-09-25,32.0,8.0,260377,felipe-aguilar,2021-09-25,False
16/17,Problemas físicos,2016-08-08,2016-09-05,29.0,10.0,260377,felipe-aguilar,2016-09-05,False
24/25,Problemas musculares,2025-04-20,2025-04-26,7.0,1.0,671572,wagner-leonardo,2025-04-26,False
20/21,Coronavírus,2021-01-10,2021-01-17,8.0,2.0,671572,wagner-leonardo,2021-01-17,False
23/24,Problemas físicos,2024-01-01,2024-05-14,135.0,24.0,345084,jorge,2024-05-14,True
22/23,Rotura dos ligamentos cruzados,2023-02-23,2023-12-31,312.0,62.0,345084,jorge,2023-12-31,True
20/21,Rotura dos ligamentos cruzados,2020-12-17,2021-06-30,196.0,25.0,345084,jorge,2021-06-30,True
20/21,Lesão desconhecida,2020-11-26,2020-12-15,20.0,4.0,345084,jorge,2020-12-15,False
17/18,Traumatismo no joelho,2018-04-21,2018-06-29,70.0,9.0,345084,jorge,2018-06-29,True
17/18,Traumatismo no joelho,2018-01-20,2018-02-26,38.0,6.0,345084,jorge,2018-02-26,False
16/17,Lesão na tíbia,2016-07-21,2016-08-14,25.0,4.0,345084,jorge,2016-08-14,False
23/24,Lesão do ligamento cruzado,2023-08-10,2024-05-18,283.0,41.0,574768,sandry,2024-05-18,True
22/23,Fratura na face,2023-04-30,2023-06-30,62.0,11.0,574768,sandry,2023-06-30,True
22/23,Fratura na face,2023-02-20,2023-03-11,20.0,4.0,574768,sandry,2023-03-11,False
20/21,Lesão dos ligamentos laterais do joelho,2021-04-03,2021-11-24,236.0,60.0,574768,sandry,2021-11-24,True
20/21,Rotura dos ligamentos cruzados,2021-01-18,2021-08-01,196.0,50.0,519875,jobson,2021-08-01,True
10/11,Ruptura muscular,2011-04-24,2011-05-21,28.0,3.0,53359,evandro,2011-05-21,False
25/26,Lesão na coxa,2025-12-13,2026-02-07,57.0,8.0,312294,yeferson-soteldo,2026-02-07,False
25/26,Lesão na coxa,2025-07-31,2025-08-22,23.0,6.0,312294,yeferson-soteldo,2025-08-22,False
24/25,Lesão muscular,2025-06-15,2025-06-29,15.0,3.0,312294,yeferson-soteldo,2025-06-29,False
24/25,Lesão no bíceps femoral,2025-05-19,2025-06-06,19.0,3.0,312294,yeferson-soteldo,2025-06-06,False
24/25,Lesão na coxa,2025-04-14,2025-05-03,20.0,4.0,312294,yeferson-soteldo,2025-05-03,False
24/25,Lesão nos adutores,2025-03-27,2025-04-05,10.0,1.0,312294,yeferson-soteldo,2025-04-05,False
24/25,Problemas musculares,2024-09-27,2024-10-01,5.0,1.0,312294,yeferson-soteldo,2024-10-01,False
23/24,Problemas musculares na coxa,2024-02-01,2024-04-01,61.0,11.0,312294,yeferson-soteldo,2024-04-01,True
22/23,Lesão muscular,2023-04-30,2023-05-22,23.0,6.0,312294,yeferson-soteldo,2023-05-22,False
22/23,Lesão na coxa,2022-10-08,2023-01-15,100.0,10.0,312294,yeferson-soteldo,2023-01-15,True
18/19,Problemas musculares na coxa,2018-09-19,2018-09-22,4.0,,312294,yeferson-soteldo,2018-09-22,False
17/18,Muskelbündelriss,2018-04-30,2018-05-12,13.0,2.0,312294,yeferson-soteldo,2018-05-12,False
16/17,Lesão no joelho,2017-03-27,2017-04-06,11.0,2.0,312294,yeferson-soteldo,2017-04-06,False
25/26,Lesão na coxa,2025-09-14,2025-11-11,59.0,10.0,685768,allanzinho,2025-11-11,False
16/17,Rotura dos ligamentos cruzados,2017-04-24,2017-11-28,219.0,34.0,327912,lucas-venuto,2017-11-28,True
14/15,Lesão no joelho,2015-03-12,2015-04-02,22.0,3.0,327912,lucas-venuto,2015-04-02,False
25/26,Lesão na coxa,2025-07-31,2025-08-16,17.0,4.0,563692,bruno-fuchs,2025-08-16,False
22/23,Lesão na coxa,2023-06-26,2023-07-28,33.0,5.0,563692,bruno-fuchs,2023-07-28,False
22/23,Inflamação do tendão,2022-10-01,2022-10-24,24.0,4.0,563692,bruno-fuchs,2022-10-24,False
22/23,Recuperação ritmo competitivo,2022-07-19,2022-08-14,27.0,4.0,563692,bruno-fuchs,2022-08-14,False
21/22,Tendinite,2022-06-20,2022-07-18,29.0,1.0,563692,bruno-fuchs,2022-07-18,False
21/22,Inflamação do dente,2022-05-11,2022-05-16,6.0,1.0,563692,bruno-fuchs,2022-05-16,False
21/22,Vírus,2022-04-02,2022-04-07,6.0,1.0,563692,bruno-fuchs,2022-04-07,False
21/22,Lesão muscular,2022-03-17,2022-04-01,16.0,1.0,563692,bruno-fuchs,2022-04-01,False
21/22,Recuperação ritmo competitivo,2021-10-01,2021-10-25,25.0,3.0,563692,bruno-fuchs,2021-10-25,False
21/22,Problemas musculares,2021-08-27,2021-09-30,35.0,4.0,563692,bruno-fuchs,2021-09-30,False
20/21,Operação ao pé,2020-12-12,2021-04-24,134.0,12.0,563692,bruno-fuchs,2021-04-24,True
20/21,Lesão na anca,2020-10-14,2020-12-08,56.0,14.0,563692,bruno-fuchs,2020-12-08,False
20/21,Lesão na anca,2020-08-30,2020-10-11,43.0,4.0,563692,bruno-fuchs,2020-10-11,False
25/26,Lesão nos adutores,2026-03-10,2026-03-20,11.0,,322588,natanael,2026-03-20,False
25/26,Problemas físicos,2026-01-07,2026-01-11,5.0,1.0,322588,natanael,2026-01-11,False
25/26,Traumatismo no joelho,2025-12-02,2025-12-10,9.0,1.0,689505,johnny-cardoso,2025-12-10,False
25/26,Lesão tornozelo,2025-09-16,2025-10-30,45.0,11.0,689505,johnny-cardoso,2025-10-30,False
24/25,Lesão muscular,2025-03-10,2025-03-15,6.0,1.0,689505,johnny-cardoso,2025-03-15,False
24/25,Lesão muscular,2024-11-15,2024-12-10,26.0,6.0,689505,johnny-cardoso,2024-12-10,False
24/25,Problemas no Joelho,2024-10-07,2024-10-18,12.0,2.0,689505,johnny-cardoso,2024-10-18,False
23/24,Lesão no tornozelo,2023-11-13,2023-12-07,25.0,3.0,689505,johnny-cardoso,2023-12-07,False
23/24,Entorse do tornozelo,2023-08-27,2023-09-25,30.0,5.0,689505,johnny-cardoso,2023-09-25,False
22/23,Problema nos flexores do quadril,2023-05-01,2023-05-18,18.0,4.0,689505,johnny-cardoso,2023-05-18,False
24/25,Lesão do ligamento cruzado,2024-08-18,2025-05-16,272.0,35.0,393830,guilherme-parede,2025-05-16,True
22/23,Lesão desconhecida,2022-10-06,2022-11-06,32.0,6.0,393830,guilherme-parede,2022-11-06,False
21/22,Rotura dos ligamentos cruzados,2021-04-22,2021-12-15,238.0,37.0,393830,guilherme-parede,2021-12-15,True
24/25,Lesão no joelho,2024-11-04,2025-09-25,326.0,48.0,641456,pedro-lucas-schwaizer,2025-09-25,True
24/25,Problema nos flexores do quadril,2025-06-02,2025-07-15,44.0,1.0,101469,giltm,2025-07-15,False
24/25,Lesão no joelho,2024-07-01,2024-08-09,40.0,9.0,671145,joao-victor,2024-08-09,False
22/23,Lesão tornozelo,2022-07-08,2022-09-24,79.0,13.0,671145,joao-victor,2022-09-24,True
23/24,Lesão desconhecida,2024-02-08,2024-02-22,15.0,2.0,552912,bruno-mendez,2024-02-22,False
21/22,Lesão desconhecida,2022-06-10,2022-06-24,15.0,2.0,552912,bruno-mendez,2022-06-24,False
21/22,Lesão na coxa,2021-10-11,2021-10-20,10.0,3.0,552912,bruno-mendez,2021-10-20,False
19/20,Lesão na zona pélvica,2019-11-29,2020-06-01,186.0,3.0,552912,bruno-mendez,2020-06-01,True
25/26,Entorse no joelho,2025-12-03,2026-01-14,43.0,5.0,670201,lucas-piton,2026-01-14,False
25/26,Lesão na panturrilha,2025-09-12,2025-10-04,23.0,5.0,670201,lucas-piton,2025-10-04,False
24/25,Problemas musculares,2024-07-29,2024-08-17,20.0,2.0,670201,lucas-piton,2024-08-17,False
22/23,Problemas musculares,2022-11-07,2022-12-28,52.0,2.0,670201,lucas-piton,2022-12-28,False
25/26,Vírus,2025-10-09,2025-10-18,10.0,1.0,617687,matheus-alexandre,2025-10-18,False
24/25,Lesão no joelho,2024-08-18,2024-09-04,18.0,2.0,617687,matheus-alexandre,2024-09-04,False
24/25,Lesão muscular,2024-07-03,2024-07-17,15.0,2.0,617687,matheus-alexandre,2024-07-17,False
23/24,Lesão na coxa,2024-04-01,2024-04-13,13.0,2.0,617687,matheus-alexandre,2024-04-13,False
20/21,Problemas no Joelho,2021-02-27,2021-05-19,82.0,,688690,igor-formiga,2021-05-19,True
24/25,lesão na perna,2025-05-24,2025-05-27,4.0,1.0,144789,junior-urso,2025-05-27,False
24/25,lesão na perna,2025-04-10,2025-04-24,15.0,2.0,144789,junior-urso,2025-04-24,False
23/24,Problemas no tendão de Aquiles,2024-06-17,2024-07-31,45.0,8.0,144789,junior-urso,2024-07-31,False
22/23,Lesão muscular,2023-04-24,2023-08-18,117.0,13.0,144789,junior-urso,2023-08-18,True
20/21,Lebensmittelvergiftung,2021-06-17,2021-06-21,5.0,1.0,490408,fabricio-oya,2021-06-21,False
23/24,Lesão muscular,2024-04-21,2024-05-31,41.0,4.0,554300,madson,2024-05-31,False
23/24,Lesão muscular,2024-03-12,2024-04-18,38.0,4.0,554300,madson,2024-04-18,False
23/24,Lesão desconhecida,2024-01-09,2024-01-15,7.0,1.0,554300,madson,2024-01-15,False
24/25,Lesão muscular,2025-02-13,2025-02-28,16.0,3.0,582301,marquinhos,2025-02-28,False
24/25,Lesão muscular,2024-12-07,2025-01-29,54.0,10.0,582301,marquinhos,2025-01-29,False
22/23,Lesão muscular,2023-04-30,2023-05-13,14.0,2.0,582301,marquinhos,2023-05-13,False
20/21,Fratura do tornozelo,2021-02-28,2021-05-01,63.0,16.0,582301,marquinhos,2021-05-01,True
22/23,Fratura da vertebra lombar,2022-09-02,2022-10-20,49.0,8.0,670940,janderson,2022-10-20,False
22/23,Problemas musculares,2023-06-24,2023-07-07,14.0,3.0,18829,vagner-love,2023-07-07,False
18/19,Lesão desconhecida,2018-12-17,2018-12-24,8.0,1.0,18829,vagner-love,2018-12-24,False
17/18,Ruptura muscular do músculo do perônio,2018-04-04,2018-04-20,17.0,2.0,18829,vagner-love,2018-04-20,False
17/18,Lesão muscular,2017-11-19,2017-12-11,23.0,4.0,18829,vagner-love,2017-12-11,False
16/17,Ruptura muscular do músculo do perônio,2017-04-18,2017-04-30,13.0,2.0,18829,vagner-love,2017-04-30,False
07/08,Achillessehnenanriss,2008-04-04,2008-04-25,22.0,3.0,18829,vagner-love,2008-04-25,False
23/24,Fadiga muscular,2023-10-25,2023-11-02,9.0,1.0,40822,mauro-boselli,2023-11-02,False
23/24,Lesão muscular,2023-09-05,2023-09-29,25.0,4.0,40822,mauro-boselli,2023-09-29,False
23/24,Muskelbündelriss,2023-07-19,2023-08-06,19.0,4.0,40822,mauro-boselli,2023-08-06,False
22/23,Distensão muscular,2023-05-05,2023-05-11,7.0,1.0,40822,mauro-boselli,2023-05-11,False
22/23,Lesão no pé,2022-07-08,2022-08-03,27.0,6.0,40822,mauro-boselli,2022-08-03,False
21/22,Entorse do tornozelo,2022-03-14,2022-04-04,22.0,4.0,40822,mauro-boselli,2022-04-04,False
12/13,Lesão desconhecida,2013-05-12,2013-05-25,14.0,2.0,40822,mauro-boselli,2013-05-25,False
10/11,Lesão desconhecida,2011-01-10,2011-02-18,40.0,8.0,40822,mauro-boselli,2011-02-18,False
25/26,Rotura do tendão de Aquiles,2026-03-12,,14.0,3.0,371250,edu-ribeiro,2026-03-26,False
25/26,Lesão na coxa,2025-11-30,2026-02-28,91.0,13.0,371250,edu-ribeiro,2026-02-28,True
25/26,Lesão na cabeça,2025-11-06,2025-11-11,6.0,1.0,371250,edu-ribeiro,2025-11-11,False
25/26,Problemas musculares,2025-10-21,2025-10-31,11.0,1.0,371250,edu-ribeiro,2025-10-31,False
22/23,Ligamento Esticado,2023-02-12,2023-03-02,19.0,3.0,331057,luis-orejuela,2023-03-02,False
25/26,Lesão no pé,2026-03-09,2026-03-14,6.0,1.0,678439,mauricio,2026-03-14,False
24/25,Lesão no ombro,2025-02-17,2025-04-08,51.0,9.0,678439,mauricio,2025-04-08,False
24/25,Estiramento do ligamento colateral interno do joelho,2024-10-12,2024-10-25,14.0,1.0,678439,mauricio,2024-10-25,False
23/24,Traumatismo no joelho,2024-06-07,2024-07-16,40.0,10.0,678439,mauricio,2024-07-16,False
22/23,Estiramento do ligamento colateral interno do joelho,2022-10-11,2022-10-25,15.0,2.0,678439,mauricio,2022-10-25,False
24/25,Entorse no joelho,2024-08-09,2024-09-28,51.0,8.0,362844,pedro-rocha,2024-09-28,False
23/24,Lesão na coxa,2024-06-27,2024-07-20,24.0,5.0,362844,pedro-rocha,2024-07-20,False
22/23,Rotura de ligamentos no joelho,2023-02-16,2023-10-16,243.0,56.0,362844,pedro-rocha,2023-10-16,True
18/19,Lesão muscular,2018-09-27,2018-10-06,10.0,2.0,362844,pedro-rocha,2018-10-06,False
17/18,Lesão na panturrilha,2017-09-20,2017-09-26,7.0,1.0,362844,pedro-rocha,2017-09-26,False
24/25,Lesão desconhecida,2025-02-05,2025-02-25,21.0,3.0,184928,joel-tagueu,2025-02-25,False
21/22,Lesão desconhecida,2021-08-09,2021-10-24,77.0,9.0,184928,joel-tagueu,2021-10-24,True
18/19,Lesão desconhecida,2018-10-18,2018-11-02,16.0,3.0,184928,joel-tagueu,2018-11-02,False
19/20,Problemas musculares na coxa,2019-07-18,2019-08-13,27.0,5.0,54323,wilson,2019-08-13,False
25/26,Lesão desconhecida,2026-02-10,,44.0,3.0,250144,lucas-hernandez,2026-03-26,False
25/26,Lesão desconhecida,2026-01-08,2026-02-03,27.0,1.0,250144,lucas-hernandez,2026-02-03,False
23/24,Lesão na mão,2024-05-30,2024-07-01,33.0,4.0,250144,lucas-hernandez,2024-07-01,False
22/23,Lesão muscular,2023-03-19,2023-03-28,10.0,1.0,250144,lucas-hernandez,2023-03-28,False
18/19,Gestão de esforço,2019-05-03,2019-05-05,3.0,1.0,250144,lucas-hernandez,2019-05-05,False
18/19,Gestão de esforço,2019-03-29,2019-04-01,4.0,1.0,250144,lucas-hernandez,2019-04-01,False
18/19,Síndrome gripal,2018-09-21,2018-09-25,5.0,1.0,250144,lucas-hernandez,2018-09-25,False
17/18,Lesão muscular,2018-05-04,2018-05-08,5.0,1.0,250144,lucas-hernandez,2018-05-08,False
17/18,Problemas no Joelho,2017-10-16,2017-10-31,16.0,,250144,lucas-hernandez,2017-10-31,False
16/17,Queixas adutores,2017-03-17,2017-03-22,6.0,1.0,250144,lucas-hernandez,2017-03-22,False
15/16,Lesão desconhecida,2016-05-16,2016-05-25,10.0,1.0,250144,lucas-hernandez,2016-05-25,False
24/25,Lesão na coxa,2025-04-07,2025-04-28,22.0,6.0,592344,guga,2025-04-28,False
20/21,Coronavírus,2020-11-18,2020-12-03,16.0,3.0,592344,guga,2020-12-03,False
24/25,Recuperação ritmo competitivo,2024-07-20,2024-07-26,7.0,2.0,726005,guilherme-castilho,2024-07-26,False
23/24,Lesão desconhecida,2024-04-07,2024-06-30,85.0,4.0,468256,daniel-penha,2024-06-30,True
23/24,Lesão tornozelo,2024-02-21,2024-02-28,8.0,1.0,468256,daniel-penha,2024-02-28,False
22/23,Lesão desconhecida,2023-02-01,2023-09-17,229.0,20.0,468256,daniel-penha,2023-09-17,True
21/22,Lesão do ligamento cruzado,2022-09-15,2022-12-31,108.0,7.0,468256,daniel-penha,2022-12-31,True
18/19,Lesão desconhecida,2018-08-20,2018-09-12,24.0,2.0,70484,maicon-bolt,2018-09-12,False
17/18,Lesão desconhecida,2018-04-07,2018-04-20,14.0,1.0,70484,maicon-bolt,2018-04-20,False
15/16,Problemas físicos,2016-02-18,2016-08-08,173.0,15.0,70484,maicon-bolt,2016-08-08,True
13/14,Problemas musculares na coxa,2014-04-14,2014-05-12,29.0,4.0,70484,maicon-bolt,2014-05-12,False
12/13,Problemas musculares na coxa,2012-11-05,2012-12-03,29.0,4.0,70484,maicon-bolt,2012-12-03,False
10/11,Meniskusschaden,2010-10-11,2010-11-11,32.0,4.0,70484,maicon-bolt,2010-11-11,False
22/23,Problemas na panturrilha,2023-04-21,2023-04-28,8.0,1.0,59783,franco-di-santo,2023-04-28,False
22/23,Problemas musculares,2023-01-25,2023-02-01,8.0,1.0,59783,franco-di-santo,2023-02-01,False
21/22,Rotura muscular na coxa,2021-07-15,2021-08-11,28.0,5.0,59783,franco-di-santo,2021-08-11,False
18/19,Patellasehnenreizung,2018-12-05,2019-02-02,60.0,7.0,59783,franco-di-santo,2019-02-02,True
17/18,Problemas musculares,2017-11-20,2017-11-23,4.0,,59783,franco-di-santo,2017-11-23,False
17/18,Lesão na cápsula,2017-10-02,2017-10-05,4.0,,59783,franco-di-santo,2017-10-05,False
17/18,Traumatismo,2017-08-31,2017-09-11,12.0,1.0,59783,franco-di-santo,2017-09-11,False
16/17,Lesão na virilha,2016-10-31,2017-03-02,123.0,20.0,59783,franco-di-santo,2017-03-02,True
16/17,Lesão na virilha,2016-10-24,2016-10-27,4.0,1.0,59783,franco-di-santo,2016-10-27,False
16/17,Problemas musculares,2016-09-08,2016-09-08,1.0,,59783,franco-di-santo,2016-09-08,False
14/15,Rotura muscular na coxa,2015-02-05,2015-02-12,8.0,1.0,59783,franco-di-santo,2015-02-12,False
14/15,Lesão dos ligamentos laterais,2014-11-20,2015-01-01,43.0,6.0,59783,franco-di-santo,2015-01-01,False
14/15,Estiramento do ligamento colateral interno do joelho,2014-08-04,2014-08-18,15.0,1.0,59783,franco-di-santo,2014-08-18,False
13/14,Fibra muscular rasgado,2013-10-03,2013-11-11,40.0,5.0,59783,franco-di-santo,2013-11-11,False
09/10,Problemas musculares,2009-08-24,2009-09-10,18.0,2.0,59783,franco-di-santo,2009-09-10,False
08/09,Fibra muscular rasgado,2008-11-13,2008-12-22,40.0,7.0,59783,franco-di-santo,2008-12-22,False
25/26,Lesão no tornozelo,2026-01-26,,59.0,12.0,722457,fabricio,2026-03-26,False
25/26,Lesão na coxa,2025-07-09,2025-08-08,31.0,8.0,722457,fabricio,2025-08-08,False
20/21,Coronavírus,2020-10-23,2020-11-10,19.0,2.0,593208,matheus-silva,2020-11-10,False
19/20,Lesão desconhecida,2019-11-18,2020-01-16,60.0,6.0,593208,matheus-silva,2020-01-16,True
24/25,Lesão desconhecida,2025-04-25,2025-07-01,68.0,5.0,686332,edson-fernando,2025-07-01,True
17/18,Lesão no joelho,2017-10-22,2017-12-09,49.0,8.0,83886,fernandao,2017-12-09,False
16/17,Fratura cubital,2017-03-17,2017-09-10,178.0,20.0,83886,fernandao,2017-09-10,True
16/17,Lesão tornozelo,2016-08-28,2016-10-31,65.0,10.0,83886,fernandao,2016-10-31,True
14/15,Rotura muscular na coxa,2014-07-17,2014-07-28,12.0,1.0,83886,fernandao,2014-07-28,False
13/14,Lesão desconhecida,2014-03-22,2014-04-01,11.0,2.0,83886,fernandao,2014-04-01,False
24/25,Entorse do tornozelo,2025-04-21,2025-06-11,52.0,8.0,412372,lucao,2025-06-11,False
24/25,Lesão na coxa,2024-08-11,2024-10-18,69.0,11.0,412372,lucao,2024-10-18,True
25/26,Problemas musculares na coxa,2025-10-26,2025-11-18,24.0,,147410,raul-caceres,2025-11-18,False
25/26,Lesão muscular,2025-08-04,2025-09-12,40.0,,147410,raul-caceres,2025-09-12,False
24/25,Lesão na coxa,2025-05-15,2025-07-07,54.0,,147410,raul-caceres,2025-07-07,False
22/23,Problemas musculares na coxa,2022-09-30,2022-10-20,21.0,4.0,147410,raul-caceres,2022-10-20,False
24/25,Rotura dos ligamentos cruzados,2025-01-23,2025-09-30,251.0,47.0,703322,bruno-gomes,2025-09-30,True
23/24,Contusão no tornozelo,2023-09-16,2023-10-16,31.0,4.0,703322,bruno-gomes,2023-10-16,False
15/16,Lesão muscular,2015-08-18,2015-08-25,8.0,1.0,39090,fredy-guarin,2015-08-25,False
14/15,Lesão na coxa,2015-05-12,2015-06-05,25.0,3.0,39090,fredy-guarin,2015-06-05,False
14/15,Rotura muscular,2014-10-27,2014-11-06,11.0,2.0,39090,fredy-guarin,2014-11-06,False
14/15,Lesão no tornozelo,2014-10-03,2014-10-09,7.0,1.0,39090,fredy-guarin,2014-10-09,False
12/13,Problemas físicos,2013-04-18,2013-05-05,18.0,2.0,39090,fredy-guarin,2013-05-05,False
12/13,Distorção do tornozelo,2013-03-03,2013-03-07,5.0,,39090,fredy-guarin,2013-03-07,False
12/13,Dilata,2012-11-12,2012-11-26,15.0,3.0,39090,fredy-guarin,2012-11-26,False
11/12,Tendinite,2012-01-06,2012-03-24,79.0,16.0,39090,fredy-guarin,2012-03-24,True
11/12,Ruptura muscular do músculo do perônio,2011-11-13,2011-12-31,49.0,8.0,39090,fredy-guarin,2011-12-31,False
10/11,Flambagem do osso,2010-08-15,2010-09-13,30.0,7.0,39090,fredy-guarin,2010-09-13,False
09/10,Problemas musculares na coxa,2010-04-07,2010-04-11,5.0,1.0,39090,fredy-guarin,2010-04-11,False
18/19,Recuperação ritmo competitivo,2018-08-01,2018-10-01,62.0,8.0,110074,bruno-cesar,2018-10-01,True
17/18,Lesão no joelho,2018-03-13,2018-06-01,81.0,13.0,110074,bruno-cesar,2018-06-01,True
16/17,Lesão muscular,2017-01-29,2017-02-07,10.0,1.0,110074,bruno-cesar,2017-02-07,False
25/26,Lesão desconhecida,2025-10-25,2025-11-10,17.0,3.0,703324,figueiredo,2025-11-10,False
24/25,Pneumonia,2025-04-17,2025-04-26,10.0,2.0,677512,talles-magno,2025-04-26,False
24/25,Lesão na coxa,2024-09-22,2024-10-16,25.0,4.0,677512,talles-magno,2024-10-16,False
24/25,Lesão desconhecida,2024-08-19,2024-08-22,4.0,1.0,677512,talles-magno,2024-08-22,False
23/24,Lesão no joelho,2024-02-29,2024-05-01,63.0,9.0,677512,talles-magno,2024-05-01,True
22/23,lesão na perna,2023-05-29,2023-06-02,5.0,1.0,677512,talles-magno,2023-06-02,False
20/21,Problemas no Joelho,2021-03-28,2021-05-24,58.0,10.0,677512,talles-magno,2021-05-24,False
20/21,Coronavírus,2020-11-20,2020-12-01,12.0,3.0,677512,talles-magno,2020-12-01,False
20/21,Coronavírus,2020-03-31,2020-04-15,16.0,,677512,talles-magno,2020-04-15,False
20/21,Fratura do Metatarso,2020-02-24,2020-06-24,122.0,5.0,677512,talles-magno,2020-06-24,True
19/20,Lesão na coxa,2019-11-08,2020-01-12,66.0,7.0,677512,talles-magno,2020-01-12,True
24/25,Lesão muscular,2024-11-22,2024-12-20,29.0,4.0,469136,yan-sasse,2024-12-20,False
19/20,Lesão desconhecida,2019-12-05,2019-12-30,26.0,5.0,469136,yan-sasse,2019-12-30,False
25/26,Problemas musculares,2025-10-02,2025-10-09,8.0,1.0,703321,gabriel-pec,2025-10-09,False
24/25,Problemas na anca,2025-05-06,2025-05-16,11.0,2.0,703321,gabriel-pec,2025-05-16,False
24/25,Problemas na anca,2025-04-03,2025-04-07,5.0,1.0,703321,gabriel-pec,2025-04-07,False
20/21,Coronavírus,2020-11-18,2020-12-03,16.0,,539949,tiago-reis,2020-12-03,False
17/18,Lesão no ombro,2017-12-17,2018-02-17,63.0,9.0,27349,muriel,2018-02-17,True
25/26,Recuperação ritmo competitivo,2026-02-12,2026-02-14,3.0,1.0,175179,luccas-claro,2026-02-14,False
25/26,Rotura de ligamentos do tornozelo,2025-10-25,2026-02-12,111.0,15.0,175179,luccas-claro,2026-02-12,True
25/26,Fratura do perónio,2025-10-25,2026-02-12,111.0,15.0,175179,luccas-claro,2026-02-12,True
18/19,Lesão desconhecida,2019-05-05,2019-05-19,15.0,2.0,175179,luccas-claro,2019-05-19,False
17/18,Lesão desconhecida,2017-11-13,2018-01-25,74.0,11.0,175179,luccas-claro,2018-01-25,True
17/18,Lesão desconhecida,2017-10-09,2017-10-14,6.0,1.0,175179,luccas-claro,2017-10-14,False
17/18,Lesão desconhecida,2017-09-11,2017-09-18,8.0,1.0,175179,luccas-claro,2017-09-18,False
21/22,Lesão desconhecida,2022-06-07,2022-11-15,162.0,13.0,312123,lucas-possignolo,2022-11-15,True
20/21,Lesão desconhecida,2021-03-01,2021-03-14,14.0,2.0,312123,lucas-possignolo,2021-03-14,False
19/20,Lesão desconhecida,2019-09-01,2019-10-15,45.0,5.0,312123,lucas-possignolo,2019-10-15,False
19/20,Lesão desconhecida,2019-08-01,2019-08-26,26.0,4.0,312123,lucas-possignolo,2019-08-26,False
18/19,Lesão desconhecida,2018-12-10,2019-01-03,25.0,3.0,312123,lucas-possignolo,2019-01-03,False
17/18,Lesão desconhecida,2018-03-01,2018-03-09,9.0,1.0,312123,lucas-possignolo,2018-03-09,False
17/18,Lesão desconhecida,2017-10-27,2017-11-20,25.0,3.0,312123,lucas-possignolo,2017-11-20,False
17/18,Lesão desconhecida,2017-09-19,2017-10-04,16.0,2.0,312123,lucas-possignolo,2017-10-04,False
25/26,Lesão muscular,2025-11-09,2025-11-20,12.0,,520454,nino,2025-11-20,False
24/25,Lesão muscular,2024-11-02,2024-11-08,7.0,1.0,520454,nino,2024-11-08,False
23/24,Entorse no joelho,2023-10-15,2023-11-02,19.0,5.0,520454,nino,2023-11-02,False
22/23,Problemas musculares,2022-10-10,2022-10-20,11.0,1.0,520454,nino,2022-10-20,False
25/26,Lesão no ombro,2025-10-01,2025-10-25,25.0,4.0,678376,luan-freitas,2025-10-25,False
25/26,Lesão desconhecida,2026-02-10,2026-03-03,22.0,3.0,686597,calegari,2026-03-03,False
25/26,Lesão desconhecida,2026-01-23,2026-01-27,5.0,1.0,686597,calegari,2026-01-27,False
25/26,Recuperação ritmo competitivo,2026-01-12,2026-01-16,5.0,1.0,686597,calegari,2026-01-16,False
25/26,Rotura do menisco,2025-11-22,2026-01-12,52.0,6.0,686597,calegari,2026-01-12,False
25/26,Lesão desconhecida,2025-08-31,2025-09-17,18.0,1.0,686597,calegari,2025-09-17,False
23/24,Lesão no tornozelo,2024-06-28,2024-08-05,39.0,6.0,686597,calegari,2024-08-05,False
23/24,Operado ao joelho,2023-09-15,2024-04-27,226.0,29.0,686597,calegari,2024-04-27,True
23/24,Lesão no joelho,2023-09-04,2023-09-14,11.0,1.0,686597,calegari,2023-09-14,False
22/23,Lesão na coxa,2022-10-28,2022-12-31,65.0,4.0,686597,calegari,2022-12-31,True
25/26,Fascite plantar,2025-10-14,2026-01-24,103.0,19.0,385271,allan,2026-01-24,True
25/26,Fascite plantar,2025-07-21,2025-07-26,6.0,1.0,385271,allan,2025-07-26,False
24/25,Lesão na coxa,2025-05-11,2025-05-27,17.0,4.0,385271,allan,2025-05-27,False
23/24,Lesão na coxa,2024-06-03,2024-06-20,18.0,2.0,385271,allan,2024-06-20,False
20/21,Coronavírus,2020-11-18,2020-11-28,11.0,3.0,385271,allan,2020-11-28,False
18/19,Recuperação ritmo competitivo,2019-01-01,2019-01-20,20.0,1.0,385271,allan,2019-01-20,False
18/19,Rotura do ligamento lateral,2018-11-22,2018-12-31,40.0,8.0,385271,allan,2018-12-31,False
17/18,lesão no braço,2018-04-01,2018-07-05,96.0,10.0,385271,allan,2018-07-05,True
16/17,Problemas musculares,2017-05-01,2017-05-04,4.0,,385271,allan,2017-05-04,False
15/16,ferimento facial,2015-09-21,2015-09-21,1.0,,385271,allan,2015-09-21,False
25/26,Problemas na panturrilha,2025-09-14,2025-11-18,66.0,14.0,67920,ganso,2025-11-18,True
25/26,Lesão na coxa,2025-07-15,2025-07-22,8.0,2.0,67920,ganso,2025-07-22,False
24/25,Problemas cardíacos,2025-01-01,2025-04-05,95.0,19.0,67920,ganso,2025-04-05,True
16/17,Problemas físicos,2017-05-06,2017-05-20,15.0,1.0,67920,ganso,2017-05-20,False
16/17,Queixas adutores,2017-03-13,2017-03-30,18.0,2.0,67920,ganso,2017-03-30,False
10/11,Rotura dos ligamentos cruzados,2010-08-27,2011-02-27,185.0,38.0,67920,ganso,2011-02-27,True
25/26,Lesão muscular,2026-02-13,2026-02-25,13.0,3.0,288499,ewandro-costa,2026-02-25,False
22/23,Lesão ligamentar,2022-09-12,2022-10-12,31.0,2.0,288499,ewandro-costa,2022-10-12,False
16/17,Fratura do Metatarso,2016-09-30,2016-12-10,72.0,9.0,288499,ewandro-costa,2016-12-10,True
24/25,Lesão tornozelo,2025-03-15,2025-05-07,54.0,7.0,259460,leo-artur,2025-05-07,False
21/22,Lesão desconhecida,2022-04-10,2022-05-30,51.0,5.0,121988,wellington-nem,2022-05-30,False
18/19,Lesão desconhecida,2018-09-14,2018-09-27,14.0,3.0,121988,wellington-nem,2018-09-27,False
17/18,Rotura dos ligamentos cruzados,2017-08-03,2018-03-26,236.0,28.0,121988,wellington-nem,2018-03-26,True
17/18,Fissura da banda,2017-08-03,2018-02-01,183.0,21.0,121988,wellington-nem,2018-02-01,True
15/16,Lesão desconhecida,2015-08-18,2015-08-20,3.0,1.0,121988,wellington-nem,2015-08-20,False
13/14,Lesão desconhecida,2014-03-10,2014-03-31,22.0,4.0,121988,wellington-nem,2014-03-31,False
13/14,Rotura do menisco lateral,2013-07-29,2013-10-06,70.0,12.0,121988,wellington-nem,2013-10-06,True
23/24,Lesão na coxa,2024-05-23,2024-07-06,45.0,9.0,262474,yony-gonzalez,2024-07-06,False
23/24,Lesão no ombro,2024-04-19,2024-05-11,23.0,3.0,262474,yony-gonzalez,2024-05-11,False
25/26,Lesão na coxa,2025-08-16,2025-10-11,57.0,3.0,710606,lucas-barcelos,2025-10-11,False
23/24,Lesão desconhecida,2024-04-17,2024-07-07,82.0,14.0,710606,lucas-barcelos,2024-07-07,True
22/23,Problemas musculares na coxa,2022-10-03,2022-10-31,29.0,5.0,710606,lucas-barcelos,2022-10-31,False
24/25,Lesão tornozelo,2025-01-08,2025-01-15,8.0,1.0,626724,joao-pedro,2025-01-15,False
23/24,Lesão na coxa,2024-02-07,2024-04-01,55.0,11.0,626724,joao-pedro,2024-04-01,False
22/23,Lesão no tornozelo,2022-12-26,2023-02-20,57.0,6.0,626724,joao-pedro,2023-02-20,False
22/23,Lesão na panturrilha,2022-09-20,2022-10-10,21.0,3.0,626724,joao-pedro,2022-10-10,False
19/20,Lesão no tornozelo,2019-07-21,2019-08-08,19.0,4.0,626724,joao-pedro,2019-08-08,False
24/25,Distensão abdominal,2024-07-24,2024-08-07,15.0,,691906,bento,2024-08-07,False
23/24,Problemas musculares na coxa,2023-08-27,2023-09-30,35.0,4.0,691906,bento,2023-09-30,False
20/21,Lesão na coxa,2021-04-16,2021-06-30,76.0,1.0,34495,adriano,2021-06-30,True
18/19,Lesão desconhecida,2019-05-18,2019-05-25,8.0,1.0,34495,adriano,2019-05-25,False
18/19,Ruptura muscular do músculo do perônio,2019-03-16,2019-04-23,39.0,3.0,34495,adriano,2019-04-23,False
18/19,Lesão desconhecida,2018-11-03,2018-11-25,23.0,3.0,34495,adriano,2018-11-25,False
18/19,Edema no joelho,2018-10-13,2018-10-26,14.0,2.0,34495,adriano,2018-10-26,False
18/19,Lesão desconhecida,2018-09-17,2018-10-11,25.0,5.0,34495,adriano,2018-10-11,False
18/19,Lesão desconhecida,2018-08-06,2018-08-10,5.0,1.0,34495,adriano,2018-08-10,False
17/18,Lesão desconhecida,2018-05-07,2018-05-14,8.0,1.0,34495,adriano,2018-05-14,False
17/18,Lesão desconhecida,2017-09-18,2017-10-02,15.0,3.0,34495,adriano,2017-10-02,False
17/18,Lesão desconhecida,2017-08-28,2017-09-11,15.0,1.0,34495,adriano,2017-09-11,False
17/18,Lesão desconhecida,2017-08-07,2017-08-17,11.0,1.0,34495,adriano,2017-08-17,False
16/17,Lesão desconhecida,2017-02-23,2017-02-23,1.0,,34495,adriano,2017-02-23,False
16/17,Lesão desconhecida,2016-10-10,2016-10-13,4.0,,34495,adriano,2016-10-13,False
16/17,Rotura muscular na coxa,2016-08-22,2016-08-25,4.0,,34495,adriano,2016-08-25,False
15/16,Lesão na coxa,2016-03-28,2016-04-07,11.0,2.0,34495,adriano,2016-04-07,False
15/16,Queixas adutores,2016-03-03,2016-03-10,8.0,1.0,34495,adriano,2016-03-10,False
15/16,Lesão muscular,2016-01-14,2016-01-21,8.0,1.0,34495,adriano,2016-01-21,False
15/16,Lesão muscular,2015-09-28,2015-10-15,18.0,2.0,34495,adriano,2015-10-15,False
15/16,Lesão muscular,2015-08-17,2015-09-10,25.0,3.0,34495,adriano,2015-09-10,False
14/15,Problemas cardíacos,2014-07-17,2014-08-28,43.0,1.0,34495,adriano,2014-08-28,False
12/13,Lesão muscular,2013-03-18,2013-04-08,22.0,3.0,34495,adriano,2013-04-08,False
11/12,Problemas musculares,2011-12-01,2011-12-08,8.0,2.0,34495,adriano,2011-12-08,False
10/11,Fibra muscular rasgado,2011-04-21,2011-05-12,22.0,6.0,34495,adriano,2011-05-12,False
09/10,Problemas musculares na coxa,2009-12-14,2009-12-31,18.0,1.0,34495,adriano,2009-12-31,False
09/10,Rotura da fibra muscular,2009-10-19,2009-11-12,25.0,5.0,34495,adriano,2009-11-12,False
25/26,Rotura parcial de ligamento,2025-11-02,,144.0,12.0,273455,felipe-abner,2026-03-26,True
23/24,Queixas adutores,2024-04-10,2024-05-01,22.0,3.0,273455,felipe-abner,2024-05-01,False
15/16,Rotura parcial de ligamento,2015-09-24,2016-05-01,221.0,30.0,273455,felipe-abner,2016-05-01,True
14/15,Rotura dos ligamentos cruzados,2014-09-08,2015-09-07,365.0,38.0,273455,felipe-abner,2015-09-07,True
13/14,Rotura dos ligamentos cruzados,2013-10-24,2014-04-24,183.0,27.0,273455,felipe-abner,2014-04-24,True
25/26,Queixas adutores,2026-01-19,2026-01-28,10.0,2.0,646402,abner,2026-01-28,False
25/26,Queixas adutores,2025-09-15,2025-10-15,31.0,5.0,646402,abner,2025-10-15,False
23/24,Entorse do tornozelo,2024-02-04,2024-02-25,22.0,4.0,646402,abner,2024-02-25,False
22/23,Lesão na coxa,2023-03-17,2023-03-31,15.0,1.0,646402,abner,2023-03-31,False
20/21,Coronavírus,2020-11-24,2020-12-10,17.0,3.0,646402,abner,2020-12-10,False
25/26,Traumatismo no pé,2025-09-18,2025-10-18,31.0,6.0,653348,khellven,2025-10-18,False
25/26,Lesão na coluna,2026-02-11,,43.0,8.0,691811,dudu,2026-03-26,False
23/24,Lesão no joelho,2024-06-07,2024-07-03,27.0,6.0,691811,dudu,2024-07-03,False
23/24,Problemas de Ligamento,2024-04-15,2024-05-04,20.0,2.0,691811,dudu,2024-05-04,False
24/25,Lesão na coxa,2025-05-19,2025-10-18,153.0,32.0,633212,erick,2025-10-18,True
24/25,Problemas musculares,2024-11-17,2024-11-30,14.0,2.0,633212,erick,2024-11-30,False
22/23,Lesão no joelho,2022-10-10,2024-01-01,449.0,,627216,kawan-gabriel,2024-01-01,True
24/25,OP aos dentes,2025-05-05,2025-05-10,6.0,1.0,658678,christian,2025-05-10,False
24/25,Lesão na coxa,2024-10-16,2024-11-15,31.0,5.0,658678,christian,2024-11-15,False
23/24,Lesão na coxa,2023-07-25,2023-09-04,42.0,8.0,658678,christian,2023-09-04,False
23/24,Lesão muscular,2024-05-07,2024-06-05,30.0,5.0,538978,pedrinho,2024-06-05,False
25/26,Lesão desconhecida,2026-01-29,2026-02-03,6.0,1.0,653349,jaderson,2026-02-03,False
18/19,Lesão no pé,2018-10-10,2018-11-19,41.0,3.0,487421,juan-manuel-boselli,2018-11-19,False
18/19,Problemas físicos,2018-07-18,2018-07-25,8.0,1.0,487421,juan-manuel-boselli,2018-07-25,False
17/18,Problemas físicos,2017-08-21,2017-08-29,9.0,1.0,487421,juan-manuel-boselli,2017-08-29,False
24/25,Problemas musculares,2024-09-08,2024-09-26,19.0,2.0,30825,marco-ruben,2024-09-26,False
24/25,Contra,2024-08-11,2024-08-28,18.0,4.0,30825,marco-ruben,2024-08-28,False
21/22,Coronavírus,2021-07-18,2021-08-09,23.0,6.0,30825,marco-ruben,2021-08-09,False
17/18,Muskelbündelriss,2018-01-28,2018-02-15,19.0,3.0,30825,marco-ruben,2018-02-15,False
25/26,Ruptura muscular,2026-01-28,2026-02-17,21.0,3.0,357937,braian-romero,2026-02-17,False
25/26,Lesão no tornozelo,2025-11-02,2025-11-20,19.0,2.0,357937,braian-romero,2025-11-20,False
25/26,Problemas na tibiotársica,2025-10-12,2025-10-26,15.0,1.0,357937,braian-romero,2025-10-26,False
25/26,Problemas musculares,2025-09-07,2025-09-21,15.0,3.0,357937,braian-romero,2025-09-21,False
24/25,Problemas musculares,2025-05-10,2025-05-25,16.0,2.0,357937,braian-romero,2025-05-25,False
23/24,Lesão no joelho,2023-09-25,2023-10-22,28.0,3.0,357937,braian-romero,2023-10-22,False
21/22,Problemas na tibiotársica,2022-03-25,2022-04-06,13.0,1.0,357937,braian-romero,2022-04-06,False
21/22,Lesão no joelho,2021-12-06,2021-12-31,26.0,2.0,357937,braian-romero,2021-12-31,False
21/22,Queixas adutores,2021-10-04,2021-10-19,16.0,2.0,357937,braian-romero,2021-10-19,False
20/21,Coronavírus,2021-04-27,2021-05-10,14.0,4.0,357937,braian-romero,2021-05-10,False
14/15,Lesão muscular,2015-05-26,2015-06-30,36.0,7.0,113336,alan-santos,2015-06-30,False
25/26,Lesão muscular,2025-10-15,2025-10-25,11.0,2.0,650519,lucas-barros,2025-10-25,False
24/25,Fibra muscular rasgado,2025-03-15,2025-04-05,22.0,3.0,650519,lucas-barros,2025-04-05,False
22/23,Lesão desconhecida,2022-08-01,2022-09-28,59.0,11.0,650519,lucas-barros,2022-09-28,False
20/21,Lesão no joelho,2020-07-24,2021-01-01,162.0,32.0,650519,lucas-barros,2021-01-01,True
22/23,Fratura do tornozelo,2022-09-11,2023-01-08,120.0,6.0,348264,gustavo-ferrareis,2023-01-08,True
23/24,Lesão muscular,2023-07-22,2023-07-25,4.0,,524403,fernando-costanza,2023-07-25,False
22/23,Lesão muscular,2023-04-23,2023-05-24,32.0,3.0,524403,fernando-costanza,2023-05-24,False
22/23,Lesão muscular,2022-07-13,2022-10-24,104.0,17.0,524403,fernando-costanza,2022-10-24,True
21/22,Lesão desconhecida,2022-04-11,2022-04-26,16.0,2.0,524403,fernando-costanza,2022-04-26,False
25/26,Lesão na coxa,2026-03-01,2026-03-14,14.0,2.0,727751,caio-alexandre,2026-03-14,False
25/26,Lesão na coxa,2025-08-21,2025-11-07,79.0,18.0,727751,caio-alexandre,2025-11-07,True
21/22,Operação ao pé,2021-08-24,2022-05-27,277.0,30.0,727751,caio-alexandre,2022-05-27,True
21/22,Lesão no pé,2021-08-15,2021-08-23,9.0,2.0,727751,caio-alexandre,2021-08-23,False
20/21,Coronavírus,2021-01-06,2021-01-19,14.0,4.0,691316,luis-henrique,2021-01-19,False
20/21,Recuperação ritmo competitivo,2020-09-25,2020-10-03,9.0,1.0,691316,luis-henrique,2020-10-03,False
17/18,Lesão desconhecida,2017-08-07,2017-12-25,141.0,19.0,68803,mauricio-ramos,2017-12-25,True
23/24,Lesão no joelho,2024-03-05,2024-07-16,134.0,24.0,103674,campanharo,2024-07-16,True
22/23,Problemas musculares na coxa,2023-05-08,2023-05-15,8.0,2.0,103674,campanharo,2023-05-15,False
21/22,Coronavírus,2022-02-07,2022-02-14,8.0,2.0,103674,campanharo,2022-02-14,False
21/22,Edema no joelho,2022-01-08,2022-02-05,29.0,5.0,103674,campanharo,2022-02-05,False
21/22,Recuperação ritmo competitivo,2021-09-01,2021-10-06,36.0,5.0,103674,campanharo,2021-10-06,False
20/21,Coronavírus,2021-05-17,2021-05-30,14.0,,103674,campanharo,2021-05-30,False
20/21,danos na cartilagem,2021-03-06,2021-09-01,180.0,17.0,103674,campanharo,2021-09-01,True
20/21,Apendicectomia,2020-12-07,2020-12-16,10.0,1.0,103674,campanharo,2020-12-16,False
19/20,Lesão nas costas,2019-12-01,2020-05-17,169.0,4.0,107012,augusto-cesar,2020-05-17,True
19/20,Lesão desconhecida,2019-10-06,2019-10-10,5.0,2.0,107012,augusto-cesar,2019-10-10,False
18/19,Lesão desconhecida,2019-06-11,2019-06-14,4.0,1.0,107012,augusto-cesar,2019-06-14,False
18/19,lesão no braço,2019-02-20,2019-04-25,65.0,7.0,107012,augusto-cesar,2019-04-25,True
18/19,Probleme im Fußgewölbe,2018-12-02,2019-02-05,66.0,9.0,107012,augusto-cesar,2019-02-05,True
18/19,Problemas de calcanhares,2018-10-26,2018-10-29,4.0,1.0,107012,augusto-cesar,2018-10-29,False
18/19,Irritação do tendão de Aquiles,2018-07-27,2018-08-30,35.0,4.0,107012,augusto-cesar,2018-08-30,False
20/21,Lesão no tornozelo,2020-08-01,2021-02-25,209.0,25.0,103743,henrique-almeida,2021-02-25,True
19/20,Lesão muscular,2019-12-01,2019-12-10,10.0,2.0,103743,henrique-almeida,2019-12-10,False
19/20,Lesão muscular,2019-09-25,2019-10-10,16.0,4.0,103743,henrique-almeida,2019-10-10,False
18/19,Fratura do antebraço,2019-02-11,2019-07-25,165.0,17.0,103743,henrique-almeida,2019-07-25,True
18/19,Lesão muscular,2018-10-25,2018-11-12,19.0,3.0,103743,henrique-almeida,2018-11-12,False
18/19,Recuperação ritmo competitivo,2018-08-27,2018-09-01,6.0,1.0,103743,henrique-almeida,2018-09-01,False
22/23,Pubalgia,2023-05-08,2023-05-15,8.0,2.0,205041,everaldo,2023-05-15,False
21/22,Lesão na virilha,2022-03-08,2022-05-30,84.0,18.0,205041,everaldo,2022-05-30,True
20/21,Coronavírus,2020-11-21,2020-12-06,16.0,2.0,519891,dalberto,2020-12-06,False
25/26,Lesão tornozelo,2025-11-07,2025-11-25,19.0,2.0,691310,alan-grafite,2025-11-25,False
18/19,Lesão dos ligamentos laterais do joelho,2019-03-06,2020-04-30,422.0,49.0,375469,alexandre-cajuru,2020-04-30,True
24/25,Lesão na tíbia,2024-08-15,2025-01-10,149.0,20.0,150479,fabricio,2025-01-10,True
15/16,Lesão no ombro,2015-06-15,2015-09-08,86.0,8.0,161438,gerson,2015-09-08,True
12/13,Lesão no ombro,2013-05-07,2013-06-30,55.0,4.0,161438,gerson,2013-06-30,False
12/13,Doente,2012-08-25,2012-08-28,4.0,1.0,161438,gerson,2012-08-28,False
11/12,Ligamento Esticado,2012-04-06,2012-04-13,8.0,1.0,161438,gerson,2012-04-13,False
11/12,Ferimento da banda lateral,2012-03-07,2012-03-09,3.0,1.0,161438,gerson,2012-03-09,False
18/19,Lesão dos ligamentos laterais do joelho,2019-04-09,2019-12-31,267.0,38.0,225686,amaral,2019-12-31,True
24/25,Rotura muscular na coxa,2025-04-15,2025-05-01,17.0,2.0,539224,dawhan,2025-05-01,False
17/18,Lesão muscular,2018-02-11,2018-02-20,10.0,1.0,187697,jean-cleber,2018-02-20,False
16/17,Fadiga muscular,2016-10-18,2016-11-14,28.0,5.0,73786,pablo-armero,2016-11-14,False
15/16,Fadiga muscular,2016-04-16,2016-04-24,9.0,3.0,73786,pablo-armero,2016-04-24,False
19/20,Entorse do tornozelo,2019-08-02,2019-08-07,6.0,1.0,74119,madson,2019-08-07,False
20/21,Rotura parcial de ligamento,2021-05-07,2021-11-07,185.0,24.0,45318,cristian-maidana,2021-11-07,True
15/16,Lesão na cabeça,2016-03-15,2016-03-25,11.0,1.0,45318,cristian-maidana,2016-03-25,False
18/19,Problemas musculares na coxa,2019-05-07,2019-05-21,15.0,2.0,148690,andres-escobar,2019-05-21,False
25/26,Lesão desconhecida,2026-03-21,,5.0,,258624,euller,2026-03-26,False
22/23,Lesão desconhecida,2022-09-01,2022-10-25,55.0,7.0,258624,euller,2022-10-25,False
14/15,Problemas musculares na coxa,2015-06-24,2015-07-28,35.0,8.0,44131,alecsandro,2015-07-28,False
24/25,Lesão desconhecida,2024-10-01,2024-10-20,20.0,2.0,443338,alisson-safira,2024-10-20,False
21/22,Lesão desconhecida,2021-11-01,2021-12-20,50.0,5.0,443338,alisson-safira,2021-12-20,False
24/25,Traumatismo grade costal,2025-02-18,2025-03-10,21.0,3.0,238367,cassiano,2025-03-10,False
21/22,Lesão desconhecida,2021-08-23,2021-09-20,29.0,3.0,238367,cassiano,2021-09-20,False
22/23,Lesão na coxa,2022-08-20,2022-09-20,32.0,5.0,547688,lohan,2022-09-20,False
22/23,Lesão desconhecida,2022-09-20,2022-10-18,29.0,,112962,roger-carvalho,2022-10-18,False
19/20,Lesão dos ligamentos laterais do joelho,2019-08-18,2020-02-01,168.0,25.0,112962,roger-carvalho,2020-02-01,True
12/13,Fratura,2012-11-02,2012-12-08,37.0,6.0,112962,roger-carvalho,2012-12-08,False
17/18,Lesão muscular,2018-03-14,2018-05-30,78.0,11.0,323838,juan-quintero,2018-05-30,True
25/26,Lesão na coxa,2026-02-26,2026-03-17,20.0,2.0,273442,tinga,2026-03-17,False
25/26,Problemas na virilha,2025-09-12,2025-10-18,37.0,6.0,273442,tinga,2025-10-18,False
24/25,Entorse do tornozelo,2025-04-27,2025-05-09,13.0,3.0,273442,tinga,2025-05-09,False
24/25,Problemas na panturrilha,2025-03-30,2025-04-19,21.0,5.0,273442,tinga,2025-04-19,False
24/25,Lesão na panturrilha,2025-03-23,2025-03-28,6.0,1.0,273442,tinga,2025-03-28,False
24/25,Lesão na panturrilha,2024-07-25,2024-08-13,20.0,3.0,273442,tinga,2024-08-13,False
23/24,Lesão na coxa,2024-03-21,2024-04-05,16.0,4.0,273442,tinga,2024-04-05,False
22/23,Lesão desconhecida,2022-09-28,2023-01-14,109.0,7.0,180271,nene-bonilha,2023-01-14,True
17/18,Lesão no cotovelo,2017-12-30,2018-02-12,45.0,9.0,180271,nene-bonilha,2018-02-12,False
22/23,Lesão desconhecida,2022-08-23,2022-10-30,69.0,11.0,538234,marlon,2022-10-30,True
22/23,Problemas musculares,2022-09-14,2022-09-27,14.0,3.0,148608,santiago-romero,2022-09-27,False
19/20,Problemas musculares na coxa,2019-08-12,2019-08-14,3.0,1.0,148608,santiago-romero,2019-08-14,False
17/18,Lesão desconhecida,2017-11-15,2017-12-18,34.0,3.0,148608,santiago-romero,2017-12-18,False
16/17,Operação no nariz,2017-03-27,2017-04-04,9.0,2.0,148608,santiago-romero,2017-04-04,False
24/25,Operação ao tendão de Aquiles,2025-04-10,,350.0,2.0,421396,mariano-vazquez,2026-03-26,True
21/22,Quarentena,2021-08-05,2021-08-20,16.0,3.0,421396,mariano-vazquez,2021-08-20,False
24/25,Contusão pulmonar,2024-09-15,2025-01-21,129.0,13.0,76191,osvaldo,2025-01-21,True
24/25,Lesão na coxa,2024-07-02,2024-07-10,9.0,2.0,76191,osvaldo,2024-07-10,False
20/21,Coronavírus,2020-11-14,2020-11-30,17.0,2.0,76191,osvaldo,2020-11-30,False
25/26,Problema nos flexores do quadril,2025-09-28,2026-02-13,139.0,28.0,592347,junior-santos,2026-02-13,True
25/26,Gripe,2025-07-13,2025-07-19,7.0,1.0,592347,junior-santos,2025-07-19,False
24/25,Problemas musculares na coxa,2025-04-07,2025-05-07,31.0,8.0,592347,junior-santos,2025-05-07,False
24/25,Lesão na panturrilha,2025-02-13,2025-03-28,44.0,6.0,592347,junior-santos,2025-03-28,False
24/25,Recuperação ritmo competitivo,2024-09-29,2024-11-04,37.0,5.0,592347,junior-santos,2024-11-04,False
24/25,Fratura da tíbia,2024-07-23,2024-09-27,67.0,15.0,592347,junior-santos,2024-09-27,True
17/18,Lesão muscular,2018-04-03,2018-04-24,22.0,5.0,54161,pedro-junior,2018-04-24,False
17/18,Traumatismo no metatarso,2017-07-29,2017-09-29,63.0,12.0,54161,pedro-junior,2017-09-29,True
16/17,Lesão na panturrilha,2016-09-30,2016-10-18,19.0,1.0,54161,pedro-junior,2016-10-18,False
22/23,Lesão muscular,2023-05-09,2023-05-26,18.0,3.0,612340,gustavo-coutinho,2023-05-26,False
22/23,Fratura de um dedo,2023-05-01,2023-05-19,19.0,3.0,258367,tadeu,2023-05-19,False
25/26,Lesão na coxa,2026-02-06,2026-03-17,40.0,10.0,373446,david-duarte,2026-03-17,False
25/26,Problemas musculares na coxa,2025-11-21,2026-01-19,60.0,7.0,373446,david-duarte,2026-01-19,True
25/26,Traumatismo grade costal,2025-10-20,2025-10-24,5.0,1.0,373446,david-duarte,2025-10-24,False
25/26,Lesão na coxa,2025-09-16,2025-10-04,19.0,4.0,373446,david-duarte,2025-10-04,False
24/25,Lesão na coxa,2024-11-21,2025-02-05,77.0,11.0,373446,david-duarte,2025-02-05,True
24/25,Gripe,2024-07-01,2024-07-12,12.0,3.0,373446,david-duarte,2024-07-12,False
23/24,Lesão desconhecida,2023-09-28,2023-11-26,60.0,8.0,698743,alan-dias,2023-11-26,True
24/25,Rotura de ligamentos no joelho,2024-07-11,2025-05-09,303.0,51.0,697401,heron,2025-05-09,True
24/25,Lesão desconhecida,2024-08-12,2024-12-01,112.0,11.0,333025,nilson-loyola,2024-12-01,True
23/24,Contusão do tendão de Aquiles,2024-04-05,2024-05-06,32.0,7.0,333025,nilson-loyola,2024-05-06,False
23/24,Lesão desconhecida,2024-03-11,2024-03-16,6.0,1.0,333025,nilson-loyola,2024-03-16,False
22/23,Muskelbündelriss,2023-04-01,2023-04-23,23.0,3.0,333025,nilson-loyola,2023-04-23,False
22/23,Problemas musculares,2023-02-09,2023-02-20,12.0,2.0,333025,nilson-loyola,2023-02-20,False
21/22,Traumatismo craniano,2022-04-28,2022-05-01,4.0,1.0,333025,nilson-loyola,2022-05-01,False
21/22,Muskelbündelriss,2022-01-30,2022-02-24,26.0,3.0,333025,nilson-loyola,2022-02-24,False
21/22,Lesão muscular,2021-08-13,2021-08-26,14.0,3.0,333025,nilson-loyola,2021-08-26,False
20/21,Distensão muscular,2021-03-17,2021-03-28,12.0,1.0,333025,nilson-loyola,2021-03-28,False
20/21,Muskelbündelriss,2020-09-28,2020-10-23,26.0,7.0,333025,nilson-loyola,2020-10-23,False
23/24,Queixas adutores,2023-08-26,2023-09-17,23.0,3.0,520430,kevin,2023-09-17,False
24/25,Lesão desconhecida,2025-04-18,2025-05-05,18.0,3.0,435213,leo-sena,2025-05-05,False
23/24,Rotura muscular,2023-10-20,2023-11-10,22.0,1.0,435213,leo-sena,2023-11-10,False
21/22,Coronavírus,2021-07-11,2021-07-28,18.0,,435213,leo-sena,2021-07-28,False
20/21,Problemas musculares,2021-05-03,2021-05-10,8.0,1.0,435213,leo-sena,2021-05-10,False
20/21,Lesão na panturrilha,2020-11-17,2021-01-05,50.0,9.0,435213,leo-sena,2021-01-05,False
21/22,Rotura dos ligamentos cruzados,2021-04-15,2022-02-28,320.0,36.0,224878,joao-afonso,2022-02-28,True
20/21,Coronavírus,2020-12-30,2021-01-11,13.0,2.0,224878,joao-afonso,2021-01-11,False
18/19,Irritação do tendão de Aquiles,2019-06-06,2019-08-03,59.0,2.0,224878,joao-afonso,2019-08-03,False
18/19,Problemas musculares,2019-05-05,2019-05-19,15.0,2.0,224878,joao-afonso,2019-05-19,False
22/23,Lesão no joelho,2022-07-05,2023-05-30,330.0,56.0,697400,breno,2023-05-30,True
25/26,Lesão no tornozelo,2025-07-13,2025-08-28,47.0,12.0,520392,michael,2025-08-28,False
24/25,Lesão na coxa,2025-02-16,2025-03-15,28.0,4.0,520392,michael,2025-03-15,False
24/25,Lesão na coxa,2024-08-29,2024-10-01,34.0,7.0,520392,michael,2024-10-01,False
16/17,Rotura dos ligamentos cruzados,2017-05-24,2018-01-24,246.0,28.0,432294,dudu,2018-01-24,True
22/23,Problemas musculares,2023-04-15,2023-05-01,17.0,3.0,322059,leandro-barcia,2023-05-01,False
22/23,Lesão desconhecida,2023-02-01,2023-03-10,38.0,6.0,322059,leandro-barcia,2023-03-10,False
21/22,Lesão muscular,2021-10-27,2022-01-01,67.0,10.0,322059,leandro-barcia,2022-01-01,True
20/21,Lesão no joelho,2020-12-02,2021-08-16,258.0,52.0,322059,leandro-barcia,2021-08-16,True
20/21,Quarentena,2020-11-06,2020-11-12,7.0,1.0,322059,leandro-barcia,2020-11-12,False
17/18,Lesão nos adutores,2017-10-01,2017-11-20,51.0,6.0,322059,leandro-barcia,2017-11-20,False
16/17,Recuperação ritmo competitivo,2017-04-29,2017-07-19,82.0,14.0,322059,leandro-barcia,2017-07-19,True
16/17,Rotura dos ligamentos cruzados,2016-10-11,2017-04-28,200.0,24.0,322059,leandro-barcia,2017-04-28,True
16/17,Lesão muscular,2016-09-07,2016-09-26,20.0,3.0,322059,leandro-barcia,2016-09-26,False
15/16,Doente,2016-03-27,2016-04-05,10.0,1.0,322059,leandro-barcia,2016-04-05,False
20/21,Lesão na coxa,2020-12-08,2021-01-19,43.0,8.0,170385,rafinha,2021-01-19,False
25/26,lesão na perna,2025-11-28,2025-12-16,19.0,3.0,688881,vinicius-lopes,2025-12-16,False
23/24,Lesão desconhecida,2024-03-23,2024-04-27,36.0,4.0,592351,junior-brandao,2024-04-27,False
25/26,Lesão desconhecida,,,,,606966,ricardo-verza,,False
23/24,Ligamento intra-articular rasgado do joelho,2024-01-22,2024-09-22,245.0,35.0,703500,zeca,2024-09-22,True
21/22,Lesão na coxa,2022-06-29,2022-07-01,3.0,,703500,zeca,2022-07-01,False
25/26,Lesão no tornozelo,2025-11-07,2025-11-28,22.0,3.0,350342,fernando-sobral,2025-11-28,False
18/19,Lesão desconhecida,2018-08-22,2018-12-31,132.0,2.0,212954,willie,2018-12-31,True
25/26,Fratura do tornozelo,2025-08-02,2026-01-24,176.0,21.0,363842,willian-popp,2026-01-24,True
24/25,Problemas nos rins,2024-11-26,2025-05-25,181.0,24.0,363842,willian-popp,2025-05-25,True
23/24,Lesão desconhecida,2023-10-07,2023-11-07,32.0,5.0,363842,willian-popp,2023-11-07,False
22/23,Problemas na anca,2022-09-16,2022-09-26,11.0,2.0,363842,willian-popp,2022-09-26,False
18/19,Lesão desconhecida,2018-08-13,2018-09-12,31.0,4.0,363842,willian-popp,2018-09-12,False
24/25,Fratura da tíbia e do perónio,2025-03-31,2025-06-23,85.0,19.0,375016,joao-paulo,2025-06-23,True
25/26,Fratura do nariz,2025-06-20,2025-07-15,26.0,1.0,645955,rick,2025-07-15,False
24/25,Entorse do tornozelo,2025-04-03,2025-04-15,13.0,3.0,645955,rick,2025-04-15,False
22/23,Fissura da banda do joelho,2023-01-19,2023-07-14,177.0,24.0,645955,rick,2023-07-14,True
11/12,Lesão desconhecida,2012-08-17,2012-10-04,49.0,10.0,54132,marquinhos,2012-10-04,False
10/11,Lesão desconhecida,2011-02-16,2011-04-01,45.0,6.0,54132,marquinhos,2011-04-01,False
08/09,Lesão desconhecida,2008-10-26,2008-11-25,31.0,4.0,54132,marquinhos,2008-11-25,False
07/08,Meniskusschaden,2008-04-01,2008-04-28,28.0,5.0,54132,marquinhos,2008-04-28,False
24/25,Lesão muscular,2025-04-28,2025-05-13,16.0,3.0,323850,ze-marcos,2025-05-13,False
24/25,Lesão na panturrilha,2024-07-06,2024-07-23,18.0,5.0,323850,ze-marcos,2024-07-23,False
23/24,Lesão na coxa,2024-06-06,2024-06-19,14.0,2.0,323850,ze-marcos,2024-06-19,False
23/24,Lesão muscular,2024-04-18,2024-04-27,10.0,1.0,323850,ze-marcos,2024-04-27,False
22/23,Problemas musculares na coxa,2022-09-11,2022-10-25,45.0,7.0,323850,ze-marcos,2022-10-25,False
25/26,Lesão desconhecida,2025-11-03,2025-11-29,27.0,2.0,606281,eduardo-kunde,2025-11-29,False
24/25,Recuperação ritmo competitivo,2025-04-10,2025-04-24,15.0,2.0,606281,eduardo-kunde,2025-04-24,False
24/25,Recuperação ritmo competitivo,2025-01-26,2025-01-28,3.0,1.0,606281,eduardo-kunde,2025-01-28,False
24/25,Recuperação ritmo competitivo,2024-10-27,2024-11-18,23.0,1.0,606281,eduardo-kunde,2024-11-18,False
24/25,Tendinite,2024-09-29,2024-10-14,16.0,,606281,eduardo-kunde,2024-10-14,False
24/25,Lesão no dedo,2024-08-05,2024-09-03,30.0,3.0,606281,eduardo-kunde,2024-09-03,False
23/24,Distensão muscular,2023-08-10,2023-08-28,19.0,5.0,601011,caio-paulista,2023-08-28,False
13/14,Lesão desconhecida,2013-11-06,2013-11-22,17.0,1.0,132002,jonny-mosquera,2013-11-22,False
18/19,Lesão na coxa,2018-11-02,2018-12-14,43.0,3.0,177545,julinho,2018-12-14,False
17/18,Traumatismo no joelho,2018-05-28,2018-07-25,59.0,4.0,177545,julinho,2018-07-25,False
16/17,Rotura do tendão de Aquiles,2017-06-24,2018-01-23,214.0,21.0,177545,julinho,2018-01-23,True
16/17,Fibra muscular rasgado,2017-04-08,2017-05-05,28.0,6.0,177545,julinho,2017-05-05,False
21/22,Estiramento do ligamento colateral interno do joelho,2022-06-28,2022-08-19,53.0,9.0,39711,andre-moritz,2022-08-19,False
21/22,Lesão desconhecida,2022-05-23,2022-06-18,27.0,1.0,39711,andre-moritz,2022-06-18,False
14/15,Lesão desconhecida,2014-11-20,2014-12-11,22.0,4.0,39711,andre-moritz,2014-12-11,False
14/15,Lesão desconhecida,2014-11-10,2014-11-10,1.0,,39711,andre-moritz,2014-11-10,False
10/11,Ruptura muscular do músculo do perônio,2011-04-03,2011-05-12,40.0,4.0,39711,andre-moritz,2011-05-12,False
10/11,Ruptura muscular do músculo do perônio,2011-01-01,2011-02-01,32.0,2.0,39711,andre-moritz,2011-02-01,False
25/26,Lesão desconhecida,2025-09-15,2025-10-12,28.0,4.0,527394,luan-pereira,2025-10-12,False
17/18,Lesão desconhecida,2018-02-06,2018-02-08,3.0,1.0,157979,jones-carioca,2018-02-08,False
14/15,Lesão desconhecida,2014-11-23,2015-05-24,183.0,30.0,157979,jones-carioca,2015-05-24,True
22/23,Distensão dos adutores,2023-04-06,2023-05-04,29.0,6.0,592345,getulio,2023-05-04,False
19/20,Lesão desconhecida,2019-08-01,2019-12-30,152.0,21.0,592345,getulio,2019-12-30,True
19/20,Lesão muscular,2019-08-03,2021-03-01,577.0,54.0,490613,daniel-amorim,2021-03-01,True
24/25,Problemas musculares,2024-09-23,2024-10-08,16.0,3.0,258254,jemerson,2024-10-08,False
24/25,Recuperação ritmo competitivo,2024-07-09,2024-07-27,19.0,4.0,258254,jemerson,2024-07-27,False
24/25,Lesão do punho,2024-04-16,2024-04-19,4.0,1.0,258254,jemerson,2024-04-19,False
20/21,Estiramento do ligamento colateral interno do joelho,2021-01-23,2021-02-15,24.0,5.0,258254,jemerson,2021-02-15,False
20/21,Coronavírus,2020-11-20,2020-12-06,17.0,3.0,258254,jemerson,2020-12-06,False
17/18,Problemas musculares na coxa,2018-01-13,2018-01-27,15.0,3.0,258254,jemerson,2018-01-27,False
24/25,Fratura da clavícula,2024-10-04,2024-12-01,59.0,10.0,792345,raul-gustavo,2024-12-01,False
22/23,Lesão no joelho,2023-03-15,2023-07-01,109.0,21.0,792345,raul-gustavo,2023-07-01,True
24/25,lesão na perna,2024-11-10,2024-11-22,13.0,,814269,gustavo-mantuan,2024-11-22,False
23/24,Lesão desconhecida,2023-11-19,2023-12-01,13.0,2.0,814269,gustavo-mantuan,2023-12-01,False
23/24,Lesão desconhecida,2023-10-22,2023-10-25,4.0,,814269,gustavo-mantuan,2023-10-25,False
22/23,Lesão muscular,2023-04-03,2023-04-17,15.0,2.0,814269,gustavo-mantuan,2023-04-17,False
22/23,Recuperação ritmo competitivo,2022-08-04,2022-08-10,7.0,1.0,814269,gustavo-mantuan,2022-08-10,False
22/23,Lesão no joelho,2022-07-06,2022-08-03,29.0,5.0,814269,gustavo-mantuan,2022-08-03,False
20/21,Ruptura muscular do músculo do perônio,2020-10-28,2021-05-31,216.0,,814269,gustavo-mantuan,2021-05-31,True
19/20,Rotura dos ligamentos cruzados,2019-07-01,2020-03-01,245.0,,814269,gustavo-mantuan,2020-03-01,True
17/18,Rotura dos ligamentos cruzados,2017-07-01,2018-03-01,244.0,,814269,gustavo-mantuan,2018-03-01,True
24/25,Distensão muscular,2025-03-05,2025-03-21,17.0,3.0,263032,victor-cantillo,2025-03-21,False
25/26,Lesão na coxa,2025-08-25,2025-09-12,19.0,1.0,725049,roni,2025-09-12,False
24/25,Lesão desconhecida,2025-03-03,2025-04-12,41.0,2.0,725049,roni,2025-04-12,False
24/25,inflamação no joelho,2025-01-20,2025-02-07,19.0,5.0,725049,roni,2025-02-07,False
24/25,Lesão na coxa,2024-08-07,2024-08-31,25.0,3.0,725049,roni,2024-08-31,False
23/24,Lesão do ligamento cruzado,2023-12-07,2025-01-28,419.0,73.0,798106,ruan-oliveira,2025-01-28,True
20/21,Lesão do ligamento cruzado,2020-09-01,2023-05-24,996.0,195.0,798106,ruan-oliveira,2023-05-24,True
23/24,Doente,2024-02-23,2024-02-26,4.0,1.0,351750,leo-natel,2024-02-26,False
23/24,Doente,2023-12-01,2023-12-04,4.0,1.0,351750,leo-natel,2023-12-04,False
21/22,Traumatismo no joelho,2022-05-08,2022-06-30,54.0,,351750,leo-natel,2022-06-30,False
21/22,Traumatismo no joelho,2022-02-06,2022-02-13,8.0,1.0,351750,leo-natel,2022-02-13,False
21/22,Problemas na tibiotársica,2021-10-04,2021-10-23,20.0,1.0,351750,leo-natel,2021-10-23,False
24/25,Operação ao tornozelo,2024-11-08,2025-01-31,85.0,9.0,736954,gabriel-pereira,2025-01-31,True
22/23,lesão na perna,2023-04-24,2023-05-03,10.0,1.0,736954,gabriel-pereira,2023-05-03,False
20/21,Coronavírus,2020-11-13,2020-11-30,18.0,2.0,34156,jotm,2020-11-30,False
19/20,Lesão no joelho,2020-01-31,2020-06-01,123.0,2.0,34156,jotm,2020-06-01,True
18/19,Rotura de ligamentos do tornozelo,2019-05-23,2019-06-12,21.0,2.0,34156,jotm,2019-06-12,False
14/15,Lesão na panturrilha,2015-02-22,2015-03-25,32.0,8.0,34156,jotm,2015-03-25,False
09/10,Lesão no tornozelo,2010-02-03,2010-02-21,19.0,4.0,34156,jotm,2010-02-21,False
24/25,Rotura do tendão de Aquiles,2025-09-07,2026-04-01,207.0,11.0,814268,caue,2026-04-01,True
23/24,Lesão do ligamento cruzado,2023-11-25,2024-08-08,258.0,36.0,670522,matheus-davo,2024-08-08,True
25/26,Rotura dos ligamentos cruzados,2025-12-27,,89.0,11.0,735574,gustavo,2026-03-26,True
23/24,Tendinite,2023-09-01,2023-09-10,10.0,1.0,818495,otavio,2023-09-10,False
24/25,Lesão muscular,2024-10-06,2024-10-18,13.0,,735568,natan,2024-10-18,False
23/24,Lesão no ombro,2023-12-24,2024-02-01,40.0,6.0,735568,natan,2024-02-01,False
22/23,Lesão do ligamento cruzado,2023-05-13,2023-07-05,54.0,10.0,735568,natan,2023-07-05,False
25/26,Fratura maxilar,2025-09-21,2025-11-12,53.0,8.0,627215,gabriel-noga,2025-11-12,False
22/23,Lesão no joelho,2023-01-24,2024-01-01,343.0,71.0,627215,gabriel-noga,2024-01-01,True
25/26,Problemas no tendão de Aquiles,2025-07-07,2025-07-22,16.0,2.0,43722,mauricio-isla,2025-07-22,False
23/24,Ruptura muscular,2023-11-23,2023-12-08,16.0,1.0,43722,mauricio-isla,2023-12-08,False
22/23,Problemas musculares,2022-10-18,2022-10-28,11.0,2.0,43722,mauricio-isla,2022-10-28,False
22/23,Traumatismo,2022-07-04,2022-07-13,10.0,1.0,43722,mauricio-isla,2022-07-13,False
21/22,Quarentena,2021-11-06,2021-11-13,8.0,3.0,43722,mauricio-isla,2021-11-13,False
20/21,Coronavírus,2020-09-19,2020-10-11,23.0,4.0,43722,mauricio-isla,2020-10-11,False
19/20,Ruptura muscular na coxa,2019-08-21,2019-09-22,33.0,6.0,43722,mauricio-isla,2019-09-22,False
17/18,Ruptura muscular na coxa,2017-11-04,2017-11-28,25.0,2.0,43722,mauricio-isla,2017-11-28,False
15/16,Lesão na coxa,2016-04-11,2016-05-02,22.0,4.0,43722,mauricio-isla,2016-05-02,False
14/15,Lesão no joelho,2015-04-26,2015-05-24,29.0,3.0,43722,mauricio-isla,2015-05-24,False
13/14,Lesão no joelho,2013-11-16,2013-12-02,17.0,3.0,43722,mauricio-isla,2013-12-02,False
12/13,Fadiga muscular,2013-04-27,2013-05-04,8.0,1.0,43722,mauricio-isla,2013-05-04,False
12/13,Fadiga muscular,2013-03-29,2013-04-04,7.0,2.0,43722,mauricio-isla,2013-04-04,False
12/13,Gripe,2013-02-08,2013-02-12,5.0,1.0,43722,mauricio-isla,2013-02-12,False
11/12,Rotura dos ligamentos cruzados,2012-02-12,2012-08-24,195.0,27.0,43722,mauricio-isla,2012-08-24,True
09/10,Ruptura muscular,2009-09-24,2009-10-26,33.0,6.0,43722,mauricio-isla,2009-10-26,False
08/09,Lesão no tornozelo,2008-11-27,2008-12-15,19.0,4.0,43722,mauricio-isla,2008-12-15,False
25/26,Lesão na coxa,2025-08-28,2025-09-09,13.0,1.0,594226,matheuzinho,2025-09-09,False
24/25,Lesão na coxa,2025-05-16,2025-05-23,8.0,2.0,594226,matheuzinho,2025-05-23,False
23/24,Entorse do tornozelo,2024-05-08,2024-05-27,20.0,3.0,594226,matheuzinho,2024-05-27,False
22/23,lesão na perna,2023-03-15,2023-06-30,108.0,25.0,594226,matheuzinho,2023-06-30,True
25/26,Lesão na coxa,2026-01-10,2026-01-30,21.0,6.0,294873,thiago-maia,2026-01-30,False
25/26,Problemas na zona lombar,2025-09-14,2025-09-30,17.0,2.0,294873,thiago-maia,2025-09-30,False
25/26,Lesão muscular,2025-08-21,2025-08-30,10.0,1.0,294873,thiago-maia,2025-08-30,False
24/25,Problemas musculares,2024-11-09,2024-11-30,22.0,2.0,294873,thiago-maia,2024-11-30,False
24/25,Lesão na coxa,2024-07-01,2024-08-10,41.0,9.0,294873,thiago-maia,2024-08-10,False
23/24,Lesão no tornozelo,2024-06-18,2024-06-22,5.0,1.0,294873,thiago-maia,2024-06-22,False
20/21,Rotura dos ligamentos cruzados,2020-12-01,2021-06-30,212.0,44.0,294873,thiago-maia,2021-06-30,True
20/21,Coronavírus,2020-11-21,2020-11-30,10.0,2.0,294873,thiago-maia,2020-11-30,False
19/20,Lesão no joelho,2020-01-05,2020-01-15,11.0,2.0,294873,thiago-maia,2020-01-15,False
19/20,Lesão no pé,2019-11-27,2019-12-13,17.0,4.0,294873,thiago-maia,2019-12-13,False
19/20,Recuperação ritmo competitivo,2019-10-23,2019-11-05,14.0,3.0,294873,thiago-maia,2019-11-05,False
19/20,Lesão desconhecida,2019-08-25,2019-10-05,42.0,8.0,294873,thiago-maia,2019-10-05,False
18/19,Lesão no tornozelo,2019-04-27,2019-05-01,5.0,1.0,294873,thiago-maia,2019-05-01,False
18/19,lesão na perna,2019-01-18,2019-02-02,16.0,3.0,294873,thiago-maia,2019-02-02,False
25/26,Lesão no ombro,2026-01-15,2026-02-15,32.0,7.0,735573,richard-rios,2026-02-15,False
24/25,Lesão no tornozelo,2025-04-21,2025-04-26,6.0,1.0,735573,richard-rios,2025-04-26,False
20/21,Coronavírus,2020-11-14,2020-11-30,17.0,2.0,663585,yuri-cesar,2020-11-30,False
23/24,Lesão na coxa,2024-06-18,2024-07-23,36.0,9.0,574772,lazaro,2024-07-23,False
25/26,Lesão na coxa,2025-11-15,2026-02-06,84.0,15.0,735571,rodrigo-muniz,2026-02-06,True
25/26,Lesão muscular,2025-09-27,2025-10-31,35.0,5.0,735571,rodrigo-muniz,2025-10-31,False
24/25,Problemas no tendão de Aquiles,2025-04-15,2025-06-01,48.0,6.0,735571,rodrigo-muniz,2025-06-01,False
24/25,Lesão nas costas,2025-01-09,2025-01-13,5.0,,735571,rodrigo-muniz,2025-01-13,False
23/24,Lesão no joelho,2023-11-05,2023-12-09,35.0,4.0,735571,rodrigo-muniz,2023-12-09,False
22/23,Problemas no Joelho,2023-02-01,2023-03-14,42.0,7.0,735571,rodrigo-muniz,2023-03-14,False
21/22,Problemas na panturrilha,2022-02-18,2022-02-26,9.0,2.0,735571,rodrigo-muniz,2022-02-26,False
22/23,Lesão no joelho,2022-09-11,2022-10-20,40.0,,837529,leandro-matheus,2022-10-20,False
25/26,Lesão na coxa,2025-08-13,2025-09-26,45.0,8.0,340840,benjamin-kuscevic,2025-09-26,False
24/25,Entorse do tornozelo,2025-01-22,2025-01-31,10.0,3.0,340840,benjamin-kuscevic,2025-01-31,False
23/24,Lesão na coxa,2024-04-14,2024-05-12,29.0,6.0,340840,benjamin-kuscevic,2024-05-12,False
22/23,Lesão nos adutores,2023-05-06,2023-05-21,16.0,4.0,340840,benjamin-kuscevic,2023-05-21,False
20/21,Coronavírus,2020-11-20,2020-12-04,15.0,2.0,340840,benjamin-kuscevic,2020-12-04,False
20/21,Operação ao tornozelo,2020-09-21,2020-11-10,51.0,13.0,340840,benjamin-kuscevic,2020-11-10,False
20/21,Problemas na tibiotársica,2020-08-17,2020-09-20,35.0,5.0,340840,benjamin-kuscevic,2020-09-20,False
19/20,Lesão no joelho,2019-07-28,2019-09-14,49.0,9.0,340840,benjamin-kuscevic,2019-09-14,False
18/19,Problemas musculares,2019-05-15,2019-05-26,12.0,2.0,340840,benjamin-kuscevic,2019-05-26,False
18/19,inflamação no joelho,2018-07-28,2018-08-06,10.0,1.0,340840,benjamin-kuscevic,2018-08-06,False
17/18,Traumatismo craniano,2018-03-01,2018-03-25,25.0,2.0,340840,benjamin-kuscevic,2018-03-25,False
24/25,Lesão no pé,2024-10-19,2024-11-19,32.0,4.0,169179,alan-empereur,2024-11-19,False
20/21,Coronavírus,2020-11-20,2020-11-28,9.0,2.0,169179,alan-empereur,2020-11-28,False
20/21,Ruptura muscular do músculo do perônio,2020-09-19,2020-10-18,30.0,2.0,169179,alan-empereur,2020-10-18,False
19/20,Problemas na panturrilha,2020-07-25,2020-08-09,16.0,3.0,169179,alan-empereur,2020-08-09,False
19/20,Lesão no bíceps femoral,2019-12-23,2020-01-16,25.0,2.0,169179,alan-empereur,2020-01-16,False
18/19,Lesão no bíceps femoral,2018-12-20,2018-12-27,8.0,1.0,169179,alan-empereur,2018-12-27,False
17/18,Lesão na coxa,2017-09-10,2017-11-03,55.0,9.0,169179,alan-empereur,2017-11-03,False
21/22,Fratura da tíbia e do perónio,2021-07-29,2022-06-03,310.0,22.0,627214,henri,2022-06-03,True
24/25,Lesão no joelho,2024-08-12,2025-05-31,293.0,70.0,439072,matias-vina,2025-05-31,True
23/24,Problemas no Joelho,2023-12-11,2024-02-19,71.0,12.0,439072,matias-vina,2024-02-19,True
21/22,Lesão nos adutores,2021-11-03,2021-11-26,24.0,6.0,439072,matias-vina,2021-11-26,False
21/22,Lesão no joelho,2021-09-15,2021-09-25,11.0,3.0,439072,matias-vina,2021-09-25,False
21/22,Problemas musculares,2021-09-04,2021-09-10,7.0,1.0,439072,matias-vina,2021-09-10,False
20/21,Contusão no tornozelo,2021-03-01,2021-03-15,15.0,3.0,439072,matias-vina,2021-03-15,False
20/21,Gestão de esforço,2021-01-08,2021-01-10,3.0,1.0,439072,matias-vina,2021-01-10,False
20/21,Coronavírus,2020-11-15,2020-11-28,14.0,5.0,439072,matias-vina,2020-11-28,False
20/21,Lesão na cabeça,2020-07-23,2020-08-04,13.0,3.0,439072,matias-vina,2020-08-04,False
19/20,Problemas musculares,2020-02-29,2020-03-06,7.0,,439072,matias-vina,2020-03-06,False
19/20,Lesão no pé,2020-01-21,2020-02-10,21.0,2.0,439072,matias-vina,2020-02-10,False
23/24,Lesão no joelho,2024-04-09,2025-01-06,273.0,28.0,834975,jean-quinonez,2025-01-06,True
20/21,Coronavírus,2020-11-20,2020-12-04,15.0,3.0,834975,jean-quinonez,2020-12-04,False
25/26,Problema neurológico,2026-01-10,,75.0,17.0,816129,vanderlan,2026-03-26,True
22/23,Lesão no joelho,2023-02-26,2024-03-30,399.0,80.0,737821,patrick-de-paula,2024-03-30,True
24/25,Entorse no joelho,2025-04-24,2025-05-17,24.0,6.0,608216,gabriel-menino,2025-05-17,False
24/25,Lesão na coxa,2024-08-22,2024-09-27,37.0,4.0,608216,gabriel-menino,2024-09-27,False
20/21,Coronavírus,2020-11-12,2020-11-21,10.0,2.0,608216,gabriel-menino,2020-11-21,False
25/26,Lesão na coxa,2026-02-16,2026-02-24,9.0,2.0,808509,danilo,2026-02-24,False
25/26,Lesão na coxa,2025-11-23,2026-01-20,59.0,5.0,808509,danilo,2026-01-20,False
25/26,Lesão na coxa,2025-09-18,2025-10-25,38.0,7.0,808509,danilo,2025-10-25,False
25/26,Recuperação ritmo competitivo,2025-07-19,2025-08-02,15.0,3.0,808509,danilo,2025-08-02,False
24/25,Recuperação ritmo competitivo,2025-01-01,2025-01-10,10.0,1.0,808509,danilo,2025-01-10,False
24/25,Fratura do tornozelo,2024-08-17,2025-01-10,147.0,20.0,808509,danilo,2025-01-10,True
23/24,Lesão desconhecida,2023-09-02,2023-11-04,64.0,6.0,808509,danilo,2023-11-04,True
20/21,Coronavírus,2020-11-20,2020-11-28,9.0,1.0,808509,danilo,2020-11-28,False
24/25,Fratura do antebraço,2025-03-16,2025-04-22,38.0,10.0,542598,breno-lopes,2025-04-22,False
20/21,Ligamento Esticado,2021-04-16,2021-06-07,53.0,21.0,542598,breno-lopes,2021-06-07,False
20/21,Coronavírus,2020-11-20,2020-11-28,9.0,2.0,542598,breno-lopes,2020-11-28,False
24/25,Problemas musculares,2025-04-14,2025-04-18,5.0,1.0,674732,wesley,2025-04-18,False
24/25,Lesão na coxa,2025-02-12,2025-03-07,24.0,3.0,674732,wesley,2025-03-07,False
23/24,Pubalgia,2024-06-27,2024-07-06,10.0,2.0,674732,wesley,2024-07-06,False
23/24,Lesão no ombro,2023-12-29,2024-02-16,50.0,4.0,674732,wesley,2024-02-16,False
20/21,Entorse no joelho,2020-11-05,2021-02-18,106.0,30.0,674732,wesley,2021-02-18,True
23/24,Lesão desconhecida,2023-08-01,2023-09-21,52.0,5.0,627224,gabriel-silva,2023-09-21,False
20/21,Coronavírus,2020-11-20,2020-11-28,9.0,,627224,gabriel-silva,2020-11-28,False
25/26,Lesão desconhecida,2025-08-24,2025-09-07,15.0,1.0,836365,pedro-acacio,2025-09-07,False
20/21,Coronavírus,2020-11-20,2020-12-04,15.0,3.0,836365,pedro-acacio,2020-12-04,False
23/24,Lesão na coxa,2024-06-22,2024-07-23,32.0,9.0,813120,marcelinho,2024-07-23,False
22/23,Lesão no joelho,2023-04-12,2023-05-02,21.0,3.0,663319,marino-hinestroza,2023-05-02,False
20/21,Coronavírus,2020-11-20,2020-12-04,15.0,3.0,663319,marino-hinestroza,2020-12-04,False
20/21,Coronavírus,2020-11-20,2020-12-05,16.0,,543371,anibal-vega,2020-12-05,False
22/23,Problemas no Joelho,2022-11-09,2023-01-02,55.0,4.0,273000,junior-alonso,2023-01-02,False
22/23,Operado ao joelho,2023-05-31,2023-11-30,184.0,24.0,332736,bueno,2023-11-30,True
21/22,Queixas adutores,2021-09-16,2021-10-28,43.0,6.0,332736,bueno,2021-10-28,False
18/19,Fratura na grelha costal,2019-04-19,2019-06-15,58.0,11.0,332736,bueno,2019-06-15,False
14/15,Rotura muscular na coxa,2015-03-25,2015-05-27,64.0,13.0,332736,bueno,2015-05-27,True
13/14,Rotura do menisco,2014-10-07,2014-12-07,62.0,9.0,332736,bueno,2014-12-07,True
25/26,Lesão muscular,2025-07-21,2025-08-05,16.0,4.0,346766,guilherme-arana,2025-08-05,False
24/25,Lesão na coxa,2025-05-19,2025-07-11,54.0,5.0,346766,guilherme-arana,2025-07-11,False
24/25,Problemas musculares na coxa,2025-04-14,2025-05-17,34.0,9.0,346766,guilherme-arana,2025-05-17,False
24/25,Entorse do tornozelo,2024-11-14,2024-11-25,12.0,5.0,346766,guilherme-arana,2024-11-25,False
24/25,Problemas musculares na coxa,2024-10-03,2024-10-18,16.0,5.0,346766,guilherme-arana,2024-10-18,False
22/23,Lesão do ligamento cruzado,2022-09-12,2023-05-15,246.0,47.0,346766,guilherme-arana,2023-05-15,True
24/25,Lesão na coxa,2024-10-11,2024-10-18,8.0,1.0,843397,rubens,2024-10-18,False
23/24,Entorse no joelho,2024-04-17,2024-07-30,105.0,22.0,843397,rubens,2024-07-30,True
23/24,Fratura da mão,2024-03-18,2024-04-13,27.0,4.0,843397,rubens,2024-04-13,False
24/25,Lesão muscular,2024-07-06,2024-07-20,15.0,3.0,54155,mariano,2024-07-20,False
23/24,Problemas musculares na coxa,2024-06-10,2024-06-20,11.0,2.0,54155,mariano,2024-06-20,False
23/24,Lesão na panturrilha,2024-02-20,2024-03-29,39.0,4.0,54155,mariano,2024-03-29,False
22/23,Lesão na coxa,2022-10-02,2022-10-14,13.0,2.0,54155,mariano,2022-10-14,False
20/21,Lesão na coxa,2020-11-09,2020-12-01,23.0,4.0,54155,mariano,2020-12-01,False
18/19,Lesão desconhecida,2019-02-02,2019-02-11,10.0,2.0,54155,mariano,2019-02-11,False
18/19,Lesão desconhecida,2018-07-23,2018-08-09,18.0,1.0,54155,mariano,2018-08-09,False
17/18,Lesão desconhecida,2018-04-29,2018-05-10,12.0,1.0,54155,mariano,2018-05-10,False
17/18,Rotura muscular na coxa,2017-12-09,2017-12-27,19.0,4.0,54155,mariano,2017-12-27,False
16/17,Lesão no joelho,2017-04-28,2017-05-19,22.0,3.0,54155,mariano,2017-05-19,False
21/22,Problemas no flexor direito da anca,2021-09-13,2021-11-04,53.0,10.0,607210,mailton,2021-11-04,False
24/25,Lesão no joelho,2025-04-27,2025-05-10,14.0,3.0,400960,alan-franco,2025-05-10,False
24/25,Estiramento do ligamento colateral interno do joelho,2025-04-11,2025-04-25,15.0,4.0,400960,alan-franco,2025-04-25,False
24/25,Gripe,2025-03-30,2025-04-05,7.0,1.0,400960,alan-franco,2025-04-05,False
23/24,Entorse no joelho,2023-08-28,2023-09-20,24.0,4.0,400960,alan-franco,2023-09-20,False
20/21,Coronavírus,2020-11-14,2020-11-27,14.0,5.0,400960,alan-franco,2020-11-27,False
25/26,Rotura muscular na coxa,2025-10-31,2025-12-03,34.0,5.0,480774,matias-zaracho,2025-12-03,False
25/26,Problemas musculares,2025-09-24,2025-10-08,15.0,3.0,480774,matias-zaracho,2025-10-08,False
25/26,Ruptura muscular,2025-06-29,2025-08-27,60.0,10.0,480774,matias-zaracho,2025-08-27,True
24/25,Lesão na coxa,2025-04-30,2025-05-12,13.0,3.0,480774,matias-zaracho,2025-05-12,False
24/25,Distensão muscular,2025-03-25,2025-04-08,15.0,3.0,480774,matias-zaracho,2025-04-08,False
24/25,Problemas musculares,2024-11-24,2024-12-31,38.0,4.0,480774,matias-zaracho,2024-12-31,False
24/25,Púbis inflamado,2024-08-21,2024-11-02,74.0,17.0,480774,matias-zaracho,2024-11-02,True
23/24,Lesão no púbis,2024-06-26,2024-07-30,35.0,7.0,480774,matias-zaracho,2024-07-30,False
23/24,Lesão na coxa,2024-02-07,2024-03-29,52.0,7.0,480774,matias-zaracho,2024-03-29,False
22/23,Rotura de ligamentos do tornozelo,2023-01-07,2023-03-06,59.0,8.0,480774,matias-zaracho,2023-03-06,False
21/22,Queixas adutores,2021-08-01,2021-08-10,10.0,2.0,480774,matias-zaracho,2021-08-10,False
20/21,Contusão no tornozelo,2021-04-29,2021-05-18,20.0,5.0,480774,matias-zaracho,2021-05-18,False
18/19,Problemas no Joelho,2018-11-05,2018-11-22,18.0,1.0,480774,matias-zaracho,2018-11-22,False
25/26,Lesão muscular,2025-12-01,2026-01-27,58.0,7.0,309193,jefferson-savarino,2026-01-27,False
25/26,Problemas musculares,2025-10-16,2025-10-25,10.0,1.0,309193,jefferson-savarino,2025-10-25,False
25/26,Lesão desconhecida,2025-09-21,2025-09-27,7.0,1.0,309193,jefferson-savarino,2025-09-27,False
25/26,Problemas musculares,2025-07-17,2025-07-25,9.0,1.0,309193,jefferson-savarino,2025-07-25,False
24/25,Lesão na coxa,2025-05-01,2025-05-26,26.0,6.0,309193,jefferson-savarino,2025-05-26,False
24/25,Lesão na coxa,2025-03-31,2025-04-04,5.0,1.0,309193,jefferson-savarino,2025-04-04,False
23/24,Problemas na anca,2023-07-10,2023-07-14,5.0,1.0,309193,jefferson-savarino,2023-07-14,False
22/23,Lesão no pé,2023-06-19,2023-06-23,5.0,1.0,309193,jefferson-savarino,2023-06-23,False
17/18,Lesão no joelho,2017-10-02,2017-10-18,17.0,3.0,309193,jefferson-savarino,2017-10-18,False
24/25,Lesão na coxa,2024-06-23,2024-09-10,80.0,16.0,798114,calebe,2024-09-10,True
23/24,Lesão na coxa,2024-04-03,2024-06-19,78.0,21.0,798114,calebe,2024-06-19,True
23/24,Problemas musculares na coxa,2024-02-04,2024-03-16,42.0,8.0,798114,calebe,2024-03-16,False
23/24,Problemas musculares na coxa,2023-10-27,2023-11-07,12.0,3.0,798114,calebe,2023-11-07,False
23/24,Estiramento do ligamento colateral interno do joelho,2023-08-08,2023-09-25,49.0,8.0,798114,calebe,2023-09-25,False
24/25,Lesão na anca,2024-07-05,2024-08-15,42.0,7.0,662453,dylan-borrero,2024-08-15,False
22/23,Rotura dos ligamentos cruzados,2023-04-29,2024-04-26,364.0,45.0,662453,dylan-borrero,2024-04-26,True
25/26,Problemas musculares na coxa,2026-01-02,2026-02-20,50.0,13.0,743591,savinho,2026-02-20,False
25/26,Lesão desconhecida,2025-08-10,2025-09-08,30.0,3.0,743591,savinho,2025-09-08,False
24/25,Lesão no joelho,2024-08-26,2024-09-12,18.0,3.0,743591,savinho,2024-09-12,False
22/23,Lesão na coxa,2023-01-31,2023-03-31,60.0,11.0,743591,savinho,2023-03-31,True
22/23,Recuperação ritmo competitivo,2022-07-22,2022-07-29,8.0,,743591,savinho,2022-07-29,False
20/21,Coronavírus,2020-11-08,2020-12-22,45.0,4.0,743591,savinho,2020-12-22,False
21/22,Lesão do ligamento cruzado,2022-04-28,2022-12-31,248.0,39.0,837534,luiz-filipe,2022-12-31,True
24/25,Lesão na panturrilha,2024-09-11,2024-09-24,14.0,4.0,89718,eduardo-vargas,2024-09-24,False
24/25,Problemas no Joelho,2024-08-08,2024-08-19,12.0,3.0,89718,eduardo-vargas,2024-08-19,False
20/21,Coronavírus,2020-11-18,2020-11-28,11.0,3.0,89718,eduardo-vargas,2020-11-28,False
14/15,Innenbandanriss Knie,2015-04-04,2015-06-04,62.0,7.0,89718,eduardo-vargas,2015-06-04,True
11/12,Entorse,2012-02-13,2012-02-25,13.0,3.0,89718,eduardo-vargas,2012-02-25,False
08/09,Operado ao joelho,2008-11-07,2009-03-25,139.0,16.0,89718,eduardo-vargas,2009-03-25,True
24/25,Lesão desconhecida,2024-12-02,2024-12-06,5.0,1.0,742366,felipe-felicio,2024-12-06,False
25/26,Traumatismo no metatarso,2025-11-03,2026-02-01,91.0,5.0,681692,leo-borges,2026-02-01,True
25/26,Lesão desconhecida,2025-08-21,2025-10-25,66.0,8.0,681692,leo-borges,2025-10-25,True
25/26,lesão na perna,2025-08-07,2025-09-29,54.0,13.0,268642,renzo-saravia,2025-09-29,False
25/26,Lesão na panturrilha,2025-07-28,2025-08-05,9.0,1.0,268642,renzo-saravia,2025-08-05,False
24/25,Lesão na coxa,2024-09-16,2024-10-04,19.0,5.0,268642,renzo-saravia,2024-10-04,False
23/24,Lesão muscular,2024-06-23,2024-07-10,18.0,4.0,268642,renzo-saravia,2024-07-10,False
22/23,Lesão na coxa,2023-05-03,2023-05-16,14.0,4.0,268642,renzo-saravia,2023-05-16,False
20/21,Lesão do ligamento cruzado,2020-09-29,2021-02-24,149.0,32.0,268642,renzo-saravia,2021-02-24,True
18/19,Lesão no ombro,2018-11-05,2018-11-12,8.0,1.0,268642,renzo-saravia,2018-11-12,False
21/22,Problemas no Joelho,2022-01-28,2022-02-10,14.0,2.0,67823,damian-musto,2022-02-10,False
20/21,Rotura muscular na coxa,2021-06-08,2021-06-16,9.0,1.0,67823,damian-musto,2021-06-16,False
18/19,Lesão na anca,2018-12-07,2018-12-21,15.0,2.0,67823,damian-musto,2018-12-21,False
23/24,Lesão desconhecida,2024-03-23,2024-04-03,12.0,1.0,347909,matheus-jussa,2024-04-03,False
25/26,Lesão na coxa,2025-09-13,2025-09-30,18.0,3.0,574765,praxedes,2025-09-30,False
23/24,Lesão na coxa,2024-06-09,2024-07-03,25.0,6.0,574765,praxedes,2024-07-03,False
22/23,Lesão desconhecida,2022-10-03,2023-01-15,105.0,9.0,574765,praxedes,2023-01-15,True
22/23,Problemas musculares,2022-11-07,2023-02-26,112.0,13.0,288496,gabriel-boschilia,2023-02-26,True
20/21,Lesão no joelho,2020-10-10,2021-05-12,215.0,48.0,288496,gabriel-boschilia,2021-05-12,True
18/19,Lesão desconhecida,2019-04-01,2019-04-05,5.0,1.0,288496,gabriel-boschilia,2019-04-05,False
18/19,Contra,2018-12-23,2019-01-10,19.0,2.0,288496,gabriel-boschilia,2019-01-10,False
18/19,Gestão de esforço,2018-10-29,2018-10-31,3.0,1.0,288496,gabriel-boschilia,2018-10-31,False
17/18,Traumatismo no joelho,2017-11-15,2018-01-12,59.0,12.0,288496,gabriel-boschilia,2018-01-12,False
17/18,Recuperação ritmo competitivo,2017-08-26,2017-10-02,38.0,7.0,288496,gabriel-boschilia,2017-10-02,False
16/17,Rotura dos ligamentos cruzados,2017-02-13,2017-08-25,194.0,27.0,288496,gabriel-boschilia,2017-08-25,True
25/26,Entorse do tornozelo,2025-07-06,2025-07-31,26.0,5.0,131840,leandro-fernandez,2025-07-31,False
24/25,Entorse do tornozelo,2025-06-12,2025-06-30,19.0,2.0,131840,leandro-fernandez,2025-06-30,False
22/23,Pneumonia,2023-05-11,2023-06-30,51.0,3.0,131840,leandro-fernandez,2023-06-30,False
22/23,Ruptura muscular,2022-09-20,2022-10-13,24.0,5.0,131840,leandro-fernandez,2022-10-13,False
21/22,Lesão desconhecida,2021-08-18,2021-08-25,8.0,1.0,131840,leandro-fernandez,2021-08-25,False
20/21,Ruptura muscular,2021-06-23,2021-07-06,14.0,3.0,131840,leandro-fernandez,2021-07-06,False
16/17,Rotura parcial de ligamento,2016-08-28,2017-04-30,246.0,24.0,131840,leandro-fernandez,2017-04-30,True
24/25,Rotura dos ligamentos cruzados,2025-03-05,2025-10-11,221.0,33.0,742025,guilherme-pato,2025-10-11,True
25/26,Lesão desconhecida,2026-03-02,,24.0,3.0,815686,caio-vidal,2026-03-26,False
24/25,Lesão desconhecida,2024-12-08,2025-01-01,25.0,3.0,815686,caio-vidal,2025-01-01,False
25/26,Problemas no Joelho,2025-08-07,2025-08-21,15.0,2.0,627227,peglow,2025-08-21,False
24/25,Lesão muscular,2025-04-21,2025-05-16,26.0,5.0,627227,peglow,2025-05-16,False
22/23,lesão na perna,2023-04-02,2023-04-12,11.0,1.0,627227,peglow,2023-04-12,False
25/26,Lesão no joelho,2026-01-20,,65.0,6.0,76608,abel-hernandez,2026-03-26,True
23/24,Lesão na coxa,2024-04-03,2024-10-06,187.0,21.0,76608,abel-hernandez,2024-10-06,True
23/24,Lesão desconhecida,2024-01-28,2024-03-02,35.0,7.0,76608,abel-hernandez,2024-03-02,False
23/24,Muskelbündelriss,2023-10-09,2023-11-30,53.0,10.0,76608,abel-hernandez,2023-11-30,False
23/24,Muskelbündelriss,2023-08-23,2023-09-03,12.0,2.0,76608,abel-hernandez,2023-09-03,False
22/23,Lesão muscular,2023-06-01,2023-06-08,8.0,2.0,76608,abel-hernandez,2023-06-08,False
22/23,Tendinite,2023-03-10,2023-03-29,20.0,3.0,76608,abel-hernandez,2023-03-29,False
21/22,Problemas de calcanhares,2021-07-02,2021-07-12,11.0,3.0,76608,abel-hernandez,2021-07-12,False
20/21,Lesão muscular,2020-11-15,2020-12-08,24.0,5.0,76608,abel-hernandez,2020-12-08,False
18/19,Lesão no joelho,2019-03-03,2019-03-29,27.0,2.0,76608,abel-hernandez,2019-03-29,False
18/19,Queixas adutores,2018-11-04,2018-12-06,33.0,5.0,76608,abel-hernandez,2018-12-06,False
18/19,Lesão na anca,2018-09-16,2018-10-30,45.0,9.0,76608,abel-hernandez,2018-10-30,False
17/18,Recuperação ritmo competitivo,2018-02-12,2018-02-28,17.0,4.0,76608,abel-hernandez,2018-02-28,False
17/18,Operação ao tendão de Aquiles,2017-08-15,2018-02-11,181.0,31.0,76608,abel-hernandez,2018-02-11,True
16/17,Lesão no pé,2017-05-10,2017-05-31,22.0,2.0,76608,abel-hernandez,2017-05-31,False
16/17,Lesão na coxa,2017-02-04,2017-02-25,22.0,1.0,76608,abel-hernandez,2017-02-25,False
16/17,Lesão nos adutores,2016-11-07,2017-01-02,57.0,11.0,76608,abel-hernandez,2017-01-02,False
14/15,Lesão nos adutores,2015-01-11,2015-01-30,20.0,1.0,76608,abel-hernandez,2015-01-30,False
12/13,Rotura dos ligamentos cruzados,2012-10-11,2013-04-11,183.0,31.0,76608,abel-hernandez,2013-04-11,True
11/12,Lesão desconhecida,2012-02-21,2012-03-02,11.0,2.0,76608,abel-hernandez,2012-03-02,False
11/12,Lesão desconhecida,2011-11-14,2012-02-05,84.0,13.0,76608,abel-hernandez,2012-02-05,True
10/11,Problemas musculares na coxa,2010-10-31,2011-02-02,95.0,19.0,76608,abel-hernandez,2011-02-02,True
25/26,Lesão na coxa,2026-03-06,2026-05-04,60.0,,789082,vanderson,2026-05-04,True
25/26,Lesão na coxa,2025-10-02,2025-11-17,47.0,8.0,789082,vanderson,2025-11-17,False
25/26,Lesão na panturrilha,2025-08-29,2025-09-10,13.0,1.0,789082,vanderson,2025-09-10,False
23/24,Lesão na anca,2024-02-11,2024-03-08,27.0,4.0,789082,vanderson,2024-03-08,False
23/24,Lesão no joelho,2023-10-04,2023-11-08,36.0,6.0,789082,vanderson,2023-11-08,False
22/23,Lesão no joelho,2023-02-01,2023-03-10,38.0,7.0,789082,vanderson,2023-03-10,False
21/22,Coronavírus,2022-03-18,2022-03-25,8.0,1.0,789082,vanderson,2022-03-25,False
20/21,Coronavírus,2021-04-06,2021-04-21,16.0,3.0,789082,vanderson,2021-04-21,False
23/24,Lesão muscular,2024-02-12,2024-02-27,16.0,4.0,815673,fernando-henrique,2024-02-27,False
22/23,Lesão meniscal,2023-01-19,2023-05-29,131.0,21.0,815673,fernando-henrique,2023-05-29,True
22/23,Muskelbündelriss,2022-09-25,2022-10-21,27.0,4.0,61856,cesar-pinares,2022-10-21,False
21/22,Lesão desconhecida,2022-04-05,2022-04-11,7.0,1.0,61856,cesar-pinares,2022-04-11,False
21/22,Lesão desconhecida,2022-02-09,2022-02-12,4.0,1.0,61856,cesar-pinares,2022-02-12,False
21/22,Lesão desconhecida,2021-09-11,2021-09-23,13.0,2.0,61856,cesar-pinares,2021-09-23,False
19/20,Muskelbündelriss,2020-01-24,2020-02-08,16.0,2.0,61856,cesar-pinares,2020-02-08,False
18/19,Problemas musculares,2019-04-12,2019-04-22,11.0,2.0,61856,cesar-pinares,2019-04-22,False
24/25,Lesão muscular,2025-06-24,2025-08-12,50.0,4.0,68747,diego-churin,2025-08-12,False
25/26,Lesão na coxa,2025-09-21,2025-11-18,59.0,8.0,642589,fabri,2025-11-18,False
24/25,Lesão muscular,2025-06-02,2025-07-11,40.0,2.0,642589,fabri,2025-07-11,False
24/25,Problemas musculares na coxa,2025-05-15,2025-05-27,13.0,2.0,642589,fabri,2025-05-27,False
24/25,Lesão no joelho,2025-02-20,2025-03-15,24.0,5.0,642589,fabri,2025-03-15,False
23/24,Lesão na coxa,2023-12-20,2024-02-07,50.0,4.0,642589,fabri,2024-02-07,False
23/24,Lesão na coxa,2023-10-16,2023-11-15,31.0,5.0,642589,fabri,2023-11-15,False
23/24,Constipação,2023-08-23,2023-08-24,2.0,1.0,752560,gustavo-maia,2023-08-24,False
23/24,Corte,2023-02-01,2024-02-21,386.0,12.0,752560,gustavo-maia,2024-02-21,True
20/21,Lesão nas costas,2021-04-10,2021-05-01,22.0,3.0,752560,gustavo-maia,2021-05-01,False
20/21,Problemas no Joelho,2021-01-16,2021-01-23,8.0,1.0,752560,gustavo-maia,2021-01-23,False
20/21,Lesão nas costas,2020-11-05,2020-11-19,15.0,1.0,752560,gustavo-maia,2020-11-19,False
22/23,Lesão no joelho,2022-07-26,2022-08-10,16.0,3.0,267431,fabian-noguera,2022-08-10,False
25/26,Rotura dos ligamentos cruzados,2025-02-10,2026-02-04,360.0,53.0,813108,vinicius-balieiro,2026-02-04,True
24/25,Lesão no joelho,2025-05-01,2025-05-23,23.0,6.0,813107,gabriel-pirani,2025-05-23,False
25/26,Problemas cardíacos,2026-02-23,,29.0,6.0,606850,lucas-braga,2026-03-24,False
22/23,Lesão desconhecida,2022-11-06,2023-01-15,71.0,2.0,606850,lucas-braga,2023-01-15,True
22/23,Rotura dos ligamentos cruzados,2022-07-28,2022-12-20,146.0,2.0,668236,renyer,2022-12-20,True
20/21,Recuperação ritmo competitivo,2020-10-16,2020-12-06,52.0,,668236,renyer,2020-12-06,False
19/20,Rotura dos ligamentos cruzados,2020-03-03,2020-10-15,227.0,,668236,renyer,2020-10-15,True
23/24,Pubalgia,2024-03-02,2024-06-30,121.0,11.0,743598,angelo,2024-06-30,True
23/24,Lesão na coxa,2023-09-23,2023-12-01,70.0,8.0,813109,bruno-marques,2023-12-01,True
24/25,Rotura no tendão do adutor,2025-04-19,2025-06-15,58.0,6.0,668267,marcos-leonardo,2025-06-15,False
23/24,Problemas no Joelho,2024-05-11,2024-06-30,51.0,2.0,668267,marcos-leonardo,2024-06-30,False
20/21,Lesão muscular,2021-02-13,2021-03-20,36.0,11.0,733453,mateus-claus,2021-03-20,False
24/25,Lesão do ligamento cruzado,2024-07-29,2025-05-17,293.0,49.0,544254,fabio-alemao,2025-05-17,True
25/26,Traumatismo no joelho,2025-08-11,2025-09-13,34.0,4.0,741021,matheus-bahia,2025-09-13,False
24/25,Lesão na coxa,2025-05-23,2025-07-08,47.0,3.0,741021,matheus-bahia,2025-07-08,False
24/25,Problemas musculares na coxa,2025-04-06,2025-04-14,9.0,1.0,741021,matheus-bahia,2025-04-14,False
22/23,Lesão na coxa,2023-05-15,2023-07-01,48.0,8.0,741021,matheus-bahia,2023-07-01,False
22/23,Lesão nos adutores,2022-08-30,2022-10-25,57.0,10.0,741021,matheus-bahia,2022-10-25,False
25/26,Lesão na coxa,2025-10-14,2025-11-25,43.0,3.0,724702,marcelo-ryan,2025-11-25,False
24/25,Ruptura muscular na coxa,2024-08-17,2024-09-23,38.0,5.0,724702,marcelo-ryan,2024-09-23,False
18/19,Lesão no tornozelo,2019-04-05,2019-04-19,15.0,2.0,649055,gabriel-novaes,2019-04-19,False
25/26,Lesão desconhecida,2026-02-09,2026-02-15,7.0,,740059,matheus-saldanha,2026-02-15,False
23/24,Lesão na coxa,2024-03-09,2024-04-19,42.0,7.0,740059,matheus-saldanha,2024-04-19,False
25/26,Problema nos flexores do quadril,2025-09-12,,193.0,34.0,740272,fintelman,2026-03-24,True
21/22,Rotura muscular,2022-06-25,2022-08-25,62.0,8.0,388588,jadson,2022-08-25,True
20/21,Lesão muscular,2020-09-15,2020-10-01,17.0,2.0,388588,jadson,2020-10-01,False
18/19,Lesão desconhecida,2019-03-05,2019-03-28,24.0,2.0,388588,jadson,2019-03-28,False
18/19,Lesão desconhecida,2018-09-26,2018-11-27,63.0,6.0,388588,jadson,2018-11-27,True
18/19,Lesão desconhecida,2018-08-01,2018-09-19,50.0,5.0,388588,jadson,2018-09-19,False
17/18,Problemas musculares,2018-01-30,2018-03-14,44.0,6.0,388588,jadson,2018-03-14,False
17/18,Lesão desconhecida,2017-12-24,2018-01-15,23.0,4.0,388588,jadson,2018-01-15,False
17/18,Lesão desconhecida,2017-10-13,2017-11-03,22.0,4.0,388588,jadson,2017-11-03,False
17/18,Lesão desconhecida,2017-09-04,2017-09-27,24.0,3.0,388588,jadson,2017-09-27,False
17/18,Lesão desconhecida,2017-01-29,2017-08-31,215.0,22.0,388588,jadson,2017-08-31,True
25/26,Lesão muscular,2025-09-01,2025-09-30,30.0,4.0,793774,marcelo-alves,2025-09-30,False
24/25,Operado ao joelho,2024-10-03,2025-06-01,242.0,27.0,793774,marcelo-alves,2025-06-01,True
23/24,Choque,2023-11-30,2023-12-02,3.0,,557939,neto-borges,2023-12-02,False
23/24,Pancada na coxa,2023-09-18,2023-10-10,23.0,2.0,557939,neto-borges,2023-10-10,False
22/23,Lesão no joelho,2022-11-01,2022-11-15,15.0,2.0,557939,neto-borges,2022-11-15,False
21/22,Lesão desconhecida,2021-11-01,2021-11-08,8.0,1.0,557939,neto-borges,2021-11-08,False
19/20,Lesão no pé,2019-09-15,2019-09-20,6.0,1.0,557939,neto-borges,2019-09-20,False
22/23,Lesão dos ligamentos laterais do joelho,2022-07-21,2023-06-30,345.0,46.0,643119,riquelme,2023-06-30,True
13/14,Lesão desconhecida,2013-06-12,2013-08-12,62.0,10.0,22378,leo-matos,2013-08-12,True
25/26,Lesão no joelho,2025-10-13,2025-11-06,25.0,2.0,125907,leonardo-gil,2025-11-06,False
25/26,Problemas musculares,2025-07-29,2025-08-05,8.0,1.0,125907,leonardo-gil,2025-08-05,False
24/25,Distensão muscular,2025-04-10,2025-04-17,8.0,1.0,125907,leonardo-gil,2025-04-17,False
22/23,Muskelbündelriss,2023-05-10,2023-05-21,12.0,2.0,125907,leonardo-gil,2023-05-21,False
22/23,Lesão nas costas,2023-01-25,2023-02-22,29.0,3.0,125907,leonardo-gil,2023-02-22,False
22/23,Recuperação ritmo competitivo,2023-03-13,2023-03-31,19.0,1.0,226155,carlinhos,2023-03-31,False
21/22,Lesão do ligamento cruzado,2022-05-08,2023-03-12,309.0,29.0,226155,carlinhos,2023-03-12,True
20/21,Coronavírus,2020-11-12,2020-11-25,14.0,3.0,226155,carlinhos,2020-11-25,False
19/20,Lesão desconhecida,2019-09-15,2019-09-23,9.0,1.0,226155,carlinhos,2019-09-23,False
23/24,Lesão desconhecida,2023-08-14,2023-11-11,90.0,17.0,689561,vinicius-paiva,2023-11-11,True
25/26,Lesão no joelho,2026-01-09,,74.0,18.0,54590,german-cano,2026-03-24,True
25/26,Entorse no joelho,2025-10-30,2025-12-13,45.0,9.0,54590,german-cano,2025-12-13,False
25/26,Entorse no joelho,2025-08-17,2025-08-22,6.0,1.0,54590,german-cano,2025-08-22,False
24/25,Lesão no joelho,2025-04-30,2025-06-16,48.0,9.0,54590,german-cano,2025-06-16,False
24/25,Traumatismo no pé,2024-07-25,2024-09-14,52.0,10.0,54590,german-cano,2024-09-14,False
20/21,Coronavírus,2020-12-01,2020-12-16,16.0,2.0,54590,german-cano,2020-12-16,False
24/25,lesão na perna,2025-05-06,2025-05-23,18.0,2.0,277743,alex-muralha,2025-05-23,False
19/20,Problemas musculares na coxa,2019-09-24,2019-09-27,4.0,1.0,412685,cesar,2019-09-27,False
17/18,Lesão no joelho,2018-03-19,2018-06-06,80.0,10.0,412685,cesar,2018-06-06,True
15/16,Fratura da virilha,2015-09-09,2015-10-17,39.0,5.0,75058,william-matheus,2015-10-17,False
14/15,Lesão no joelho,2014-08-31,2014-12-31,123.0,16.0,75058,william-matheus,2014-12-31,True
25/26,Lesão desconhecida,2025-09-02,2025-12-31,121.0,15.0,428993,kazu,2025-12-31,True
19/20,Lesão desconhecida,2020-01-01,2020-01-13,13.0,2.0,224852,patrick,2020-01-13,False
17/18,lesão na perna,2017-10-10,2017-12-15,67.0,9.0,224852,patrick,2017-12-15,True
16/17,lesão na perna,2017-06-01,2017-10-01,123.0,8.0,224852,patrick,2017-10-01,True
15/16,Lesão desconhecida,2015-12-30,2016-01-16,18.0,3.0,224852,patrick,2016-01-16,False
24/25,Lesão na panturrilha,2024-08-11,2024-09-21,42.0,5.0,147366,jonathan,2024-09-21,False
23/24,Inflamação do tendão,2024-06-27,2024-07-19,23.0,5.0,147366,jonathan,2024-07-19,False
23/24,Inflamação do tendão,2024-03-30,2024-04-29,31.0,4.0,147366,jonathan,2024-04-29,False
19/20,Lesão muscular,2019-08-01,2019-08-20,20.0,3.0,147366,jonathan,2019-08-20,False
25/26,Fadiga muscular,2026-03-16,2026-03-20,5.0,1.0,378189,lucas-ramon,2026-03-20,False
25/26,Entorse do tornozelo,2025-10-14,2025-11-05,23.0,4.0,378189,lucas-ramon,2025-11-05,False
21/22,Rotura do tendão de Aquiles,2021-10-05,2022-05-01,209.0,43.0,393835,thiago-lopes,2022-05-01,True
21/22,Problemas no tendão de Aquiles,2021-08-17,2021-09-30,45.0,6.0,393835,thiago-lopes,2021-09-30,False
25/26,Doente,2026-02-06,2026-02-11,6.0,1.0,627228,yan-couto,2026-02-11,False
24/25,Lesão muscular,2024-10-16,2024-11-08,24.0,6.0,627228,yan-couto,2024-11-08,False
24/25,Problemas físicos,2024-08-29,2024-09-12,15.0,1.0,627228,yan-couto,2024-09-12,False
23/24,Vírus,2024-05-13,2024-05-17,5.0,1.0,627228,yan-couto,2024-05-17,False
21/22,Coronavírus,2022-01-19,2022-01-29,11.0,1.0,627228,yan-couto,2022-01-29,False
16/17,Problemas físicos,2017-04-15,2017-04-25,11.0,1.0,226138,mattheus,2017-04-25,False
16/17,Lesão desconhecida,2017-02-07,2017-02-27,21.0,3.0,226138,mattheus,2017-02-27,False
19/20,Calcanhar de Aquiles,2020-01-14,2020-05-25,133.0,12.0,202919,giovanni,2020-05-25,True
25/26,Rotura dos ligamentos cruzados,2026-03-12,2026-10-31,234.0,1.0,267882,ezequiel-cerutti,2026-10-31,True
25/26,Contra,2026-02-23,2026-03-03,9.0,2.0,267882,ezequiel-cerutti,2026-03-03,False
25/26,Problemas musculares,2025-08-08,2025-08-19,12.0,1.0,267882,ezequiel-cerutti,2025-08-19,False
24/25,Problemas musculares,2025-02-03,2025-02-20,18.0,3.0,267882,ezequiel-cerutti,2025-02-20,False
23/24,Recuperação ritmo competitivo,2024-02-20,2024-03-08,18.0,2.0,267882,ezequiel-cerutti,2024-03-08,False
22/23,Rotura parcial de ligamento,2023-06-16,2024-02-19,249.0,36.0,267882,ezequiel-cerutti,2024-02-19,True
22/23,Muskelbündelriss,2023-04-10,2023-05-02,23.0,5.0,267882,ezequiel-cerutti,2023-05-02,False
21/22,Muskelbündelriss,2021-09-21,2021-10-20,30.0,4.0,267882,ezequiel-cerutti,2021-10-20,False
21/22,Lesão no joelho,2021-07-02,2021-08-18,48.0,6.0,267882,ezequiel-cerutti,2021-08-18,False
25/26,Problemas musculares,2026-02-26,2026-02-28,3.0,1.0,443239,iago-dias,2026-02-28,False
23/24,Recuperação ritmo competitivo,2024-05-31,2025-01-24,239.0,9.0,161188,robson,2025-01-24,True
23/24,Lesão no joelho,2024-04-02,2024-05-31,60.0,8.0,161188,robson,2024-05-31,True
24/25,Pequena lesão,2024-11-25,2024-12-04,10.0,1.0,688309,wellissol,2024-12-04,False
22/23,Problemas no Joelho,2022-09-13,2022-09-27,15.0,1.0,104590,rafael-forster,2022-09-27,False
20/21,Lesão no tornozelo,2021-02-02,2021-02-21,20.0,3.0,104590,rafael-forster,2021-02-21,False
17/18,Lesão nos adutores,2017-07-20,2017-08-05,17.0,2.0,104590,rafael-forster,2017-08-05,False
25/26,Lesão desconhecida,2025-08-01,2025-09-01,32.0,4.0,740159,david-sousa,2025-09-01,False
22/23,Rotura do menisco,2022-07-07,2023-01-02,180.0,20.0,740159,david-sousa,2023-01-02,True
24/25,Lesão na panturrilha,2025-05-07,2025-06-30,55.0,11.0,740157,hugo,2025-06-30,False
25/26,Lesão no joelho,2026-03-14,,12.0,1.0,365941,federico-barrandeguy,2026-03-26,False
22/23,Lesão desconhecida,2022-09-04,2022-12-12,100.0,12.0,365941,federico-barrandeguy,2022-12-12,True
24/25,Recuperação ritmo competitivo,2024-09-20,2024-12-04,76.0,10.0,262951,neneco,2024-12-04,True
24/25,Lesão desconhecida,2025-02-09,2025-03-20,40.0,7.0,813037,kayque,2025-03-20,False
22/23,Cirurgia Ligamento Cruzado,2022-07-04,2023-05-22,323.0,47.0,813037,kayque,2023-05-22,True
18/19,Lesão na coxa,2018-12-21,2019-02-06,48.0,9.0,66521,keisuke-honda,2019-02-06,False
17/18,Lesão muscular,2017-07-14,2017-08-11,29.0,5.0,66521,keisuke-honda,2017-08-11,False
15/16,Choque,2016-04-02,2016-04-05,4.0,1.0,66521,keisuke-honda,2016-04-05,False
14/15,Distorção do tornozelo,2015-04-03,2015-04-17,15.0,2.0,66521,keisuke-honda,2015-04-17,False
13/14,Distorção do tornozelo,2014-04-10,2014-04-24,15.0,2.0,66521,keisuke-honda,2014-04-24,False
13/14,Gripe gastrointestinal,2014-02-07,2014-02-10,4.0,1.0,66521,keisuke-honda,2014-02-10,False
12/13,Vírus,2013-03-05,2013-04-13,40.0,7.0,66521,keisuke-honda,2013-04-13,False
11/12,Problemas na anca,2012-03-03,2012-04-15,44.0,6.0,66521,keisuke-honda,2012-04-15,False
11/12,Problemas no Joelho,2011-11-18,2012-01-10,54.0,3.0,66521,keisuke-honda,2012-01-10,False
11/12,Operado ao joelho,2011-08-28,2011-11-10,75.0,16.0,66521,keisuke-honda,2011-11-10,True
16/17,Fratura maxilar,2017-04-07,2017-05-07,31.0,5.0,189473,gabriel-cortez,2017-05-07,False
24/25,Lesão no joelho,2025-01-19,2025-02-19,32.0,3.0,183945,eber-bessa,2025-02-19,False
17/18,Problemas musculares,2017-11-01,2017-12-17,47.0,6.0,183945,eber-bessa,2017-12-17,False
19/20,Quarentena,2020-03-17,2020-03-31,15.0,,7971,salomon-kalou,2020-03-31,False
18/19,Risswunde,2018-12-08,2019-01-05,29.0,3.0,7971,salomon-kalou,2019-01-05,False
17/18,Queixas adutores,2017-12-04,2017-12-09,6.0,1.0,7971,salomon-kalou,2017-12-09,False
17/18,Problemas nas costas,2017-07-20,2017-07-27,8.0,,7971,salomon-kalou,2017-07-27,False
16/17,Lesão no pé,2017-05-25,2017-06-29,36.0,2.0,7971,salomon-kalou,2017-06-29,False
16/17,Tensão muscular,2017-03-13,2017-03-16,4.0,,7971,salomon-kalou,2017-03-16,False
16/17,Traumatismo no pé,2017-02-27,2017-03-02,4.0,,7971,salomon-kalou,2017-03-02,False
16/17,Inflamação,2017-02-20,2017-02-23,4.0,,7971,salomon-kalou,2017-02-23,False
16/17,Problemas nas costas,2017-02-06,2017-02-06,1.0,,7971,salomon-kalou,2017-02-06,False
16/17,Problemas nas costas,2016-09-19,2016-10-10,22.0,4.0,7971,salomon-kalou,2016-10-10,False
15/16,Rotura muscular na coxa,2016-02-11,2016-02-18,8.0,1.0,7971,salomon-kalou,2016-02-18,False
15/16,Traumatismo craniano,2015-11-02,2015-11-05,4.0,,7971,salomon-kalou,2015-11-05,False
14/15,Contusão no tornozelo,2015-04-13,2015-04-16,4.0,,7971,salomon-kalou,2015-04-16,False
09/10,Problemas musculares na coxa,2009-12-03,2009-12-17,15.0,3.0,7971,salomon-kalou,2009-12-17,False
23/24,lesão na perna,2024-02-20,2024-04-05,46.0,5.0,400254,alexander-lecaros,2024-04-05,False
23/24,Lesão na coxa,2024-02-12,2024-03-01,19.0,4.0,547443,pedro-raul,2024-03-01,False
24/25,Lesão no tornozelo,2025-05-12,2025-05-27,16.0,3.0,371267,rafael-navarro,2025-05-27,False
25/26,Lesão na virilha,2025-08-20,2025-09-30,42.0,7.0,743594,matheus-nascimento,2025-09-30,False
24/25,Lesão na coxa,2025-02-20,2025-03-14,23.0,5.0,743594,matheus-nascimento,2025-03-14,False
24/25,Lesão muscular,2025-04-17,2025-05-17,31.0,4.0,788861,matheus-babi,2025-05-17,False
24/25,Lesão nos adutores,2025-01-19,2025-02-14,27.0,7.0,788861,matheus-babi,2025-02-14,False
21/22,Cirurgia Ligamento Cruzado,2021-07-27,2022-03-01,218.0,52.0,788861,matheus-babi,2022-03-01,True
25/26,Amigdalite,2025-12-01,2026-01-20,51.0,4.0,742034,leo-linck,2026-01-20,False
25/26,Entorse do tornozelo,2025-08-10,2025-08-29,20.0,5.0,742034,leo-linck,2025-08-29,False
24/25,Lesão no ombro,2025-05-23,2025-06-14,23.0,3.0,742034,leo-linck,2025-06-14,False
24/25,Traumatismo craniano,2024-08-30,2024-09-10,12.0,1.0,742034,leo-linck,2024-09-10,False
24/25,Problemas musculares na coxa,2024-09-16,2024-09-28,13.0,1.0,606136,danilo-boza,2024-09-28,False
24/25,Lesão na coxa,2024-07-08,2024-08-03,27.0,7.0,606136,danilo-boza,2024-08-03,False
23/24,Lesão muscular,2024-03-28,2024-04-16,20.0,3.0,606136,danilo-boza,2024-04-16,False
20/21,Coronavírus,2020-11-24,2020-12-10,17.0,3.0,522131,jaime-alvarado,2020-12-10,False
20/21,Coronavírus,2020-11-20,2020-12-05,16.0,4.0,153065,fernando-canesin,2020-12-05,False
24/25,Problemas no tendão de Aquiles,2024-09-12,2025-12-11,456.0,66.0,155470,jorginho,2025-12-11,True
23/24,Lesão na coxa,2023-07-03,2023-08-01,30.0,6.0,155470,jorginho,2023-08-01,False
22/23,Problemas no Joelho,2023-05-06,2023-05-09,4.0,1.0,155470,jorginho,2023-05-09,False
18/19,Rotura dos ligamentos cruzados,2019-05-04,2019-11-18,199.0,21.0,390370,ravanelli,2019-11-18,True
17/18,Risswunde,2018-04-30,2018-05-20,21.0,2.0,390370,ravanelli,2018-05-20,False
21/22,Problemas no flexor esquerdo da anca,2021-11-17,2021-12-15,29.0,5.0,593653,denner,2021-12-15,False
20/21,lesão na perna,2020-10-16,2020-11-09,25.0,6.0,593653,denner,2020-11-09,False
20/21,Lesão no bíceps femoral,2020-08-10,2020-09-04,26.0,5.0,593653,denner,2020-09-04,False
24/25,Entorse no joelho,2024-11-17,2025-08-29,286.0,50.0,593205,julimar,2025-08-29,True
21/22,Lesão dos ligamentos laterais do joelho,2022-03-21,2023-01-14,300.0,17.0,593205,julimar,2023-01-14,True
23/24,Lesão no joelho,2024-05-31,2024-07-12,43.0,10.0,658665,kleiton-pego,2024-07-12,False
21/22,Lesão dos ligamentos laterais do joelho,2022-02-25,2022-08-31,188.0,,646256,reinaldo,2022-08-31,True
08/09,Rotura dos ligamentos cruzados,2009-05-13,2009-12-13,215.0,48.0,74605,walter,2009-12-13,True
16/17,Lesão desconhecida,2017-04-01,2017-05-01,31.0,3.0,55346,chico,2017-05-01,False
15/16,Problemas musculares na coxa,2016-03-04,2016-05-20,78.0,11.0,55346,chico,2016-05-20,True
15/16,Lesão na panturrilha,2015-08-15,2015-11-22,100.0,12.0,55346,chico,2015-11-22,True
25/26,Lesão desconhecida,2025-07-27,,242.0,37.0,863104,da-silva,2026-03-26,True
21/22,Estiramento do ligamento colateral interno do joelho,2022-06-22,2022-12-31,193.0,26.0,863104,da-silva,2022-12-31,True
24/25,Problemas musculares,2025-02-18,2025-02-26,9.0,1.0,410456,juan-pintado,2025-02-26,False
23/24,Rompimento dos adutores,2024-02-26,2024-03-07,11.0,2.0,410456,juan-pintado,2024-03-07,False
20/21,Cirurgia Ligamento Cruzado,2021-05-05,2021-12-31,241.0,,880248,nathan-melo,2021-12-31,True
21/22,Coronavírus,2022-01-05,2022-01-15,11.0,2.0,140757,daniel-bessa,2022-01-15,False
19/20,Lesão nos adutores,2019-09-04,2020-01-13,132.0,16.0,140757,daniel-bessa,2020-01-13,True
17/18,Problemas musculares,2018-05-08,2018-05-15,8.0,1.0,140757,daniel-bessa,2018-05-15,False
17/18,Lesão desconhecida,2017-10-30,2017-11-23,25.0,2.0,140757,daniel-bessa,2017-11-23,False
17/18,Lesão no joelho,2017-09-21,2017-09-28,8.0,1.0,140757,daniel-bessa,2017-09-28,False
13/14,Lesão muscular,2014-01-15,2014-03-01,46.0,6.0,140757,daniel-bessa,2014-03-01,False
12/13,Problemas no Joelho,2013-04-10,2013-04-27,18.0,3.0,140757,daniel-bessa,2013-04-27,False
11/12,Rotura dos ligamentos cruzados,2012-06-11,2012-12-18,191.0,27.0,140757,daniel-bessa,2012-12-18,True
21/22,Lesão desconhecida,2021-07-16,2021-08-31,47.0,5.0,74590,sandro,2021-08-31,False
18/19,Lesão muscular,2018-11-03,2018-11-24,22.0,1.0,74590,sandro,2018-11-24,False
18/19,Lesão no joelho,2018-07-09,2018-09-01,55.0,2.0,74590,sandro,2018-09-01,False
17/18,Lesão muscular,2018-03-02,2018-03-13,12.0,1.0,74590,sandro,2018-03-13,False
17/18,Lesão desconhecida,2017-11-22,2017-12-28,37.0,8.0,74590,sandro,2017-12-28,False
17/18,Lesão desconhecida,2017-08-13,2017-10-02,51.0,6.0,74590,sandro,2017-10-02,False
14/15,Lesão no joelho,2014-11-22,2015-03-04,103.0,15.0,74590,sandro,2015-03-04,True
12/13,Operado ao joelho,2013-01-12,2013-07-19,189.0,23.0,74590,sandro,2013-07-19,True
11/12,Meniskuseinriss,2011-07-12,2011-09-25,76.0,12.0,74590,sandro,2011-09-25,True
08/09,Problemas musculares,2009-06-25,2009-07-25,31.0,6.0,74590,sandro,2009-07-25,False
22/23,Lesão desconhecida,2023-06-20,2023-06-30,11.0,2.0,439631,kevin-quevedo,2023-06-30,False
22/23,Lesão desconhecida,2023-04-12,2023-04-22,11.0,1.0,439631,kevin-quevedo,2023-04-22,False
21/22,Lesão no tornozelo,2022-05-10,2022-05-17,8.0,1.0,439631,kevin-quevedo,2022-05-17,False
21/22,Lesão desconhecida,2022-02-04,2022-03-03,28.0,3.0,439631,kevin-quevedo,2022-03-03,False
21/22,Lesão desconhecida,2021-09-01,2021-09-21,21.0,5.0,439631,kevin-quevedo,2021-09-21,False
20/21,Fratura do Metatarso,2021-05-09,2021-07-31,84.0,17.0,439631,kevin-quevedo,2021-07-31,True
25/26,Lesão na anca,2025-09-11,2025-10-03,23.0,2.0,863119,lucas-emmanuel,2025-10-03,False
20/21,Lesão do ligamento cruzado,2021-03-09,2021-12-31,298.0,,863119,lucas-emmanuel,2021-12-31,True
25/26,Fadiga muscular,2025-10-21,2025-10-28,8.0,1.0,815558,martinelli,2025-10-28,False
24/25,Lesão no tornozelo,2024-08-14,2024-08-19,6.0,1.0,815558,martinelli,2024-08-19,False
22/23,Lesão na coxa,2023-04-03,2023-05-20,48.0,13.0,815558,martinelli,2023-05-20,False
21/22,Traumatismo na anca,2021-09-12,2021-09-19,8.0,2.0,815558,martinelli,2021-09-19,False
25/26,Lesão na panturrilha,2026-02-05,2026-02-12,8.0,2.0,800176,andre,2026-02-12,False
23/24,Lesão no joelho,2024-04-26,2024-07-03,69.0,19.0,800176,andre,2024-07-03,True
23/24,Lesão desconhecida,2023-12-19,2024-01-13,26.0,2.0,371246,denilson,2024-01-13,False
25/26,Lesão na coxa,2026-02-06,2026-03-10,33.0,8.0,482144,michel-araujo,2026-03-10,False
25/26,Estiramento do ligamento colateral interno do joelho,2025-11-24,2026-01-14,52.0,4.0,482144,michel-araujo,2026-01-14,False
25/26,Lesão muscular,2025-08-17,2025-09-02,17.0,4.0,482144,michel-araujo,2025-09-02,False
24/25,Lesão na coxa,2025-03-20,2025-04-26,38.0,10.0,482144,michel-araujo,2025-04-26,False
24/25,Estiramento do ligamento colateral interno do joelho,2024-09-26,2024-11-19,55.0,6.0,482144,michel-araujo,2024-11-19,False
24/25,Lesão no joelho,2024-07-02,2024-07-10,9.0,2.0,482144,michel-araujo,2024-07-10,False
22/23,Lesão muscular,2023-06-15,2023-07-03,19.0,4.0,482144,michel-araujo,2023-07-03,False
20/21,Problemas musculares na coxa,2021-01-22,2021-02-02,12.0,2.0,482144,michel-araujo,2021-02-02,False
20/21,Coronavírus,2020-11-18,2020-12-02,15.0,2.0,482144,michel-araujo,2020-12-02,False
20/21,Problemas na panturrilha,2020-10-10,2020-10-21,12.0,3.0,482144,michel-araujo,2020-10-21,False
18/19,Lesão muscular,2018-07-23,2018-09-11,51.0,7.0,482144,michel-araujo,2018-09-11,False
17/18,Lesão muscular,2018-05-08,2018-05-22,15.0,3.0,482144,michel-araujo,2018-05-22,False
24/25,Muskelbündelriss,2025-02-17,2025-04-27,70.0,,451338,fernando-pacheco,2025-04-27,True
23/24,Muskelbündelriss,2024-03-10,2024-04-14,36.0,,451338,fernando-pacheco,2024-04-14,False
23/24,Lesão desconhecida,2023-09-22,2023-11-13,53.0,5.0,451338,fernando-pacheco,2023-11-13,False
22/23,Lesão desconhecida,2023-05-22,2023-06-09,19.0,2.0,451338,fernando-pacheco,2023-06-09,False
22/23,Lesão desconhecida,2023-04-23,2023-05-14,22.0,3.0,451338,fernando-pacheco,2023-05-14,False
22/23,Problemas gástricos,2023-02-18,2023-02-27,10.0,2.0,451338,fernando-pacheco,2023-02-27,False
21/22,Muskelbündelriss,2022-02-26,2022-04-04,38.0,4.0,451338,fernando-pacheco,2022-04-04,False
22/23,Fratura da clavícula,2023-05-02,2023-07-10,70.0,7.0,363177,matheus-cassini,2023-07-10,True
25/26,Lesão desconhecida,2025-07-26,2025-08-05,11.0,3.0,800175,luiz-henrique,2025-08-05,False
23/24,Lesão na panturrilha,2024-02-16,2024-03-30,44.0,10.0,800175,luiz-henrique,2024-03-30,False
23/24,Lesão desconhecida,2023-09-26,2023-10-16,21.0,4.0,800175,luiz-henrique,2023-10-16,False
22/23,Lesão no tornozelo,2022-12-07,2022-12-11,5.0,1.0,314706,matheus-pato,2022-12-11,False
24/25,Choque,2024-12-16,2024-12-22,7.0,,520082,carlos-eduardo,2024-12-22,False
25/26,Problemas musculares na coxa,2025-10-06,2025-10-21,16.0,2.0,676035,luciano-juba,2025-10-21,False
22/23,Problemas musculares,2023-06-24,2023-06-29,6.0,1.0,676035,luciano-juba,2023-06-29,False
25/26,Lesão na coxa,2025-07-28,2025-09-26,61.0,8.0,676034,ewerthon,2025-09-26,True
25/26,Lesão na coxa,2025-07-04,2025-07-26,23.0,3.0,676034,ewerthon,2025-07-26,False
24/25,Problemas musculares na coxa,2024-08-15,2024-09-10,27.0,5.0,676034,ewerthon,2024-09-10,False
23/24,Lesão muscular,2024-01-19,2024-05-31,134.0,21.0,676034,ewerthon,2024-05-31,True
22/23,Problemas no Joelho,2022-09-10,2022-12-31,113.0,9.0,676034,ewerthon,2022-12-31,True
22/23,Problemas musculares,2022-07-15,2022-07-31,17.0,3.0,676034,ewerthon,2022-07-31,False
25/26,Lesão na cabeça,2026-02-16,2026-03-05,18.0,2.0,237851,betinho,2026-03-05,False
24/25,Distensão da panturrilha,2024-10-27,2024-12-01,36.0,2.0,237851,betinho,2024-12-01,False
21/22,Rotura de ligamentos no joelho,2021-08-19,2022-06-01,287.0,54.0,643937,joao-igor,2022-06-01,True
19/20,Problemas musculares,2019-10-26,2019-11-18,24.0,5.0,643937,joao-igor,2019-11-18,False
19/20,Fratura do nariz,2019-09-16,2019-10-10,25.0,5.0,643937,joao-igor,2019-10-10,False
19/20,Entorse do tornozelo,2019-07-05,2019-07-23,19.0,3.0,643937,joao-igor,2019-07-23,False
25/26,Problemas musculares na coxa,2025-09-13,2025-09-28,16.0,2.0,148231,lucas-mugni,2025-09-28,False
24/25,Pubalgia,2025-04-06,2025-04-14,9.0,1.0,148231,lucas-mugni,2025-04-14,False
20/21,Coronavírus,2021-04-09,2021-04-19,11.0,2.0,148231,lucas-mugni,2021-04-19,False
24/25,Lesão desconhecida,2025-01-10,2025-02-01,23.0,4.0,738410,julio-cesar,2025-02-01,False
20/21,Coronavírus,2020-11-18,2020-12-04,17.0,,371259,andre-luiz,2020-12-04,False
23/24,Distensão dos adutores,2024-02-09,2024-02-15,7.0,1.0,742855,gabriel-lacerda,2024-02-15,False
20/21,Coronavírus,2020-11-18,2020-12-04,17.0,4.0,742855,gabriel-lacerda,2020-12-04,False
24/25,Rotura do ligamento externo do joelho,2025-03-30,2025-05-31,63.0,13.0,646679,pedro-naressi,2025-05-31,True
20/21,Lesão do ligamento cruzado,2021-03-13,2021-11-13,246.0,56.0,691843,vitor-jacare,2021-11-13,True
25/26,Problemas musculares na coxa,2026-03-22,,4.0,,553727,saulo-mineiro,2026-03-26,False
25/26,Problemas musculares na coxa,2026-02-18,2026-03-20,31.0,2.0,553727,saulo-mineiro,2026-03-20,False
24/25,Rotura num tendão,2025-06-15,2025-10-14,122.0,16.0,553727,saulo-mineiro,2025-10-14,True
24/25,Ruptura muscular na coxa,2025-06-15,2025-10-13,121.0,16.0,553727,saulo-mineiro,2025-10-13,True
22/23,Rotura do tendão de Aquiles,2022-10-02,2023-04-16,197.0,14.0,553727,saulo-mineiro,2023-04-16,True
20/21,Coronavírus,2020-11-18,2020-12-04,17.0,3.0,553727,saulo-mineiro,2020-12-04,False
22/23,Lesão no tornozelo,2022-10-06,2023-01-15,102.0,5.0,347079,gilvan,2023-01-15,True
22/23,Lesão no tornozelo,2022-08-01,2022-09-20,51.0,9.0,347079,gilvan,2022-09-20,False
22/23,Queixas adutores,2023-06-27,2023-08-07,42.0,7.0,521339,matheus-pereira,2023-08-07,False
21/22,Lesão no bíceps femoral,2022-06-19,2022-07-17,29.0,6.0,521339,matheus-pereira,2022-07-17,False
23/24,Lesão no tornozelo,2023-07-24,2023-07-31,8.0,1.0,592373,lucas-oliveira,2023-07-31,False
23/24,Lesão desconhecida,2023-07-17,2023-08-01,16.0,1.0,752554,eduardo,2023-08-01,False
24/25,Problemas no Joelho,2025-04-14,2025-05-02,19.0,4.0,542483,wellington-rato,2025-05-02,False
24/25,Lesão na panturrilha,2024-11-10,2024-11-22,13.0,1.0,542483,wellington-rato,2024-11-22,False
23/24,Lesão na coxa,2024-04-05,2024-06-12,69.0,14.0,542483,wellington-rato,2024-06-12,True
23/24,lesão na perna,2024-02-11,2024-02-25,15.0,2.0,542483,wellington-rato,2024-02-25,False
24/25,Rotura de ligamentos no joelho,2024-11-04,2026-01-20,443.0,67.0,305428,ze-roberto,2026-01-20,True
17/18,Lesão na tíbia,2018-08-22,2018-12-31,132.0,17.0,305428,ze-roberto,2018-12-31,True
23/24,Lesão desconhecida,2023-09-19,2023-10-09,21.0,2.0,481211,henry-vaca,2023-10-09,False
22/23,Lesão na coxa,2023-06-14,2023-07-16,33.0,4.0,226005,franco-fragapane,2023-07-16,False
21/22,Lesão na coxa,2021-07-19,2021-09-11,55.0,8.0,226005,franco-fragapane,2021-09-11,False
11/12,Fratura de um dedo,2011-07-20,2011-08-12,24.0,5.0,28502,julio-cesar,2011-08-12,False
22/23,Lesão na coxa,2023-05-25,2023-06-09,16.0,3.0,265837,ligger,2023-06-09,False
24/25,Lesão na coxa,2024-08-18,2024-10-25,69.0,13.0,656409,leo-realpe,2024-10-25,True
21/22,Lesão no joelho,2021-11-17,2022-02-25,101.0,12.0,656409,leo-realpe,2022-02-25,True
25/26,Lesão muscular,2025-08-16,2025-11-07,84.0,16.0,651477,cesar-haydar,2025-11-07,True
25/26,Lesão na coxa,2025-07-27,2025-08-05,10.0,2.0,678502,guilherme-lopes,2025-08-05,False
24/25,Lesão na coxa,2025-04-28,2025-05-21,24.0,4.0,678502,guilherme-lopes,2025-05-21,False
25/26,Lesão na coxa,2025-09-12,2025-11-25,75.0,13.0,412367,weverson,2025-11-25,True
23/24,Lesão desconhecida,2023-11-13,2023-12-05,23.0,2.0,412367,weverson,2023-12-05,False
23/24,Lesão desconhecida,2023-08-21,2023-09-13,24.0,2.0,412367,weverson,2023-09-13,False
17/18,Problemas nas costas,2017-10-19,2017-10-19,1.0,,412367,weverson,2017-10-19,False
25/26,Lesão na coxa,2025-09-29,2026-02-03,128.0,25.0,270188,lucas-evangelista,2026-02-03,True
24/25,Lesão na coxa,2025-04-07,2025-04-19,13.0,3.0,270188,lucas-evangelista,2025-04-19,False
23/24,Lesão na coxa,2024-02-24,2024-04-30,67.0,14.0,270188,lucas-evangelista,2024-04-30,True
19/20,Fadiga muscular,2019-12-05,2019-12-24,20.0,4.0,270188,lucas-evangelista,2019-12-24,False
16/17,inflamação no joelho,2017-02-18,2017-03-19,30.0,4.0,270188,lucas-evangelista,2017-03-19,False
16/17,Lesão no ombro,2016-08-28,2016-09-10,14.0,,270188,lucas-evangelista,2016-09-10,False
15/16,Lesão da parede abdominal,2016-02-05,2016-02-19,15.0,3.0,270188,lucas-evangelista,2016-02-19,False
14/15,Operação,2015-02-28,2015-06-01,94.0,14.0,270188,lucas-evangelista,2015-06-01,True
25/26,Lesão dos ligamentos laterais do joelho,2025-08-22,2025-10-20,60.0,10.0,403315,claudinho,2025-10-20,True
22/23,Lesão no bíceps femoral,2022-08-06,2022-08-30,25.0,3.0,403315,claudinho,2022-08-30,False
22/23,Lesão muscular,2022-07-22,2022-07-27,6.0,,403315,claudinho,2022-07-27,False
25/26,Rotura de ligamentos do tornozelo,2025-09-18,2025-12-06,80.0,20.0,503052,tomas-cuello,2025-12-06,True
25/26,Lesão na coxa,2025-07-13,2025-07-23,11.0,2.0,503052,tomas-cuello,2025-07-23,False
24/25,Lesão na coxa,2025-05-22,2025-07-11,51.0,4.0,503052,tomas-cuello,2025-07-11,False
23/24,Lesão no joelho,2024-06-23,2024-07-10,18.0,4.0,503052,tomas-cuello,2024-07-10,False
19/20,Dor de dentes,2019-09-18,2019-10-18,31.0,3.0,503052,tomas-cuello,2019-10-18,False
24/25,Operação,2025-06-21,2025-08-22,63.0,14.0,673830,luis-phelipe,2025-08-22,True
24/25,Lesão desconhecida,2024-11-22,2024-12-04,13.0,3.0,673830,luis-phelipe,2024-12-04,False
23/24,Fibra muscular rasgado,2024-03-31,2024-04-30,31.0,6.0,673830,luis-phelipe,2024-04-30,False
21/22,Lesão desconhecida,2022-01-27,2022-02-28,33.0,7.0,673830,luis-phelipe,2022-02-28,False
21/22,Lesão desconhecida,2021-10-20,2021-11-03,15.0,3.0,673830,luis-phelipe,2021-11-03,False
19/20,rotura da banda de sindesmose,2019-08-08,2019-08-22,15.0,2.0,673830,luis-phelipe,2019-08-22,False
24/25,Problemas musculares na coxa,2025-01-01,2025-04-29,119.0,23.0,550178,bruno-tubarao,2025-04-29,True
24/25,Problemas musculares na coxa,2024-07-12,2024-08-23,43.0,9.0,550178,bruno-tubarao,2024-08-23,False
23/24,Lesão na coxa,2024-05-21,2024-06-21,32.0,5.0,550178,bruno-tubarao,2024-06-21,False
23/24,Lesão muscular,2024-02-01,2024-02-14,14.0,3.0,550178,bruno-tubarao,2024-02-14,False
25/26,Lesão muscular,2025-07-10,2025-08-26,48.0,6.0,459115,jan-hurtado,2025-08-26,False
24/25,Ruptura muscular,2025-04-19,2025-05-01,13.0,1.0,459115,jan-hurtado,2025-05-01,False
24/25,Lesão na coxa,2024-08-25,2024-09-20,27.0,4.0,459115,jan-hurtado,2024-09-20,False
22/23,Estiramento do ligamento colateral interno do joelho,2022-11-03,2022-12-31,59.0,5.0,459115,jan-hurtado,2022-12-31,False
22/23,Lesão desconhecida,2022-09-05,2022-10-29,55.0,11.0,459115,jan-hurtado,2022-10-29,False
20/21,Quarentena,2020-08-11,2020-08-25,15.0,4.0,459115,jan-hurtado,2020-08-25,False
25/26,Lesão meniscal,2026-02-03,,51.0,3.0,70784,ytalo,2026-03-26,False
25/26,Lesão no cotovelo,2026-01-07,2026-02-02,27.0,5.0,70784,ytalo,2026-02-02,False
17/18,Lesão desconhecida,2017-09-14,2017-10-02,19.0,5.0,70784,ytalo,2017-10-02,False
25/26,Entorse no joelho,2026-01-07,2026-02-17,42.0,11.0,876739,matheus-cunha,2026-02-17,False
25/26,Tendinite,2025-08-01,2025-08-05,5.0,1.0,876739,matheus-cunha,2025-08-05,False
25/26,Lesão desconhecida,2026-01-18,2026-01-26,9.0,1.0,46741,david-luiz,2026-01-26,False
25/26,Problemas musculares na coxa,2025-07-08,2025-08-03,27.0,5.0,46741,david-luiz,2025-08-03,False
24/25,Lesão na cabeça,2025-04-24,2025-04-28,5.0,1.0,46741,david-luiz,2025-04-28,False
24/25,Lesão muscular,2025-03-23,2025-03-28,6.0,1.0,46741,david-luiz,2025-03-28,False
24/25,Febre,2024-11-14,2024-11-25,12.0,1.0,46741,david-luiz,2024-11-25,False
24/25,Problemas no tendão de Aquiles,2024-10-27,2024-11-02,7.0,1.0,46741,david-luiz,2024-11-02,False
22/23,Problemas musculares,2023-05-15,2023-05-19,5.0,1.0,46741,david-luiz,2023-05-19,False
20/21,Lesão na coxa,2021-05-03,2021-05-24,22.0,5.0,46741,david-luiz,2021-05-24,False
20/21,Doente,2020-12-25,2021-01-01,8.0,2.0,46741,david-luiz,2021-01-01,False
20/21,Lesão na cabeça,2020-12-01,2020-12-15,15.0,4.0,46741,david-luiz,2020-12-15,False
20/21,Choque,2020-11-27,2020-11-28,2.0,,46741,david-luiz,2020-11-28,False
20/21,Lesão na coxa,2020-10-26,2020-11-03,9.0,2.0,46741,david-luiz,2020-11-03,False
20/21,Lesão no pescoço,2020-09-11,2020-09-18,8.0,1.0,46741,david-luiz,2020-09-18,False
17/18,Lesão no joelho,2018-04-01,2018-05-13,43.0,8.0,46741,david-luiz,2018-05-13,False
17/18,Lesão no tornozelo,2018-02-10,2018-03-31,50.0,8.0,46741,david-luiz,2018-03-31,False
17/18,Problemas na tibiotársica,2018-01-25,2018-02-02,9.0,2.0,46741,david-luiz,2018-02-02,False
17/18,Lesão no joelho,2017-11-26,2018-01-05,41.0,11.0,46741,david-luiz,2018-01-05,False
15/16,Problemas no Joelho,2016-01-28,2016-02-01,5.0,1.0,46741,david-luiz,2016-02-01,False
15/16,Lesão no joelho,2015-11-16,2015-11-26,11.0,3.0,46741,david-luiz,2015-11-26,False
15/16,Problemas físicos,2015-10-12,2015-11-02,22.0,5.0,46741,david-luiz,2015-11-02,False
14/15,Lesão no pé,2015-05-01,2015-05-14,14.0,2.0,46741,david-luiz,2015-05-14,False
14/15,Lesão na coxa,2015-04-10,2015-04-14,5.0,1.0,46741,david-luiz,2015-04-14,False
14/15,Rotura muscular na coxa,2014-10-30,2014-11-04,6.0,1.0,46741,david-luiz,2014-11-04,False
14/15,Rotura muscular na coxa,2014-10-15,2014-10-20,6.0,1.0,46741,david-luiz,2014-10-20,False
14/15,Problemas no Joelho,2014-09-11,2014-09-15,5.0,1.0,46741,david-luiz,2014-09-15,False
13/14,Problemas na anca,2014-03-06,2014-03-17,12.0,2.0,46741,david-luiz,2014-03-17,False
13/14,Problemas na anca,2014-02-18,2014-02-27,10.0,2.0,46741,david-luiz,2014-02-27,False
13/14,Lesão no joelho,2013-11-22,2013-12-10,19.0,5.0,46741,david-luiz,2013-12-10,False
12/13,Problemas na panturrilha,2013-01-25,2013-02-04,11.0,3.0,46741,david-luiz,2013-02-04,False
11/12,Ruptura muscular na coxa,2012-04-15,2012-05-15,31.0,8.0,46741,david-luiz,2012-05-15,False
08/09,Fratura do Metatarso,2008-01-26,2008-10-28,277.0,28.0,46741,david-luiz,2008-10-28,True
25/26,Recuperação ritmo competitivo,2026-01-15,2026-01-19,5.0,1.0,411838,bruno-viana,2026-01-19,False
25/26,Estiramento do ligamento colateral interno do joelho,2025-11-15,2026-01-15,62.0,8.0,411838,bruno-viana,2026-01-15,True
20/21,Coronavírus,2020-12-27,2021-01-05,10.0,2.0,411838,bruno-viana,2021-01-05,False
25/26,Lesão tornozelo,2026-01-27,,58.0,8.0,943237,cleiton,2026-03-26,False
25/26,Gripe,2026-01-08,2026-01-10,3.0,,964580,wesley,2026-01-10,False
25/26,Contra,2025-12-06,2025-12-10,5.0,1.0,964580,wesley,2025-12-10,False
25/26,Lesão da parede abdominal,2025-09-18,2025-09-23,6.0,1.0,964580,wesley,2025-09-23,False
25/26,Reação de estresse do osso,2025-09-08,2025-09-12,5.0,,964580,wesley,2025-09-12,False
24/25,Fadiga muscular,2025-03-30,2025-04-05,7.0,1.0,964580,wesley,2025-04-05,False
24/25,Lesão na coxa,2024-08-19,2024-08-24,6.0,1.0,964580,wesley,2024-08-24,False
24/25,Lesão na coxa,2024-07-21,2024-07-27,7.0,1.0,964580,wesley,2024-07-27,False
24/25,Lesão nos adutores,2024-03-28,2024-04-16,20.0,5.0,964580,wesley,2024-04-16,False
22/23,Lesão no tornozelo,2023-04-30,2023-05-29,30.0,5.0,203394,andreas-pereira,2023-05-29,False
20/21,Febre,2021-02-20,2021-02-22,3.0,1.0,203394,andreas-pereira,2021-02-22,False
20/21,Febre,2020-10-14,2020-10-24,11.0,3.0,203394,andreas-pereira,2020-10-24,False
17/18,Lesão muscular,2018-05-10,2018-05-31,22.0,2.0,203394,andreas-pereira,2018-05-31,False
17/18,Problemas no tendão de Aquiles,2018-02-02,2018-03-16,43.0,8.0,203394,andreas-pereira,2018-03-16,False
24/25,Recuperação ritmo competitivo,2024-07-19,2024-08-09,22.0,4.0,661270,fabrizio-peralta,2024-08-09,False
23/24,Lesão na panturrilha,2024-06-22,2024-07-05,14.0,3.0,876343,maxtm,2024-07-05,False
23/24,Problemas musculares na coxa,2024-04-16,2024-05-14,29.0,8.0,876343,maxtm,2024-05-14,False
25/26,Entorse do tornozelo,2025-09-28,2025-10-04,7.0,1.0,743597,matheus-franca,2025-10-04,False
25/26,Rompimento dos adutores,2025-07-13,2025-08-29,48.0,5.0,743597,matheus-franca,2025-08-29,False
24/25,Fratura na grelha costal,2024-03-09,2025-02-26,355.0,43.0,743597,matheus-franca,2025-02-26,True
23/24,Lesão nas costas,2023-08-05,2023-10-20,77.0,10.0,743597,matheus-franca,2023-10-20,True
22/23,Muskelbündelriss,2023-01-15,2023-03-25,70.0,9.0,281404,kenedy,2023-03-25,True
22/23,Lesão na virilha,2022-09-30,2022-12-26,88.0,10.0,281404,kenedy,2022-12-26,True
20/21,Entorse do tornozelo,2021-05-02,2021-05-31,30.0,4.0,281404,kenedy,2021-05-31,False
20/21,Lesão na coxa,2020-11-13,2020-12-04,22.0,4.0,281404,kenedy,2020-12-04,False
19/20,Traumatismo no joelho,2019-12-13,2020-02-01,51.0,7.0,281404,kenedy,2020-02-01,False
18/19,Lesão num dedo do pé,2019-01-11,2019-01-28,18.0,3.0,281404,kenedy,2019-01-28,False
18/19,Lesão no pé,2018-12-16,2018-12-21,6.0,,281404,kenedy,2018-12-21,False
18/19,Lesão num dedo do pé,2018-12-02,2018-12-08,7.0,1.0,281404,kenedy,2018-12-08,False
18/19,Choque,2018-10-07,2018-10-19,13.0,,281404,kenedy,2018-10-19,False
16/17,Lesão no joelho,2016-10-10,2017-01-27,110.0,16.0,281404,kenedy,2017-01-27,True
14/15,Apendicectomia,2015-05-19,2015-05-31,13.0,1.0,281404,kenedy,2015-05-31,False
24/25,Lesão muscular,2024-09-04,2024-10-08,35.0,4.0,919262,andre-luiz,2024-10-08,False
23/24,Lesão na coxa,2024-03-22,2024-05-22,62.0,12.0,876749,weverton,2024-05-22,True
24/25,Lesão no ombro,2025-01-28,2025-05-02,95.0,22.0,53058,renato-augusto,2025-05-02,True
24/25,Lesão na coxa,2024-08-14,2024-08-31,18.0,3.0,53058,renato-augusto,2024-08-31,False
23/24,Lesão no joelho,2024-05-05,2024-05-16,12.0,2.0,53058,renato-augusto,2024-05-16,False
23/24,Problemas musculares,2024-04-08,2024-04-24,17.0,4.0,53058,renato-augusto,2024-04-24,False
21/22,Problemas na anca,2022-06-26,2022-07-31,36.0,9.0,53058,renato-augusto,2022-07-31,False
20/21,Lesão no bíceps femoral,2020-09-22,2020-10-10,19.0,2.0,53058,renato-augusto,2020-10-10,False
16/17,Lesão no pé,2017-05-07,2017-05-20,14.0,2.0,53058,renato-augusto,2017-05-20,False
12/13,Fibra muscular rasgado,2012-10-08,2012-11-05,29.0,7.0,53058,renato-augusto,2012-11-05,False
12/13,Problemas musculares,2012-07-25,2012-08-28,35.0,3.0,53058,renato-augusto,2012-08-28,False
11/12,Rotura muscular,2012-04-12,2012-07-01,81.0,8.0,53058,renato-augusto,2012-07-01,True
11/12,Operado ao joelho,2011-10-10,2012-02-04,118.0,18.0,53058,renato-augusto,2012-02-04,True
10/11,Fibra muscular rasgado,2011-04-02,2011-04-12,11.0,2.0,53058,renato-augusto,2011-04-12,False
09/10,Problemas no Joelho,2009-10-20,2010-01-03,76.0,8.0,53058,renato-augusto,2010-01-03,True
09/10,Problemas na panturrilha,2009-09-27,2009-10-05,9.0,1.0,53058,renato-augusto,2009-10-05,False
24/25,Fratura de um dedo do pé,2024-08-18,2024-09-27,41.0,6.0,906774,du-queiroz,2024-09-27,False
25/26,Lesão nos adutores,2025-10-21,2025-11-07,18.0,3.0,892091,mandaca,2025-11-07,False
24/25,Lesão na coxa,2024-08-19,2024-09-10,23.0,4.0,892091,mandaca,2024-09-10,False
23/24,Lesão muscular,2024-03-08,2024-04-05,29.0,5.0,892091,mandaca,2024-04-05,False
24/25,Lesão na coxa,2024-07-23,2025-02-11,204.0,10.0,54375,giuliano,2025-02-11,True
24/25,Lesão na coxa,2024-07-06,2024-07-21,16.0,2.0,54375,giuliano,2024-07-21,False
23/24,Lesão na panturrilha,2024-02-28,2024-03-17,19.0,1.0,54375,giuliano,2024-03-17,False
20/21,Lesão desconhecida,2021-04-29,2021-05-16,18.0,5.0,54375,giuliano,2021-05-16,False
20/21,Lesão desconhecida,2021-02-09,2021-02-23,15.0,2.0,54375,giuliano,2021-02-23,False
20/21,Lesão desconhecida,2021-01-22,2021-01-31,10.0,3.0,54375,giuliano,2021-01-31,False
17/18,Lesão no ombro,2018-01-20,2018-02-08,20.0,4.0,54375,giuliano,2018-02-08,False
13/14,lesão na perna,2013-08-23,2013-10-07,46.0,10.0,54375,giuliano,2013-10-07,False
22/23,Lesão do ligamento cruzado,2022-10-24,2023-09-24,336.0,41.0,467940,vitinho,2023-09-24,True
17/18,Traumatismo craniano,2017-10-16,2017-10-19,4.0,1.0,467940,vitinho,2017-10-19,False
25/26,Lesão muscular,2026-02-16,2026-03-15,28.0,3.0,52769,willian,2026-03-15,False
25/26,Fratura no pé,2025-09-29,2025-11-24,57.0,10.0,52769,willian,2025-11-24,False
24/25,Lesão muscular,2024-10-28,2024-11-15,19.0,4.0,52769,willian,2024-11-15,False
24/25,Lesão tornozelo,2024-10-04,2024-10-21,18.0,2.0,52769,willian,2024-10-21,False
23/24,Lesão na coxa,2023-12-20,2023-12-30,11.0,,52769,willian,2023-12-30,False
23/24,Problemas no tendão de Aquiles,2023-08-24,2023-09-01,9.0,,52769,willian,2023-09-01,False
22/23,Fibra muscular rasgado,2023-04-25,2023-05-02,8.0,2.0,52769,willian,2023-05-02,False
22/23,Problemas musculares na coxa,2023-03-10,2023-03-13,4.0,1.0,52769,willian,2023-03-13,False
22/23,Lesão na panturrilha,2022-09-29,2022-10-12,14.0,2.0,52769,willian,2022-10-12,False
20/21,Doente,2020-12-25,2021-01-01,8.0,2.0,52769,willian,2021-01-01,False
20/21,Lesão na panturrilha,2020-11-23,2020-11-28,6.0,1.0,52769,willian,2020-11-28,False
20/21,Lesão na panturrilha,2020-10-18,2020-10-31,14.0,2.0,52769,willian,2020-10-31,False
19/20,Lesão no tornozelo,2020-07-31,2020-08-13,14.0,1.0,52769,willian,2020-08-13,False
19/20,Lesão na panturrilha,2020-03-05,2020-03-07,3.0,,52769,willian,2020-03-07,False
19/20,Lesão na coxa,2019-07-04,2019-08-12,40.0,1.0,52769,willian,2019-08-12,False
18/19,Choque,2019-01-03,2019-01-11,9.0,1.0,52769,willian,2019-01-11,False
17/18,Problemas no tendão de Aquiles,2018-01-24,2018-02-02,10.0,2.0,52769,willian,2018-02-02,False
12/13,Lesão na coxa,2013-03-07,2013-04-07,32.0,7.0,52769,willian,2013-04-07,False
24/25,Lesão na coxa,2025-06-13,2025-08-05,54.0,8.0,798687,antony,2025-08-05,False
23/24,lesão na perna,2024-04-14,2024-04-25,12.0,1.0,798687,antony,2024-04-25,False
20/21,Problemas musculares,2021-04-05,2021-05-03,29.0,,743590,guilherme-biro,2021-05-03,False
25/26,Fratura da tíbia,2025-07-07,2026-01-17,195.0,37.0,868891,adson,2026-01-17,True
24/25,lesão na perna,2025-04-06,2025-04-11,6.0,1.0,868891,adson,2025-04-11,False
24/25,Fratura da tíbia,2024-08-27,2025-03-29,215.0,34.0,868891,adson,2025-03-29,True
22/23,Problemas musculares na coxa,2022-10-21,2023-01-15,87.0,7.0,868891,adson,2023-01-15,True
25/26,Lesão desconhecida,2025-11-29,2025-12-04,6.0,1.0,834899,felipe-augusto,2025-12-04,False
25/26,Lesão no joelho,2025-08-18,,220.0,38.0,436385,mathias-villasanti,2026-03-26,True
25/26,Problemas gástricos,2025-07-24,2025-07-28,5.0,1.0,436385,mathias-villasanti,2025-07-28,False
24/25,Lesão na coxa,2025-04-28,2025-05-16,19.0,5.0,436385,mathias-villasanti,2025-05-16,False
23/24,Lesão nos adutores,2024-04-21,2024-05-16,26.0,4.0,876874,vini-paulista,2024-05-16,False
25/26,Lesão desconhecida,2025-06-26,2025-12-31,189.0,18.0,468323,bobsin,2025-12-31,True
24/25,Fratura na grelha costal,2024-10-28,2024-11-25,29.0,4.0,703497,bitello,2024-11-25,False
25/26,Problemas musculares,2026-01-31,2026-02-23,24.0,5.0,491553,jaminton-campaz,2026-02-23,False
25/26,Problemas musculares,2025-07-15,2025-07-23,9.0,1.0,491553,jaminton-campaz,2025-07-23,False
24/25,Lesão no joelho,2025-04-21,2025-05-06,16.0,2.0,491553,jaminton-campaz,2025-05-06,False
24/25,Lesão muscular,2024-11-21,2024-12-31,41.0,4.0,491553,jaminton-campaz,2024-12-31,False
24/25,Problemas musculares,2024-10-27,2024-11-07,12.0,2.0,491553,jaminton-campaz,2024-11-07,False
24/25,Lesão muscular,2024-09-23,2024-10-13,21.0,3.0,491553,jaminton-campaz,2024-10-13,False
22/23,Problemas musculares na coxa,2022-09-13,2022-10-20,38.0,8.0,491553,jaminton-campaz,2022-10-20,False
24/25,Lesão na coxa,2024-12-29,2025-01-31,34.0,6.0,75615,douglas-costa,2025-01-31,False
24/25,Problemas na tibiotársica,2024-10-24,2024-11-09,17.0,3.0,75615,douglas-costa,2024-11-09,False
23/24,Lesão muscular,2023-09-19,2023-09-28,10.0,2.0,75615,douglas-costa,2023-09-28,False
23/24,Lesão no ombro,2023-09-01,2023-09-07,7.0,1.0,75615,douglas-costa,2023-09-07,False
22/23,lesão na perna,2023-04-30,2023-06-06,38.0,8.0,75615,douglas-costa,2023-06-06,False
22/23,Lesão na panturrilha,2023-02-24,2023-03-31,36.0,4.0,75615,douglas-costa,2023-03-31,False
20/21,Haarriss im Fuß,2021-02-14,2021-06-15,122.0,24.0,75615,douglas-costa,2021-06-15,True
20/21,Lesão nos adutores,2020-07-24,2020-08-26,34.0,4.0,75615,douglas-costa,2020-08-26,False
19/20,Lesão no bíceps femoral,2020-02-09,2020-02-29,21.0,4.0,75615,douglas-costa,2020-02-29,False
19/20,Lesão na coxa,2019-11-24,2019-12-13,20.0,4.0,75615,douglas-costa,2019-12-13,False
19/20,Lesão muscular,2019-09-15,2019-10-28,44.0,9.0,75615,douglas-costa,2019-10-28,False
18/19,Lesão na panturrilha,2019-04-11,2019-07-29,110.0,8.0,75615,douglas-costa,2019-07-29,True
18/19,Lesão na coxa,2019-02-04,2019-04-07,63.0,11.0,75615,douglas-costa,2019-04-07,True
18/19,Problemas físicos,2018-11-04,2018-11-09,6.0,1.0,75615,douglas-costa,2018-11-09,False
18/19,Lesão no tornozelo,2018-09-20,2018-10-16,27.0,6.0,75615,douglas-costa,2018-10-16,False
17/18,Problemas musculares na coxa,2018-06-25,2018-07-05,11.0,2.0,75615,douglas-costa,2018-07-05,False
17/18,Problemas na panturrilha,2018-02-01,2018-02-05,5.0,1.0,75615,douglas-costa,2018-02-05,False
16/17,Lesão no joelho,2017-03-16,2017-04-06,22.0,5.0,75615,douglas-costa,2017-04-06,False
16/17,Pequena lesão,2017-03-06,2017-03-06,1.0,,75615,douglas-costa,2017-03-06,False
16/17,Lesão na coxa,2016-09-19,2016-10-17,29.0,7.0,75615,douglas-costa,2016-10-17,False
16/17,Lesão na coxa,2016-07-11,2016-09-08,60.0,5.0,75615,douglas-costa,2016-09-08,True
15/16,Lesão na coxa,2016-05-26,2016-06-02,8.0,1.0,75615,douglas-costa,2016-06-02,False
15/16,Problemas musculares,2015-11-26,2015-12-31,36.0,6.0,75615,douglas-costa,2015-12-31,False
15/16,Traumatismo no pé,2015-10-15,2015-10-19,5.0,,75615,douglas-costa,2015-10-19,False
10/11,Distensão muscular,2010-10-04,2010-10-18,15.0,1.0,75615,douglas-costa,2010-10-18,False
08/09,Fissura do ligamento intra-articular,2009-04-02,2009-05-14,43.0,4.0,75615,douglas-costa,2009-05-14,False
23/24,Problemas musculares na coxa,2024-03-18,2024-03-27,10.0,1.0,813044,elias-manoel,2024-03-27,False
24/25,Lesão desconhecida,2025-04-20,2025-05-20,31.0,4.0,868887,ricardinho,2025-05-20,False
24/25,Entorse do tornozelo,2025-04-21,2025-05-21,31.0,8.0,867847,micael,2025-05-21,False
25/26,Síndrome gripal,2026-01-30,2026-02-04,6.0,1.0,50669,nacho-fernandez,2026-02-04,False
24/25,Rotura muscular na coxa,2024-10-28,2024-11-15,19.0,4.0,50669,nacho-fernandez,2024-11-15,False
23/24,Lesão na coluna,2024-05-22,2024-06-01,11.0,2.0,50669,nacho-fernandez,2024-06-01,False
20/21,Lumbago,2020-12-14,2020-12-25,12.0,2.0,50669,nacho-fernandez,2020-12-25,False
20/21,Muskelbündelriss,2020-11-04,2020-11-18,15.0,2.0,50669,nacho-fernandez,2020-11-18,False
19/20,Muskelbündelriss,2019-12-02,2019-12-11,10.0,1.0,50669,nacho-fernandez,2019-12-11,False
18/19,Rotura muscular na coxa,2019-02-25,2019-03-05,9.0,1.0,50669,nacho-fernandez,2019-03-05,False
18/19,Problemas musculares na coxa,2018-09-18,2018-09-30,13.0,3.0,50669,nacho-fernandez,2018-09-30,False
15/16,Lumbago,2016-10-19,2016-11-02,15.0,3.0,50669,nacho-fernandez,2016-11-02,False
15/16,Doente,2016-04-22,2016-05-01,10.0,3.0,50669,nacho-fernandez,2016-05-01,False
13/14,Operado ao joelho,2013-11-12,2014-02-26,107.0,8.0,50669,nacho-fernandez,2014-02-26,True
24/25,Lesão na virilha,2024-08-19,2024-09-14,27.0,3.0,44779,diego-costa,2024-09-14,False
23/24,Lesão na coxa,2024-06-11,2024-08-16,67.0,18.0,44779,diego-costa,2024-08-16,True
23/24,Lesão muscular,2024-04-14,2024-04-26,13.0,3.0,44779,diego-costa,2024-04-26,False
20/21,lesão na perna,2020-11-25,2020-12-13,19.0,6.0,44779,diego-costa,2020-12-13,False
20/21,Lesão muscular,2020-10-19,2020-11-08,21.0,6.0,44779,diego-costa,2020-11-08,False
19/20,Hérnia discal,2019-11-14,2020-02-16,95.0,16.0,44779,diego-costa,2020-02-16,True
19/20,Lesão na virilha,2019-08-14,2019-08-28,15.0,2.0,44779,diego-costa,2019-08-28,False
18/19,Lesão muscular,2019-03-31,2019-04-05,6.0,1.0,44779,diego-costa,2019-04-05,False
18/19,Lesão muscular,2019-02-27,2019-03-15,17.0,3.0,44779,diego-costa,2019-03-15,False
18/19,Operação ao pé,2018-12-03,2019-02-15,75.0,13.0,44779,diego-costa,2019-02-15,True
18/19,Lesão no pé,2018-11-25,2018-12-01,7.0,1.0,44779,diego-costa,2018-12-01,False
18/19,Lesão muscular,2018-10-28,2018-11-09,13.0,3.0,44779,diego-costa,2018-11-09,False
18/19,Lesão na coxa,2018-10-04,2018-10-23,20.0,2.0,44779,diego-costa,2018-10-23,False
17/18,Lesão na coxa,2018-04-13,2018-04-24,12.0,3.0,44779,diego-costa,2018-04-24,False
17/18,Lesão no tornozelo,2018-03-12,2018-03-17,6.0,1.0,44779,diego-costa,2018-03-17,False
17/18,Problemas musculares,2018-02-13,2018-02-17,5.0,1.0,44779,diego-costa,2018-02-17,False
17/18,Problemas musculares,2018-01-27,2018-02-03,8.0,1.0,44779,diego-costa,2018-02-03,False
17/18,Traumatismo craniano,2018-01-21,2018-01-26,6.0,1.0,44779,diego-costa,2018-01-26,False
16/17,Fadiga muscular,2016-11-07,2016-11-18,12.0,2.0,44779,diego-costa,2016-11-18,False
15/16,Distensão muscular,2016-03-03,2016-03-07,5.0,1.0,44779,diego-costa,2016-03-07,False
15/16,Fratura do nariz,2016-02-15,2016-02-18,4.0,,44779,diego-costa,2016-02-18,False
15/16,Problemas musculares na coxa,2015-07-30,2015-08-06,8.0,1.0,44779,diego-costa,2015-08-06,False
14/15,Lesão na coxa,2015-04-06,2015-05-18,43.0,6.0,44779,diego-costa,2015-05-18,False
14/15,Lesão na coxa,2015-03-26,2015-04-02,8.0,2.0,44779,diego-costa,2015-04-02,False
14/15,Lesão na coxa,2014-10-13,2014-10-30,18.0,4.0,44779,diego-costa,2014-10-30,False
13/14,Lesão na coxa,2014-05-18,2014-06-05,19.0,1.0,44779,diego-costa,2014-06-05,False
13/14,Problemas musculares na coxa,2014-05-08,2014-05-15,8.0,1.0,44779,diego-costa,2014-05-15,False
13/14,Lesão muscular,2014-04-02,2014-04-12,11.0,2.0,44779,diego-costa,2014-04-12,False
13/14,Fibra muscular rasgado,2013-11-11,2013-11-21,11.0,,44779,diego-costa,2013-11-21,False
11/12,Rotura dos ligamentos cruzados,2011-07-28,2012-02-02,190.0,32.0,44779,diego-costa,2012-02-02,True
25/26,Fadiga muscular,2025-08-07,2025-08-13,7.0,1.0,80562,hulk,2025-08-13,False
24/25,Problemas físicos,2025-04-21,2025-04-25,5.0,1.0,80562,hulk,2025-04-25,False
24/25,Lesão na coxa,2025-02-23,2025-03-14,20.0,2.0,80562,hulk,2025-03-14,False
24/25,Lesão na panturrilha,2024-08-01,2024-08-28,28.0,7.0,80562,hulk,2024-08-28,False
22/23,Lesão desconhecida,2022-10-17,2023-01-01,77.0,6.0,80562,hulk,2023-01-01,True
22/23,Problemas musculares,2022-10-07,2022-10-14,8.0,1.0,80562,hulk,2022-10-14,False
22/23,Problemas musculares,2022-09-12,2022-09-18,7.0,1.0,80562,hulk,2022-09-18,False
16/17,Lesão muscular,2016-07-10,2016-08-28,50.0,7.0,80562,hulk,2016-08-28,False
15/16,Gestão de esforço,2015-12-07,2015-12-10,4.0,1.0,80562,hulk,2015-12-10,False
15/16,Rompimento dos adutores,2015-10-29,2015-11-02,5.0,1.0,80562,hulk,2015-11-02,False
12/13,Problemas musculares na coxa,2013-04-16,2013-04-26,11.0,3.0,80562,hulk,2013-04-26,False
12/13,Problemas musculares na coxa,2012-11-02,2012-11-16,15.0,3.0,80562,hulk,2012-11-16,False
11/12,Rotura muscular,2012-01-15,2012-02-08,25.0,4.0,80562,hulk,2012-02-08,False
11/12,Entorse na tibiotársica,2011-09-14,2011-09-20,7.0,2.0,80562,hulk,2011-09-20,False
08/09,Entorse na tibiotársica,2009-04-23,2009-05-10,18.0,2.0,80562,hulk,2009-05-10,False
24/25,Fratura do antebraço,2024-07-12,2024-10-31,112.0,10.0,964590,kaique-pereira,2024-10-31,True
25/26,Gripe,2025-07-20,2025-07-29,10.0,1.0,809716,lucas-freitas,2025-07-29,False
24/25,Fascite plantar,2025-05-05,2025-05-19,15.0,4.0,809716,lucas-freitas,2025-05-19,False
24/25,Lesão no ombro,2024-08-12,2024-09-10,30.0,6.0,809716,lucas-freitas,2024-09-10,False
24/25,Problemas gástricos,2024-07-09,2024-07-15,7.0,2.0,809716,lucas-freitas,2024-07-15,False
25/26,Traumatismo no joelho,2025-09-29,2025-09-30,2.0,,496268,joaquin-piquerez,2025-09-30,False
25/26,Lesão no ombro,2025-07-21,2025-07-25,5.0,1.0,496268,joaquin-piquerez,2025-07-25,False
24/25,Lesão no joelho,2024-07-17,2025-01-24,192.0,35.0,496268,joaquin-piquerez,2025-01-24,True
21/22,Lesão muscular,2022-05-10,2022-06-04,26.0,7.0,496268,joaquin-piquerez,2022-06-04,False
21/22,Lesão no ombro,2022-04-04,2022-04-16,13.0,2.0,496268,joaquin-piquerez,2022-04-16,False
21/22,Lesão no tornozelo,2021-07-24,2021-08-03,11.0,2.0,496268,joaquin-piquerez,2021-08-03,False
20/21,Rotura muscular,2021-05-31,2021-06-10,11.0,2.0,496268,joaquin-piquerez,2021-06-10,False
20/21,Recuperação ritmo competitivo,2021-01-26,2021-01-31,6.0,1.0,496268,joaquin-piquerez,2021-01-31,False
20/21,Coronavírus,2021-01-11,2021-01-25,15.0,1.0,496268,joaquin-piquerez,2021-01-25,False
20/21,Quarentena,2020-12-04,2020-12-07,4.0,,496268,joaquin-piquerez,2020-12-07,False
20/21,Gestão de esforço,2020-10-16,2020-10-19,4.0,1.0,496268,joaquin-piquerez,2020-10-19,False
20/21,Lesão muscular,2020-09-20,2020-09-26,7.0,1.0,496268,joaquin-piquerez,2020-09-26,False
16/17,Síndrome gripal,2017-06-02,2017-06-08,7.0,1.0,496268,joaquin-piquerez,2017-06-08,False
24/25,Pubalgia,2025-02-28,2025-04-15,47.0,5.0,273438,danilo-barbosa,2025-04-15,False
22/23,Lesão na coxa,2023-05-01,2023-06-17,48.0,11.0,273438,danilo-barbosa,2023-06-17,False
20/21,Ruptura muscular,2020-12-14,2021-01-25,43.0,7.0,273438,danilo-barbosa,2021-01-25,False
17/18,Gripe,2018-02-17,2018-02-23,7.0,2.0,273438,danilo-barbosa,2018-02-23,False
16/17,lesão na perna,2016-08-01,2016-10-04,65.0,10.0,273438,danilo-barbosa,2016-10-04,True
14/15,Lesão desconhecida,2015-03-25,2015-04-11,18.0,2.0,273438,danilo-barbosa,2015-04-11,False
25/26,Estiramento do ligamento colateral interno do joelho,2025-11-23,2026-01-17,56.0,5.0,627230,fabinho,2026-01-17,False
24/25,Lesão na coxa,2025-04-07,2025-04-15,9.0,1.0,627230,fabinho,2025-04-15,False
25/26,Traumatismo no metatarso,2026-02-23,,31.0,5.0,900195,kevin,2026-03-26,False
23/24,Rotura dos ligamentos cruzados,2023-07-21,2024-05-21,306.0,32.0,749560,giovani,2024-05-21,True
21/22,Entorse do tornozelo,2022-05-11,2022-11-05,179.0,41.0,749560,giovani,2022-11-05,True
25/26,Cirurgia Ligamento Cruzado,2025-07-30,,239.0,38.0,664425,newton-williams,2026-03-26,True
22/23,Lesão ligamentar,2022-10-16,2022-12-31,77.0,7.0,33357,miranda,2022-12-31,True
22/23,Problemas musculares,2022-08-30,2022-09-07,9.0,2.0,33357,miranda,2022-09-07,False
22/23,Problemas musculares,2022-07-16,2022-07-25,10.0,3.0,33357,miranda,2022-07-25,False
18/19,Fratura do nariz,2019-03-10,2019-03-22,13.0,2.0,33357,miranda,2019-03-22,False
18/19,Lesão muscular,2018-12-21,2018-12-27,7.0,2.0,33357,miranda,2018-12-27,False
18/19,Lesão no tornozelo,2018-09-24,2018-09-29,6.0,1.0,33357,miranda,2018-09-29,False
17/18,Queixas adutores,2018-02-11,2018-02-23,13.0,1.0,33357,miranda,2018-02-23,False
17/18,Lesão muscular,2017-12-24,2018-01-10,18.0,3.0,33357,miranda,2018-01-10,False
17/18,Traumatismo craniano,2017-09-02,2017-09-07,6.0,1.0,33357,miranda,2017-09-07,False
16/17,Lesão muscular,2017-04-29,2017-06-15,48.0,7.0,33357,miranda,2017-06-15,False
15/16,Lesão muscular,2016-06-01,2016-06-11,11.0,2.0,33357,miranda,2016-06-11,False
15/16,Problemas no Joelho,2015-09-09,2015-09-22,14.0,2.0,33357,miranda,2015-09-22,False
14/15,Lesão muscular,2014-12-21,2015-01-09,20.0,3.0,33357,miranda,2015-01-09,False
14/15,Lesão muscular,2014-11-18,2014-12-09,22.0,5.0,33357,miranda,2014-12-09,False
25/26,Entorse do tornozelo,2025-09-14,2025-09-20,7.0,1.0,872171,lucas-beraldo,2025-09-20,False
22/23,Lesão no tornozelo,2023-06-29,2023-07-19,21.0,5.0,872171,lucas-beraldo,2023-07-19,False
24/25,Problemas musculares na coxa,2024-10-20,2025-05-25,218.0,34.0,887801,nathan-mendes,2025-05-25,True
24/25,Traumatismo no pé,2024-08-21,2024-10-18,59.0,8.0,887801,nathan-mendes,2024-10-18,False
23/24,Doente,2024-04-12,2024-04-27,16.0,3.0,887801,nathan-mendes,2024-04-27,False
25/26,Lesão muscular,2026-02-16,,38.0,4.0,454181,gabriel-neves,2026-03-26,False
25/26,Ruptura muscular,2025-11-12,2025-12-16,35.0,5.0,454181,gabriel-neves,2025-12-16,False
24/25,Ruptura muscular,2025-07-13,2025-08-22,41.0,7.0,454181,gabriel-neves,2025-08-22,False
24/25,Vertigem,2024-09-27,2024-09-30,4.0,1.0,454181,gabriel-neves,2024-09-30,False
24/25,Fratura de metacarpo,2024-07-29,2024-08-23,26.0,3.0,454181,gabriel-neves,2024-08-23,False
23/24,Problemas físicos,2023-07-13,2023-07-28,16.0,3.0,454181,gabriel-neves,2023-07-28,False
22/23,Lesão ligamentar,2022-09-09,2022-11-04,57.0,12.0,454181,gabriel-neves,2022-11-04,False
22/23,Lesão no tornozelo,2022-08-21,2022-08-31,11.0,2.0,454181,gabriel-neves,2022-08-31,False
21/22,Problemas físicos,2021-07-05,2021-07-13,9.0,1.0,454181,gabriel-neves,2021-07-13,False
20/21,Problemas no Joelho,2021-04-10,2021-05-04,25.0,3.0,454181,gabriel-neves,2021-05-04,False
20/21,Lesão no joelho,2021-02-16,2021-03-05,18.0,3.0,454181,gabriel-neves,2021-03-05,False
20/21,Coronavírus,2020-11-19,2020-12-04,16.0,4.0,454181,gabriel-neves,2020-12-04,False
19/20,Operação ao pé,2020-01-01,2020-03-02,62.0,3.0,454181,gabriel-neves,2020-03-02,True
19/20,Lesão no pé,2019-12-01,2019-12-13,13.0,2.0,454181,gabriel-neves,2019-12-13,False
18/19,Fratura de um dedo do pé,2018-08-07,2018-10-22,77.0,12.0,454181,gabriel-neves,2018-10-22,True
17/18,Doente,2018-02-16,2018-02-20,5.0,1.0,454181,gabriel-neves,2018-02-20,False
25/26,Lesão no pé,2025-11-06,2025-11-19,14.0,1.0,892089,pablo-maia,2025-11-19,False
24/25,Lesão nos ligamentos do tornozelo,2025-02-24,2025-05-05,71.0,13.0,892089,pablo-maia,2025-05-05,True
23/24,Lesão no bíceps femoral,2024-04-22,2025-01-01,255.0,48.0,892089,pablo-maia,2025-01-01,True
21/22,Fissura da banda do joelho,2022-06-13,2023-03-03,264.0,15.0,963727,caio-matheus,2023-03-03,True
21/22,Lesão na coxa,2021-07-07,2021-07-17,11.0,2.0,282544,emiliano-rigoni,2021-07-17,False
23/24,Ferimento da banda lateral,2024-06-05,2024-07-14,40.0,2.0,813048,vitinho,2024-07-14,False
25/26,Rotura dos ligamentos cruzados,2025-10-24,,153.0,30.0,668268,marquinhos,2026-03-26,True
24/25,Lesão na coxa,2024-07-29,2024-08-19,22.0,6.0,668268,marquinhos,2024-08-19,False
23/24,Lesão na coxa,2024-06-22,2024-07-06,15.0,4.0,668268,marquinhos,2024-07-06,False
24/25,Lesão do ligamento cruzado,2025-04-17,2025-12-11,239.0,46.0,284727,jonathan-calleri,2025-12-11,True
24/25,Problemas musculares,2024-11-10,2025-01-01,53.0,5.0,284727,jonathan-calleri,2025-01-01,False
24/25,Lesão na coxa,2024-07-18,2024-07-23,6.0,1.0,284727,jonathan-calleri,2024-07-23,False
23/24,Lesão na panturrilha,2024-05-09,2024-05-28,20.0,3.0,284727,jonathan-calleri,2024-05-28,False
23/24,Lesão no tornozelo,2023-10-01,2023-12-31,92.0,13.0,284727,jonathan-calleri,2023-12-31,True
22/23,Problemas nas costas,2023-06-28,2023-07-06,9.0,1.0,284727,jonathan-calleri,2023-07-06,False
22/23,Lesão no tornozelo,2023-02-25,2023-04-07,42.0,3.0,284727,jonathan-calleri,2023-04-07,False
20/21,Innenbandanriss Knie,2020-10-19,2020-12-05,48.0,5.0,284727,jonathan-calleri,2020-12-05,False
19/20,Lesão na coxa,2019-10-21,2019-11-27,38.0,7.0,284727,jonathan-calleri,2019-11-27,False
19/20,Lesão muscular,2019-10-04,2019-10-18,15.0,1.0,284727,jonathan-calleri,2019-10-18,False
18/19,Recuperação ritmo competitivo,2018-08-22,2018-09-04,14.0,2.0,284727,jonathan-calleri,2018-09-04,False
23/24,Lesão muscular,2024-01-19,2024-02-14,27.0,7.0,37418,eder,2024-02-14,False
22/23,Traumatismo no joelho,2022-11-04,2022-11-17,14.0,3.0,37418,eder,2022-11-17,False
17/18,Fadiga muscular,2017-12-13,2017-12-16,4.0,,37418,eder,2017-12-16,False
15/16,Queixas adutores,2016-07-04,2016-08-15,43.0,,37418,eder,2016-08-15,False
15/16,Problemas musculares na coxa,2015-12-14,2015-12-31,18.0,3.0,37418,eder,2015-12-31,False
14/15,Lesão no pé,2015-04-27,2015-06-15,50.0,7.0,37418,eder,2015-06-15,False
13/14,Problemas no Joelho,2013-09-16,2013-10-03,18.0,3.0,37418,eder,2013-10-03,False
12/13,Problemas musculares,2013-04-15,2013-04-29,15.0,1.0,37418,eder,2013-04-29,False
12/13,Fadiga muscular,2013-01-24,2013-01-24,1.0,,37418,eder,2013-01-24,False
12/13,Problemas físicos,2012-11-26,2012-12-13,18.0,2.0,37418,eder,2012-12-13,False
12/13,Lesão nos adutores,2012-10-04,2012-10-18,15.0,1.0,37418,eder,2012-10-18,False
10/11,Problemas no Joelho,2011-01-17,2011-01-24,8.0,1.0,37418,eder,2011-01-24,False
25/26,Problemas musculares na coxa,2025-11-23,2026-01-03,42.0,4.0,869437,anthoni,2026-01-03,False
25/26,Lesão na panturrilha,2025-08-07,2025-09-12,37.0,6.0,45319,gabriel-mercado,2025-09-12,False
24/25,Rotura parcial de ligamento,2024-09-23,2025-07-11,292.0,45.0,45319,gabriel-mercado,2025-07-11,True
24/25,Problemas musculares,2024-07-28,2024-08-13,17.0,2.0,45319,gabriel-mercado,2024-08-13,False
23/24,Problemas no Joelho,2024-02-24,2024-03-12,18.0,4.0,45319,gabriel-mercado,2024-03-12,False
22/23,Lesão desconhecida,2022-10-07,2022-10-31,25.0,4.0,45319,gabriel-mercado,2022-10-31,False
20/21,Rotura do ligamento lateral,2021-04-07,2021-07-07,92.0,8.0,45319,gabriel-mercado,2021-07-07,True
18/19,Lesão no joelho,2019-04-01,2019-04-06,6.0,1.0,45319,gabriel-mercado,2019-04-06,False
18/19,Lesão muscular,2018-10-29,2018-11-10,13.0,3.0,45319,gabriel-mercado,2018-11-10,False
18/19,Braço fraturado,2018-09-03,2018-10-19,47.0,11.0,45319,gabriel-mercado,2018-10-19,False
17/18,Lesão nas costas,2018-05-16,2018-05-23,8.0,1.0,45319,gabriel-mercado,2018-05-23,False
17/18,Lesão na coxa,2017-11-02,2017-11-20,19.0,4.0,45319,gabriel-mercado,2017-11-20,False
17/18,Lesão nas costas,2017-10-26,2017-10-30,5.0,1.0,45319,gabriel-mercado,2017-10-30,False
16/17,Lesão no joelho,2017-03-27,2017-04-03,8.0,2.0,45319,gabriel-mercado,2017-04-03,False
14/15,Lesão muscular,2015-04-17,2015-05-07,21.0,3.0,45319,gabriel-mercado,2015-05-07,False
13/14,Muskelbündelriss,2014-02-20,2014-03-04,13.0,2.0,45319,gabriel-mercado,2014-03-04,False
12/13,Fissura da banda lateral do joelho,2012-09-10,2012-09-24,15.0,4.0,45319,gabriel-mercado,2012-09-24,False
22/23,Contusão no tornozelo,2022-10-01,2022-10-18,18.0,3.0,875511,paulo-victor,2022-10-18,False
25/26,Lesão no joelho,2026-01-13,2026-03-31,78.0,13.0,571219,carlos-palacios,2026-03-31,True
25/26,Ruptura muscular,2025-09-25,2025-10-15,21.0,2.0,571219,carlos-palacios,2025-10-15,False
24/25,Gripe gastrointestinal,2025-02-10,2025-02-13,4.0,1.0,571219,carlos-palacios,2025-02-13,False
24/25,Lesão no ombro,2024-10-26,2024-11-01,7.0,1.0,571219,carlos-palacios,2024-11-01,False
23/24,Entorse do tornozelo,2024-03-18,2024-03-28,11.0,2.0,571219,carlos-palacios,2024-03-28,False
23/24,Ruptura muscular,2023-09-28,2023-10-18,21.0,5.0,571219,carlos-palacios,2023-10-18,False
22/23,Problemas musculares na coxa,2022-09-18,2022-10-14,27.0,6.0,571219,carlos-palacios,2022-10-14,False
25/26,Lesão desconhecida,2026-02-23,2026-03-06,12.0,3.0,76028,taison,2026-03-06,False
25/26,Rotura muscular,2025-08-11,2025-08-22,12.0,2.0,76028,taison,2025-08-22,False
24/25,Problemas na panturrilha,2025-03-28,2025-04-04,8.0,1.0,76028,taison,2025-04-04,False
24/25,Lesão no tornozelo,2024-11-10,2024-11-29,20.0,2.0,76028,taison,2024-11-29,False
24/25,Pequena lesão,2024-08-31,2024-09-02,3.0,1.0,76028,taison,2024-09-02,False
24/25,Lesão desconhecida,2024-08-13,2024-08-20,8.0,1.0,76028,taison,2024-08-20,False
23/24,Doente,2024-04-06,2024-04-09,4.0,1.0,76028,taison,2024-04-09,False
23/24,Lesão desconhecida,2024-02-24,2024-02-27,4.0,1.0,76028,taison,2024-02-27,False
23/24,Fadiga muscular,2023-12-15,2023-12-31,17.0,2.0,76028,taison,2023-12-31,False
22/23,Lesão desconhecida,2023-05-02,2023-05-09,8.0,2.0,76028,taison,2023-05-09,False
20/21,Lesão desconhecida,2020-11-19,2020-11-27,9.0,2.0,76028,taison,2020-11-27,False
18/19,Rotura de ligamentos no joelho,2018-10-07,2018-10-29,23.0,3.0,76028,taison,2018-10-29,False
17/18,Rotura muscular na coxa,2017-11-25,2017-12-04,10.0,2.0,76028,taison,2017-12-04,False
15/16,Problemas musculares na coxa,2016-04-07,2016-04-11,5.0,1.0,76028,taison,2016-04-11,False
15/16,Pequena lesão,2016-04-04,2016-04-04,1.0,,76028,taison,2016-04-04,False
13/14,Pequena lesão,2014-05-12,2014-05-19,8.0,2.0,76028,taison,2014-05-19,False
13/14,Pequena lesão,2014-03-10,2014-03-17,8.0,1.0,76028,taison,2014-03-17,False
23/24,Lesão no pé,2023-07-09,2023-10-31,115.0,18.0,815677,vinicius-mello,2023-10-31,True
22/23,Lesão no peito,2023-02-23,2023-03-23,29.0,4.0,815677,vinicius-mello,2023-03-23,False
21/22,Fratura no pé,2021-09-26,2022-12-31,462.0,55.0,815677,vinicius-mello,2022-12-31,True
25/26,Lesão muscular,2026-02-22,2026-03-03,10.0,,189458,emiliano-velazquez,2026-03-03,False
25/26,Lesão muscular,2025-09-07,2025-09-30,24.0,3.0,189458,emiliano-velazquez,2025-09-30,False
22/23,Fratura do perónio,2022-10-02,2023-08-01,304.0,18.0,189458,emiliano-velazquez,2023-08-01,True
20/21,Lesão muscular,2021-02-22,2021-03-04,11.0,1.0,189458,emiliano-velazquez,2021-03-04,False
20/21,Lesão muscular,2021-01-24,2021-02-10,18.0,3.0,189458,emiliano-velazquez,2021-02-10,False
19/20,Recuperação ritmo competitivo,2020-02-01,2020-06-01,122.0,6.0,189458,emiliano-velazquez,2020-06-01,True
19/20,Lesão do ligamento cruzado,2019-07-24,2020-01-31,192.0,28.0,189458,emiliano-velazquez,2020-01-31,True
18/19,Lesão na panturrilha,2018-09-05,2018-09-19,15.0,2.0,189458,emiliano-velazquez,2018-09-19,False
16/17,Lesão desconhecida,2016-11-04,2017-01-08,66.0,15.0,189458,emiliano-velazquez,2017-01-08,True
15/16,Lesão muscular,2016-03-18,2016-05-08,52.0,8.0,189458,emiliano-velazquez,2016-05-08,False
21/22,Lesão na coxa,2021-08-20,2021-10-31,73.0,16.0,743589,kaiky,2021-10-31,True
22/23,Problemas musculares,2023-05-12,2023-05-16,5.0,1.0,927768,lucas-pires,2023-05-16,False
21/22,Lesão do ligamento cruzado,2021-08-03,2022-03-01,211.0,19.0,867884,kevin-malthus,2022-03-01,True
22/23,Operação ao tornozelo,2023-05-24,2023-08-24,93.0,4.0,221899,leo-baptistao,2023-08-24,True
20/21,Quarentena,2021-04-25,2021-05-09,15.0,2.0,221899,leo-baptistao,2021-05-09,False
17/18,Lesão muscular,2017-11-20,2017-12-01,12.0,2.0,221899,leo-baptistao,2017-12-01,False
16/17,Lesão no calcanhar,2016-12-12,2017-04-07,117.0,16.0,221899,leo-baptistao,2017-04-07,True
16/17,Problemas musculares,2016-11-17,2016-11-25,9.0,1.0,221899,leo-baptistao,2016-11-25,False
16/17,Problemas musculares,2016-09-28,2016-10-12,15.0,1.0,221899,leo-baptistao,2016-10-12,False
15/16,Queixas adutores,2016-04-21,2016-05-08,18.0,4.0,221899,leo-baptistao,2016-05-08,False
15/16,Lesão na coxa,2015-10-22,2015-12-24,64.0,14.0,221899,leo-baptistao,2015-12-24,True
14/15,Problemas na virilha,2015-03-23,2015-05-14,53.0,8.0,221899,leo-baptistao,2015-05-14,False
14/15,Lesão na coxa,2015-01-15,2015-01-29,15.0,2.0,221899,leo-baptistao,2015-01-29,False
12/13,Fratura da clavícula,2013-04-18,2013-06-27,71.0,6.0,221899,leo-baptistao,2013-06-27,True
12/13,Lesão muscular,2013-01-14,2013-01-31,18.0,2.0,221899,leo-baptistao,2013-01-31,False
23/24,Lesão muscular,2023-07-28,2023-08-13,17.0,1.0,642721,matias-lacava,2023-08-13,False
24/25,Problemas musculares na coxa,2025-01-17,2025-03-01,44.0,12.0,816144,lucas-barbosa,2025-03-01,False
24/25,Entorse do tornozelo,2024-10-21,2024-11-01,12.0,1.0,816144,lucas-barbosa,2024-11-01,False
25/26,Lesão ligamentar,2026-01-09,2026-02-18,41.0,9.0,859396,metinho,2026-02-18,False
21/22,Lesão no ombro,2021-07-27,2022-01-27,185.0,23.0,859396,metinho,2022-01-27,True
22/23,Lesão do ligamento cruzado,2023-01-23,2024-01-01,344.0,69.0,901014,gustavo-apis,2024-01-01,True
25/26,Problemas musculares,2025-10-20,2026-01-14,87.0,9.0,668228,matheus-martins,2026-01-14,True
24/25,Lesão na coxa,2025-04-27,2025-07-25,90.0,17.0,668228,matheus-martins,2025-07-25,True
24/25,Problemas na zona lombar,2024-10-26,2024-11-19,25.0,3.0,875328,biel,2024-11-19,False
24/25,Problemas nas costas,2024-08-12,2024-10-17,67.0,9.0,875328,biel,2024-10-17,True
24/25,Lesão no tornozelo,2024-07-14,2024-07-20,7.0,,875328,biel,2024-07-20,False
22/23,Lesão na coxa,2022-10-17,2022-12-31,76.0,3.0,875328,biel,2022-12-31,True
25/26,Lesão na coxa,2026-03-16,,10.0,2.0,668265,kayky,2026-03-26,False
25/26,Problemas musculares na coxa,2025-11-03,2025-11-19,17.0,2.0,668265,kayky,2025-11-19,False
24/25,Lesão muscular,2024-11-09,2024-12-10,32.0,3.0,668265,kayky,2024-12-10,False
23/24,Rotura de ligamentos no joelho,2023-07-17,2024-10-14,456.0,41.0,668265,kayky,2024-10-14,True
21/22,Problemas no Joelho,2021-10-01,2021-10-24,24.0,3.0,668265,kayky,2021-10-24,False
24/25,Lesão desconhecida,2025-02-05,2025-03-26,50.0,6.0,51356,raul-bobadilla,2025-03-26,False
24/25,Ruptura muscular do músculo do perônio,2024-10-31,2024-12-31,62.0,7.0,51356,raul-bobadilla,2024-12-31,True
24/25,Ruptura muscular do músculo do perônio,2024-08-01,2024-10-02,63.0,9.0,51356,raul-bobadilla,2024-10-02,True
23/24,Rotura no tendão do adutor,2023-10-15,2023-10-31,17.0,2.0,51356,raul-bobadilla,2023-10-31,False
23/24,Distensão da panturrilha,2023-09-03,2023-09-15,13.0,,51356,raul-bobadilla,2023-09-15,False
23/24,Ruptura muscular na coxa,2023-08-06,2023-08-26,21.0,2.0,51356,raul-bobadilla,2023-08-26,False
22/23,Lesão desconhecida,2022-10-27,2022-11-02,7.0,1.0,51356,raul-bobadilla,2022-11-02,False
18/19,Lesão muscular,2018-10-22,2018-11-15,25.0,3.0,51356,raul-bobadilla,2018-11-15,False
17/18,Fibra muscular rasgado,2018-03-18,2018-04-12,26.0,3.0,51356,raul-bobadilla,2018-04-12,False
17/18,Problemas na panturrilha,2018-02-19,2018-02-22,4.0,,51356,raul-bobadilla,2018-02-22,False
17/18,Pubalgia,2018-01-01,2018-02-01,32.0,3.0,51356,raul-bobadilla,2018-02-01,False
17/18,Recuperação ritmo competitivo,2017-11-13,2017-11-20,8.0,1.0,51356,raul-bobadilla,2017-11-20,False
17/18,Problemas na virilha,2017-10-09,2017-11-13,36.0,6.0,51356,raul-bobadilla,2017-11-13,False
17/18,Pequena lesão,2017-08-10,2017-08-14,5.0,1.0,51356,raul-bobadilla,2017-08-14,False
16/17,Problemas na panturrilha,2017-04-10,2017-04-27,18.0,2.0,51356,raul-bobadilla,2017-04-27,False
16/17,Traumatismo grade costal,2017-02-27,2017-03-02,4.0,,51356,raul-bobadilla,2017-03-02,False
16/17,Problemas nas costas,2017-02-20,2017-02-23,4.0,,51356,raul-bobadilla,2017-02-23,False
16/17,Lesão na panturrilha,2016-11-17,2017-01-02,47.0,6.0,51356,raul-bobadilla,2017-01-02,False
16/17,Lesão no ombro,2016-09-29,2016-10-31,33.0,7.0,51356,raul-bobadilla,2016-10-31,False
15/16,Problemas musculares,2016-03-07,2016-03-14,8.0,1.0,51356,raul-bobadilla,2016-03-14,False
15/16,Problemas musculares na coxa,2016-02-29,2016-02-29,1.0,,51356,raul-bobadilla,2016-02-29,False
15/16,Problemas musculares na coxa,2016-02-18,2016-02-22,5.0,1.0,51356,raul-bobadilla,2016-02-22,False
15/16,Lesão no joelho,2015-09-17,2015-09-24,8.0,3.0,51356,raul-bobadilla,2015-09-24,False
14/15,Problemas musculares,2015-05-21,2015-06-04,15.0,1.0,51356,raul-bobadilla,2015-06-04,False
14/15,Traumatismo,2015-02-16,2015-02-19,4.0,,51356,raul-bobadilla,2015-02-19,False
13/14,Problemas musculares na coxa,2014-02-06,2014-03-06,29.0,4.0,51356,raul-bobadilla,2014-03-06,False
13/14,Ligamento intra-articular rasgado do joelho,2013-08-19,2013-11-14,88.0,11.0,51356,raul-bobadilla,2013-11-14,True
12/13,Lesão dos ligamentos laterais,2013-01-31,2013-03-28,57.0,11.0,51356,raul-bobadilla,2013-03-28,False
12/13,Fratura de metacarpo,2012-07-16,2012-07-30,15.0,4.0,51356,raul-bobadilla,2012-07-30,False
11/12,Fibra muscular rasgado,2011-10-17,2011-10-27,11.0,2.0,51356,raul-bobadilla,2011-10-27,False
10/11,Lesão tornozelo,2010-07-19,2010-08-02,15.0,,51356,raul-bobadilla,2010-08-02,False
09/10,Fibra muscular rasgado,2009-11-05,2009-11-26,22.0,2.0,51356,raul-bobadilla,2009-11-26,False
09/10,Problemas musculares,2009-07-30,2009-08-03,5.0,1.0,51356,raul-bobadilla,2009-08-03,False
08/09,Fibra muscular rasgado,2009-03-19,2009-04-23,36.0,4.0,51356,raul-bobadilla,2009-04-23,False
08/09,Fibra muscular rasgado,2008-10-27,2009-01-05,71.0,6.0,51356,raul-bobadilla,2009-01-05,True
25/26,Problemas na panturrilha,2026-02-22,2026-03-07,14.0,3.0,707447,emiliano-martinez,2026-03-07,False
25/26,Traumatismo no pé,2025-12-04,2026-01-03,31.0,1.0,707447,emiliano-martinez,2026-01-03,False
23/24,Lesão muscular,2023-09-08,2023-12-01,85.0,17.0,707447,emiliano-martinez,2023-12-01,True
22/23,Problemas no tendão de Aquiles,2022-08-16,2022-09-05,21.0,3.0,707447,emiliano-martinez,2022-09-05,False
21/22,Problemas no tendão de Aquiles,2022-01-20,2022-07-28,190.0,41.0,707447,emiliano-martinez,2022-07-28,True
20/21,Coronavírus,2021-05-16,2021-05-30,15.0,3.0,707447,emiliano-martinez,2021-05-30,False
19/20,Lesão muscular,2020-03-07,2020-03-16,10.0,2.0,707447,emiliano-martinez,2020-03-16,False
24/25,Lesão do ligamento cruzado,2025-03-02,2025-11-02,246.0,34.0,902135,cristiano,2025-11-02,True
25/26,Lesão no calcanhar,2025-07-01,,268.0,45.0,668234,bruninho,2026-03-26,True
24/25,Pequena lesão,2025-04-20,2025-05-07,18.0,2.0,668234,bruninho,2025-05-07,False
24/25,Lesão meniscal,2024-11-02,2025-02-18,109.0,19.0,668234,bruninho,2025-02-18,True
23/24,Lesão da parede abdominal,2024-05-01,2024-05-16,16.0,3.0,668234,bruninho,2024-05-16,False
22/23,Lesão desconhecida,2022-10-07,2022-10-15,9.0,1.0,668234,bruninho,2022-10-15,False
24/25,Entorse do tornozelo,2024-11-14,2024-12-05,22.0,3.0,643750,nicolas-hernandez,2024-12-05,False
24/25,Entorse do tornozelo,2024-10-08,2024-10-23,16.0,1.0,643750,nicolas-hernandez,2024-10-23,False
25/26,Lesão meniscal,2026-02-09,2026-06-08,120.0,5.0,880458,joao-vialle,2026-06-08,True
22/23,Recuperação ritmo competitivo,2023-01-13,2023-01-27,15.0,,924533,jader-gentil,2023-01-27,False
24/25,Lesão no tornozelo,2025-02-06,2025-03-04,27.0,4.0,743599,emersonn,2025-03-04,False
24/25,Rotura dos ligamentos cruzados,2024-10-08,2025-06-15,251.0,43.0,869007,renan-viana,2025-06-15,True
25/26,Inflamação do tendão,2025-11-21,2025-12-18,28.0,5.0,957874,romulo,2025-12-18,False
24/25,Lesão desconhecida,2025-03-06,2025-03-11,6.0,1.0,957874,romulo,2025-03-11,False
24/25,Lesão desconhecida,2025-02-02,2025-02-28,27.0,4.0,957874,romulo,2025-02-28,False
24/25,Traumatismo,2024-10-19,2024-10-30,12.0,1.0,957874,romulo,2024-10-30,False
22/23,Problemas musculares na coxa,2023-05-12,2023-06-30,50.0,10.0,957874,romulo,2023-06-30,False
23/24,Problemas na panturrilha,2024-02-21,2024-03-11,20.0,3.0,55250,titi,2024-03-11,False
25/26,Lesão na coxa,2026-02-05,2026-02-20,16.0,3.0,880217,alix,2026-02-20,False
24/25,Tendinite,2024-07-29,2024-09-13,47.0,7.0,880217,alix,2024-09-13,False
23/24,Lesão no tornozelo,2024-06-12,2024-06-29,18.0,4.0,880217,alix,2024-06-29,False
25/26,Fadiga muscular,2025-10-03,2025-10-31,29.0,4.0,344626,lucas-crispim,2025-10-31,False
24/25,Lesão desconhecida,2024-12-09,2025-01-08,31.0,1.0,344626,lucas-crispim,2025-01-08,False
22/23,Lesão na coxa,2022-11-04,2022-11-11,8.0,2.0,344626,lucas-crispim,2022-11-11,False
25/26,Ruptura muscular,2026-02-10,,44.0,8.0,697056,valentin-depietri,2026-03-26,False
25/26,Ruptura muscular,2025-10-19,2025-11-05,18.0,1.0,697056,valentin-depietri,2025-11-05,False
24/25,Lesão muscular,2024-11-08,2024-12-11,34.0,5.0,697056,valentin-depietri,2024-12-11,False
22/23,Distensão muscular,2023-05-07,2023-05-27,21.0,3.0,697056,valentin-depietri,2023-05-27,False
22/23,Muskelbündelriss,2023-03-01,2023-03-24,24.0,3.0,697056,valentin-depietri,2023-03-24,False
22/23,Problemas musculares na coxa,2022-09-30,2022-10-11,12.0,3.0,697056,valentin-depietri,2022-10-11,False
25/26,Lesão na coxa,2025-09-29,2025-11-19,52.0,5.0,189740,angelo-henriquez,2025-11-19,False
24/25,Ruptura muscular,2025-05-27,2025-07-17,52.0,7.0,189740,angelo-henriquez,2025-07-17,False
24/25,Lesão desconhecida,2024-10-25,2024-11-01,8.0,1.0,189740,angelo-henriquez,2024-11-01,False
22/23,Ruptura muscular,2022-11-12,2022-11-30,19.0,,189740,angelo-henriquez,2022-11-30,False
20/21,Problemas na tibiotársica,2021-05-10,2021-05-31,22.0,1.0,189740,angelo-henriquez,2021-05-31,False
19/20,Problemas musculares,2020-02-13,2020-02-13,1.0,,189740,angelo-henriquez,2020-02-13,False
19/20,Problemas no Joelho,2019-09-26,2019-09-30,5.0,1.0,189740,angelo-henriquez,2019-09-30,False
18/19,Lesão no ombro,2019-02-14,2019-02-25,12.0,2.0,189740,angelo-henriquez,2019-02-25,False
18/19,Problemas musculares na coxa,2019-01-24,2019-01-31,8.0,,189740,angelo-henriquez,2019-01-31,False
18/19,Lesão no bíceps femoral,2018-10-28,2018-11-30,34.0,4.0,189740,angelo-henriquez,2018-11-30,False
13/14,Ruptura muscular,2014-02-24,2014-03-19,24.0,4.0,189740,angelo-henriquez,2014-03-19,False
25/26,Lesão muscular,2026-01-16,,69.0,12.0,284321,german-conti,2026-03-26,True
25/26,Febre,2025-11-16,2025-11-19,4.0,1.0,284321,german-conti,2025-11-19,False
24/25,Problemas com o tendão rotuliano,2025-03-25,2025-03-29,5.0,1.0,284321,german-conti,2025-03-29,False
23/24,Muskelbündelriss,2024-05-11,2024-07-01,52.0,7.0,284321,german-conti,2024-07-01,False
22/23,Lesão desconhecida,2023-03-31,2023-05-25,56.0,8.0,284321,german-conti,2023-05-25,False
21/22,Lesão desconhecida,2021-06-26,2021-07-12,17.0,5.0,284321,german-conti,2021-07-12,False
19/20,Lesão muscular,2019-08-12,2019-11-19,100.0,16.0,284321,german-conti,2019-11-19,True
18/19,Lesão muscular,2019-05-06,2019-05-31,26.0,2.0,284321,german-conti,2019-05-31,False
18/19,Traumatismo no pé,2019-02-25,2019-04-23,58.0,13.0,284321,german-conti,2019-04-23,False
18/19,Lesão na coxa,2019-02-02,2019-02-19,18.0,5.0,284321,german-conti,2019-02-19,False
24/25,Problemas musculares na coxa,2025-04-27,2025-05-31,35.0,4.0,798167,felipinho,2025-05-31,False
24/25,lesão no braço,2025-02-16,2025-03-28,41.0,3.0,798167,felipinho,2025-03-28,False
25/26,Cirurgia Ligamento Cruzado,2026-02-13,2026-10-13,243.0,5.0,593938,bruno-camilo,2026-10-13,True
25/26,Lesão na coxa,2025-11-06,2025-11-22,17.0,2.0,546530,raniele,2025-11-22,False
25/26,Lesão na coxa,2025-09-01,2025-09-20,20.0,2.0,546530,raniele,2025-09-20,False
24/25,Lesão na coxa,2025-06-02,2025-07-12,41.0,1.0,546530,raniele,2025-07-12,False
24/25,Lesão na coxa,2025-05-11,2025-05-17,7.0,1.0,546530,raniele,2025-05-17,False
24/25,Lesão na coxa,2025-02-13,2025-03-08,24.0,5.0,546530,raniele,2025-03-08,False
24/25,Lesão nos adutores,2024-09-15,2024-09-28,14.0,3.0,546530,raniele,2024-09-28,False
24/25,Lesão na panturrilha,2024-08-14,2024-08-24,11.0,2.0,546530,raniele,2024-08-24,False
22/23,Problemas musculares,2022-11-06,2023-01-14,70.0,2.0,546530,raniele,2023-01-14,True
19/20,Lesão tornozelo,2019-08-16,2019-09-12,28.0,4.0,260801,eugenio-isnaldo,2019-09-12,False
18/19,Lesão muscular,2019-05-06,2019-06-30,56.0,7.0,260801,eugenio-isnaldo,2019-06-30,False
17/18,Entorse,2017-08-18,2017-08-28,11.0,1.0,260801,eugenio-isnaldo,2017-08-28,False
17/18,Lesão muscular,2017-12-03,2018-01-03,32.0,,483499,rai-nascimento,2018-01-03,False
17/18,Lesão muscular,2017-07-26,2017-08-26,32.0,,483499,rai-nascimento,2017-08-26,False
24/25,Problemas no Joelho,2025-02-20,2025-03-18,27.0,5.0,695232,chrystian-barletta,2025-03-18,False
22/23,Lesão no joelho,2022-02-22,2022-07-21,150.0,33.0,554061,maycon-douglas,2022-07-21,True
25/26,Lesão muscular,2026-03-15,2026-03-29,15.0,1.0,866670,ronaldo,2026-03-29,False
24/25,Lesão muscular,2024-08-13,2024-08-16,4.0,,866670,ronaldo,2024-08-16,False
23/24,Lesão muscular,2023-11-26,2023-12-04,9.0,2.0,866670,ronaldo,2023-12-04,False
22/23,Lesão tornozelo,2023-06-06,2023-06-28,23.0,2.0,866670,ronaldo,2023-06-28,False
25/26,Lesão nos adutores,2025-07-04,2025-08-31,59.0,11.0,37934,hugo-rodallega,2025-08-31,False
19/20,Lesão desconhecida,2019-10-04,2019-11-04,32.0,4.0,37934,hugo-rodallega,2019-11-04,False
18/19,Lesão desconhecida,2018-10-30,2018-11-02,4.0,1.0,37934,hugo-rodallega,2018-11-02,False
17/18,Lesão na virilha,2018-05-05,2018-05-19,15.0,2.0,37934,hugo-rodallega,2018-05-19,False
17/18,Lesão no pé,2018-04-26,2018-05-02,7.0,1.0,37934,hugo-rodallega,2018-05-02,False
16/17,Lesão desconhecida,2016-09-30,2016-10-12,13.0,,37934,hugo-rodallega,2016-10-12,False
15/16,Lesão num dedo do pé,2016-01-27,2016-02-02,7.0,2.0,37934,hugo-rodallega,2016-02-02,False
13/14,Problemas na virilha,2013-10-30,2013-12-20,52.0,7.0,37934,hugo-rodallega,2013-12-20,False
23/24,Lesão do ligamento cruzado,2024-03-01,2025-01-21,327.0,54.0,866842,renzo,2025-01-21,True
25/26,Lesão nos adutores,2026-02-13,2026-02-28,16.0,3.0,834444,victor-gabriel,2026-02-28,False
24/25,Lesão nos ligamentos do tornozelo,2025-05-23,2025-07-01,40.0,4.0,834444,victor-gabriel,2025-07-01,False
24/25,Lesão na coxa,2025-03-17,2025-04-18,33.0,6.0,834444,victor-gabriel,2025-04-18,False
22/23,Entorse do tornozelo,2023-05-01,2023-07-01,62.0,11.0,866880,paulinho,2023-07-01,True
18/19,Cirurgia Ligamento Cruzado,2018-07-15,2019-05-01,291.0,22.0,379687,didi,2019-05-01,True
16/17,Lesão desconhecida,2016-09-12,2016-10-03,22.0,4.0,379687,didi,2016-10-03,False
17/18,Edema no joelho,2017-10-31,2017-11-08,9.0,2.0,80927,eltinho,2017-11-08,False
19/20,Problemas musculares na coxa,2019-08-16,2019-09-30,46.0,7.0,131890,samuel-santos,2019-09-30,False
25/26,Lesão no pé,2026-01-22,2026-02-07,17.0,4.0,412594,paulo-henrique,2026-02-07,False
25/26,Problemas musculares na coxa,2025-08-18,2025-09-12,26.0,3.0,412594,paulo-henrique,2025-09-12,False
22/23,Lesão no tornozelo,2022-05-18,2022-11-11,178.0,,740491,kelvi-gomes,2022-11-11,True
18/19,Lesão desconhecida,2018-09-12,2018-10-22,41.0,5.0,66008,renan-bressan,2018-10-22,False
15/16,lesão na perna,2016-04-07,2016-04-25,19.0,3.0,66008,renan-bressan,2016-04-25,False
14/15,Lesão desconhecida,2015-01-28,2015-04-06,69.0,12.0,66008,renan-bressan,2015-04-06,True
24/25,Lesão desconhecida,2025-03-18,2025-04-18,32.0,4.0,613201,edwin-mosquera,2025-04-18,False
23/24,Lesão meniscal,2024-06-17,2024-07-19,33.0,8.0,613201,edwin-mosquera,2024-07-19,False
24/25,Lesão desconhecida,2024-09-29,2024-12-05,68.0,7.0,868101,sorriso,2024-12-05,True
23/24,Operação ao tendão de Aquiles,2024-05-20,2024-08-08,81.0,8.0,145602,nicolas-castillo,2024-08-08,True
23/24,Problemas no tendão de Aquiles,2024-05-02,2024-05-09,8.0,1.0,145602,nicolas-castillo,2024-05-09,False
19/20,Problemas circulatórios,2020-01-30,2021-12-31,702.0,78.0,145602,nicolas-castillo,2021-12-31,True
19/20,Fratura do perónio,2019-08-05,2019-10-18,75.0,12.0,145602,nicolas-castillo,2019-10-18,True
18/19,Lesão na coxa,2019-04-01,2019-04-26,26.0,5.0,145602,nicolas-castillo,2019-04-26,False
18/19,Lesão na panturrilha,2018-08-15,2018-09-12,29.0,6.0,145602,nicolas-castillo,2018-09-12,False
17/18,Operação ao tornozelo,2017-11-09,2017-12-31,53.0,1.0,145602,nicolas-castillo,2017-12-31,False
17/18,Lesão tornozelo,2017-10-02,2017-10-27,26.0,5.0,145602,nicolas-castillo,2017-10-27,False
16/17,Lesão tornozelo,2017-05-28,2017-07-09,43.0,8.0,145602,nicolas-castillo,2017-07-09,False
16/17,Lesão tornozelo,2017-03-26,2017-04-20,26.0,4.0,145602,nicolas-castillo,2017-04-20,False
15/16,Muskelbündelriss,2016-02-21,2016-03-16,25.0,3.0,145602,nicolas-castillo,2016-03-16,False
14/15,Lesão dos ligamentos laterais do joelho,2015-04-07,2015-09-10,157.0,26.0,145602,nicolas-castillo,2015-09-10,True
24/25,Lesão na coxa,2024-08-19,2024-09-13,26.0,2.0,164015,pedro-henrique,2024-09-13,False
23/24,Problemas físicos,2024-06-23,2024-07-23,31.0,7.0,164015,pedro-henrique,2024-07-23,False
23/24,Lesão na coxa,2024-02-14,2024-03-01,17.0,4.0,164015,pedro-henrique,2024-03-01,False
21/22,Lesão do ligamento cruzado,2022-09-05,2023-07-01,300.0,23.0,164015,pedro-henrique,2023-07-01,True
19/20,Lesão desconhecida,2020-06-01,2020-07-02,32.0,5.0,164015,pedro-henrique,2020-07-02,False
18/19,Lesão muscular,2018-08-01,2018-08-13,13.0,2.0,164015,pedro-henrique,2018-08-13,False
17/18,Lesão desconhecida,2018-02-19,2018-03-14,24.0,3.0,164015,pedro-henrique,2018-03-14,False
17/18,Problemas musculares,2017-12-12,2018-01-09,29.0,5.0,164015,pedro-henrique,2018-01-09,False
17/18,Problemas físicos,2017-09-28,2017-11-12,46.0,9.0,164015,pedro-henrique,2017-11-12,False
24/25,Recuperação ritmo competitivo,2024-08-01,2024-08-31,31.0,6.0,198143,brian-montenegro,2024-08-31,False
23/24,Lesão na anca,2023-11-03,2024-07-31,272.0,30.0,198143,brian-montenegro,2024-07-31,True
23/24,Doente,2023-10-22,2023-10-25,4.0,,198143,brian-montenegro,2023-10-25,False
23/24,Recuperação ritmo competitivo,2023-08-19,2023-08-27,9.0,1.0,198143,brian-montenegro,2023-08-27,False
23/24,Doente,2023-08-19,2023-08-27,9.0,1.0,198143,brian-montenegro,2023-08-27,False
23/24,Doente,2023-07-28,2023-07-30,3.0,1.0,198143,brian-montenegro,2023-07-30,False
23/24,Recuperação ritmo competitivo,2023-07-09,2023-07-15,7.0,,198143,brian-montenegro,2023-07-15,False
23/24,Doente,2023-07-09,2023-07-15,7.0,,198143,brian-montenegro,2023-07-15,False
22/23,Problemas na anca,2023-05-03,2023-06-12,41.0,10.0,198143,brian-montenegro,2023-06-12,False
22/23,Recuperação ritmo competitivo,2023-05-03,2023-06-12,41.0,10.0,198143,brian-montenegro,2023-06-12,False
22/23,Recuperação ritmo competitivo,2023-04-01,2023-04-23,23.0,5.0,198143,brian-montenegro,2023-04-23,False
22/23,Queixas adutores,2023-04-01,2023-04-23,23.0,5.0,198143,brian-montenegro,2023-04-23,False
23/24,Lesão na cabeça,2023-10-12,2023-10-18,7.0,,546532,jordan,2023-10-18,False
22/23,Problemas musculares na coxa,2023-05-12,2023-05-16,5.0,1.0,131101,stiven-mendoza,2023-05-16,False
22/23,Problemas musculares,2022-10-24,2022-11-07,15.0,3.0,131101,stiven-mendoza,2022-11-07,False
16/17,Lesão muscular,2016-09-25,2016-10-10,16.0,1.0,131101,stiven-mendoza,2016-10-10,False
15/16,Ferimento na musculatura da barriga,2016-06-20,2016-07-27,38.0,6.0,131101,stiven-mendoza,2016-07-27,False
14/15,Rotura muscular na coxa,2014-11-20,2015-02-04,77.0,7.0,131101,stiven-mendoza,2015-02-04,True
25/26,Problemas físicos,2025-07-12,2025-07-19,8.0,1.0,695236,marquinhos-brazion,2025-07-19,False
23/24,Lesão do ligamento cruzado,2024-03-31,2024-06-30,92.0,16.0,730938,helio-borges,2024-06-30,True
17/18,Gripe,2017-12-15,2017-12-20,6.0,1.0,187759,anderson-conceicao,2017-12-20,False
22/23,Lesão no tornozelo,2022-10-07,2022-10-30,24.0,5.0,672202,camilo,2022-10-30,False
24/25,Lesão desconhecida,2025-02-13,2025-03-21,37.0,4.0,708009,gabriel-pierini,2025-03-21,False
22/23,Rotura parcial de ligamento,2023-02-25,2023-09-29,217.0,41.0,133522,yesus-cabrera,2023-09-29,True
22/23,Lesão no joelho,2022-09-06,2022-10-14,39.0,6.0,538236,felipe-marques,2022-10-14,False
22/23,Lesão desconhecida,2023-05-25,2023-07-05,42.0,7.0,377799,airton,2023-07-05,False
15/16,Queixas adutores,2015-07-09,2015-11-19,134.0,22.0,377799,airton,2015-11-19,True
18/19,Fratura da mão,2019-06-09,2019-10-14,128.0,21.0,54274,matheus-cavichioli,2019-10-14,True
25/26,Problemas físicos,2025-11-10,,136.0,19.0,977466,rodolfo-moises,2026-03-26,True
14/15,Rotura do ligamento lateral do tornozelo,2015-03-27,2015-05-10,45.0,9.0,167471,joao-paulo,2015-05-10,False
24/25,Lesão no joelho,2025-02-15,,402.0,43.0,543614,aletm,2026-03-24,True
22/23,Problemas musculares,2022-10-22,2022-10-30,9.0,2.0,787269,fabricio-daniel,2022-10-30,False
24/25,Vírus,2025-04-07,2025-04-15,9.0,1.0,727747,carlos-alberto,2025-04-15,False
22/23,Rotura parcial de ligamento,2023-02-20,2023-09-30,223.0,17.0,26456,mauro-zarate,2023-09-30,True
20/21,Lesão muscular,2021-10-08,2021-10-22,15.0,3.0,26456,mauro-zarate,2021-10-22,False
20/21,Lesão na panturrilha,2021-04-18,2021-05-19,32.0,8.0,26456,mauro-zarate,2021-05-19,False
20/21,Muskelbündelriss,2020-10-15,2020-11-02,19.0,2.0,26456,mauro-zarate,2020-11-02,False
19/20,Lesão na coxa,2020-03-12,2020-03-31,20.0,1.0,26456,mauro-zarate,2020-03-31,False
19/20,Lesão na panturrilha,2020-01-28,2020-02-12,16.0,2.0,26456,mauro-zarate,2020-02-12,False
19/20,Problemas gástricos,2019-12-06,2019-12-10,5.0,1.0,26456,mauro-zarate,2019-12-10,False
19/20,Distensão muscular,2019-11-23,2019-11-28,6.0,1.0,26456,mauro-zarate,2019-11-28,False
19/20,Muskelbündelriss,2019-08-22,2019-09-17,27.0,4.0,26456,mauro-zarate,2019-09-17,False
16/17,Rotura dos ligamentos cruzados,2017-02-25,2017-09-23,211.0,18.0,26456,mauro-zarate,2017-09-23,True
15/16,Lesão na coxa,2015-08-19,2015-09-19,32.0,3.0,26456,mauro-zarate,2015-09-19,False
14/15,Lesão no joelho,2015-03-11,2015-05-24,75.0,7.0,26456,mauro-zarate,2015-05-24,True
12/13,Problemas musculares na coxa,2012-11-21,2012-12-14,24.0,5.0,26456,mauro-zarate,2012-12-14,False
18/19,Rotura do osso frontal,2019-04-16,2019-05-27,42.0,6.0,52828,kadu,2019-05-27,False
18/19,Lesão desconhecida,2018-08-06,2018-10-06,62.0,8.0,52828,kadu,2018-10-06,True
17/18,Operado ao joelho,2018-03-17,2018-05-20,65.0,9.0,52828,kadu,2018-05-20,True
17/18,Lesão desconhecida,2018-02-10,2018-02-26,17.0,2.0,52828,kadu,2018-02-26,False
17/18,Lesão desconhecida,2017-12-20,2018-01-10,22.0,1.0,52828,kadu,2018-01-10,False
25/26,Fadiga muscular,2026-02-15,2026-03-10,24.0,2.0,834443,tiago-coser,2026-03-10,False
24/25,Lesão desconhecida,2025-02-22,2025-02-24,3.0,1.0,695115,joao-cesco,2025-02-24,False
24/25,lesão na perna,2025-01-18,2025-01-27,10.0,2.0,695115,joao-cesco,2025-01-27,False
24/25,lesão na perna,2024-12-28,2025-01-14,18.0,2.0,695115,joao-cesco,2025-01-14,False
24/25,lesão na perna,2024-09-27,2024-12-27,92.0,10.0,695115,joao-cesco,2024-12-27,True
24/25,Traumatismo no pé,2024-08-30,2024-09-21,23.0,2.0,695115,joao-cesco,2024-09-21,False
24/25,Traumatismo no pé,2024-08-18,2024-08-20,3.0,1.0,695115,joao-cesco,2024-08-20,False
23/24,Traumatismo no pé,2024-04-05,2024-04-14,10.0,2.0,695115,joao-cesco,2024-04-14,False
19/20,Cirurgia Ligamento Cruzado,2019-10-16,2020-04-16,184.0,19.0,695115,joao-cesco,2020-04-16,True
23/24,Problemas musculares na coxa,2024-06-24,2024-07-08,15.0,1.0,698742,busanello,2024-07-08,False
25/26,Rotura dos ligamentos cruzados,2025-07-14,,253.0,,871650,mancha,2026-03-24,True
22/23,Lesão no joelho,2022-08-22,2023-01-19,151.0,16.0,376640,anderson-leite,2023-01-19,True
17/18,Problemas musculares,2017-12-12,2017-12-15,4.0,,376640,anderson-leite,2017-12-15,False
16/17,Rotura de sindesmose,2017-03-21,2017-08-20,153.0,17.0,376640,anderson-leite,2017-08-20,True
25/26,Innenbandanriss Knie,2026-03-02,,22.0,3.0,997861,kaua-santos,2026-03-24,False
25/26,Recuperação ritmo competitivo,2025-08-15,2025-09-01,18.0,3.0,997861,kaua-santos,2025-09-01,False
24/25,Rotura dos ligamentos cruzados,2025-04-18,2025-08-14,119.0,5.0,997861,kaua-santos,2025-08-14,True
23/24,Lesão na coxa,2024-04-22,2025-01-11,265.0,51.0,149577,pablo,2025-01-11,True
23/24,Lesão na coxa,2024-02-01,2024-04-17,77.0,18.0,149577,pablo,2024-04-17,True
19/20,Rotura dos ligamentos cruzados,2020-03-01,2020-09-02,186.0,3.0,149577,pablo,2020-09-02,True
15/16,Lesão na coxa,2016-01-04,2016-02-23,51.0,12.0,149577,pablo,2016-02-23,False
15/16,Lesão nos adutores,2015-12-07,2015-12-29,23.0,4.0,149577,pablo,2015-12-29,False
15/16,Lesão desconhecida,2015-11-23,2015-12-04,12.0,3.0,149577,pablo,2015-12-04,False
25/26,Problemas físicos,2025-08-05,2025-10-10,67.0,9.0,978039,marcos-paulo,2025-10-10,True
25/26,Lesão no tornozelo,2026-02-05,2026-02-17,13.0,3.0,188862,guillermo-varela,2026-02-17,False
25/26,Pubalgia,2025-09-06,2025-09-17,12.0,2.0,188862,guillermo-varela,2025-09-17,False
24/25,Problema nos flexores do quadril,2024-08-08,2024-08-14,7.0,1.0,188862,guillermo-varela,2024-08-14,False
23/24,Lesão no joelho,2023-08-18,2023-10-18,62.0,13.0,188862,guillermo-varela,2023-10-18,True
22/23,Lesão desconhecida,2023-04-25,2023-05-16,22.0,6.0,188862,guillermo-varela,2023-05-16,False
22/23,Lesão desconhecida,2022-10-20,2022-11-08,20.0,6.0,188862,guillermo-varela,2022-11-08,False
19/20,Recuperação ritmo competitivo,2019-10-30,2019-11-02,4.0,1.0,188862,guillermo-varela,2019-11-02,False
18/19,Lesão no tornozelo,2018-09-05,2018-12-31,118.0,14.0,188862,guillermo-varela,2018-12-31,True
17/18,Lesão muscular,2018-06-08,2018-06-13,6.0,,188862,guillermo-varela,2018-06-13,False
17/18,Gestão de esforço,2018-04-28,2018-04-30,3.0,1.0,188862,guillermo-varela,2018-04-30,False
17/18,Problemas físicos,2017-11-23,2017-12-08,16.0,3.0,188862,guillermo-varela,2017-12-08,False
16/17,Ferida infeccionada,2017-05-23,2017-05-28,6.0,1.0,188862,guillermo-varela,2017-05-28,False
16/17,Problemas na tibiotársica,2017-03-27,2017-04-13,18.0,3.0,188862,guillermo-varela,2017-04-13,False
16/17,Retirar parafusos/pregos,2017-03-09,2017-03-23,15.0,2.0,188862,guillermo-varela,2017-03-23,False
16/17,Problemas na tibiotársica,2017-03-02,2017-03-09,8.0,1.0,188862,guillermo-varela,2017-03-09,False
16/17,Recuperação ritmo competitivo,2017-01-16,2017-02-23,39.0,6.0,188862,guillermo-varela,2017-02-23,False
16/17,Rotura de ligamentos do tornozelo,2016-09-12,2017-01-16,127.0,15.0,188862,guillermo-varela,2017-01-16,True
24/25,Fratura do Metatarso,2025-06-29,2025-10-14,108.0,21.0,215616,erick-pulgar,2025-10-14,True
24/25,Lesão na coxa,2025-05-11,2025-05-31,21.0,5.0,215616,erick-pulgar,2025-05-31,False
24/25,Lesão muscular,2024-11-11,2024-11-19,9.0,1.0,215616,erick-pulgar,2024-11-19,False
24/25,Problemas gástricos,2024-07-21,2024-07-27,7.0,1.0,215616,erick-pulgar,2024-07-27,False
23/24,Lesão no tornozelo,2024-04-29,2024-06-01,34.0,6.0,215616,erick-pulgar,2024-06-01,False
23/24,Lesão no bíceps femoral,2023-07-12,2023-08-16,36.0,8.0,215616,erick-pulgar,2023-08-16,False
22/23,Fratura do Metatarso,2023-02-25,2023-05-04,69.0,13.0,215616,erick-pulgar,2023-05-04,True
22/23,Contusão no tornozelo,2022-09-19,2022-09-22,4.0,,215616,erick-pulgar,2022-09-22,False
21/22,Coronavírus,2022-03-23,2022-03-28,6.0,1.0,215616,erick-pulgar,2022-03-28,False
21/22,Traumatismo,2021-12-15,2021-12-21,7.0,1.0,215616,erick-pulgar,2021-12-21,False
21/22,Distorção do tornozelo,2021-10-22,2021-12-05,45.0,9.0,215616,erick-pulgar,2021-12-05,False
21/22,Fadiga muscular,2021-09-18,2021-09-26,9.0,1.0,215616,erick-pulgar,2021-09-26,False
20/21,Problemas musculares na coxa,2021-06-22,2021-06-30,9.0,1.0,215616,erick-pulgar,2021-06-30,False
20/21,Recuperação ritmo competitivo,2020-09-08,2020-10-14,37.0,4.0,215616,erick-pulgar,2020-10-14,False
17/18,Fadiga muscular,2018-04-16,2018-04-27,12.0,2.0,215616,erick-pulgar,2018-04-27,False
17/18,Lesão desconhecida,2017-08-24,2017-09-08,16.0,3.0,215616,erick-pulgar,2017-09-08,False
25/26,Rotura dos ligamentos cruzados,2025-08-25,,211.0,21.0,978037,igor-jesus,2026-03-24,True
23/24,Lesão no tornozelo,2024-06-13,2024-07-10,28.0,7.0,978037,igor-jesus,2024-07-10,False
25/26,Problemas musculares na coxa,2025-10-28,2025-11-12,16.0,2.0,37666,arturo-vidal,2025-11-12,False
24/25,Problemas musculares na coxa,2025-02-25,2025-03-13,17.0,2.0,37666,arturo-vidal,2025-03-13,False
24/25,Lesão na panturrilha,2025-01-13,2025-02-20,39.0,5.0,37666,arturo-vidal,2025-02-20,False
24/25,Lesão na panturrilha,2024-08-22,2024-09-14,24.0,6.0,37666,arturo-vidal,2024-09-14,False
24/25,Problemas na panturrilha,2024-08-10,2024-08-19,10.0,2.0,37666,arturo-vidal,2024-08-19,False
24/25,Lesão na panturrilha,2024-07-21,2024-08-09,20.0,1.0,37666,arturo-vidal,2024-08-09,False
23/24,Problemas musculares,2024-03-01,2024-03-08,8.0,2.0,37666,arturo-vidal,2024-03-08,False
23/24,Lesão no joelho,2023-09-14,2024-01-31,140.0,20.0,37666,arturo-vidal,2024-01-31,True
21/22,Lesão no tornozelo,2022-04-20,2022-04-30,11.0,2.0,37666,arturo-vidal,2022-04-30,False
21/22,Gripe,2021-11-26,2021-12-01,6.0,1.0,37666,arturo-vidal,2021-12-01,False
21/22,Gripe,2021-10-24,2021-10-27,4.0,1.0,37666,arturo-vidal,2021-10-27,False
21/22,Problemas musculares na coxa,2021-09-18,2021-09-27,10.0,3.0,37666,arturo-vidal,2021-09-27,False
20/21,Coronavírus,2021-05-31,2021-06-11,12.0,2.0,37666,arturo-vidal,2021-06-11,False
20/21,Artroscopia,2021-04-11,2021-05-21,41.0,8.0,37666,arturo-vidal,2021-05-21,False
20/21,Operado ao joelho,2021-03-12,2021-04-03,23.0,2.0,37666,arturo-vidal,2021-04-03,False
20/21,Traumatismo no joelho,2021-02-05,2021-02-20,16.0,2.0,37666,arturo-vidal,2021-02-20,False
20/21,Problemas musculares na coxa,2020-12-05,2020-12-19,15.0,3.0,37666,arturo-vidal,2020-12-19,False
19/20,Problemas físicos,2020-02-01,2020-02-05,5.0,1.0,37666,arturo-vidal,2020-02-05,False
18/19,Síndrome gripal,2018-12-04,2018-12-06,3.0,1.0,37666,arturo-vidal,2018-12-06,False
17/18,Operado ao joelho,2018-04-16,2018-07-22,98.0,11.0,37666,arturo-vidal,2018-07-22,True
17/18,inflamação no joelho,2018-04-04,2018-04-14,11.0,2.0,37666,arturo-vidal,2018-04-14,False
17/18,Problemas musculares na coxa,2018-03-29,2018-04-02,5.0,1.0,37666,arturo-vidal,2018-04-02,False
17/18,Infeção,2018-02-01,2018-02-05,5.0,1.0,37666,arturo-vidal,2018-02-05,False
17/18,Tensão muscular,2017-10-12,2017-10-16,5.0,1.0,37666,arturo-vidal,2017-10-16,False
17/18,Problemas musculares,2017-09-28,2017-10-02,5.0,1.0,37666,arturo-vidal,2017-10-02,False
16/17,Traumatismo grade costal,2017-01-23,2017-02-02,11.0,1.0,37666,arturo-vidal,2017-02-02,False
16/17,Pequena lesão,2016-11-17,2016-11-24,8.0,2.0,37666,arturo-vidal,2016-11-24,False
16/17,Problemas musculares na coxa,2016-11-10,2016-11-14,5.0,,37666,arturo-vidal,2016-11-14,False
16/17,Síndrome gripal,2016-10-13,2016-10-17,5.0,1.0,37666,arturo-vidal,2016-10-17,False
15/16,Pequena lesão,2016-06-09,2016-06-09,1.0,,37666,arturo-vidal,2016-06-09,False
15/16,Febre,2016-05-05,2016-05-12,8.0,1.0,37666,arturo-vidal,2016-05-12,False
15/16,Pequena lesão,2016-02-15,2016-02-18,4.0,,37666,arturo-vidal,2016-02-18,False
15/16,Tensão muscular,2015-12-21,2016-01-04,15.0,,37666,arturo-vidal,2016-01-04,False
14/15,Problemas no Joelho,2015-02-02,2015-02-09,8.0,,37666,arturo-vidal,2015-02-09,False
14/15,Lesão muscular,2014-09-11,2014-09-18,8.0,2.0,37666,arturo-vidal,2014-09-18,False
13/14,Rotura do menisco lateral,2014-05-02,2014-06-03,33.0,3.0,37666,arturo-vidal,2014-06-03,False
13/14,Meniskusschaden,2014-04-11,2014-04-27,17.0,1.0,37666,arturo-vidal,2014-04-27,False
13/14,Lesão na coxa,2013-11-11,2013-11-20,10.0,1.0,37666,arturo-vidal,2013-11-20,False
12/13,Queixas adutores,2012-11-29,2012-11-29,1.0,,37666,arturo-vidal,2012-11-29,False
11/12,Problemas musculares,2011-10-20,2011-10-24,5.0,1.0,37666,arturo-vidal,2011-10-24,False
08/09,Traumatismo craniano,2009-03-09,2009-04-06,29.0,4.0,37666,arturo-vidal,2009-04-06,False
07/08,Rotura de ligamentos do tornozelo,2007-11-29,2008-01-07,40.0,5.0,37666,arturo-vidal,2008-01-07,False
25/26,Lesão na coxa,2025-09-22,2025-10-14,23.0,3.0,749559,victor-hugo,2025-10-14,False
24/25,Lesão desconhecida,2025-05-18,2025-05-28,11.0,1.0,749559,victor-hugo,2025-05-28,False
25/26,Lesão desconhecida,2025-11-17,2026-01-16,61.0,4.0,978045,kayke-david,2026-01-16,True
25/26,Lesão na coxa,2025-11-21,2026-01-14,55.0,5.0,364257,ivan,2026-01-14,False
25/26,Artroscopia,2025-07-22,2025-09-26,67.0,13.0,364257,ivan,2025-09-26,True
23/24,Lesão do ligamento cruzado,2024-01-21,2024-12-01,316.0,60.0,364257,ivan,2024-12-01,True
23/24,Lesão do ligamento cruzado,2024-01-21,2024-09-21,245.0,49.0,364257,ivan,2024-09-21,True
20/21,Lesão do punho,2020-10-30,2021-01-03,66.0,14.0,364257,ivan,2021-01-03,True
24/25,Lesão na coxa,2025-02-10,2025-03-31,50.0,6.0,641458,carlos-miguel,2025-03-31,False
25/26,Lesão na cabeça,2025-09-22,2025-09-26,5.0,1.0,958598,robert-renan,2025-09-26,False
23/24,Constipação,2023-08-27,2023-09-05,10.0,2.0,958598,robert-renan,2023-09-05,False
25/26,Problemas musculares,2025-08-24,2025-09-13,21.0,1.0,290388,rafael-ramos,2025-09-13,False
24/25,Entorse do tornozelo,2025-01-19,2025-03-18,59.0,13.0,290388,rafael-ramos,2025-03-18,False
20/21,Coronavírus,2020-12-20,2021-01-07,19.0,2.0,290388,rafael-ramos,2021-01-07,False
19/20,Lesão desconhecida,2020-01-01,2020-01-28,28.0,4.0,290388,rafael-ramos,2020-01-28,False
18/19,Problemas no tendão de Aquiles,2019-02-28,2019-03-21,22.0,3.0,290388,rafael-ramos,2019-03-21,False
16/17,Lesão muscular,2017-02-22,2017-05-12,80.0,9.0,290388,rafael-ramos,2017-05-12,True
16/17,Lesão muscular,2016-07-01,2016-09-15,77.0,11.0,290388,rafael-ramos,2016-09-15,True
15/16,Lesão muscular,2016-05-23,2016-06-18,27.0,3.0,290388,rafael-ramos,2016-06-18,False
15/16,Lesão na coxa,2015-07-20,2015-08-20,32.0,5.0,290388,rafael-ramos,2015-08-20,False
25/26,Problemas musculares na coxa,2025-08-04,2025-08-16,13.0,2.0,491701,fausto-vera,2025-08-16,False
23/24,Lesão na coxa,2024-05-07,2024-05-13,7.0,2.0,491701,fausto-vera,2024-05-13,False
22/23,Rotura de ligamentos no joelho,2023-05-26,2024-04-09,320.0,60.0,57229,paulinho,2024-04-09,True
21/22,Rotura de ligamentos no joelho,2022-05-01,2023-01-01,246.0,50.0,57229,paulinho,2023-01-01,True
13/14,Lesão no tornozelo,2013-12-30,2014-01-30,32.0,5.0,57229,paulinho,2014-01-30,False
25/26,Lesão na coxa,2026-02-09,2026-02-21,13.0,3.0,1029227,breno-bidon,2026-02-21,False
22/23,Problemas no Joelho,2022-08-19,2023-01-14,149.0,20.0,52915,junior-moraes,2023-01-14,True
20/21,Rotura parcial de ligamento,2021-04-24,2021-11-30,221.0,31.0,52915,junior-moraes,2021-11-30,True
20/21,Lesão na coxa,2020-12-01,2021-01-20,51.0,3.0,52915,junior-moraes,2021-01-20,False
20/21,Quarentena,2020-11-17,2020-11-19,3.0,1.0,52915,junior-moraes,2020-11-19,False
20/21,Coronavírus,2020-10-04,2020-10-28,25.0,7.0,52915,junior-moraes,2020-10-28,False
19/20,Choque,2020-07-17,2020-07-20,4.0,1.0,52915,junior-moraes,2020-07-20,False
19/20,Choque,2020-02-28,2020-03-03,5.0,1.0,52915,junior-moraes,2020-03-03,False
19/20,Lesão no tornozelo,2019-11-10,2019-11-19,10.0,2.0,52915,junior-moraes,2019-11-19,False
19/20,Lesão tornozelo,2019-10-29,2019-12-02,35.0,3.0,52915,junior-moraes,2019-12-02,False
18/19,Fratura na grelha costal,2019-05-22,2019-06-20,30.0,5.0,52915,junior-moraes,2019-06-20,False
17/18,Lesão no joelho,2018-04-21,2018-06-09,50.0,6.0,52915,junior-moraes,2018-06-09,False
17/18,Constipação,2018-03-28,2018-04-04,8.0,1.0,52915,junior-moraes,2018-04-04,False
17/18,Problemas de Ligamento,2017-10-22,2017-10-27,6.0,1.0,52915,junior-moraes,2017-10-27,False
13/14,Lesão desconhecida,2013-08-18,2013-09-02,16.0,2.0,52915,junior-moraes,2013-09-02,False
25/26,Distorção do tornozelo,2025-12-15,2025-12-27,13.0,,1005165,giovane,2025-12-27,False
23/24,Lesão na coxa,2023-09-06,2023-10-16,41.0,7.0,1005165,giovane,2023-10-16,False
22/23,Muskelbündelriss,2023-06-22,2023-07-10,19.0,3.0,54928,diego-godin,2023-07-10,False
22/23,Queixas adutores,2023-04-20,2023-05-10,21.0,3.0,54928,diego-godin,2023-05-10,False
22/23,Distensão muscular,2023-03-05,2023-03-16,12.0,2.0,54928,diego-godin,2023-03-16,False
22/23,Problemas com o tendão rotuliano,2022-08-07,2022-10-14,69.0,18.0,54928,diego-godin,2022-10-14,True
21/22,Problemas físicos,2022-06-10,2022-07-03,24.0,8.0,54928,diego-godin,2022-07-03,False
21/22,Fadiga muscular,2021-11-20,2021-12-05,16.0,3.0,54928,diego-godin,2021-12-05,False
21/22,Problemas com o tendão rotuliano,2021-10-17,2021-11-01,16.0,2.0,54928,diego-godin,2021-11-01,False
21/22,Problemas no Joelho,2021-09-07,2021-09-22,16.0,3.0,54928,diego-godin,2021-09-22,False
20/21,Fadiga muscular,2020-12-24,2021-01-07,15.0,2.0,54928,diego-godin,2021-01-07,False
20/21,Coronavírus,2020-11-20,2020-12-18,29.0,6.0,54928,diego-godin,2020-12-18,False
19/20,Problemas musculares,2020-06-08,2020-06-19,12.0,1.0,54928,diego-godin,2020-06-19,False
19/20,Lesão muscular,2019-08-01,2019-08-30,30.0,1.0,54928,diego-godin,2019-08-30,False
18/19,Lesão na coxa,2019-04-10,2019-04-19,10.0,1.0,54928,diego-godin,2019-04-19,False
18/19,Lesão muscular,2019-01-27,2019-02-08,13.0,1.0,54928,diego-godin,2019-02-08,False
18/19,Lesão muscular,2018-11-11,2018-12-10,30.0,7.0,54928,diego-godin,2018-12-10,False
18/19,Lesão muscular,2018-10-28,2018-11-07,11.0,3.0,54928,diego-godin,2018-11-07,False
17/18,Problemas físicos,2018-03-06,2018-03-10,5.0,1.0,54928,diego-godin,2018-03-10,False
17/18,ferimento facial,2018-02-05,2018-02-14,10.0,1.0,54928,diego-godin,2018-02-14,False
17/18,Problemas físicos,2017-11-08,2017-11-12,5.0,1.0,54928,diego-godin,2017-11-12,False
16/17,Lesão na virilha,2017-02-08,2017-02-25,18.0,3.0,54928,diego-godin,2017-02-25,False
16/17,Entorse do tornozelo,2016-09-29,2016-10-04,6.0,1.0,54928,diego-godin,2016-10-04,False
15/16,Lesão na coxa,2016-04-21,2016-05-02,12.0,3.0,54928,diego-godin,2016-05-02,False
15/16,Lesão na coxa,2016-03-17,2016-04-04,19.0,4.0,54928,diego-godin,2016-04-04,False
15/16,Gripe gastrointestinal,2016-03-03,2016-03-07,5.0,1.0,54928,diego-godin,2016-03-07,False
15/16,Lesão no joelho,2016-02-01,2016-02-11,11.0,1.0,54928,diego-godin,2016-02-11,False
10/11,Apendicite,2010-10-28,2010-11-18,22.0,6.0,54928,diego-godin,2010-11-18,False
10/11,Problemas no Joelho,2010-09-27,2010-10-12,16.0,3.0,54928,diego-godin,2010-10-12,False
09/10,Problemas musculares na coxa,2010-06-27,2010-07-04,8.0,1.0,54928,diego-godin,2010-07-04,False
24/25,Rotura do tendão de Aquiles,2025-03-17,2025-08-30,167.0,38.0,312314,otavio,2025-08-30,True
24/25,Lesão no ombro,2024-09-13,2024-10-01,19.0,5.0,312314,otavio,2024-10-01,False
23/24,Lesão na coxa,2024-05-16,2024-07-02,48.0,9.0,312314,otavio,2024-07-02,False
20/21,Achillessehnenanriss,2021-01-20,2021-07-20,182.0,19.0,312314,otavio,2021-07-20,True
24/25,Problemas musculares,2025-04-17,2025-05-16,30.0,8.0,373170,cristian-pavon,2025-05-16,False
24/25,Problemas musculares na coxa,2025-02-14,2025-02-28,15.0,3.0,373170,cristian-pavon,2025-02-28,False
24/25,Lesão na coxa,2024-08-24,2024-10-08,46.0,7.0,373170,cristian-pavon,2024-10-08,False
23/24,Lesão na coxa,2024-04-19,2024-06-07,50.0,7.0,373170,cristian-pavon,2024-06-07,False
22/23,Lesão na coxa,2023-01-19,2023-01-30,12.0,2.0,373170,cristian-pavon,2023-01-30,False
21/22,Quarentena,2021-07-22,2021-07-29,8.0,2.0,373170,cristian-pavon,2021-07-29,False
20/21,Recuperação ritmo competitivo,2021-04-01,2021-04-23,23.0,4.0,373170,cristian-pavon,2021-04-23,False
20/21,Lesão no tornozelo,2021-01-19,2021-03-31,72.0,9.0,373170,cristian-pavon,2021-03-31,True
18/19,Muskelbündelriss,2019-02-22,2019-03-27,34.0,6.0,373170,cristian-pavon,2019-03-27,False
18/19,Muskelbündelriss,2018-11-12,2018-12-04,23.0,2.0,373170,cristian-pavon,2018-12-04,False
18/19,Problemas musculares na coxa,2018-10-09,2018-10-22,14.0,1.0,373170,cristian-pavon,2018-10-22,False
15/16,Lesão no joelho,2016-02-07,2016-03-16,39.0,10.0,373170,cristian-pavon,2016-03-16,False
23/24,Problemas musculares na coxa,2023-10-23,2023-11-08,17.0,4.0,53922,alan-kardec,2023-11-08,False
22/23,Hérnia discal,2022-10-30,2023-06-28,242.0,39.0,53922,alan-kardec,2023-06-28,True
22/23,Problema nos flexores do quadril,2022-08-27,2022-09-16,21.0,3.0,53922,alan-kardec,2022-09-16,False
21/22,Lesão muscular,2021-07-24,2021-08-07,15.0,5.0,53922,alan-kardec,2021-08-07,False
14/15,Operado ao joelho,2015-04-01,2015-10-01,184.0,40.0,53922,alan-kardec,2015-10-01,True
10/11,Problemas no tendão de Aquiles,2010-08-06,2010-09-18,44.0,6.0,53922,alan-kardec,2010-09-18,False
23/24,Lesão na coxa,2024-04-26,2024-04-30,5.0,1.0,548298,fabio-gomes,2024-04-30,False
20/21,Rotura de ligamentos do tornozelo,2020-07-30,2020-08-24,26.0,6.0,548298,fabio-gomes,2020-08-24,False
24/25,Lesão no pescoço,2025-05-01,2025-05-23,23.0,6.0,469135,eduard-atuesta,2025-05-23,False
24/25,Problemas musculares na coxa,2025-04-02,2025-04-22,21.0,2.0,469135,eduard-atuesta,2025-04-22,False
22/23,Rotura dos ligamentos cruzados,2023-02-26,2023-10-26,243.0,52.0,469135,eduard-atuesta,2023-10-26,True
20/21,Lesão no pé,2020-08-21,2020-09-12,23.0,5.0,469135,eduard-atuesta,2020-09-12,False
18/19,Entorse do tornozelo,2018-07-02,2018-07-25,24.0,5.0,469135,eduard-atuesta,2018-07-25,False
25/26,Lesão na coxa,2026-02-16,2026-02-28,13.0,2.0,438202,bruno-tabata,2026-02-28,False
24/25,Lesão na coxa,2025-01-10,2025-04-09,90.0,15.0,438202,bruno-tabata,2025-04-09,True
24/25,Vírus,2024-09-30,2024-10-18,19.0,1.0,438202,bruno-tabata,2024-10-18,False
24/25,Lesão na coxa,2024-09-12,2024-09-28,17.0,3.0,438202,bruno-tabata,2024-09-28,False
22/23,Lesão na coxa,2023-03-20,2023-05-09,51.0,11.0,438202,bruno-tabata,2023-05-09,False
20/21,Lesão no joelho,2021-04-23,2021-05-31,39.0,6.0,438202,bruno-tabata,2021-05-31,False
20/21,Lesão desconhecida,2021-04-10,2021-04-14,5.0,1.0,438202,bruno-tabata,2021-04-14,False
20/21,Coronavírus,2021-01-18,2021-01-25,8.0,2.0,438202,bruno-tabata,2021-01-25,False
20/21,Lesão muscular,2020-10-23,2020-11-18,27.0,4.0,438202,bruno-tabata,2020-11-18,False
18/19,Lesão desconhecida,2018-12-25,2019-01-09,16.0,2.0,438202,bruno-tabata,2019-01-09,False
18/19,Lesão desconhecida,2018-12-08,2018-12-16,9.0,1.0,438202,bruno-tabata,2018-12-16,False
17/18,Lesão na coxa,2018-03-17,2018-04-12,27.0,2.0,438202,bruno-tabata,2018-04-12,False
17/18,Lesão muscular,2018-03-06,2018-03-12,7.0,1.0,438202,bruno-tabata,2018-03-12,False
17/18,Lesão desconhecida,2017-09-01,2017-10-24,54.0,7.0,438202,bruno-tabata,2017-10-24,False
25/26,Ruptura muscular do músculo do perônio,2026-01-18,2026-02-07,21.0,3.0,481367,miguel-merentiel,2026-02-07,False
24/25,Lesão muscular,2024-11-11,2024-12-04,24.0,4.0,481367,miguel-merentiel,2024-12-04,False
24/25,Lesão nos adutores,2024-10-25,2024-11-04,11.0,2.0,481367,miguel-merentiel,2024-11-04,False
23/24,Gripe,2024-05-28,2024-05-31,4.0,1.0,481367,miguel-merentiel,2024-05-31,False
22/23,Rompimento dos adutores,2023-06-07,2023-06-25,19.0,2.0,481367,miguel-merentiel,2023-06-25,False
25/26,Problemas musculares na coxa,2025-08-18,2025-09-14,28.0,6.0,971570,endrick,2025-09-14,False
24/25,Lesão na coxa,2025-05-21,2025-07-21,62.0,9.0,971570,endrick,2025-07-21,True
23/24,Problemas musculares na coxa,2024-03-11,2024-03-24,14.0,2.0,689640,igor-gomes,2024-03-24,False
23/24,Lesão na coxa,2024-01-26,2024-02-17,23.0,6.0,689640,igor-gomes,2024-02-17,False
21/22,Fissura ao tens,2021-12-08,2022-06-08,183.0,23.0,689640,igor-gomes,2022-06-08,True
21/22,Lesão ligamentar,2021-11-05,2021-11-26,22.0,3.0,689640,igor-gomes,2021-11-26,False
21/22,lesão na perna,2021-08-13,2021-10-01,50.0,5.0,689640,igor-gomes,2021-10-01,False
20/21,Lesão na coxa,2020-11-02,2021-03-27,146.0,17.0,689640,igor-gomes,2021-03-27,True
20/21,Lesão muscular,2020-09-24,2020-10-24,31.0,1.0,689640,igor-gomes,2020-10-24,False
25/26,Gripe gastrointestinal,2026-02-21,2026-02-24,4.0,1.0,275381,fabricio-bustos,2026-02-24,False
25/26,Fadiga muscular,2026-01-16,2026-01-30,15.0,2.0,275381,fabricio-bustos,2026-01-30,False
25/26,Ruptura muscular do músculo do perônio,2025-11-16,2025-12-13,28.0,1.0,275381,fabricio-bustos,2025-12-13,False
25/26,Entorse do tornozelo,2025-08-18,2025-08-30,13.0,3.0,275381,fabricio-bustos,2025-08-30,False
24/25,Problemas no Joelho,2025-01-20,2025-01-27,8.0,1.0,275381,fabricio-bustos,2025-01-27,False
24/25,Muskelbündelriss,2024-10-07,2024-10-19,13.0,1.0,275381,fabricio-bustos,2024-10-19,False
24/25,Lesão nos adutores,2024-07-17,2024-07-22,6.0,1.0,275381,fabricio-bustos,2024-07-22,False
24/25,Lesão na zona pélvica,2024-06-29,2024-07-06,8.0,2.0,275381,fabricio-bustos,2024-07-06,False
22/23,Lesão na coxa,2023-04-06,2023-04-25,20.0,4.0,275381,fabricio-bustos,2023-04-25,False
20/21,Coronavírus,2020-08-08,2020-08-22,15.0,,275381,fabricio-bustos,2020-08-22,False
23/24,Problemas musculares na coxa,2024-01-11,2024-03-24,74.0,15.0,815384,matheus-dias,2024-03-24,True
24/25,lesão na perna,2024-05-10,2024-06-23,45.0,8.0,982553,gustavo,2024-06-23,False
25/26,Problemas na zona lombar,2025-10-16,2025-10-24,9.0,2.0,104505,alan-patrick,2025-10-24,False
25/26,Vírus,2025-07-31,2025-08-05,6.0,1.0,104505,alan-patrick,2025-08-05,False
24/25,Entorse do tornozelo,2025-02-13,2025-03-07,23.0,3.0,104505,alan-patrick,2025-03-07,False
24/25,Lesão muscular,2024-12-02,2024-12-15,14.0,2.0,104505,alan-patrick,2024-12-15,False
24/25,Estiramento do ligamento colateral interno do joelho,2024-07-24,2024-08-24,32.0,5.0,104505,alan-patrick,2024-08-24,False
23/24,Lesão na coxa,2024-06-14,2024-06-22,9.0,2.0,104505,alan-patrick,2024-06-22,False
23/24,Lesão na coxa,2024-04-11,2024-05-28,48.0,5.0,104505,alan-patrick,2024-05-28,False
21/22,Lesão desconhecida,2021-11-18,2021-12-31,44.0,6.0,104505,alan-patrick,2021-12-31,False
19/20,Lesão desconhecida,2020-03-02,2020-03-10,9.0,2.0,104505,alan-patrick,2020-03-10,False
18/19,Lesão desconhecida,2018-10-06,2018-10-15,10.0,1.0,104505,alan-patrick,2018-10-15,False
25/26,Problemas musculares na coxa,2025-10-27,2025-12-08,43.0,8.0,236202,wanderson,2025-12-08,False
25/26,Problemas na zona lombar,2025-09-28,2025-10-14,17.0,2.0,236202,wanderson,2025-10-14,False
24/25,Traumatismo no joelho,2025-05-19,2025-05-31,13.0,3.0,236202,wanderson,2025-05-31,False
24/25,Problemas musculares,2024-08-12,2024-09-15,35.0,6.0,236202,wanderson,2024-09-15,False
24/25,Fadiga muscular,2024-07-14,2024-08-10,28.0,5.0,236202,wanderson,2024-08-10,False
23/24,Entorse do tornozelo,2024-04-22,2024-06-08,48.0,5.0,236202,wanderson,2024-06-08,False
22/23,Problemas musculares na coxa,2022-09-11,2022-10-07,27.0,4.0,236202,wanderson,2022-10-07,False
21/22,Problemas musculares na coxa,2022-06-20,2022-07-17,28.0,6.0,236202,wanderson,2022-07-17,False
20/21,Lesão tornozelo,2021-05-16,2022-01-03,233.0,20.0,236202,wanderson,2022-01-03,True
20/21,Lesão desconhecida,2020-11-05,2020-11-21,17.0,1.0,236202,wanderson,2020-11-21,False
20/21,Lesão muscular,2020-09-22,2020-11-03,43.0,8.0,236202,wanderson,2020-11-03,False
19/20,Lesão muscular,2019-09-25,2019-11-15,52.0,10.0,236202,wanderson,2019-11-15,False
18/19,Lesão desconhecida,2018-12-02,2018-12-07,6.0,1.0,236202,wanderson,2018-12-07,False
16/17,Ruptura muscular na coxa,2016-10-03,2017-01-01,91.0,15.0,236202,wanderson,2017-01-01,True
13/14,Lesão desconhecida,2014-01-26,2014-02-28,34.0,4.0,236202,wanderson,2014-02-28,False
21/22,Coronavírus,2022-01-03,2022-01-23,21.0,,257740,carlos-de-pena,2022-01-23,False
20/21,Lesão desconhecida,2021-04-20,2021-04-23,4.0,1.0,257740,carlos-de-pena,2021-04-23,False
19/20,Lesão desconhecida,2020-03-04,2020-03-30,27.0,3.0,257740,carlos-de-pena,2020-03-30,False
19/20,Lesão na coxa,2020-03-03,2020-04-10,39.0,3.0,257740,carlos-de-pena,2020-04-10,False
17/18,Lesão muscular,2018-05-07,2018-05-22,16.0,3.0,257740,carlos-de-pena,2018-05-22,False
25/26,Lesão na coxa,2025-11-25,2025-12-06,12.0,2.0,213368,pedro-henrique,2025-12-06,False
24/25,Lesão no joelho,2025-03-07,2025-04-20,45.0,10.0,213368,pedro-henrique,2025-04-20,False
23/24,Lesão na coxa,2024-04-29,2024-06-30,63.0,13.0,213368,pedro-henrique,2024-06-30,True
23/24,lesão no braço,2023-09-03,2023-10-18,46.0,6.0,213368,pedro-henrique,2023-10-18,False
22/23,Problemas musculares na coxa,2023-06-29,2023-07-24,26.0,4.0,213368,pedro-henrique,2023-07-24,False
21/22,Ruptura muscular na coxa,2022-04-08,2022-04-30,23.0,5.0,213368,pedro-henrique,2022-04-30,False
21/22,Lesão desconhecida,2022-03-13,2022-03-31,19.0,1.0,213368,pedro-henrique,2022-03-31,False
21/22,Fratura da clavícula,2021-08-15,2021-09-04,21.0,5.0,213368,pedro-henrique,2021-09-04,False
21/22,Lesão desconhecida,2021-07-29,2021-08-15,18.0,2.0,213368,pedro-henrique,2021-08-15,False
20/21,Lesão desconhecida,2021-02-13,2021-02-25,13.0,1.0,213368,pedro-henrique,2021-02-25,False
20/21,Lesão desconhecida,2021-02-03,2021-02-12,10.0,1.0,213368,pedro-henrique,2021-02-12,False
20/21,Lesão muscular,2020-11-19,2020-11-29,11.0,2.0,213368,pedro-henrique,2020-11-29,False
20/21,Lesão muscular,2020-09-29,2020-10-10,12.0,1.0,213368,pedro-henrique,2020-10-10,False
20/21,Fibra muscular rasgado,2020-09-04,2020-09-20,17.0,2.0,213368,pedro-henrique,2020-09-20,False
19/20,Lesão desconhecida,2020-07-06,2020-07-10,5.0,1.0,213368,pedro-henrique,2020-07-10,False
19/20,Lesão na coxa,2019-12-09,2020-01-06,29.0,4.0,213368,pedro-henrique,2020-01-06,False
17/18,Lesão ligamentar,2017-10-26,2017-10-30,5.0,,213368,pedro-henrique,2017-10-30,False
15/16,ferimento facial,2016-01-07,2016-02-18,43.0,7.0,213368,pedro-henrique,2016-02-18,False
13/14,Doente,2013-12-05,2013-12-09,5.0,1.0,213368,pedro-henrique,2013-12-09,False
12/13,Problemas físicos,2012-12-31,2013-04-25,116.0,12.0,213368,pedro-henrique,2013-04-25,True
20/21,Lesão no joelho,2021-01-02,2021-04-24,113.0,17.0,381362,wesley-moraes,2021-04-24,True
19/20,Rotura dos ligamentos cruzados,2020-01-01,2021-01-01,367.0,38.0,381362,wesley-moraes,2021-01-01,True
18/19,Lesão na cabeça,2019-09-29,2019-10-04,6.0,,381362,wesley-moraes,2019-10-04,False
17/18,Meningite,2017-07-01,2017-08-09,40.0,4.0,381362,wesley-moraes,2017-08-09,False
16/17,ferida aberta,2017-04-03,2017-04-07,5.0,,381362,wesley-moraes,2017-04-07,False
16/17,Traumatismo,2017-04-03,2017-04-07,5.0,,381362,wesley-moraes,2017-04-07,False
16/17,Lesão ligamentar,2016-09-08,2016-09-19,12.0,3.0,381362,wesley-moraes,2016-09-19,False
25/26,Pubalgia,2025-12-03,2026-01-03,32.0,7.0,560417,alemao,2026-01-03,False
23/24,Lesão no joelho,2023-08-27,2023-10-20,55.0,8.0,560417,alemao,2023-10-20,False
24/25,Problemas musculares,2024-10-04,,536.0,77.0,336697,philipe-sampaio,2026-03-24,True
23/24,Problemas físicos,2024-04-04,2024-06-30,88.0,6.0,336697,philipe-sampaio,2024-06-30,True
20/21,Lesão no joelho,2020-08-23,2020-10-04,43.0,5.0,336697,philipe-sampaio,2020-10-04,False
18/19,Lesão muscular,2019-01-29,2019-03-13,44.0,6.0,336697,philipe-sampaio,2019-03-13,False
18/19,Lesão muscular,2018-10-22,2018-12-15,55.0,8.0,336697,philipe-sampaio,2018-12-15,False
17/18,Lesão desconhecida,2018-04-03,2018-09-12,163.0,13.0,336697,philipe-sampaio,2018-09-12,True
17/18,Lesão desconhecida,2018-03-03,2018-03-28,26.0,2.0,336697,philipe-sampaio,2018-03-28,False
25/26,Estiramento do ligamento colateral interno do joelho,2026-02-02,2026-03-17,44.0,12.0,137745,marcal,2026-03-17,False
25/26,Lesão na panturrilha,2025-10-20,2025-11-04,16.0,2.0,137745,marcal,2025-11-04,False
25/26,Lesão nos adutores,2025-09-29,2025-10-14,16.0,2.0,137745,marcal,2025-10-14,False
24/25,Recuperação ritmo competitivo,2025-05-19,2025-06-14,27.0,4.0,137745,marcal,2025-06-14,False
24/25,Recuperação ritmo competitivo,2025-03-27,2025-05-02,37.0,10.0,137745,marcal,2025-05-02,False
24/25,Problemas musculares,2024-08-19,2024-08-24,6.0,1.0,137745,marcal,2024-08-24,False
23/24,Lesão na panturrilha,2024-04-02,2024-06-19,79.0,16.0,137745,marcal,2024-06-19,True
23/24,Lesão na panturrilha,2024-01-30,2024-02-23,25.0,4.0,137745,marcal,2024-02-23,False
20/21,Lesão na virilha,2020-12-28,2021-02-13,48.0,11.0,137745,marcal,2021-02-13,False
20/21,Choque,2020-10-26,2020-11-07,13.0,1.0,137745,marcal,2020-11-07,False
20/21,Lesão na panturrilha,2020-09-23,2020-10-18,26.0,2.0,137745,marcal,2020-10-18,False
19/20,Distensão da panturrilha,2019-12-11,2020-01-03,24.0,3.0,137745,marcal,2020-01-03,False
19/20,Lesão muscular,2019-10-21,2019-11-20,31.0,5.0,137745,marcal,2019-11-20,False
19/20,Queixas adutores,2019-07-31,2019-09-10,42.0,4.0,137745,marcal,2019-09-10,False
18/19,Lesão na virilha,2019-04-13,2019-05-08,26.0,3.0,137745,marcal,2019-05-08,False
18/19,Lesão muscular,2019-02-25,2019-03-08,12.0,2.0,137745,marcal,2019-03-08,False
18/19,Distensão da panturrilha,2018-07-16,2018-09-24,71.0,7.0,137745,marcal,2018-09-24,True
15/16,Ruptura muscular na coxa,2016-03-07,2016-04-09,34.0,4.0,137745,marcal,2016-04-09,False
15/16,Ruptura muscular na coxa,2016-02-07,2016-02-22,16.0,2.0,137745,marcal,2016-02-22,False
15/16,Lesão desconhecida,2015-09-20,2015-10-18,29.0,3.0,137745,marcal,2015-10-18,False
14/15,lesão na perna,2015-03-18,2015-04-03,17.0,1.0,137745,marcal,2015-04-03,False
23/24,Lesão no joelho,2024-04-10,2024-12-07,242.0,53.0,61892,rafael,2024-12-07,True
23/24,Lesão no joelho,2023-07-03,2024-03-15,257.0,47.0,61892,rafael,2024-03-15,True
22/23,Fratura na face,2022-09-05,2022-09-23,19.0,2.0,61892,rafael,2022-09-23,False
21/22,Rotura do tendão de Aquiles,2022-01-25,2022-08-11,199.0,37.0,61892,rafael,2022-08-11,True
20/21,Lesão desconhecida,2021-04-21,2021-04-30,10.0,3.0,61892,rafael,2021-04-30,False
20/21,Lesão no joelho,2021-03-14,2021-04-15,33.0,4.0,61892,rafael,2021-04-15,False
20/21,Lesão desconhecida,2021-01-23,2021-02-10,19.0,5.0,61892,rafael,2021-02-10,False
17/18,Lesão desconhecida,2018-03-14,2018-03-17,4.0,1.0,61892,rafael,2018-03-17,False
17/18,Lesão muscular,2018-02-26,2018-03-07,10.0,2.0,61892,rafael,2018-03-07,False
16/17,Pequena lesão,2017-03-09,2017-03-13,5.0,1.0,61892,rafael,2017-03-13,False
16/17,Lesão na coxa,2016-09-26,2016-10-10,15.0,2.0,61892,rafael,2016-10-10,False
15/16,Problemas na virilha,2016-02-01,2016-02-22,22.0,5.0,61892,rafael,2016-02-22,False
15/16,Problemas no Joelho,2016-01-04,2016-01-11,8.0,1.0,61892,rafael,2016-01-11,False
15/16,Problemas no Joelho,2015-12-03,2015-12-07,5.0,1.0,61892,rafael,2015-12-07,False
15/16,Lesão na coxa,2015-09-17,2015-10-12,26.0,5.0,61892,rafael,2015-10-12,False
14/15,Fratura na grelha costal,2015-04-20,2015-06-01,43.0,5.0,61892,rafael,2015-06-01,False
14/15,Haarriss im Wadenbein,2014-10-30,2014-12-08,40.0,5.0,61892,rafael,2014-12-08,False
14/15,Lesão na virilha,2014-07-24,2014-09-11,50.0,4.0,61892,rafael,2014-09-11,False
13/14,Lesão na coxa,2013-08-12,2013-09-09,29.0,3.0,61892,rafael,2013-09-09,False
12/13,Lesão na coxa,2012-12-13,2012-12-31,19.0,4.0,61892,rafael,2012-12-31,False
10/11,Lesão na coxa,2011-03-17,2011-04-07,22.0,2.0,61892,rafael,2011-04-07,False
10/11,Traumatismo craniano,2011-01-24,2011-01-31,8.0,1.0,61892,rafael,2011-01-31,False
10/11,Pancada na coxa,2010-11-11,2010-11-18,8.0,1.0,61892,rafael,2010-11-18,False
09/10,Lesão no ombro,2009-08-20,2009-09-10,22.0,2.0,61892,rafael,2009-09-10,False
08/09,Rotura de ligamentos do tornozelo,2009-02-26,2009-03-26,29.0,6.0,61892,rafael,2009-03-26,False
08/09,Problemas musculares na coxa,2009-01-19,2009-02-01,14.0,3.0,61892,rafael,2009-02-01,False
25/26,Lesão na coxa,2026-01-25,2026-03-09,44.0,6.0,276877,daniel-borges,2026-03-09,False
22/23,Edema do osso,2022-09-06,2022-10-13,38.0,6.0,276877,daniel-borges,2022-10-13,False
24/25,Lesão desconhecida,2025-02-28,2025-03-07,8.0,1.0,167291,gabriel-pires,2025-03-07,False
23/24,Lesão no joelho,2024-03-17,2024-05-21,66.0,11.0,167291,gabriel-pires,2024-05-21,True
22/23,Lesão na panturrilha,2023-05-21,2023-09-30,133.0,22.0,167291,gabriel-pires,2023-09-30,True
20/21,Lesão na coxa,2021-04-04,2021-04-12,9.0,2.0,167291,gabriel-pires,2021-04-12,False
20/21,Coronavírus,2021-01-01,2021-01-11,11.0,2.0,167291,gabriel-pires,2021-01-11,False
20/21,Lesão na tíbia,2020-12-19,2020-12-31,13.0,3.0,167291,gabriel-pires,2020-12-31,False
19/20,Lesão ocular,2020-02-06,2020-05-12,97.0,8.0,167291,gabriel-pires,2020-05-12,True
19/20,Traumatismo no joelho,2020-01-13,2020-01-15,3.0,1.0,167291,gabriel-pires,2020-01-15,False
19/20,Lesão dos ligamentos laterais,2019-08-05,2019-09-24,51.0,7.0,167291,gabriel-pires,2019-09-24,False
18/19,Lesão no joelho,2019-04-04,2019-05-31,58.0,9.0,167291,gabriel-pires,2019-05-31,False
17/18,Lesão no joelho,2018-03-07,2018-03-14,8.0,1.0,167291,gabriel-pires,2018-03-14,False
16/17,Problemas físicos,2017-02-26,2017-03-03,6.0,1.0,167291,gabriel-pires,2017-03-03,False
13/14,Haarriss im Wadenbein,2013-11-27,2014-01-30,65.0,9.0,167291,gabriel-pires,2014-01-30,True
12/13,Haarriss im Wadenbein,2012-11-10,2013-01-10,62.0,8.0,167291,gabriel-pires,2013-01-10,True
24/25,Lesão desconhecida,2025-04-01,2025-04-22,22.0,3.0,176485,lucas-piazon,2025-04-22,False
24/25,Lesão desconhecida,2024-10-03,2024-10-24,22.0,2.0,176485,lucas-piazon,2024-10-24,False
19/20,Lesão desconhecida,2020-02-25,2020-03-03,8.0,1.0,176485,lucas-piazon,2020-03-03,False
18/19,Gripe,2018-02-17,2018-02-20,4.0,,176485,lucas-piazon,2018-02-20,False
17/18,Fratura do perónio,2017-08-15,2017-12-23,131.0,20.0,176485,lucas-piazon,2017-12-23,True
16/17,Fratura maxilar,2017-02-25,2017-04-03,38.0,6.0,176485,lucas-piazon,2017-04-03,False
14/15,Problemas musculares,2015-05-22,2015-06-29,39.0,1.0,176485,lucas-piazon,2015-06-29,False
23/24,Lesão muscular,2024-03-09,2024-05-22,75.0,9.0,555277,luis-oyama,2024-05-22,True
25/26,Fratura do punho,2026-02-12,,40.0,5.0,110078,eduardo,2026-03-24,False
25/26,Lesão na coxa,2025-11-19,2025-11-22,4.0,1.0,110078,eduardo,2025-11-22,False
24/25,Lesão muscular,2024-07-15,2024-10-17,95.0,19.0,110078,eduardo,2024-10-17,True
23/24,Lesão na coxa,2024-05-21,2024-06-15,26.0,4.0,110078,eduardo,2024-06-15,False
23/24,Lesão no pé,2024-05-03,2024-05-15,13.0,3.0,110078,eduardo,2024-05-15,False
23/24,Lesão no tornozelo,2024-04-04,2024-04-20,17.0,3.0,110078,eduardo,2024-04-20,False
19/20,Lesão muscular,2019-12-23,2020-01-15,24.0,4.0,110078,eduardo,2020-01-15,False
18/19,Lesão muscular,2019-03-12,2019-03-26,15.0,1.0,110078,eduardo,2019-03-26,False
17/18,Cirurgia Ligamento Cruzado,2017-11-18,2018-07-01,226.0,27.0,110078,eduardo,2018-07-01,True
24/25,Operação,2025-01-31,2025-05-31,121.0,14.0,497494,jacob-montes,2025-05-31,True
23/24,Lesão no tornozelo,2024-02-06,2024-03-30,54.0,14.0,497494,jacob-montes,2024-03-30,False
22/23,Lesão no tornozelo,2022-09-20,2023-01-15,118.0,8.0,766381,chay,2023-01-15,True
24/25,Lesão muscular,2025-03-30,2025-04-23,25.0,3.0,381724,victor-sa,2025-04-23,False
18/19,Problemas no Joelho,2019-05-04,2019-05-11,8.0,1.0,381724,victor-sa,2019-05-11,False
18/19,Rotura da fibra muscular,2018-07-28,2018-08-15,19.0,5.0,381724,victor-sa,2018-08-15,False
17/18,Rotura muscular,2018-01-29,2018-02-02,5.0,,381724,victor-sa,2018-02-02,False
24/25,Lesão no joelho,2025-06-02,2025-07-29,58.0,9.0,884072,jeffinho,2025-07-29,False
23/24,Lesão na coxa,2024-05-21,2024-11-08,172.0,36.0,884072,jeffinho,2024-11-08,True
23/24,Lesão muscular,2024-02-06,2024-03-30,54.0,12.0,884072,jeffinho,2024-03-30,False
16/17,Lesão desconhecida,2016-10-23,2016-12-31,70.0,1.0,336158,gustavo-sauer,2016-12-31,True
21/22,Lesão ligamentar,2022-02-10,2023-01-02,327.0,,928096,vitinho,2023-01-02,True
25/26,Problemas na panturrilha,2026-01-09,2026-02-03,26.0,7.0,103381,tiquinho-soares,2026-02-03,False
25/26,Problemas no Joelho,2025-11-29,2025-12-06,8.0,1.0,103381,tiquinho-soares,2025-12-06,False
24/25,Problemas no Joelho,2024-07-31,2024-08-13,14.0,3.0,103381,tiquinho-soares,2024-08-13,False
23/24,Lesão na coxa,2024-04-26,2024-05-31,36.0,7.0,103381,tiquinho-soares,2024-05-31,False
23/24,Problemas no Joelho,2023-08-07,2023-08-28,22.0,5.0,103381,tiquinho-soares,2023-08-28,False
21/22,lesão no braço,2021-07-02,2021-08-25,55.0,5.0,103381,tiquinho-soares,2021-08-25,False
18/19,Doente,2019-01-26,2019-01-27,2.0,1.0,103381,tiquinho-soares,2019-01-27,False
18/19,Lesão nos adutores,2018-08-05,2018-09-26,53.0,7.0,103381,tiquinho-soares,2018-09-26,False
17/18,Rotura muscular na coxa,2018-02-26,2018-03-15,18.0,3.0,103381,tiquinho-soares,2018-03-15,False
17/18,Problemas físicos,2017-10-12,2017-11-22,42.0,9.0,103381,tiquinho-soares,2017-11-22,False
17/18,lesão na perna,2017-08-09,2017-08-28,20.0,3.0,103381,tiquinho-soares,2017-08-28,False
24/25,Ligamento intra-articular rasgado do joelho,2025-05-21,2025-07-16,57.0,8.0,787238,erison,2025-07-16,False
23/24,Lesão na coxa,2024-06-09,2024-07-07,29.0,6.0,787238,erison,2024-07-07,False
23/24,Lesão na coxa,2023-07-30,2023-09-04,37.0,9.0,787238,erison,2023-09-04,False
22/23,Ligamento Esticado,2023-04-15,2023-07-10,87.0,23.0,787238,erison,2023-07-10,True
22/23,Ligamento Esticado,2023-02-09,2023-03-08,28.0,5.0,787238,erison,2023-03-08,False
24/25,Problemas físicos,2024-11-03,2024-11-15,13.0,1.0,26267,fernandinho,2024-11-15,False
24/25,Lesão muscular,2024-08-23,2024-10-25,64.0,12.0,26267,fernandinho,2024-10-25,True
20/21,Choque,2021-02-08,2021-02-16,9.0,2.0,26267,fernandinho,2021-02-16,False
20/21,Choque,2020-10-22,2020-11-24,34.0,6.0,26267,fernandinho,2020-11-24,False
19/20,Choque,2020-01-23,2020-02-01,10.0,2.0,26267,fernandinho,2020-02-01,False
18/19,Problemas no Joelho,2019-06-20,2019-06-30,11.0,2.0,26267,fernandinho,2019-06-30,False
18/19,Lesão no joelho,2019-04-25,2019-06-04,41.0,4.0,26267,fernandinho,2019-06-04,False
18/19,Choque,2019-04-10,2019-04-15,6.0,1.0,26267,fernandinho,2019-04-15,False
18/19,Lesão muscular,2019-02-25,2019-03-30,34.0,7.0,26267,fernandinho,2019-03-30,False
18/19,Rotura muscular na coxa,2018-12-15,2018-12-28,14.0,3.0,26267,fernandinho,2018-12-28,False
18/19,Rotura muscular na coxa,2018-12-09,2018-12-14,6.0,1.0,26267,fernandinho,2018-12-14,False
18/19,Choque,2018-08-20,2018-08-24,5.0,,26267,fernandinho,2018-08-24,False
17/18,Lesão na coxa,2018-02-26,2018-03-11,14.0,3.0,26267,fernandinho,2018-03-11,False
16/17,Choque,2016-11-02,2016-11-04,3.0,,26267,fernandinho,2016-11-04,False
15/16,Choque,2016-01-07,2016-01-21,15.0,3.0,26267,fernandinho,2016-01-21,False
13/14,Lesão muscular,2014-01-30,2014-02-17,19.0,3.0,26267,fernandinho,2014-02-17,False
13/14,Choque,2013-11-09,2013-11-23,15.0,3.0,26267,fernandinho,2013-11-23,False
11/12,Lesão na tíbia,2011-10-25,2011-11-10,17.0,,26267,fernandinho,2011-11-10,False
10/11,Fratura da tíbia,2010-09-10,2011-03-30,202.0,24.0,26267,fernandinho,2011-03-30,True
24/25,Traumatismo craniano,2025-05-15,2025-06-16,33.0,5.0,457533,agustin-canobbio,2025-06-16,False
24/25,Edema do osso,2024-10-19,2024-11-30,43.0,7.0,457533,agustin-canobbio,2024-11-30,False
23/24,Lesão no tornozelo,2024-05-05,2024-05-14,10.0,1.0,457533,agustin-canobbio,2024-05-14,False
21/22,Problemas físicos,2022-06-10,2022-06-27,18.0,6.0,457533,agustin-canobbio,2022-06-27,False
21/22,Fratura na face,2022-03-06,2022-04-08,34.0,4.0,457533,agustin-canobbio,2022-04-08,False
20/21,lesão na perna,2020-08-30,2020-11-23,86.0,13.0,457533,agustin-canobbio,2020-11-23,True
18/19,Gestão de esforço,2019-05-25,2019-05-27,3.0,1.0,457533,agustin-canobbio,2019-05-27,False
18/19,Gestão de esforço,2019-03-02,2019-03-05,4.0,1.0,457533,agustin-canobbio,2019-03-05,False
17/18,Gripe gastrointestinal,2018-04-12,2018-04-17,6.0,1.0,457533,agustin-canobbio,2018-04-17,False
20/21,Lesão no pé,2021-04-26,2021-05-10,15.0,3.0,68778,marlos,2021-05-10,False
19/20,Lesão muscular,2020-03-03,2020-04-15,44.0,1.0,68778,marlos,2020-04-15,False
19/20,Lesão na virilha,2019-11-10,2019-11-19,10.0,2.0,68778,marlos,2019-11-19,False
19/20,Problemas na tibiotársica,2019-11-07,2019-12-02,26.0,5.0,68778,marlos,2019-12-02,False
19/20,Lesão muscular,2019-10-30,2019-11-05,7.0,1.0,68778,marlos,2019-11-05,False
18/19,Lesão na anca,2019-04-09,2019-05-23,45.0,9.0,68778,marlos,2019-05-23,False
18/19,Lesão nos adutores,2019-03-23,2019-04-02,11.0,1.0,68778,marlos,2019-04-02,False
18/19,Lesão desconhecida,2018-11-19,2018-12-04,16.0,4.0,68778,marlos,2018-12-04,False
18/19,Lesão desconhecida,2018-10-22,2018-12-06,46.0,10.0,68778,marlos,2018-12-06,False
17/18,Problemas musculares na coxa,2018-04-25,2018-05-07,13.0,2.0,68778,marlos,2018-05-07,False
16/17,Choque,2017-05-30,2017-06-02,4.0,1.0,68778,marlos,2017-06-02,False
16/17,Problemas musculares na coxa,2017-04-04,2017-04-07,4.0,1.0,68778,marlos,2017-04-07,False
16/17,Lesão na virilha,2016-08-05,2016-08-08,4.0,1.0,68778,marlos,2016-08-08,False
13/14,Entorse do tornozelo,2014-04-25,2014-06-30,67.0,5.0,68778,marlos,2014-06-30,True
13/14,Lesão desconhecida,2013-09-30,2013-11-11,43.0,5.0,68778,marlos,2013-11-11,False
13/14,Lesão na virilha,2013-08-11,2013-09-01,22.0,3.0,68778,marlos,2013-09-01,False
25/26,Lesão no tornozelo,2026-03-09,2026-03-17,9.0,2.0,943837,vitor-roque,2026-03-17,False
24/25,Lesão na coxa,2025-04-21,2025-04-26,6.0,1.0,943837,vitor-roque,2025-04-26,False
24/25,Contusão no tornozelo,2024-09-25,2024-09-27,3.0,1.0,943837,vitor-roque,2024-09-27,False
23/24,Contusão no tornozelo,2023-09-23,2023-11-24,63.0,14.0,943837,vitor-roque,2023-11-24,True
24/25,Lesão no pé,2025-01-17,2025-04-13,87.0,18.0,894532,young,2025-04-13,True
25/26,Lesão nos adutores,2025-09-22,2025-10-04,13.0,3.0,466336,nahuel-ferraresi,2025-10-04,False
22/23,Rotura de ligamentos no joelho,2023-01-22,2023-09-25,247.0,58.0,466336,nahuel-ferraresi,2023-09-25,True
24/25,Lesão na coxa,2024-08-18,2024-09-05,19.0,4.0,929866,joao-moreira,2024-09-05,False
23/24,Lesão na coxa,2024-04-04,2024-04-29,26.0,6.0,929866,joao-moreira,2024-04-29,False
23/24,Lesão muscular,2024-02-14,2024-03-02,18.0,4.0,929866,joao-moreira,2024-03-02,False
22/23,Lesão dos ligamentos laterais do joelho,2022-10-29,2023-07-07,252.0,41.0,929866,joao-moreira,2023-07-07,True
22/23,Lesão meniscal,2022-09-03,2022-10-11,39.0,9.0,929866,joao-moreira,2022-10-11,False
21/22,Entorse do tornozelo,2022-06-05,2022-06-17,13.0,3.0,929866,joao-moreira,2022-06-17,False
22/23,Pancada na coxa,2022-11-04,2022-11-17,14.0,3.0,648309,andres-colorado,2022-11-17,False
21/22,Ruptura muscular na coxa,2022-06-14,2022-07-17,34.0,9.0,648309,andres-colorado,2022-07-17,False
21/22,Ruptura muscular na coxa,2022-05-08,2022-06-11,35.0,8.0,648309,andres-colorado,2022-06-11,False
25/26,Entorse do tornozelo,2026-03-21,,5.0,1.0,567249,giuliano-galoppo,2026-03-26,False
24/25,Problemas musculares na coxa,2025-03-30,2025-04-16,18.0,4.0,567249,giuliano-galoppo,2025-04-16,False
24/25,Rotura muscular na coxa,2025-02-20,2025-03-26,35.0,6.0,567249,giuliano-galoppo,2025-03-26,False
24/25,Artroscopia,2024-11-27,2025-01-12,47.0,3.0,567249,giuliano-galoppo,2025-01-12,False
24/25,Traumatismo no pé,2024-07-22,2024-08-21,31.0,8.0,567249,giuliano-galoppo,2024-08-21,False
24/25,Lesão no pé,2024-07-04,2024-07-16,13.0,2.0,567249,giuliano-galoppo,2024-07-16,False
22/23,Lesão no joelho,2023-03-13,2023-11-17,250.0,53.0,567249,giuliano-galoppo,2023-11-17,True
20/21,Coronavírus,2021-04-04,2021-04-16,13.0,2.0,567249,giuliano-galoppo,2021-04-16,False
18/19,Rotura parcial de ligamento,2019-04-22,2019-10-22,184.0,11.0,567249,giuliano-galoppo,2019-10-22,True
22/23,Pubalgia,2023-01-06,2023-07-01,177.0,30.0,601577,andre-anderson,2023-07-01,True
22/23,Problemas musculares,2022-07-06,2022-10-05,92.0,24.0,601577,andre-anderson,2022-10-05,True
21/22,Coronavírus,2022-01-13,2022-01-21,9.0,2.0,601577,andre-anderson,2022-01-21,False
20/21,Lesão nos adutores,2020-10-27,2020-11-22,27.0,2.0,601577,andre-anderson,2020-11-22,False
20/21,Lesão nos adutores,2020-09-03,2020-09-12,10.0,,601577,andre-anderson,2020-09-12,False
19/20,Lesão desconhecida,2020-06-13,2020-06-20,8.0,,601577,andre-anderson,2020-06-20,False
19/20,Lesão desconhecida,2020-01-23,2020-01-29,7.0,1.0,601577,andre-anderson,2020-01-29,False
25/26,Lesão no tornozelo,2026-02-09,2026-03-11,31.0,4.0,743593,rodriguinho,2026-03-11,False
25/26,Problemas no Joelho,2025-10-26,2026-01-31,98.0,14.0,743593,rodriguinho,2026-01-31,True
24/25,Entorse do tornozelo,2025-05-15,2025-05-19,5.0,1.0,743593,rodriguinho,2025-05-19,False
24/25,Problemas no Joelho,2025-02-06,2025-04-12,66.0,11.0,743593,rodriguinho,2025-04-12,True
23/24,Entorse do tornozelo,2024-02-14,2024-02-25,12.0,2.0,743593,rodriguinho,2024-02-25,False
22/23,Problemas nas costas,2022-11-03,2022-11-17,15.0,3.0,743593,rodriguinho,2022-11-17,False
25/26,Lesão no joelho,2025-12-31,2026-03-05,65.0,10.0,980853,gabriel-maioli,2026-03-05,True
25/26,Lesão tornozelo,2025-10-11,2025-11-27,48.0,6.0,980853,gabriel-maioli,2025-11-27,False
24/25,Lesão tornozelo,2025-03-08,2025-04-12,36.0,4.0,980853,gabriel-maioli,2025-04-12,False
25/26,Distensão muscular,2025-09-20,2025-09-24,5.0,1.0,439629,nahuel-bustos,2025-09-24,False
23/24,Problemas musculares,2023-09-18,2023-09-28,11.0,2.0,439629,nahuel-bustos,2023-09-28,False
22/23,Muskelbündelriss,2023-03-01,2023-04-12,43.0,5.0,439629,nahuel-bustos,2023-04-12,False
22/23,Problemas musculares na coxa,2022-09-30,2022-11-03,35.0,7.0,84695,maicon,2022-11-03,False
20/21,Lesão muscular,2020-10-18,2020-10-31,14.0,2.0,84695,maicon,2020-10-31,False
18/19,Lesão desconhecida,2018-09-03,2018-09-15,13.0,1.0,84695,maicon,2018-09-15,False
15/16,Fadiga muscular,2016-02-08,2016-02-19,12.0,2.0,84695,maicon,2016-02-19,False
15/16,Fibra muscular rasgado,2015-10-05,2015-11-02,29.0,3.0,84695,maicon,2015-11-02,False
12/13,Flambagem do osso,2012-11-03,2012-12-17,45.0,8.0,84695,maicon,2012-12-17,False
09/10,Flambagem do osso,2009-12-09,2009-12-16,8.0,1.0,84695,maicon,2009-12-16,False
22/23,Lesão do ligamento cruzado,2023-03-27,2024-01-01,281.0,19.0,661852,leonardo-zabala,2024-01-01,True
25/26,Lesão no pé,2026-03-12,,14.0,3.0,984096,jair-cunha,2026-03-26,False
24/25,Lesão no tornozelo,2025-04-21,2025-04-25,5.0,1.0,984096,jair-cunha,2025-04-25,False
22/23,Lesão do ligamento cruzado,2023-01-12,2023-10-07,269.0,,984096,jair-cunha,2023-10-07,True
23/24,Cirurgia Ligamento Cruzado,2024-02-05,2024-11-05,275.0,46.0,1032891,kevyson,2024-11-05,True
23/24,Lesão do ligamento cruzado,2024-02-05,2024-11-01,271.0,45.0,1032891,kevyson,2024-11-01,True
24/25,Lesão desconhecida,2024-07-18,2024-09-15,60.0,8.0,294796,auro,2024-09-15,True
19/20,Lesão tornozelo,2020-09-14,2020-10-06,23.0,4.0,294796,auro,2020-10-06,False
18/19,Lesão muscular,2019-04-01,2019-04-17,17.0,2.0,294796,auro,2019-04-17,False
18/19,Lesão muscular,2018-08-05,2018-09-20,47.0,7.0,294796,auro,2018-09-20,False
17/18,Lesão muscular,2018-06-25,2018-07-31,37.0,8.0,294796,auro,2018-07-31,False
24/25,Gripe gastrointestinal,2025-04-25,2025-04-29,5.0,1.0,458047,rodrigo-fernandez-cedres,2025-04-29,False
24/25,Lesão muscular,2024-09-28,2024-10-23,26.0,2.0,458047,rodrigo-fernandez-cedres,2024-10-23,False
24/25,Lesão no joelho,2024-07-21,2024-08-05,16.0,3.0,458047,rodrigo-fernandez-cedres,2024-08-05,False
24/25,Queixas adutores,2024-12-10,2024-12-22,13.0,1.0,280157,gabriel-carabajal,2024-12-22,False
24/25,Fratura no tornozelo,2024-09-01,2024-10-07,37.0,5.0,390926,jhojan-julio,2024-10-07,False
22/23,Fratura de metacarpo,2023-02-26,2023-04-02,36.0,6.0,390926,jhojan-julio,2023-04-02,False
19/20,Lesão no joelho,2020-01-06,2020-06-11,158.0,7.0,390926,jhojan-julio,2020-06-11,True
18/19,Fratura maxilar,2019-03-28,2019-04-18,22.0,5.0,390926,jhojan-julio,2019-04-18,False
24/25,Lesão desconhecida,2025-03-01,2025-03-18,18.0,2.0,959106,weslley-patati,2025-03-18,False
22/23,Distensão da panturrilha,2023-04-03,2023-04-18,16.0,3.0,319911,bryan-angulo,2023-04-18,False
17/18,Problemas no Joelho,2017-07-08,2017-07-20,13.0,2.0,319911,bryan-angulo,2017-07-20,False
25/26,Lesão muscular,2026-03-14,,12.0,1.0,973569,rwan-cruz,2026-03-26,False
23/24,Problemas gástricos,2023-09-28,2023-09-30,3.0,1.0,661136,kevin-lomonaco,2023-09-30,False
24/25,Lesão na coxa,2025-05-19,2025-06-11,24.0,3.0,921863,douglas-mendes,2025-06-11,False
25/26,Problemas físicos,2025-08-04,2025-09-13,41.0,7.0,680506,jose-andres-hurtado,2025-09-13,False
24/25,Fadiga muscular,2025-05-06,2025-05-17,12.0,1.0,680506,jose-andres-hurtado,2025-05-17,False
24/25,Problemas musculares na coxa,2025-02-16,2025-03-01,14.0,3.0,680506,jose-andres-hurtado,2025-03-01,False
24/25,Lesão na coxa,2024-10-20,2024-11-01,13.0,1.0,680506,jose-andres-hurtado,2024-11-01,False
24/25,Lesão na coxa,2024-07-18,2024-08-09,23.0,6.0,680506,jose-andres-hurtado,2024-08-09,False
23/24,Lesão no tornozelo,2024-04-25,2024-05-27,33.0,7.0,680506,jose-andres-hurtado,2024-05-27,False
22/23,Lesão nos adutores,2023-03-22,2023-04-17,27.0,4.0,680506,jose-andres-hurtado,2023-04-17,False
22/23,Lesão desconhecida,2022-10-03,2023-01-15,105.0,13.0,680506,jose-andres-hurtado,2023-01-15,True
25/26,Lesão no pé,2025-08-21,2025-09-29,40.0,5.0,994622,cipriano,2025-09-29,False
24/25,Lesão na coxa,2025-02-13,2025-07-26,164.0,18.0,994622,cipriano,2025-07-26,True
24/25,Lesão no tornozelo,2025-01-26,2025-02-08,14.0,3.0,994622,cipriano,2025-02-08,False
24/25,Lesão muscular,2024-12-23,2025-01-21,30.0,4.0,994622,cipriano,2025-01-21,False
22/23,Rotura muscular,2023-03-23,2023-04-02,11.0,1.0,193937,mario-pineida,2023-04-02,False
22/23,Lesão desconhecida,2022-10-07,2022-12-31,86.0,8.0,193937,mario-pineida,2022-12-31,True
21/22,Lesão muscular,2021-08-25,2021-08-31,7.0,1.0,193937,mario-pineida,2021-08-31,False
20/21,Coronavírus,2020-11-16,2020-12-01,16.0,5.0,193937,mario-pineida,2020-12-01,False
18/19,Fratura da mão,2019-05-13,2019-05-26,14.0,3.0,193937,mario-pineida,2019-05-26,False
17/18,Lesão muscular,2017-11-20,2017-12-31,42.0,3.0,193937,mario-pineida,2017-12-31,False
17/18,Lesão na coxa,2017-08-11,2017-09-30,51.0,10.0,193937,mario-pineida,2017-09-30,False
17/18,Lesão muscular,2017-07-07,2017-08-02,27.0,4.0,193937,mario-pineida,2017-08-02,False
16/17,Lesão muscular,2016-08-22,2016-09-01,11.0,1.0,193937,mario-pineida,2016-09-01,False
16/17,Lesão no ombro,2016-08-01,2016-08-15,15.0,1.0,193937,mario-pineida,2016-08-15,False
19/20,Lesão desconhecida,2020-07-05,2020-08-05,32.0,6.0,375813,cristiano,2020-08-05,False
25/26,Rotura de ligamentos no joelho,2026-01-31,,54.0,12.0,997714,alexsander,2026-03-26,False
25/26,Estiramento do ligamento colateral interno do joelho,2025-09-25,2025-10-20,26.0,6.0,997714,alexsander,2025-10-20,False
24/25,Fratura de um dedo,2025-01-23,2025-03-08,45.0,9.0,997714,alexsander,2025-03-08,False
24/25,Lesão na coxa,2024-07-22,2024-07-31,10.0,2.0,997714,alexsander,2024-07-31,False
22/23,Lesão no joelho,2023-05-12,2023-09-04,116.0,21.0,997714,alexsander,2023-09-04,True
24/25,Problemas cardíacos,2024-11-01,2025-03-29,149.0,1.0,73460,alan,2025-03-29,True
24/25,Lesão desconhecida,2024-09-23,2024-10-13,21.0,2.0,73460,alan,2024-10-13,False
23/24,Lesão muscular,2024-06-06,2024-06-23,18.0,3.0,73460,alan,2024-06-23,False
14/15,Rotura dos ligamentos cruzados,2015-03-03,2015-08-03,154.0,27.0,73460,alan,2015-08-03,True
14/15,Lesão desconhecida,2014-10-27,2014-11-20,25.0,4.0,73460,alan,2014-11-20,False
14/15,Fratura de metacarpo,2014-08-10,2014-08-18,9.0,1.0,73460,alan,2014-08-18,False
14/15,Gripe,2014-08-04,2014-08-09,6.0,,73460,alan,2014-08-09,False
13/14,Tensão muscular,2014-02-27,2014-03-18,20.0,4.0,73460,alan,2014-03-18,False
12/13,Problemas musculares,2013-04-08,2013-04-17,10.0,2.0,73460,alan,2013-04-17,False
11/12,Rotura dos ligamentos cruzados,2011-08-28,2013-01-05,497.0,68.0,73460,alan,2013-01-05,True
11/12,Problemas na virilha,2011-08-07,2011-08-13,7.0,,73460,alan,2011-08-13,False
10/11,Angina,2011-05-10,2011-05-18,9.0,2.0,73460,alan,2011-05-18,False
25/26,Lesão no peito,2025-12-04,2026-01-14,42.0,2.0,262851,emanuel-britez,2026-01-14,False
25/26,Pneumonia,2025-11-19,2025-11-25,7.0,1.0,262851,emanuel-britez,2025-11-25,False
25/26,Problemas musculares na coxa,2025-07-20,2025-08-08,20.0,3.0,262851,emanuel-britez,2025-08-08,False
24/25,Entorse do tornozelo,2025-01-29,2025-05-05,97.0,19.0,262851,emanuel-britez,2025-05-05,True
24/25,Problemas musculares na coxa,2024-08-15,2024-08-20,6.0,1.0,262851,emanuel-britez,2024-08-20,False
22/23,Lesão muscular,2023-05-03,2023-05-19,17.0,2.0,410696,anthony-landazuri,2023-05-19,False
24/25,Lesão na cabeça,2025-05-26,2025-06-12,18.0,2.0,650863,brayan-ceballos,2025-06-12,False
24/25,Problemas musculares na coxa,2024-09-25,2024-11-03,40.0,7.0,650863,brayan-ceballos,2024-11-03,False
24/25,Lesão na cabeça,2024-09-18,2024-09-21,4.0,,650863,brayan-ceballos,2024-09-21,False
25/26,Problemas na panturrilha,2025-08-25,2025-09-19,26.0,2.0,121986,lucas-sasha,2025-09-19,False
24/25,Fratura do antebraço,2025-05-18,2025-07-08,52.0,5.0,121986,lucas-sasha,2025-07-08,False
24/25,Lesão na panturrilha,2024-09-18,2024-11-21,65.0,8.0,121986,lucas-sasha,2024-11-21,True
23/24,Estiramento do ligamento colateral interno do joelho,2024-04-29,2024-06-09,42.0,10.0,121986,lucas-sasha,2024-06-09,False
18/19,Fratura maxilar,2018-08-09,2018-09-14,37.0,7.0,121986,lucas-sasha,2018-09-14,False
25/26,Rotura do menisco,2025-09-08,2026-03-08,182.0,4.0,282513,fabricio-baiano,2026-03-08,True
24/25,Lesão do ligamento cruzado,2024-09-23,2025-08-07,319.0,36.0,282513,fabricio-baiano,2025-08-07,True
22/23,Problemas no Joelho,2022-11-04,2023-02-04,93.0,7.0,282513,fabricio-baiano,2023-02-04,True
22/23,Lesão desconhecida,2022-10-07,2022-10-20,14.0,2.0,282513,fabricio-baiano,2022-10-20,False
21/22,Lesão desconhecida,2021-09-21,2021-10-09,19.0,2.0,282513,fabricio-baiano,2021-10-09,False
20/21,Lesão desconhecida,2021-04-28,2021-05-16,19.0,4.0,282513,fabricio-baiano,2021-05-16,False
20/21,Coronavírus,2021-01-16,2021-01-27,12.0,3.0,282513,fabricio-baiano,2021-01-27,False
20/21,Lesão desconhecida,2020-12-06,2020-12-20,15.0,3.0,282513,fabricio-baiano,2020-12-20,False
19/20,Lesão desconhecida,2020-07-20,2020-07-26,7.0,1.0,282513,fabricio-baiano,2020-07-26,False
19/20,Lesão desconhecida,2020-07-07,2020-07-18,12.0,1.0,282513,fabricio-baiano,2020-07-18,False
19/20,Lesão desconhecida,2019-10-05,2019-11-04,31.0,4.0,282513,fabricio-baiano,2019-11-04,False
19/20,Lesão no joelho,2019-08-01,2019-08-19,19.0,3.0,282513,fabricio-baiano,2019-08-19,False
18/19,Lesão desconhecida,2019-01-07,2019-02-06,31.0,4.0,282513,fabricio-baiano,2019-02-06,False
25/26,Lesão nos adutores,2025-12-13,2026-02-07,57.0,8.0,982617,hercules,2026-02-07,False
23/24,Rotura dos ligamentos cruzados,2023-07-10,2024-03-28,263.0,46.0,982617,hercules,2024-03-28,True
24/25,Problemas musculares na coxa,2025-04-14,2025-10-14,184.0,32.0,788361,moises,2025-10-14,True
24/25,Problemas musculares na coxa,2024-09-15,2024-10-03,19.0,4.0,788361,moises,2024-10-03,False
23/24,Problemas musculares na coxa,2024-06-10,2024-07-06,27.0,7.0,788361,moises,2024-07-06,False
22/23,Traumatismo no pé,2023-05-10,2023-05-16,7.0,2.0,788361,moises,2023-05-16,False
22/23,Fratura do Metatarso,2023-01-14,2023-03-23,69.0,16.0,788361,moises,2023-03-23,True
24/25,Traumatismo grade costal,2024-10-15,2024-10-29,15.0,2.0,88082,silvio-romero,2024-10-29,False
20/21,Coronavírus,2021-03-26,2021-04-06,12.0,2.0,88082,silvio-romero,2021-04-06,False
19/20,Problemas musculares na coxa,2019-09-30,2019-10-08,9.0,1.0,88082,silvio-romero,2019-10-08,False
21/22,Problemas no Joelho,2021-11-16,2021-11-28,13.0,1.0,353807,wellington-nascimento,2021-11-28,False
25/26,ferimento facial,2025-10-24,2025-11-05,13.0,3.0,875332,arthur-chaves,2025-11-05,False
24/25,Gestão de esforço,2024-12-01,2024-12-01,1.0,,875332,arthur-chaves,2024-12-01,False
18/19,Lesão muscular,2018-08-04,2018-08-21,18.0,4.0,421195,ayrton-cougo,2018-08-21,False
17/18,Recuperação ritmo competitivo,2018-04-13,2018-04-22,10.0,2.0,421195,ayrton-cougo,2018-04-22,False
17/18,Lesão muscular,2018-03-25,2018-04-12,19.0,3.0,421195,ayrton-cougo,2018-04-12,False
17/18,Lesão no joelho,2018-02-06,2018-02-14,9.0,1.0,421195,ayrton-cougo,2018-02-14,False
16/17,Problemas físicos,2017-06-05,2017-06-27,23.0,3.0,421195,ayrton-cougo,2017-06-27,False
22/23,Lesão desconhecida,2022-10-03,2022-11-10,39.0,8.0,593654,diego-matos,2022-11-10,False
11/12,Distensão muscular,2012-05-07,2012-05-14,8.0,1.0,74249,muriqui,2012-05-14,False
25/26,Lesão muscular,2026-03-11,2026-03-16,6.0,1.0,985172,david-ricardo,2026-03-16,False
25/26,Lesão na coxa,2025-08-15,2025-08-20,6.0,1.0,985172,david-ricardo,2025-08-20,False
24/25,Problemas musculares na coxa,2025-05-19,2025-05-31,13.0,2.0,985172,david-ricardo,2025-05-31,False
25/26,Lesão no calcanhar,2025-10-06,2025-11-01,27.0,4.0,980463,marcos-victor,2025-11-01,False
22/23,Lesão no joelho,2023-04-07,2023-07-01,86.0,14.0,980463,marcos-victor,2023-07-01,True
13/14,Rotura dos ligamentos cruzados,2013-05-15,2014-02-25,287.0,30.0,55042,diego-rigonato,2014-02-25,True
22/23,Problemas musculares,2022-10-10,2022-10-29,20.0,3.0,389010,jhon-vasquez,2022-10-29,False
21/22,Lesão desconhecida,2021-08-26,2021-10-18,54.0,,52787,dentinho,2021-10-18,False
20/21,Lesão na panturrilha,2021-02-10,2021-02-28,19.0,4.0,52787,dentinho,2021-02-28,False
20/21,Lesão desconhecida,2020-10-27,2020-11-15,20.0,3.0,52787,dentinho,2020-11-15,False
18/19,Lesão desconhecida,2019-02-02,2019-02-18,17.0,1.0,52787,dentinho,2019-02-18,False
18/19,Fadiga muscular,2018-12-07,2018-12-31,25.0,1.0,52787,dentinho,2018-12-31,False
18/19,Lesão desconhecida,2018-09-18,2018-10-09,22.0,5.0,52787,dentinho,2018-10-09,False
18/19,Lesão desconhecida,2018-08-01,2018-09-10,41.0,5.0,52787,dentinho,2018-09-10,False
16/17,Problemas no Joelho,2017-02-16,2017-04-17,61.0,9.0,52787,dentinho,2017-04-17,True
15/16,Pequena lesão,2016-04-25,2016-05-02,8.0,2.0,52787,dentinho,2016-05-02,False
13/14,Síndrome gripal,2013-12-12,2013-12-16,5.0,,52787,dentinho,2013-12-16,False
12/13,Fibra muscular rasgado,2013-02-04,2013-03-14,39.0,5.0,52787,dentinho,2013-03-14,False
23/24,Lesão desconhecida,2024-06-02,2024-07-16,45.0,10.0,366450,iury-castilho,2024-07-16,False
23/24,Lesão na coxa,2024-04-26,2024-05-11,16.0,3.0,366450,iury-castilho,2024-05-11,False
19/20,Lesão nos adutores,2019-09-11,2019-09-19,9.0,1.0,366450,iury-castilho,2019-09-19,False
25/26,Lesão desconhecida,2026-02-09,2026-02-23,15.0,1.0,419932,cristhian-rivas,2026-02-23,False
24/25,Lesão muscular,2025-04-03,2025-07-13,102.0,17.0,79242,gabriel,2025-07-13,True
24/25,Problemas musculares na coxa,2024-07-15,2024-07-20,6.0,1.0,79242,gabriel,2024-07-20,False
21/22,Lesão desconhecida,2022-03-08,2022-04-05,29.0,4.0,79242,gabriel,2022-04-05,False
19/20,Problemas nas costas,2020-01-27,2020-02-13,18.0,2.0,79242,gabriel,2020-02-13,False
13/14,Lesão no ombro,2013-08-16,2013-09-13,29.0,4.0,79242,gabriel,2013-09-13,False
24/25,Lesão no joelho,2024-08-26,2024-12-31,128.0,20.0,213614,jhon-chancellor,2024-12-31,True
20/21,Problemas musculares,2021-04-11,2021-05-09,29.0,4.0,213614,jhon-chancellor,2021-05-09,False
19/20,Rotura muscular,2020-06-11,2020-07-04,24.0,3.0,213614,jhon-chancellor,2020-07-04,False
19/20,Rotura muscular na coxa,2019-10-27,2019-11-20,25.0,4.0,213614,jhon-chancellor,2019-11-20,False
23/24,Problemas no Joelho,2024-06-03,2024-06-12,10.0,1.0,179276,guillermo-de-los-santos,2024-06-12,False
15/16,Recuperação ritmo competitivo,2016-04-06,2016-04-20,15.0,1.0,179276,guillermo-de-los-santos,2016-04-20,False
15/16,Rotura dos ligamentos cruzados,2015-09-28,2016-04-05,191.0,18.0,179276,guillermo-de-los-santos,2016-04-05,True
23/24,Recuperação ritmo competitivo,2024-05-15,2024-05-30,16.0,3.0,874307,thalisson,2024-05-30,False
23/24,Lesão no ombro,2024-02-20,2024-05-15,86.0,11.0,874307,thalisson,2024-05-15,True
21/22,Lesão desconhecida,2021-07-26,2021-08-04,10.0,1.0,251773,jesus-trindade,2021-08-04,False
20/21,Lesão desconhecida,2021-03-10,2021-03-17,8.0,1.0,251773,jesus-trindade,2021-03-17,False
25/26,Lesão muscular,2026-03-01,,25.0,3.0,1056021,geovane-meurer,2026-03-26,False
24/25,Distensão muscular,2025-05-03,2025-05-06,4.0,1.0,661269,matias-galarza,2025-05-06,False
20/21,Lesão muscular,2021-06-23,2021-07-08,16.0,3.0,421191,pablo-garcia,2021-07-08,False
20/21,Lesão nas costas,2021-04-25,2021-05-20,26.0,5.0,421191,pablo-garcia,2021-05-20,False
20/21,Rotura da fibra muscular,2020-10-13,2020-11-27,46.0,8.0,421191,pablo-garcia,2020-11-27,False
20/21,Muskelbündelriss,2020-09-08,2020-09-24,17.0,4.0,421191,pablo-garcia,2020-09-24,False
25/26,Lesão muscular,2025-07-11,2025-09-11,63.0,3.0,653610,igor-paixao,2025-09-11,True
24/25,Problemas musculares na coxa,2025-03-10,2025-03-15,6.0,1.0,653610,igor-paixao,2025-03-15,False
24/25,Lesão no bíceps femoral,2024-12-14,2024-12-22,9.0,1.0,653610,igor-paixao,2024-12-22,False
23/24,Lesão na coxa,2024-04-21,2024-05-02,12.0,1.0,653610,igor-paixao,2024-05-02,False
18/19,Lesão no joelho,2019-01-10,2019-02-21,43.0,9.0,73636,hernan-perez,2019-02-21,False
18/19,Lesão na coxa,2018-10-27,2018-11-24,29.0,4.0,73636,hernan-perez,2018-11-24,False
17/18,Lesão no joelho,2018-04-26,2018-05-26,31.0,4.0,73636,hernan-perez,2018-05-26,False
16/17,Lesão tornozelo,2017-04-17,2017-04-28,12.0,2.0,73636,hernan-perez,2017-04-28,False
16/17,Tensão muscular,2016-12-12,2016-12-22,11.0,1.0,73636,hernan-perez,2016-12-22,False
15/16,Rotura muscular na coxa,2016-02-08,2016-02-24,17.0,2.0,73636,hernan-perez,2016-02-24,False
15/16,Febre,2015-08-10,2015-08-17,8.0,,73636,hernan-perez,2015-08-17,False
13/14,Rotura dos ligamentos cruzados,2014-04-14,2014-10-15,185.0,17.0,73636,hernan-perez,2014-10-15,True
25/26,Problemas musculares na coxa,2026-03-16,,10.0,2.0,766258,kaio-cesar,2026-03-26,False
25/26,Lesão na coxa,2026-02-06,2026-03-14,37.0,8.0,766258,kaio-cesar,2026-03-14,False
24/25,Lesão na coxa,2025-05-16,2025-06-24,40.0,4.0,766258,kaio-cesar,2025-06-24,False
25/26,Entorse do tornozelo,2026-02-27,2026-03-12,14.0,3.0,598769,adrian-martinez,2026-03-12,False
25/26,Distensão muscular,2025-10-30,2025-11-05,7.0,1.0,598769,adrian-martinez,2025-11-05,False
25/26,Problemas na tibiotársica,2025-10-04,2025-10-14,11.0,2.0,598769,adrian-martinez,2025-10-14,False
24/25,Edema no joelho,2025-03-05,2025-03-14,10.0,1.0,598769,adrian-martinez,2025-03-14,False
24/25,Distensão muscular,2025-03-01,2025-03-04,4.0,1.0,598769,adrian-martinez,2025-03-04,False
24/25,Problemas musculares,2025-02-10,2025-02-17,8.0,2.0,598769,adrian-martinez,2025-02-17,False
24/25,Lesão muscular,2024-12-05,2024-12-31,27.0,2.0,598769,adrian-martinez,2024-12-31,False
23/24,Entorse do tornozelo,2024-05-29,2024-07-15,48.0,1.0,598769,adrian-martinez,2024-07-15,False
23/24,Lesão tendinosa do bicípete femoral,2023-10-26,2023-11-02,8.0,1.0,598769,adrian-martinez,2023-11-02,False
24/25,Lesão desconhecida,2025-03-03,2025-08-01,152.0,15.0,143817,leo-gamalho,2025-08-01,True
23/24,Lesão no joelho,2024-01-06,2024-03-26,81.0,18.0,143817,leo-gamalho,2024-03-26,True
19/20,Lesão muscular,2019-08-01,2019-08-09,9.0,1.0,143817,leo-gamalho,2019-08-09,False
25/26,Problemas musculares,2025-09-28,2026-03-09,163.0,14.0,794925,edson-carioca,2026-03-09,True
24/25,Lesão muscular,2024-11-27,2025-01-14,49.0,2.0,794925,edson-carioca,2025-01-14,False
24/25,Lesão muscular,2024-11-10,2024-11-22,13.0,1.0,794925,edson-carioca,2024-11-22,False
23/24,Lesão no joelho,2024-05-30,2024-07-31,63.0,16.0,794925,edson-carioca,2024-07-31,True
23/24,Lesão muscular,2024-04-11,2024-05-29,49.0,4.0,794925,edson-carioca,2024-05-29,False
25/26,Rotura de sindesmose,2026-03-01,,25.0,6.0,977464,arthur,2026-03-26,False
25/26,Problemas nas costas,2025-11-19,2025-12-03,15.0,4.0,977464,arthur,2025-12-03,False
25/26,Doente,2025-09-12,2025-09-15,4.0,1.0,977464,arthur,2025-09-15,False
25/26,Lesão tornozelo,2025-08-01,2025-08-08,8.0,,977464,arthur,2025-08-08,False
23/24,Lesão muscular,2023-09-08,2024-04-07,213.0,37.0,977464,arthur,2024-04-07,True
24/25,Lesão na coxa,2025-04-21,2025-04-28,8.0,2.0,360526,emmanuel-martinez,2025-04-28,False
23/24,Lesão no joelho,2024-06-24,2024-08-04,42.0,9.0,360526,emmanuel-martinez,2024-08-04,False
23/24,Tendinite,2024-02-02,2024-03-16,44.0,8.0,360526,emmanuel-martinez,2024-03-16,False
22/23,Lesão desconhecida,2022-09-12,2022-12-31,111.0,12.0,360526,emmanuel-martinez,2022-12-31,True
21/22,Entorse da banda lateral,2022-04-01,2022-04-30,30.0,8.0,360526,emmanuel-martinez,2022-04-30,False
21/22,Entorse do tornozelo,2021-11-22,2021-12-06,15.0,1.0,360526,emmanuel-martinez,2021-12-06,False
25/26,Lesão ocular,2025-09-21,2025-09-27,7.0,1.0,195882,gonzalo-mastriani,2025-09-27,False
24/25,Problemas musculares,2025-05-04,2025-05-26,23.0,5.0,195882,gonzalo-mastriani,2025-05-26,False
24/25,Artroscopia,2024-10-30,2025-02-05,99.0,15.0,195882,gonzalo-mastriani,2025-02-05,True
23/24,Lesão na panturrilha,2024-06-27,2024-07-17,21.0,5.0,195882,gonzalo-mastriani,2024-07-17,False
18/19,Problemas físicos,2018-08-22,2018-08-28,7.0,1.0,195882,gonzalo-mastriani,2018-08-28,False
12/13,Lesão meniscal,2012-12-11,2013-01-11,32.0,,195882,gonzalo-mastriani,2013-01-11,False
25/26,Entorse do tornozelo,2026-02-09,,45.0,6.0,985351,renato-marques,2026-03-26,False
24/25,Lesão desconhecida,2025-01-04,2025-01-08,5.0,1.0,323876,thalisson,2025-01-08,False
23/24,Lesão desconhecida,2023-09-01,2023-11-01,62.0,6.0,1003436,lucas-ramires,2023-11-01,True
21/22,Coronavírus,2021-12-09,2021-12-27,19.0,5.0,388236,rodrigo-soares,2021-12-27,False
20/21,Lesão muscular,2020-08-25,2020-10-12,49.0,7.0,388236,rodrigo-soares,2020-10-12,False
18/19,Problemas no Joelho,2018-08-18,2018-08-27,10.0,1.0,388236,rodrigo-soares,2018-08-27,False
25/26,Traumatismo,2026-02-28,2026-03-08,9.0,1.0,1053933,ruan,2026-03-08,False
22/23,Lesão no joelho,2023-05-10,2023-07-17,69.0,11.0,552241,rodrigo-bassani,2023-07-17,True
25/26,Entorse do tornozelo,2026-01-10,2026-01-31,22.0,6.0,675178,isidro-pitta,2026-01-31,False
25/26,Lesão na coxa,2025-08-10,2025-11-01,84.0,11.0,675178,isidro-pitta,2025-11-01,True
22/23,Lesão no tornozelo,2022-11-03,2023-01-21,80.0,3.0,675178,isidro-pitta,2023-01-21,True
20/21,Problemas musculares,2021-01-27,2021-01-31,5.0,,27374,sidnei,2021-01-31,False
20/21,Muskelkater,2020-10-19,2020-11-19,32.0,3.0,27374,sidnei,2020-11-19,False
19/20,Doente,2020-06-14,2020-06-24,11.0,2.0,27374,sidnei,2020-06-24,False
19/20,Lesão no pé,2019-11-24,2019-12-18,25.0,3.0,27374,sidnei,2019-12-18,False
19/20,Lesão muscular,2019-09-18,2019-10-24,37.0,5.0,27374,sidnei,2019-10-24,False
18/19,Lesão no ombro,2018-12-23,2019-01-18,27.0,4.0,27374,sidnei,2019-01-18,False
18/19,Lesão no joelho,2018-11-12,2018-11-29,18.0,1.0,27374,sidnei,2018-11-29,False
17/18,Lesão muscular,2018-04-25,2018-06-11,48.0,4.0,27374,sidnei,2018-06-11,False
17/18,Lesão muscular,2018-04-10,2018-04-17,8.0,1.0,27374,sidnei,2018-04-17,False
17/18,Lesão na coxa,2018-01-28,2018-02-21,25.0,3.0,27374,sidnei,2018-02-21,False
17/18,Lesão na coxa,2018-01-16,2018-01-26,11.0,1.0,27374,sidnei,2018-01-26,False
17/18,Lesão muscular,2017-11-20,2017-11-30,11.0,2.0,27374,sidnei,2017-11-30,False
17/18,Lesão no joelho,2017-09-11,2017-09-28,18.0,3.0,27374,sidnei,2017-09-28,False
16/17,Problemas musculares,2017-04-27,2017-05-18,22.0,3.0,27374,sidnei,2017-05-18,False
16/17,Lesão na anca,2017-03-09,2017-03-30,22.0,2.0,27374,sidnei,2017-03-30,False
16/17,Lesão muscular,2016-09-12,2016-10-12,31.0,3.0,27374,sidnei,2016-10-12,False
15/16,Lesão muscular,2016-02-20,2016-04-02,43.0,5.0,27374,sidnei,2016-04-02,False
09/10,Problemas musculares,2009-12-18,2010-01-02,16.0,1.0,27374,sidnei,2010-01-02,False
23/24,lesão no braço,2023-08-31,2023-10-23,54.0,6.0,514297,reynaldo,2023-10-23,False
21/22,Operação ao tendão de Aquiles,2022-06-21,2022-10-26,128.0,21.0,129119,sidimar,2022-10-26,True
18/19,Fratura da clavícula,2018-10-07,2018-11-07,32.0,5.0,296903,artur,2018-11-07,False
25/26,Lesão na coxa,2026-03-16,,10.0,2.0,607093,savio,2026-03-26,False
25/26,Lesão na panturrilha,2026-01-23,2026-02-10,19.0,6.0,607093,savio,2026-02-10,False
25/26,Operado ao joelho,2026-02-06,,48.0,11.0,730708,hugo,2026-03-26,False
25/26,Problemas musculares na coxa,2025-07-14,2025-08-30,48.0,11.0,730708,hugo,2025-08-30,False
24/25,Lesão na panturrilha,2024-10-16,2024-10-30,15.0,4.0,730708,hugo,2024-10-30,False
21/22,Lesão no joelho,2022-04-30,2022-07-03,65.0,13.0,730708,hugo,2022-07-03,True
21/22,Lesão muscular,2021-07-09,2021-07-30,22.0,5.0,730708,hugo,2021-07-30,False
24/25,Entorse do tornozelo,2024-09-15,2024-11-05,52.0,5.0,350766,maguinho,2024-11-05,False
25/26,Problemas na panturrilha,2025-10-06,2025-11-01,27.0,4.0,548846,dieguinho,2025-11-01,False
22/23,Lesão na coluna,2023-06-05,2023-09-04,92.0,17.0,548846,dieguinho,2023-09-04,True
22/23,Lesão muscular,2023-04-24,2023-06-11,49.0,13.0,739218,luan-dias,2023-06-11,False
22/23,Pubalgia,2023-04-05,2023-07-01,88.0,20.0,546253,dada-belmonte,2023-07-01,True
23/24,Lesão na panturrilha,2024-02-23,2024-04-20,58.0,11.0,68102,renan,2024-04-20,False
23/24,Lesão na panturrilha,2024-01-26,2024-02-18,24.0,6.0,68102,renan,2024-02-18,False
20/21,Rotura muscular,2020-09-13,2020-09-30,18.0,2.0,68102,renan,2020-09-30,False
18/19,Rotura muscular,2018-08-16,2018-08-25,10.0,2.0,68102,renan,2018-08-25,False
23/24,Lesão no joelho,2024-06-20,2025-02-21,247.0,41.0,607817,camutanga,2025-02-21,True
23/24,Entorse no joelho,2024-04-14,2024-05-10,27.0,3.0,607817,camutanga,2024-05-10,False
20/21,Quarentena,2020-11-03,2020-11-14,12.0,2.0,607817,camutanga,2020-11-14,False
23/24,Lesão muscular,2024-06-27,2024-07-06,10.0,2.0,638269,rhaldney,2024-07-06,False
22/23,Distensão da panturrilha,2023-04-30,2023-07-09,71.0,13.0,184604,dellatorre,2023-07-09,True
17/18,Lesão no joelho,2017-08-02,2017-11-07,98.0,9.0,184604,dellatorre,2017-11-07,True
16/17,Lesão no joelho,2017-05-19,2017-06-16,29.0,2.0,184604,dellatorre,2017-06-16,False
24/25,Lesão no ombro,2024-12-02,2024-12-07,6.0,1.0,352324,agustin-rossi,2024-12-07,False
21/22,Muskelbündelriss,2022-04-13,2022-05-02,20.0,5.0,352324,agustin-rossi,2022-05-02,False
21/22,Quarentena,2021-07-22,2021-07-29,8.0,2.0,352324,agustin-rossi,2021-07-29,False
25/26,Problemas musculares,2026-01-26,2026-02-14,20.0,4.0,435485,luiz-araujo,2026-02-14,False
25/26,Fadiga muscular,2025-07-28,2025-08-08,12.0,2.0,435485,luiz-araujo,2025-08-08,False
24/25,Lesão no joelho,2024-09-15,2024-12-03,80.0,16.0,435485,luiz-araujo,2024-12-03,True
21/22,Lesão muscular,2022-02-28,2022-04-13,45.0,5.0,435485,luiz-araujo,2022-04-13,False
20/21,Coronavírus,2020-12-31,2021-01-15,16.0,2.0,435485,luiz-araujo,2021-01-15,False
25/26,Problemas musculares,2026-02-11,2026-03-01,19.0,4.0,1082602,wallace-yan,2026-03-01,False
24/25,Fratura,2025-04-09,2025-05-16,38.0,10.0,303140,mauricio-lemos,2025-05-16,False
23/24,Lesão na coxa,2024-06-23,2024-08-31,70.0,17.0,303140,mauricio-lemos,2024-08-31,True
24/25,Lesão nas costas,2024-05-05,2024-05-16,12.0,2.0,303140,mauricio-lemos,2024-05-16,False
23/24,Lesão na panturrilha,2024-02-06,2024-03-08,32.0,5.0,303140,mauricio-lemos,2024-03-08,False
22/23,Lesão muscular,2023-06-22,2023-06-27,6.0,2.0,303140,mauricio-lemos,2023-06-27,False
20/21,Rotura de ligamentos do tornozelo,2020-11-30,2020-12-28,29.0,5.0,303140,mauricio-lemos,2020-12-28,False
19/20,Lesão desconhecida,2019-09-30,2019-10-16,17.0,4.0,303140,mauricio-lemos,2019-10-16,False
19/20,Lesão muscular,2019-08-07,2019-08-28,22.0,2.0,303140,mauricio-lemos,2019-08-28,False
18/19,Entorse do tornozelo,2019-05-22,2019-05-31,10.0,1.0,303140,mauricio-lemos,2019-05-31,False
18/19,Lesão desconhecida,2018-12-27,2019-01-10,15.0,1.0,303140,mauricio-lemos,2019-01-10,False
18/19,Lesão desconhecida,2018-08-09,2018-08-24,16.0,2.0,303140,mauricio-lemos,2018-08-24,False
17/18,Lesão da parede abdominal,2017-11-27,2017-12-03,7.0,1.0,303140,mauricio-lemos,2017-12-03,False
16/17,Entorse do tornozelo,2016-10-11,2016-10-15,5.0,,303140,mauricio-lemos,2016-10-15,False
14/15,Apendicite,2015-02-01,2015-03-09,37.0,6.0,303140,mauricio-lemos,2015-03-09,False
25/26,Operação ao tendão de Aquiles,2026-01-13,2026-06-30,169.0,13.0,89297,rodrigo-battaglia,2026-06-30,True
25/26,Ruptura muscular,2025-10-22,2025-11-19,29.0,4.0,89297,rodrigo-battaglia,2025-11-19,False
19/20,Lesão no joelho,2019-09-27,2019-12-03,68.0,11.0,89297,rodrigo-battaglia,2019-12-03,True
18/19,Rotura dos ligamentos cruzados,2018-11-05,2019-08-24,293.0,42.0,89297,rodrigo-battaglia,2019-08-24,True
18/19,Problemas musculares,2018-09-25,2018-10-06,12.0,2.0,89297,rodrigo-battaglia,2018-10-06,False
16/17,Lesão muscular,2017-03-09,2017-03-26,18.0,2.0,89297,rodrigo-battaglia,2017-03-26,False
24/25,Lesão do ligamento cruzado,2025-02-19,2025-11-30,285.0,44.0,1116366,paulo-vitor,2025-11-30,True
23/24,Entorse dos ligamentos,2024-03-08,2024-06-16,101.0,19.0,1116366,paulo-vitor,2024-06-16,True
25/26,Fratura do Metatarso,2025-09-22,2025-12-24,94.0,18.0,1083070,alisson,2025-12-24,True
24/25,Lesão na coxa,2024-08-25,2024-10-15,52.0,11.0,1083070,alisson,2024-10-15,False
23/24,Entorse do tornozelo,2024-06-23,2024-08-12,51.0,12.0,1083070,alisson,2024-08-12,False
24/25,Rotura de ligamentos no joelho,2024-09-29,2025-09-05,342.0,67.0,1083073,cadu,2025-09-05,True
25/26,Problemas físicos,2026-02-09,2026-02-14,6.0,1.0,195810,bastos,2026-02-14,False
24/25,Lesão no joelho,2025-02-07,2026-01-20,348.0,63.0,195810,bastos,2026-01-20,True
24/25,Lesão muscular,2024-11-27,2024-12-10,14.0,3.0,195810,bastos,2024-12-10,False
20/21,Lesão na coxa,2020-10-04,2020-11-15,43.0,6.0,195810,bastos,2020-11-15,False
19/20,Traumatismo no pé,2020-02-08,2020-02-11,4.0,1.0,195810,bastos,2020-02-11,False
18/19,Lesão nos adutores,2019-02-14,2019-02-25,12.0,2.0,195810,bastos,2019-02-25,False
17/18,Lesão na coxa,2017-09-20,2017-10-13,24.0,3.0,195810,bastos,2017-10-13,False
16/17,Problemas no Joelho,2017-05-06,2017-05-09,4.0,1.0,195810,bastos,2017-05-09,False
16/17,Problemas musculares na coxa,2017-03-18,2017-03-24,7.0,1.0,195810,bastos,2017-03-24,False
16/17,Problemas musculares,2016-09-20,2016-11-04,46.0,7.0,195810,bastos,2016-11-04,False
24/25,Lesão na coxa,2024-10-06,2024-10-27,22.0,3.0,385639,luis-segovia,2024-10-27,False
23/24,Lesão no bíceps femoral,2023-12-09,2024-03-28,111.0,20.0,385639,luis-segovia,2024-03-28,True
21/22,Fissura da banda,2020-12-06,2021-08-19,257.0,37.0,322843,leonel-di-placido,2021-08-19,True
19/20,Lesão no joelho,2020-07-03,2020-08-01,30.0,4.0,682134,wallison,2020-08-01,False
19/20,Lesão no joelho,2019-08-29,2019-10-22,55.0,6.0,682134,wallison,2019-10-22,False
25/26,Problemas físicos,2026-02-05,2026-02-17,13.0,3.0,856047,mateo-ponte,2026-02-17,False
22/23,Lesão muscular,2023-06-06,2023-06-10,5.0,2.0,856047,mateo-ponte,2023-06-10,False
20/21,Coronavírus,2021-05-16,2021-05-31,16.0,,856047,mateo-ponte,2021-05-31,False
25/26,Lesão na coxa,2026-02-13,2026-03-09,25.0,7.0,126422,allan,2026-03-09,False
25/26,Problemas musculares,2025-07-17,2025-07-25,9.0,1.0,126422,allan,2025-07-25,False
20/21,Lesão muscular,2020-12-17,2021-02-13,59.0,12.0,126422,allan,2021-02-13,False
20/21,Lesão na virilha,2020-10-02,2020-10-16,15.0,3.0,126422,allan,2020-10-16,False
19/20,Fadiga muscular,2020-06-27,2020-07-06,10.0,3.0,126422,allan,2020-07-06,False
19/20,Fadiga muscular,2020-01-20,2020-02-02,14.0,2.0,126422,allan,2020-02-02,False
19/20,Traumatismo grade costal,2019-11-28,2019-12-09,12.0,2.0,126422,allan,2019-12-09,False
19/20,Problemas no Joelho,2019-11-08,2019-11-20,13.0,3.0,126422,allan,2019-11-20,False
19/20,Lesão no joelho,2019-10-31,2019-11-04,5.0,1.0,126422,allan,2019-11-04,False
19/20,Gripe,2019-09-21,2019-09-23,3.0,1.0,126422,allan,2019-09-23,False
18/19,Reação de estresse do osso,2019-04-27,2019-05-02,6.0,1.0,126422,allan,2019-05-02,False
18/19,Lesão no ombro,2018-12-21,2018-12-24,4.0,1.0,126422,allan,2018-12-24,False
16/17,Fadiga muscular,2017-05-14,2017-05-20,7.0,,126422,allan,2017-05-20,False
16/17,Problemas físicos,2017-02-20,2017-03-03,12.0,2.0,126422,allan,2017-03-03,False
25/26,Lesão no ombro,2026-03-15,,11.0,2.0,811219,newton,2026-03-26,False
25/26,Lesão muscular,2025-09-11,2025-10-11,31.0,8.0,576028,thiago-almada,2025-10-11,False
23/24,Lesão na panturrilha,2024-05-17,2024-05-24,8.0,2.0,576028,thiago-almada,2024-05-24,False
22/23,Problemas na panturrilha,2023-04-10,2023-04-20,11.0,1.0,576028,thiago-almada,2023-04-20,False
25/26,Problemas no Joelho,2026-03-09,,17.0,4.0,800732,diego-hernandez,2026-03-26,False
22/23,Lesão na mão,2023-05-13,2023-06-08,27.0,8.0,718307,matias-segovia,2023-06-08,False
25/26,Lesão desconhecida,2025-10-19,2025-11-07,20.0,3.0,1083607,dudu,2025-11-07,False
23/24,Tendinite,2024-06-17,2024-06-26,10.0,2.0,976561,janderson,2024-06-26,False
25/26,Entorse do tornozelo,2026-03-15,,11.0,2.0,991800,luis-guilherme,2026-03-26,False
25/26,Fratura da clavícula,2025-08-17,2025-09-12,27.0,3.0,991800,luis-guilherme,2025-09-12,False
23/24,Problemas musculares na coxa,2023-08-16,2023-09-23,39.0,6.0,991800,luis-guilherme,2023-09-23,False
25/26,Lesão na coxa,2026-02-20,2026-03-16,25.0,6.0,1056993,estevao,2026-03-16,False
25/26,Doente,2026-01-15,2026-01-20,6.0,1.0,1056993,estevao,2026-01-20,False
25/26,Lesão muscular,2025-12-14,2025-12-25,12.0,2.0,1056993,estevao,2025-12-25,False
25/26,Doente,2025-09-12,2025-09-15,4.0,1.0,1056993,estevao,2025-09-15,False
24/25,Lesão na coxa,2024-09-16,2024-10-04,19.0,2.0,1056993,estevao,2024-10-04,False
24/25,Entorse do tornozelo,2024-07-17,2024-08-13,28.0,6.0,1056993,estevao,2024-08-13,False
25/26,Problemas no Joelho,2025-08-31,2025-11-26,88.0,15.0,838386,leandro-mathias,2025-11-26,True
25/26,Problemas musculares na coxa,2025-09-30,2025-10-04,5.0,1.0,503343,alan-franco,2025-10-04,False
23/24,lesão na perna,2023-07-05,2023-07-20,16.0,3.0,503343,alan-franco,2023-07-20,False
20/21,lesão na perna,2021-05-17,2021-05-25,9.0,1.0,503343,alan-franco,2021-05-25,False
18/19,Fratura do Metatarso,2018-10-07,2018-12-25,80.0,8.0,503343,alan-franco,2018-12-25,True
23/24,Lesão muscular,2024-05-09,2024-05-14,6.0,2.0,980825,matheus-belem,2024-05-14,False
21/22,lesão na perna,2021-07-19,2021-09-20,64.0,16.0,330682,jhegson-mendez,2021-09-20,True
23/24,Lesão na panturrilha,2024-05-09,2024-07-08,61.0,,980837,felipe-negrucci,2024-07-08,True
24/25,Lesão desconhecida,2024-09-21,2025-01-25,127.0,17.0,1082804,vinicius,2025-01-25,True
23/24,Lesão desconhecida,2024-02-11,2024-04-06,56.0,10.0,1082804,vinicius,2024-04-06,False
23/24,Lesão desconhecida,2023-10-20,2023-11-07,19.0,4.0,1082804,vinicius,2023-11-07,False
23/24,Lesão muscular,2024-04-15,2024-06-05,52.0,11.0,88103,james-rodriguez,2024-06-05,False
22/23,Lesão desconhecida,2023-03-29,2023-04-03,6.0,1.0,88103,james-rodriguez,2023-04-03,False
22/23,Lesão desconhecida,2023-02-16,2023-03-11,24.0,3.0,88103,james-rodriguez,2023-03-11,False
22/23,Lesão desconhecida,2023-02-06,2023-02-11,6.0,1.0,88103,james-rodriguez,2023-02-11,False
21/22,Recuperação ritmo competitivo,2022-04-14,2022-04-21,8.0,2.0,88103,james-rodriguez,2022-04-21,False
21/22,Lesão muscular,2022-03-07,2022-04-13,38.0,5.0,88103,james-rodriguez,2022-04-13,False
21/22,Ruptura muscular,2022-02-22,2022-08-31,191.0,15.0,88103,james-rodriguez,2022-08-31,True
21/22,Quarentena,2021-08-12,2021-09-21,41.0,9.0,88103,james-rodriguez,2021-09-21,False
20/21,Lesão na panturrilha,2021-05-01,2021-05-14,14.0,3.0,88103,james-rodriguez,2021-05-14,False
20/21,Lesão na panturrilha,2021-02-22,2021-04-01,39.0,5.0,88103,james-rodriguez,2021-04-01,False
20/21,Lesão na panturrilha,2021-02-07,2021-02-13,7.0,1.0,88103,james-rodriguez,2021-02-13,False
20/21,Distensão da panturrilha,2020-12-06,2020-12-31,26.0,5.0,88103,james-rodriguez,2020-12-31,False
20/21,Lesão na virilha,2020-10-26,2020-11-06,12.0,1.0,88103,james-rodriguez,2020-11-06,False
20/21,Choque,2020-10-18,2020-10-24,7.0,,88103,james-rodriguez,2020-10-24,False
20/21,Choque,2020-10-15,2020-10-16,2.0,,88103,james-rodriguez,2020-10-16,False
19/20,Lesão na anca,2020-02-07,2020-02-17,11.0,2.0,88103,james-rodriguez,2020-02-17,False
19/20,Lesão no ligamento interno,2019-11-15,2019-12-23,39.0,10.0,88103,james-rodriguez,2019-12-23,False
19/20,Lesão desconhecida,2019-11-01,2019-11-11,11.0,3.0,88103,james-rodriguez,2019-11-11,False
19/20,Lesão na panturrilha,2019-08-26,2019-09-13,19.0,3.0,88103,james-rodriguez,2019-09-13,False
18/19,Problemas na panturrilha,2019-04-28,2019-05-19,22.0,3.0,88103,james-rodriguez,2019-05-19,False
18/19,Queixas adutores,2019-04-18,2019-04-23,6.0,1.0,88103,james-rodriguez,2019-04-23,False
18/19,Lesão dos ligamentos laterais do joelho,2018-11-13,2019-01-02,51.0,8.0,88103,james-rodriguez,2019-01-02,False
18/19,Constipação,2018-10-28,2018-11-01,5.0,1.0,88103,james-rodriguez,2018-11-01,False
18/19,Problemas na tibiotársica,2018-08-09,2018-08-22,14.0,2.0,88103,james-rodriguez,2018-08-22,False
17/18,Lesão na panturrilha,2018-06-28,2018-07-31,34.0,1.0,88103,james-rodriguez,2018-07-31,False
17/18,Recuperação ritmo competitivo,2018-03-08,2018-03-08,1.0,,88103,james-rodriguez,2018-03-08,False
17/18,Problemas na panturrilha,2018-02-22,2018-03-12,19.0,3.0,88103,james-rodriguez,2018-03-12,False
17/18,Gestão de esforço,2018-02-15,2018-02-19,5.0,1.0,88103,james-rodriguez,2018-02-19,False
17/18,Traumatismo craniano,2017-11-27,2017-11-30,4.0,,88103,james-rodriguez,2017-11-30,False
17/18,Problemas nas costas,2017-10-23,2017-10-26,4.0,1.0,88103,james-rodriguez,2017-10-26,False
17/18,Lesão na coxa,2017-08-03,2017-08-28,26.0,4.0,88103,james-rodriguez,2017-08-28,False
16/17,Lesão no pé,2017-05-15,2017-05-18,4.0,1.0,88103,james-rodriguez,2017-05-18,False
16/17,Lesão na panturrilha,2017-01-09,2017-02-09,32.0,7.0,88103,james-rodriguez,2017-02-09,False
16/17,Problemas musculares,2016-10-31,2016-11-07,8.0,1.0,88103,james-rodriguez,2016-11-07,False
16/17,Lesão muscular,2016-10-03,2016-10-17,15.0,3.0,88103,james-rodriguez,2016-10-17,False
15/16,Lesão no ombro,2016-06-06,2016-06-06,1.0,,88103,james-rodriguez,2016-06-06,False
15/16,Muskelbündelriss,2015-09-10,2015-11-02,54.0,13.0,88103,james-rodriguez,2015-11-02,False
14/15,Fratura do Metatarso,2015-02-05,2015-04-02,57.0,11.0,88103,james-rodriguez,2015-04-02,False
14/15,Lesão na panturrilha,2014-12-08,2014-12-15,8.0,2.0,88103,james-rodriguez,2014-12-15,False
13/14,Fibra muscular rasgado,2014-05-08,2014-05-30,23.0,2.0,88103,james-rodriguez,2014-05-30,False
12/13,Muskelbündelriss,2013-01-07,2013-02-25,50.0,8.0,88103,james-rodriguez,2013-02-25,False
11/12,Lesão no tornozelo,2011-12-19,2011-12-29,11.0,1.0,88103,james-rodriguez,2011-12-29,False
25/26,Fratura na grelha costal,2026-03-19,,7.0,1.0,77100,lucas-moura,2026-03-26,False
25/26,Problemas no Joelho,2025-11-19,2026-01-05,48.0,5.0,77100,lucas-moura,2026-01-05,False
25/26,Lesão no joelho,2025-08-20,2025-09-24,36.0,5.0,77100,lucas-moura,2025-09-24,False
24/25,Traumatismo no joelho,2025-05-07,2025-08-08,94.0,16.0,77100,lucas-moura,2025-08-08,True
24/25,Problemas no Joelho,2025-03-11,2025-05-02,53.0,10.0,77100,lucas-moura,2025-05-02,False
23/24,Lesão no tornozelo,2024-04-05,2024-05-16,42.0,10.0,77100,lucas-moura,2024-05-16,False
23/24,Lesão na coxa,2024-01-31,2024-02-25,26.0,5.0,77100,lucas-moura,2024-02-25,False
22/23,Lesão na panturrilha,2022-08-29,2022-10-10,43.0,10.0,77100,lucas-moura,2022-10-10,False
21/22,Pancada na coxa,2022-02-24,2022-03-03,8.0,2.0,77100,lucas-moura,2022-03-03,False
21/22,Lesão no tornozelo,2021-09-16,2021-09-23,8.0,2.0,77100,lucas-moura,2021-09-23,False
19/20,Choque,2020-07-16,2020-07-20,5.0,,77100,lucas-moura,2020-07-20,False
19/20,Choque,2019-12-23,2020-01-02,11.0,,77100,lucas-moura,2020-01-02,False
18/19,Lesão no joelho,2019-01-03,2019-01-24,22.0,3.0,77100,lucas-moura,2019-01-24,False
18/19,Choque,2018-08-09,2018-08-20,12.0,,77100,lucas-moura,2018-08-20,False
17/18,Lesão no tornozelo,2017-08-21,2017-09-07,18.0,3.0,77100,lucas-moura,2017-09-07,False
14/15,Problemas musculares na coxa,2015-02-16,2015-04-13,57.0,12.0,77100,lucas-moura,2015-04-13,False
25/26,Lesão muscular,2025-09-09,2025-09-17,9.0,1.0,1004725,william-gomes,2025-09-17,False
24/25,Rotura dos ligamentos cruzados,2025-04-14,2025-12-14,245.0,43.0,176140,rodrigo-ely,2025-12-14,True
24/25,Lesão na coxa,2025-02-23,2025-03-15,21.0,3.0,176140,rodrigo-ely,2025-03-15,False
24/25,Lesão no pé,2025-01-23,2025-01-31,9.0,2.0,176140,rodrigo-ely,2025-01-31,False
24/25,Lesão no pé,2024-11-27,2025-01-21,56.0,4.0,176140,rodrigo-ely,2025-01-21,False
24/25,Problemas musculares na coxa,2024-08-26,2024-10-08,44.0,6.0,176140,rodrigo-ely,2024-10-08,False
24/25,Lesão muscular,2024-07-07,2024-07-13,7.0,2.0,176140,rodrigo-ely,2024-07-13,False
23/24,Lesão na coxa,2023-09-25,2023-11-23,60.0,10.0,176140,rodrigo-ely,2023-11-23,True
21/22,Problemas musculares,2021-11-01,2021-12-02,32.0,5.0,176140,rodrigo-ely,2021-12-02,False
20/21,Rotura dos ligamentos cruzados,2020-12-21,2021-06-30,192.0,26.0,176140,rodrigo-ely,2021-06-30,True
19/20,Lesão na coxa,2019-10-06,2019-11-21,47.0,5.0,176140,rodrigo-ely,2019-11-21,False
18/19,Lesão muscular,2019-04-24,2019-05-11,18.0,2.0,176140,rodrigo-ely,2019-05-11,False
18/19,Lesão no joelho,2018-10-30,2019-03-01,123.0,17.0,176140,rodrigo-ely,2019-03-01,True
18/19,Rotura dos ligamentos cruzados,2018-08-10,2018-10-05,57.0,7.0,176140,rodrigo-ely,2018-10-05,False
17/18,Problemas musculares,2017-12-05,2018-01-02,29.0,3.0,176140,rodrigo-ely,2018-01-02,False
16/17,Problemas musculares,2017-05-08,2017-05-25,18.0,2.0,176140,rodrigo-ely,2017-05-25,False
16/17,Lesão muscular,2017-01-31,2017-02-28,29.0,6.0,176140,rodrigo-ely,2017-02-28,False
15/16,Distorção do tornozelo,2016-04-27,2016-05-28,32.0,4.0,176140,rodrigo-ely,2016-05-28,False
15/16,Fratura do Metatarso,2016-01-11,2016-03-16,66.0,13.0,176140,rodrigo-ely,2016-03-16,True
15/16,Lesão no ombro,2015-11-30,2015-12-04,5.0,1.0,176140,rodrigo-ely,2015-12-04,False
24/25,Lesão muscular,2024-07-23,2024-08-24,33.0,5.0,147396,bruno-uvini,2024-08-24,False
23/24,Lesão na coxa,2024-06-01,2024-07-06,36.0,8.0,147396,bruno-uvini,2024-07-06,False
23/24,Lesão muscular,2024-03-06,2024-04-13,39.0,7.0,147396,bruno-uvini,2024-04-13,False
15/16,Problemas físicos,2015-11-20,2015-11-26,7.0,1.0,147396,bruno-uvini,2015-11-26,False
10/11,Fratura do perónio,2011-02-07,2011-04-30,83.0,20.0,147396,bruno-uvini,2011-04-30,True
25/26,Lesão na coxa,2025-08-12,2025-11-22,103.0,17.0,978004,nata,2025-11-22,True
25/26,Lesão muscular,2026-03-13,2026-03-21,9.0,2.0,874223,gustavo-martins,2026-03-21,False
25/26,Lesão na coxa,2025-07-30,2025-09-12,45.0,5.0,874223,gustavo-martins,2025-09-12,False
24/25,Lesão no joelho,2025-04-20,2025-05-24,35.0,9.0,874223,gustavo-martins,2025-05-24,False
24/25,Problemas musculares na coxa,2024-10-05,2024-11-19,46.0,5.0,874223,gustavo-martins,2024-11-19,False
24/25,Problemas musculares,2024-07-11,2024-07-30,20.0,5.0,874223,gustavo-martins,2024-07-30,False
23/24,Lesão na virilha,2024-06-27,2024-07-06,10.0,2.0,874223,gustavo-martins,2024-07-06,False
23/24,Lesão na coxa,2024-05-01,2024-05-31,31.0,,874223,gustavo-martins,2024-05-31,False
25/26,Entorse do tornozelo,2025-08-04,2025-09-13,41.0,9.0,891353,cuiabano,2025-09-13,False
24/25,Fadiga muscular,2025-05-19,2025-06-14,27.0,3.0,891353,cuiabano,2025-06-14,False
24/25,Lesão na coxa,2024-09-04,2024-10-04,31.0,5.0,891353,cuiabano,2024-10-04,False
24/25,Lesão no ombro,2024-08-22,2024-08-30,9.0,1.0,891353,cuiabano,2024-08-30,False
23/24,Lesão muscular,2024-02-05,2024-04-13,69.0,12.0,891353,cuiabano,2024-04-13,True
23/24,Lesão muscular,2024-01-13,2024-02-02,21.0,4.0,891353,cuiabano,2024-02-02,False
24/25,Lesão na coxa,2024-09-10,2024-10-03,24.0,4.0,61891,fabio,2024-10-03,False
24/25,Lesão nos adutores,2024-07-03,2024-07-13,11.0,3.0,61891,fabio,2024-07-13,False
22/23,Problemas no Joelho,2023-06-05,2023-07-10,36.0,6.0,61891,fabio,2023-07-10,False
22/23,Entorse do tornozelo,2023-05-06,2023-05-16,11.0,3.0,61891,fabio,2023-05-16,False
21/22,Entorse do tornozelo,2022-02-14,2022-03-19,34.0,5.0,61891,fabio,2022-03-19,False
19/20,Rotura do tendão rotuliano,2019-10-25,2020-07-01,251.0,21.0,61891,fabio,2020-07-01,True
18/19,Ruptura muscular na coxa,2018-07-28,2018-09-14,49.0,4.0,61891,fabio,2018-09-14,False
16/17,Traumatismo craniano,2017-04-02,2017-04-09,8.0,2.0,61891,fabio,2017-04-09,False
12/13,Lesão na coxa,2012-09-15,2012-11-15,62.0,8.0,61891,fabio,2012-11-15,True
11/12,Achillessehnenanriss,2011-11-30,2012-01-01,33.0,7.0,61891,fabio,2012-01-01,False
08/09,Distensão muscular,2009-01-24,2009-02-05,13.0,1.0,61891,fabio,2009-02-05,False
08/09,Lesão no ombro,2008-09-22,2008-12-20,90.0,21.0,61891,fabio,2008-12-20,True
25/26,Rotura dos ligamentos cruzados,2025-09-01,,206.0,13.0,394930,felipe-carballo,2026-03-26,True
24/25,Lesão da parede abdominal,2025-05-20,2025-06-12,24.0,4.0,394930,felipe-carballo,2025-06-12,False
24/25,Apendicectomia,2024-12-03,2024-12-20,18.0,1.0,394930,felipe-carballo,2024-12-20,False
24/25,Apendicite,2024-12-01,2024-12-02,2.0,1.0,394930,felipe-carballo,2024-12-02,False
24/25,Lesão muscular,2024-07-05,2024-07-16,12.0,2.0,394930,felipe-carballo,2024-07-16,False
23/24,Operação,2023-12-21,2024-04-26,128.0,22.0,394930,felipe-carballo,2024-04-26,True
23/24,Lesão no joelho,2023-09-16,2023-09-28,13.0,2.0,394930,felipe-carballo,2023-09-28,False
20/21,Lesão na cabeça,2021-05-14,2021-07-07,55.0,11.0,394930,felipe-carballo,2021-07-07,False
20/21,Distensão muscular,2021-02-11,2021-02-14,4.0,1.0,394930,felipe-carballo,2021-02-14,False
20/21,Contra,2020-10-16,2020-10-20,5.0,1.0,394930,felipe-carballo,2020-10-20,False
18/19,Problemas físicos,2019-05-20,2019-05-28,9.0,1.0,394930,felipe-carballo,2019-05-28,False
17/18,Lesão no tornozelo,2018-03-01,2018-06-01,93.0,13.0,394930,felipe-carballo,2018-06-01,True
17/18,Lesão no tornozelo,2017-09-17,2017-10-17,31.0,5.0,394930,felipe-carballo,2017-10-17,False
16/17,Lesão no tornozelo,2017-04-16,2017-05-10,25.0,5.0,394930,felipe-carballo,2017-05-10,False
25/26,Problemas musculares,2025-07-20,2025-07-28,9.0,2.0,332259,franco-cristaldo,2025-07-28,False
24/25,Lesão muscular,2024-07-12,2024-07-27,16.0,3.0,332259,franco-cristaldo,2024-07-27,False
23/24,Lesão nos adutores,2023-07-26,2023-08-14,20.0,3.0,332259,franco-cristaldo,2023-08-14,False
15/16,Lesão muscular,2016-03-22,2016-04-04,14.0,2.0,332259,franco-cristaldo,2016-04-04,False
24/25,Distensão muscular,2024-10-01,2024-10-11,11.0,1.0,829381,lucas-besozzi,2024-10-11,False
25/26,Lesão na coxa,2025-07-28,2025-10-06,71.0,9.0,1086375,gustavo-nunes,2025-10-06,True
24/25,Recuperação ritmo competitivo,2025-03-19,2025-04-09,22.0,2.0,1086375,gustavo-nunes,2025-04-09,False
24/25,Lesão nas costas,2024-08-28,2025-03-19,204.0,32.0,1086375,gustavo-nunes,2025-03-19,True
25/26,Lesão desconhecida,2025-09-25,2025-12-05,72.0,6.0,997467,kauan-kelvin,2025-12-05,True
25/26,Fratura do antebraço,2025-08-31,2025-12-03,95.0,17.0,1083600,nathan-fernandes,2025-12-03,True
24/25,Problemas musculares na coxa,2025-02-08,2025-05-02,84.0,16.0,1083600,nathan-fernandes,2025-05-02,True
24/25,Pancada na coxa,2024-09-14,2024-09-27,14.0,3.0,1083600,nathan-fernandes,2024-09-27,False
23/24,Entorse do tornozelo,2024-02-07,2024-02-24,18.0,3.0,1083600,nathan-fernandes,2024-02-24,False
24/25,Lesão na virilha,2024-10-14,2024-11-30,48.0,7.0,81455,juan-iturbe,2024-11-30,False
17/18,Rotura dos ligamentos cruzados,2018-01-20,2018-08-05,198.0,28.0,81455,juan-iturbe,2018-08-05,True
16/17,Lesão no joelho,2017-04-13,2017-04-27,15.0,2.0,81455,juan-iturbe,2017-04-27,False
14/15,Lesão no joelho,2015-01-31,2015-02-25,26.0,5.0,81455,juan-iturbe,2015-02-25,False
14/15,Lesão desconhecida,2014-10-05,2014-10-21,17.0,3.0,81455,juan-iturbe,2014-10-21,False
11/12,Fratura cubital,2011-10-16,2011-12-08,54.0,11.0,81455,juan-iturbe,2011-12-08,False
22/23,Síndrome gripal,2023-04-05,2023-04-07,3.0,1.0,129129,joao-pedro,2023-04-07,False
22/23,Recuperação ritmo competitivo,2023-02-14,2023-02-26,13.0,1.0,129129,joao-pedro,2023-02-26,False
22/23,Edema no joelho,2022-11-30,2023-02-14,77.0,10.0,129129,joao-pedro,2023-02-14,True
22/23,Lesão no tornozelo,2022-11-30,2023-02-14,77.0,10.0,129129,joao-pedro,2023-02-14,True
22/23,Ruptura muscular na coxa,2022-07-24,2022-08-19,27.0,6.0,129129,joao-pedro,2022-08-19,False
19/20,Problemas musculares na coxa,2020-07-30,2020-08-09,11.0,1.0,129129,joao-pedro,2020-08-09,False
16/17,Fratura do perónio,2016-10-01,2016-12-16,77.0,11.0,129129,joao-pedro,2016-12-16,True
16/17,Lesão na coxa,2016-08-01,2016-09-15,46.0,4.0,129129,joao-pedro,2016-09-15,False
25/26,Lesão no pé,2026-02-28,2026-03-05,6.0,1.0,44352,luis-suarez,2026-03-05,False
23/24,Gestão de esforço,2024-05-24,2024-05-27,4.0,1.0,44352,luis-suarez,2024-05-27,False
22/23,Gestão de esforço,2022-09-07,2022-09-09,3.0,1.0,44352,luis-suarez,2022-09-09,False
22/23,Recuperação ritmo competitivo,2022-07-27,2022-08-01,6.0,2.0,44352,luis-suarez,2022-08-01,False
21/22,Lesão muscular,2021-12-08,2021-12-10,3.0,,44352,luis-suarez,2021-12-10,False
21/22,Problemas no Joelho,2021-08-30,2021-09-11,13.0,3.0,44352,luis-suarez,2021-09-11,False
20/21,Lesão muscular,2021-04-07,2021-04-23,17.0,3.0,44352,luis-suarez,2021-04-23,False
20/21,Coronavírus,2020-11-18,2020-12-04,17.0,4.0,44352,luis-suarez,2020-12-04,False
20/21,Problemas físicos,2020-10-30,2020-11-02,4.0,1.0,44352,luis-suarez,2020-11-02,False
19/20,Operado ao joelho,2020-01-10,2020-06-07,150.0,12.0,44352,luis-suarez,2020-06-07,True
19/20,Entorse do tornozelo,2019-11-03,2019-11-08,6.0,1.0,44352,luis-suarez,2019-11-08,False
19/20,Lesão na panturrilha,2019-08-17,2019-09-12,27.0,4.0,44352,luis-suarez,2019-09-12,False
18/19,Lesão meniscal,2019-05-08,2019-06-03,27.0,3.0,44352,luis-suarez,2019-06-03,False
18/19,Problemas no Joelho,2019-05-02,2019-05-06,5.0,1.0,44352,luis-suarez,2019-05-06,False
18/19,Entorse do tornozelo,2019-03-18,2019-03-29,12.0,2.0,44352,luis-suarez,2019-03-29,False
18/19,Problemas no Joelho,2018-12-09,2018-12-13,5.0,1.0,44352,luis-suarez,2018-12-13,False
18/19,Problemas no Joelho,2018-11-25,2018-12-06,12.0,3.0,44352,luis-suarez,2018-12-06,False
18/19,Gestão de esforço,2018-10-30,2018-11-01,3.0,1.0,44352,luis-suarez,2018-11-01,False
18/19,Problemas no Joelho,2018-10-08,2018-10-16,9.0,1.0,44352,luis-suarez,2018-10-16,False
17/18,Problemas no Joelho,2017-11-06,2017-11-16,11.0,2.0,44352,luis-suarez,2017-11-16,False
17/18,Problemas no Joelho,2017-08-17,2017-08-28,12.0,2.0,44352,luis-suarez,2017-08-28,False
16/17,Lesão na coxa,2017-05-25,2017-06-08,15.0,3.0,44352,luis-suarez,2017-06-08,False
15/16,Muskelbündelriss,2016-05-23,2016-06-30,39.0,4.0,44352,luis-suarez,2016-06-30,False
14/15,Problemas musculares na coxa,2015-05-14,2015-05-25,12.0,2.0,44352,luis-suarez,2015-05-25,False
13/14,Lesão meniscal,2014-05-21,2014-06-17,28.0,2.0,44352,luis-suarez,2014-06-17,False
25/26,Lesão na coxa,2025-08-18,2025-08-22,5.0,,1024605,andre-henrique,2025-08-22,False
25/26,Lesão na coxa,2025-07-24,2025-08-16,24.0,4.0,1024605,andre-henrique,2025-08-16,False
23/24,Lesão no tornozelo,2024-03-29,2025-01-21,299.0,52.0,1024605,andre-henrique,2025-01-21,True
25/26,Lesão nas costas,2025-09-13,2025-09-29,17.0,4.0,1005649,murillo,2025-09-29,False
24/25,Queixas adutores,2024-12-28,2025-01-05,9.0,1.0,1005649,murillo,2025-01-05,False
19/20,Lesão no joelho,2019-10-15,2021-06-25,620.0,3.0,1005650,tchoca,2021-06-25,True
25/26,Problemas no Joelho,2025-11-21,2025-11-29,9.0,1.0,670021,matheus-bidu,2025-11-29,False
24/25,Lesão na coxa,2024-09-15,2024-09-20,6.0,1.0,670021,matheus-bidu,2024-09-20,False
24/25,Lesão na coxa,2025-02-26,2025-04-09,43.0,6.0,1086636,gabriel-moscardo,2025-04-09,False
24/25,Lesão na anca,2024-09-13,2024-10-14,32.0,4.0,1086636,gabriel-moscardo,2024-10-14,False
23/24,Operação ao pé,2023-12-31,2024-03-31,92.0,14.0,1086636,gabriel-moscardo,2024-03-31,True
25/26,Vírus intestinal,2025-07-14,2025-07-22,9.0,2.0,1005642,ryan,2025-07-22,False
24/25,Lesão no pé,2024-09-30,2024-12-07,69.0,12.0,1005642,ryan,2024-12-07,True
24/25,Muskelbündelriss,2025-05-13,2025-06-03,22.0,3.0,417327,matias-rojas,2025-06-03,False
24/25,Angina,2025-05-02,2025-05-06,5.0,1.0,417327,matias-rojas,2025-05-06,False
24/25,Problemas musculares,2025-03-06,2025-03-26,21.0,3.0,417327,matias-rojas,2025-03-26,False
24/25,Rotura muscular na coxa,2025-02-10,2025-02-20,11.0,2.0,417327,matias-rojas,2025-02-20,False
24/25,Lesão no tornozelo,2024-10-06,2024-10-23,18.0,1.0,417327,matias-rojas,2024-10-23,False
24/25,Lesão no tornozelo,2024-08-27,2024-09-25,30.0,4.0,417327,matias-rojas,2024-09-25,False
23/24,Entorse do tornozelo,2023-07-22,2023-08-10,20.0,5.0,417327,matias-rojas,2023-08-10,False
22/23,Lesão tornozelo,2023-04-30,2023-05-31,32.0,5.0,417327,matias-rojas,2023-05-31,False
22/23,Problemas na tibiotársica,2023-04-19,2023-04-27,9.0,2.0,417327,matias-rojas,2023-04-27,False
22/23,Distensão muscular,2023-02-28,2023-03-09,10.0,1.0,417327,matias-rojas,2023-03-09,False
22/23,Lesão muscular,2023-01-11,2023-01-25,15.0,1.0,417327,matias-rojas,2023-01-25,False
22/23,Pubalgia,2022-08-24,2022-09-22,30.0,6.0,417327,matias-rojas,2022-09-22,False
21/22,Problemas musculares na coxa,2022-06-22,2022-07-19,28.0,4.0,417327,matias-rojas,2022-07-19,False
21/22,Muskelbündelriss,2022-05-15,2022-06-06,23.0,4.0,417327,matias-rojas,2022-06-06,False
21/22,Rotura muscular na coxa,2022-02-21,2022-03-18,26.0,4.0,417327,matias-rojas,2022-03-18,False
21/22,Rompimento dos adutores,2021-11-18,2021-12-07,20.0,4.0,417327,matias-rojas,2021-12-07,False
21/22,Muskelbündelriss,2021-09-23,2021-10-12,20.0,5.0,417327,matias-rojas,2021-10-12,False
21/22,Rotura muscular na coxa,2021-07-22,2021-08-04,14.0,3.0,417327,matias-rojas,2021-08-04,False
20/21,Coronavírus,2021-04-27,2021-05-06,10.0,3.0,417327,matias-rojas,2021-05-06,False
20/21,Muskelbündelriss,2020-09-18,2020-10-14,27.0,4.0,417327,matias-rojas,2020-10-14,False
18/19,Distensão muscular,2018-12-04,2018-12-11,8.0,1.0,417327,matias-rojas,2018-12-11,False
18/19,Problemas na tibiotársica,2018-08-02,2018-08-21,20.0,3.0,417327,matias-rojas,2018-08-21,False
17/18,Lesão meniscal,2018-04-18,2018-06-30,74.0,4.0,417327,matias-rojas,2018-06-30,True
17/18,Muskelbündelriss,2018-01-25,2018-03-09,44.0,9.0,417327,matias-rojas,2018-03-09,False
17/18,Muskelbündelriss,2017-09-11,2017-09-23,13.0,3.0,417327,matias-rojas,2017-09-23,False
24/25,Lesão desconhecida,2024-08-18,2024-08-23,6.0,,1004741,pedro,2024-08-23,False
25/26,Lesão nos adutores,2025-07-27,2025-09-13,49.0,5.0,410183,joao-basso,2025-09-13,False
21/22,Lesão desconhecida,2022-02-18,2022-02-23,6.0,1.0,112062,junior-caicara,2022-02-23,False
21/22,Lesão desconhecida,2021-12-02,2021-12-14,13.0,2.0,112062,junior-caicara,2021-12-14,False
21/22,Distensão dos adutores,2021-10-30,2021-11-11,13.0,2.0,112062,junior-caicara,2021-11-11,False
20/21,Recuperação ritmo competitivo,2021-02-22,2021-05-04,72.0,13.0,112062,junior-caicara,2021-05-04,True
20/21,Rotura do tendão de Aquiles,2020-10-20,2021-02-22,126.0,29.0,112062,junior-caicara,2021-02-22,True
19/20,Lesão desconhecida,2019-11-25,2019-12-05,11.0,3.0,112062,junior-caicara,2019-12-05,False
16/17,Lesão desconhecida,2017-05-21,2017-06-04,15.0,3.0,112062,junior-caicara,2017-06-04,False
16/17,Lesão desconhecida,2017-05-13,2017-05-18,6.0,1.0,112062,junior-caicara,2017-05-18,False
16/17,Lesão desconhecida,2017-05-03,2017-05-11,9.0,1.0,112062,junior-caicara,2017-05-11,False
25/26,Problemas na panturrilha,2025-10-14,2025-10-31,18.0,3.0,75942,tomas-rincon,2025-10-31,False
20/21,Coronavírus,2021-06-10,2021-07-14,35.0,4.0,75942,tomas-rincon,2021-07-14,False
19/20,Febre,2020-01-11,2020-01-14,4.0,1.0,75942,tomas-rincon,2020-01-14,False
19/20,Problemas musculares,2019-10-30,2019-11-01,3.0,1.0,75942,tomas-rincon,2019-11-01,False
15/16,Problemas físicos,2016-06-20,2016-08-21,63.0,,75942,tomas-rincon,2016-08-21,True
15/16,Edema no joelho,2016-04-14,2016-04-21,8.0,2.0,75942,tomas-rincon,2016-04-21,False
14/15,Lesão na coxa,2014-10-20,2014-12-01,43.0,8.0,75942,tomas-rincon,2014-12-01,False
13/14,Fratura maxilar,2013-09-23,2013-10-21,29.0,5.0,75942,tomas-rincon,2013-10-21,False
12/13,Periostite,2012-07-19,2012-09-24,68.0,8.0,75942,tomas-rincon,2012-09-24,True
23/24,Lesão muscular,2023-10-13,2023-11-27,46.0,9.0,338962,alfredo-morelos,2023-11-27,False
21/22,Problemas musculares na coxa,2022-03-28,2022-06-20,85.0,14.0,338962,alfredo-morelos,2022-06-20,True
20/21,Coronavírus,2021-05-27,2021-06-10,15.0,2.0,338962,alfredo-morelos,2021-06-10,False
20/21,Choque,2020-09-14,2020-09-14,1.0,,338962,alfredo-morelos,2020-09-14,False
19/20,Lesão na panturrilha,2020-01-20,2020-01-27,8.0,2.0,338962,alfredo-morelos,2020-01-27,False
17/18,Lesão na anca,2017-11-27,2017-11-30,4.0,1.0,338962,alfredo-morelos,2017-11-30,False
23/24,Lesão na coxa,2024-05-07,2024-06-13,38.0,6.0,149393,julio-furch,2024-06-13,False
22/23,Operação no nariz,2022-06-28,2022-07-12,15.0,2.0,149393,julio-furch,2022-07-12,False
20/21,Operação ao tornozelo,2021-01-06,2021-04-04,89.0,13.0,149393,julio-furch,2021-04-04,True
25/26,Ruptura muscular do músculo do perônio,2026-03-18,2026-03-31,14.0,,365827,maximiliano-silvera,2026-03-31,False
24/25,Gestão de esforço,2025-03-01,2025-03-29,29.0,,365827,maximiliano-silvera,2025-03-29,False
23/24,Lesão desconhecida,2024-06-09,2024-07-01,23.0,2.0,365827,maximiliano-silvera,2024-07-01,False
19/20,Braço fraturado,2019-08-22,2019-09-12,22.0,4.0,54044,bruno-mezenga,2019-09-12,False
15/16,Lesão desconhecida,2016-04-17,2016-04-24,8.0,1.0,54044,bruno-mezenga,2016-04-24,False
15/16,Lesão desconhecida,2016-01-25,2016-01-29,5.0,1.0,54044,bruno-mezenga,2016-01-29,False
15/16,Lesão desconhecida,2015-08-24,2015-09-19,27.0,3.0,54044,bruno-mezenga,2015-09-19,False
15/16,Lesão desconhecida,2015-08-15,2015-08-20,6.0,1.0,54044,bruno-mezenga,2015-08-20,False
25/26,Lesão desconhecida,2025-11-30,2026-02-02,65.0,5.0,273236,marlon,2026-02-02,True
24/25,Lesão desconhecida,2025-03-09,2025-03-31,23.0,4.0,273236,marlon,2025-03-31,False
22/23,Problemas no Joelho,2023-03-11,2023-03-31,21.0,2.0,273236,marlon,2023-03-31,False
22/23,Problemas no Joelho,2022-09-19,2022-10-08,20.0,1.0,273236,marlon,2022-10-08,False
22/23,Lesão desconhecida,2022-08-26,2022-08-29,4.0,1.0,273236,marlon,2022-08-29,False
20/21,Quarentena,2021-01-01,2021-01-04,4.0,1.0,273236,marlon,2021-01-04,False
19/20,Problemas nas costas,2020-06-27,2020-06-30,4.0,1.0,273236,marlon,2020-06-30,False
19/20,Lesão no bíceps femoral,2019-12-23,2020-01-25,34.0,3.0,273236,marlon,2020-01-25,False
19/20,Lesão desconhecida,2019-09-21,2019-09-24,4.0,1.0,273236,marlon,2019-09-24,False
18/19,lesão na perna,2019-03-31,2019-04-28,29.0,4.0,273236,marlon,2019-04-28,False
18/19,Lesão desconhecida,2019-01-06,2019-03-14,68.0,9.0,273236,marlon,2019-03-14,True
16/17,Problemas musculares,2016-12-05,2016-12-17,13.0,1.0,273236,marlon,2016-12-17,False
24/25,Lesão muscular,2024-08-08,2024-08-31,24.0,5.0,44501,marcelo,2024-08-31,False
24/25,Problemas musculares na coxa,2024-07-25,2024-07-31,7.0,1.0,44501,marcelo,2024-07-31,False
24/25,Problemas musculares na coxa,2024-07-01,2024-07-23,23.0,4.0,44501,marcelo,2024-07-23,False
23/24,Lesão na panturrilha,2024-06-18,2024-06-24,7.0,2.0,44501,marcelo,2024-06-24,False
22/23,Lesão desconhecida,2023-02-01,2023-03-22,50.0,9.0,44501,marcelo,2023-03-22,False
22/23,Lesão desconhecida,2023-01-18,2023-01-26,9.0,3.0,44501,marcelo,2023-01-26,False
22/23,Contra,2022-10-16,2022-10-24,9.0,2.0,44501,marcelo,2022-10-24,False
21/22,Problemas na panturrilha,2022-05-07,2022-05-20,14.0,3.0,44501,marcelo,2022-05-20,False
21/22,Problemas físicos,2022-04-13,2022-04-25,13.0,2.0,44501,marcelo,2022-04-25,False
21/22,Coronavírus,2021-12-15,2021-12-24,10.0,2.0,44501,marcelo,2021-12-24,False
21/22,Lesão muscular,2021-09-13,2021-10-18,36.0,6.0,44501,marcelo,2021-10-18,False
21/22,Lesão muscular,2021-08-13,2021-08-31,19.0,3.0,44501,marcelo,2021-08-31,False
20/21,Problemas físicos,2021-05-12,2021-05-14,3.0,1.0,44501,marcelo,2021-05-14,False
20/21,Problemas musculares,2021-03-12,2021-03-15,4.0,1.0,44501,marcelo,2021-03-15,False
20/21,Lesão muscular,2021-02-10,2021-02-27,18.0,3.0,44501,marcelo,2021-02-27,False
20/21,Problemas nas costas,2020-09-26,2020-09-28,3.0,1.0,44501,marcelo,2020-09-28,False
19/20,Lesão nos adutores,2020-07-09,2020-08-03,26.0,4.0,44501,marcelo,2020-08-03,False
19/20,Lesão muscular,2020-03-09,2020-04-05,28.0,,44501,marcelo,2020-04-05,False
19/20,Lesão na panturrilha,2019-12-05,2020-01-06,33.0,6.0,44501,marcelo,2020-01-06,False
19/20,Problemas físicos,2019-11-07,2019-11-20,14.0,1.0,44501,marcelo,2019-11-20,False
19/20,Rotura muscular,2019-10-04,2019-10-10,7.0,1.0,44501,marcelo,2019-10-10,False
19/20,Lesão no pescoço,2019-09-16,2019-09-29,14.0,4.0,44501,marcelo,2019-09-29,False
18/19,Distensão muscular,2018-11-30,2018-12-11,12.0,3.0,44501,marcelo,2018-12-11,False
18/19,Muskelbündelriss,2018-10-29,2018-11-22,25.0,4.0,44501,marcelo,2018-11-22,False
18/19,Lesão muscular,2018-09-27,2018-10-17,21.0,3.0,44501,marcelo,2018-10-17,False
17/18,Lumbago,2018-06-28,2018-07-02,5.0,,44501,marcelo,2018-07-02,False
17/18,Lesão muscular,2018-02-19,2018-03-01,11.0,3.0,44501,marcelo,2018-03-01,False
17/18,Lesão muscular,2017-09-21,2017-10-12,22.0,5.0,44501,marcelo,2017-10-12,False
16/17,Problemas musculares,2017-01-23,2017-02-09,18.0,3.0,44501,marcelo,2017-02-09,False
16/17,Síndrome gripal,2016-10-31,2016-11-03,4.0,1.0,44501,marcelo,2016-11-03,False
16/17,Lesão muscular,2016-09-22,2016-10-13,22.0,5.0,44501,marcelo,2016-10-13,False
15/16,Lesão no ombro,2016-02-08,2016-02-15,8.0,1.0,44501,marcelo,2016-02-15,False
15/16,Pequena lesão,2015-11-23,2015-12-03,11.0,3.0,44501,marcelo,2015-12-03,False
15/16,Pequena lesão,2015-11-05,2015-11-16,12.0,2.0,44501,marcelo,2015-11-16,False
14/15,Problemas nas costas,2015-01-10,2015-01-10,1.0,,44501,marcelo,2015-01-10,False
13/14,Fibra muscular rasgado,2014-03-31,2014-04-17,18.0,5.0,44501,marcelo,2014-04-17,False
13/14,Lesão na coxa,2013-09-09,2013-09-30,22.0,6.0,44501,marcelo,2013-09-30,False
12/13,Lesão na coxa,2013-04-22,2013-05-16,25.0,7.0,44501,marcelo,2013-05-16,False
12/13,Fratura do Metatarso,2012-10-15,2013-01-07,85.0,21.0,44501,marcelo,2013-01-07,True
11/12,Lesão muscular,2011-10-31,2011-11-14,15.0,3.0,44501,marcelo,2011-11-14,False
07/08,Problemas musculares,2008-02-18,2008-02-21,4.0,1.0,44501,marcelo,2008-02-21,False
25/26,Choque,2025-08-14,2025-08-19,6.0,1.0,375610,leonardo-fernandez,2025-08-19,False
22/23,Lesão na virilha,2023-03-10,2023-03-20,11.0,2.0,375610,leonardo-fernandez,2023-03-20,False
21/22,Lesão desconhecida,2022-03-06,2022-03-10,5.0,,375610,leonardo-fernandez,2022-03-10,False
21/22,Lesão muscular,2021-08-22,2021-09-27,37.0,4.0,375610,leonardo-fernandez,2021-09-27,False
20/21,Problemas musculares,2020-11-28,2020-12-12,15.0,1.0,375610,leonardo-fernandez,2020-12-12,False
17/18,Lesão no ombro,2018-06-01,2018-06-04,4.0,1.0,375610,leonardo-fernandez,2018-06-04,False
20/21,Lesão no tornozelo,2021-01-19,2021-03-07,48.0,6.0,573131,giovanni,2021-03-07,False
25/26,Entorse no joelho,2026-03-02,,24.0,5.0,1124296,matheus-reis,2026-03-26,False
25/26,Estiramento do ligamento colateral interno do joelho,2025-08-17,,221.0,35.0,1084667,isaac,2026-03-26,True
24/25,Entorse no joelho,2025-05-25,2025-07-26,63.0,9.0,1084667,isaac,2025-07-26,True
24/25,Lesão na coxa,2024-07-22,2024-08-09,19.0,5.0,1084667,isaac,2024-08-09,False
23/24,Lesão na coxa,2024-06-18,2024-07-20,33.0,7.0,1084667,isaac,2024-07-20,False
23/24,Lesão do ligamento cruzado,2024-04-11,2025-01-28,293.0,55.0,972864,lele,2025-01-28,True
25/26,Traumatismo no pé,2025-09-22,2025-11-23,63.0,11.0,264014,sergio-rochet,2025-11-23,True
24/25,Fratura da mão,2025-03-30,2025-07-11,104.0,21.0,264014,sergio-rochet,2025-07-11,True
24/25,Lesão no joelho,2025-01-13,2025-03-07,54.0,10.0,264014,sergio-rochet,2025-03-07,False
23/24,Traumatismo grade costal,2024-01-16,2024-03-21,66.0,15.0,264014,sergio-rochet,2024-03-21,True
21/22,Coronavírus,2022-05-16,2022-05-20,5.0,1.0,264014,sergio-rochet,2022-05-20,False
21/22,Infeção no tornozelo,2022-04-08,2022-04-12,5.0,1.0,264014,sergio-rochet,2022-04-12,False
21/22,Lesão na mão,2021-10-23,2022-01-10,80.0,8.0,264014,sergio-rochet,2022-01-10,True
18/19,Lesão desconhecida,2019-02-12,2019-02-18,7.0,1.0,264014,sergio-rochet,2019-02-18,False
18/19,Lesão desconhecida,2018-11-01,2018-11-06,6.0,1.0,264014,sergio-rochet,2018-11-06,False
15/16,Lesão no cotovelo,2015-09-25,2015-10-01,7.0,1.0,264014,sergio-rochet,2015-10-01,False
24/25,Lesão na panturrilha,2025-03-23,2025-05-02,41.0,8.0,312862,dalbert,2025-05-02,False
22/23,Lesão do ligamento cruzado,2022-07-14,2023-04-01,262.0,38.0,312862,dalbert,2023-04-01,True
21/22,Distorção do tornozelo,2022-05-16,2022-05-31,16.0,1.0,312862,dalbert,2022-05-31,False
21/22,Lesão no joelho,2021-10-17,2021-11-19,34.0,4.0,312862,dalbert,2021-11-19,False
21/22,Problemas musculares na coxa,2021-09-26,2021-10-13,18.0,2.0,312862,dalbert,2021-10-13,False
18/19,lesão na perna,2018-11-22,2018-12-17,26.0,6.0,312862,dalbert,2018-12-17,False
23/24,Problema neurológico,2024-03-28,2024-07-15,110.0,16.0,102740,mario-fernandes,2024-07-15,True
23/24,Entorse da banda lateral,2023-09-30,2023-11-22,54.0,7.0,102740,mario-fernandes,2023-11-22,False
23/24,Problemas musculares,2023-09-03,2023-09-19,17.0,1.0,102740,mario-fernandes,2023-09-19,False
22/23,Problemas musculares na coxa,2023-03-13,2023-03-27,15.0,2.0,102740,mario-fernandes,2023-03-27,False
21/22,Lesão no nariz,2022-03-05,2022-03-10,6.0,,102740,mario-fernandes,2022-03-10,False
21/22,Traumatismo no joelho,2021-09-01,2021-09-15,15.0,1.0,102740,mario-fernandes,2021-09-15,False
21/22,Contusão nas costas,2021-08-14,2021-08-17,4.0,,102740,mario-fernandes,2021-08-17,False
20/21,Contusão nas costas,2021-06-16,2021-06-19,4.0,,102740,mario-fernandes,2021-06-19,False
20/21,Lesão na virilha,2021-05-16,2021-06-04,20.0,1.0,102740,mario-fernandes,2021-06-04,False
20/21,Lesão na anca,2021-04-17,2021-05-06,20.0,3.0,102740,mario-fernandes,2021-05-06,False
20/21,ferimento facial,2021-03-13,2021-03-16,4.0,,102740,mario-fernandes,2021-03-16,False
20/21,Lesão na anca,2020-11-05,2020-12-05,31.0,8.0,102740,mario-fernandes,2020-12-05,False
20/21,Coronavírus,2020-10-09,2020-10-24,16.0,4.0,102740,mario-fernandes,2020-10-24,False
18/19,Traumatismo craniano,2018-11-07,2018-11-22,16.0,3.0,102740,mario-fernandes,2018-11-22,False
17/18,Lesão na coxa,2018-03-05,2018-04-12,39.0,8.0,102740,mario-fernandes,2018-04-12,False
17/18,Lesão desconhecida,2017-11-12,2017-11-20,9.0,2.0,102740,mario-fernandes,2017-11-20,False
16/17,Fratura do nariz,2017-05-22,2017-06-30,40.0,,102740,mario-fernandes,2017-06-30,False
15/16,Traumatismo craniano,2016-04-25,2016-05-02,8.0,1.0,102740,mario-fernandes,2016-05-02,False
15/16,Außenbandanriss Sprunggelenk,2015-08-27,2015-09-10,15.0,1.0,102740,mario-fernandes,2015-09-10,False
14/15,Fratura do nariz,2015-03-16,2015-03-23,8.0,1.0,102740,mario-fernandes,2015-03-23,False
14/15,Lesão no cotovelo,2014-10-20,2014-10-20,1.0,,102740,mario-fernandes,2014-10-20,False
14/15,Pequena lesão,2014-09-29,2014-09-29,1.0,,102740,mario-fernandes,2014-09-29,False
13/14,Problemas no Joelho,2013-11-28,2013-12-12,15.0,3.0,102740,mario-fernandes,2013-12-12,False
12/13,Lesão no joelho,2013-05-20,2013-11-18,183.0,24.0,102740,mario-fernandes,2013-11-18,True
10/11,Lesão no ombro,2010-05-17,2010-11-29,197.0,37.0,102740,mario-fernandes,2010-11-29,True
24/25,Lesão no pé,2025-02-27,2025-03-07,9.0,1.0,119905,hugo-mallo,2025-03-07,False
24/25,Lesão na panturrilha,2025-01-10,2025-02-07,29.0,4.0,119905,hugo-mallo,2025-02-07,False
24/25,Lesão desconhecida,2024-12-20,2024-12-30,11.0,1.0,119905,hugo-mallo,2024-12-30,False
24/25,Traumatismo craniano,2024-09-23,2024-09-30,8.0,2.0,119905,hugo-mallo,2024-09-30,False
23/24,Problemas musculares na coxa,2024-02-27,2024-03-10,13.0,3.0,119905,hugo-mallo,2024-03-10,False
23/24,Problemas musculares na coxa,2024-02-02,2024-02-17,16.0,4.0,119905,hugo-mallo,2024-02-17,False
23/24,Lesão na coxa,2023-10-20,2023-12-07,49.0,10.0,119905,hugo-mallo,2023-12-07,False
22/23,Problemas musculares,2022-10-24,2022-12-12,50.0,4.0,119905,hugo-mallo,2022-12-12,False
21/22,Lesão no joelho,2022-03-21,2022-06-06,78.0,9.0,119905,hugo-mallo,2022-06-06,True
20/21,Lesão muscular,2020-10-08,2020-11-05,29.0,3.0,119905,hugo-mallo,2020-11-05,False
19/20,Lesão no pé,2020-06-14,2020-06-24,11.0,2.0,119905,hugo-mallo,2020-06-24,False
19/20,Pubalgia,2020-01-17,2020-01-24,8.0,2.0,119905,hugo-mallo,2020-01-24,False
19/20,Lesão nos adutores,2019-12-22,2020-01-04,14.0,,119905,hugo-mallo,2020-01-04,False
19/20,Lesão na coxa,2019-07-19,2019-08-19,32.0,1.0,119905,hugo-mallo,2019-08-19,False
18/19,Lesão na coxa,2018-09-20,2018-09-25,6.0,1.0,119905,hugo-mallo,2018-09-25,False
17/18,Lesão num dedo do pé,2018-02-01,2018-02-10,10.0,1.0,119905,hugo-mallo,2018-02-10,False
17/18,Lesão na coxa,2017-09-30,2017-10-20,21.0,1.0,119905,hugo-mallo,2017-10-20,False
16/17,Rotura muscular na coxa,2017-03-29,2017-04-05,8.0,1.0,119905,hugo-mallo,2017-04-05,False
16/17,Queixas adutores,2017-02-17,2017-02-22,6.0,1.0,119905,hugo-mallo,2017-02-22,False
15/16,Lesão nos adutores,2016-04-13,2016-04-25,13.0,2.0,119905,hugo-mallo,2016-04-25,False
14/15,Fissura da banda lateral do joelho,2015-01-11,2015-03-01,50.0,7.0,119905,hugo-mallo,2015-03-01,False
13/14,Lesão no ombro,2014-04-28,2014-05-31,34.0,3.0,119905,hugo-mallo,2014-05-31,False
12/13,Lesão do ligamento cruzado,2013-01-09,2013-07-09,182.0,20.0,119905,hugo-mallo,2013-07-09,True
10/11,Pubalgia,2011-03-10,2011-03-30,21.0,3.0,119905,hugo-mallo,2011-03-30,False
10/11,Fibra muscular rasgado,2010-11-29,2010-12-30,32.0,3.0,119905,hugo-mallo,2010-12-30,False
25/26,Ruptura muscular,2026-03-10,2026-04-22,44.0,1.0,89701,charles-aranguiz,2026-04-22,False
25/26,Entorse do tornozelo,2025-07-25,2025-08-07,14.0,2.0,89701,charles-aranguiz,2025-08-07,False
24/25,Problemas no tendão de Aquiles,2025-06-16,2025-06-30,15.0,1.0,89701,charles-aranguiz,2025-06-30,False
24/25,Problemas no tendão de Aquiles,2025-06-01,2025-06-10,10.0,1.0,89701,charles-aranguiz,2025-06-10,False
24/25,Problemas musculares na coxa,2025-05-03,2025-05-11,9.0,2.0,89701,charles-aranguiz,2025-05-11,False
24/25,Problemas na tibiotársica,2025-02-06,2025-02-11,6.0,2.0,89701,charles-aranguiz,2025-02-11,False
24/25,Lesão no tornozelo,2024-07-01,2024-08-05,36.0,9.0,89701,charles-aranguiz,2024-08-05,False
23/24,Entorse do tornozelo,2024-03-29,2024-05-28,61.0,7.0,89701,charles-aranguiz,2024-05-28,True
22/23,Queixas adutores,2023-06-09,2023-06-26,18.0,6.0,89701,charles-aranguiz,2023-06-26,False
22/23,Recuperação ritmo competitivo,2023-05-13,2023-06-05,24.0,7.0,89701,charles-aranguiz,2023-06-05,False
22/23,Lesão na panturrilha,2022-10-20,2023-05-12,205.0,35.0,89701,charles-aranguiz,2023-05-12,True
22/23,Problemas musculares,2022-08-22,2022-08-25,4.0,,89701,charles-aranguiz,2022-08-25,False
21/22,Lesão muscular,2021-12-23,2022-01-24,33.0,2.0,89701,charles-aranguiz,2022-01-24,False
21/22,Lesão na panturrilha,2021-10-14,2021-11-29,47.0,12.0,89701,charles-aranguiz,2021-11-29,False
20/21,Lesão muscular,2020-10-15,2021-01-11,89.0,19.0,89701,charles-aranguiz,2021-01-11,True
19/20,Doente,2020-02-20,2020-03-02,12.0,2.0,89701,charles-aranguiz,2020-03-02,False
19/20,Ruptura muscular,2020-01-02,2020-02-13,43.0,5.0,89701,charles-aranguiz,2020-02-13,False
19/20,Haarriss im Fuß,2019-10-03,2019-10-31,29.0,6.0,89701,charles-aranguiz,2019-10-31,False
18/19,Lesão no joelho,2018-09-10,2018-11-05,57.0,14.0,89701,charles-aranguiz,2018-11-05,False
18/19,Lesão no joelho,2018-07-02,2018-08-23,53.0,1.0,89701,charles-aranguiz,2018-08-23,False
17/18,Problemas na panturrilha,2018-03-15,2018-03-15,1.0,,89701,charles-aranguiz,2018-03-15,False
17/18,Gestão de esforço,2018-03-05,2018-03-05,1.0,,89701,charles-aranguiz,2018-03-05,False
17/18,Problemas no Joelho,2018-02-08,2018-02-08,1.0,,89701,charles-aranguiz,2018-02-08,False
17/18,Ruptura muscular,2017-11-30,2017-12-18,19.0,3.0,89701,charles-aranguiz,2017-12-18,False
17/18,Ruptura muscular,2017-09-28,2017-10-19,22.0,2.0,89701,charles-aranguiz,2017-10-19,False
16/17,Traumatismo,2017-01-23,2017-01-26,4.0,,89701,charles-aranguiz,2017-01-26,False
16/17,Traumatismo tibioperoneal,2016-08-29,2016-09-01,4.0,,89701,charles-aranguiz,2016-09-01,False
15/16,Recuperação ritmo competitivo,2016-03-07,2016-03-31,25.0,6.0,89701,charles-aranguiz,2016-03-31,False
15/16,Rotura do tendão de Aquiles,2015-08-20,2016-03-07,201.0,41.0,89701,charles-aranguiz,2016-03-07,True
14/15,Problemas no Joelho,2014-07-21,2014-08-07,18.0,3.0,89701,charles-aranguiz,2014-08-07,False
13/14,Entorse na tibiotársica,2013-11-14,2013-12-21,38.0,6.0,89701,charles-aranguiz,2013-12-21,False
24/25,Lesão na coxa,2025-05-09,2025-06-08,31.0,8.0,139503,enner-valencia,2025-06-08,False
24/25,Problema nos flexores do quadril,2024-07-14,2024-07-22,9.0,2.0,139503,enner-valencia,2024-07-22,False
23/24,Lesão no pé,2024-04-01,2024-05-28,58.0,7.0,139503,enner-valencia,2024-05-28,False
23/24,Traumatismo no pé,2024-02-26,2024-03-08,12.0,2.0,139503,enner-valencia,2024-03-08,False
22/23,Lesão na cabeça,2023-04-29,2023-05-06,8.0,1.0,139503,enner-valencia,2023-05-06,False
22/23,Lesão meniscal,2023-03-19,2023-03-29,11.0,2.0,139503,enner-valencia,2023-03-29,False
22/23,Problemas no Joelho,2022-12-26,2023-01-04,10.0,2.0,139503,enner-valencia,2023-01-04,False
22/23,Lesão no joelho,2022-11-29,2022-12-16,18.0,,139503,enner-valencia,2022-12-16,False
21/22,Lesão no pé,2022-02-28,2022-03-14,15.0,2.0,139503,enner-valencia,2022-03-14,False
21/22,Doente,2022-01-14,2022-01-16,3.0,1.0,139503,enner-valencia,2022-01-16,False
21/22,Recuperação ritmo competitivo,2021-12-06,2021-12-15,10.0,2.0,139503,enner-valencia,2021-12-15,False
21/22,Lesão tornozelo,2021-10-30,2021-12-06,38.0,9.0,139503,enner-valencia,2021-12-06,False
21/22,Lesão desconhecida,2021-08-12,2021-08-21,10.0,2.0,139503,enner-valencia,2021-08-21,False
20/21,Fissura parcial muscular,2020-12-07,2020-12-28,22.0,4.0,139503,enner-valencia,2020-12-28,False
20/21,Coronavírus,2020-11-14,2020-11-30,17.0,4.0,139503,enner-valencia,2020-11-30,False
20/21,Febre,2020-11-11,2020-11-14,4.0,1.0,139503,enner-valencia,2020-11-14,False
15/16,Lesão tornozelo,2016-02-14,2016-03-10,26.0,4.0,139503,enner-valencia,2016-03-10,False
15/16,Lesão tornozelo,2015-11-09,2015-12-10,32.0,5.0,139503,enner-valencia,2015-12-10,False
15/16,Lesão na panturrilha,2015-07-31,2015-10-16,78.0,13.0,139503,enner-valencia,2015-10-16,True
14/15,Lesão num dedo do pé,2015-03-11,2015-04-10,31.0,5.0,139503,enner-valencia,2015-04-10,False
14/15,Lesão no joelho,2014-11-21,2014-12-05,15.0,2.0,139503,enner-valencia,2014-12-05,False
25/26,Amigdalite,2025-09-21,2025-10-04,14.0,2.0,982549,lucca,2025-10-04,False
24/25,Problemas musculares,2024-08-12,2024-11-20,101.0,16.0,982549,lucca,2024-11-20,True
24/25,Problemas musculares,2024-07-21,2024-08-03,14.0,2.0,982549,lucca,2024-08-03,False
23/24,Lesão na coxa,2024-06-23,2024-07-15,23.0,6.0,982549,lucca,2024-07-15,False
23/24,Problemas musculares na coxa,2024-06-14,2024-06-22,9.0,2.0,982549,lucca,2024-06-22,False
23/24,Problemas musculares,2024-05-27,2024-06-04,9.0,2.0,982549,lucca,2024-06-04,False
22/23,Lesão dos ligamentos laterais do joelho,2023-04-30,2023-11-20,205.0,36.0,355496,lucas-cunha,2023-11-20,True
18/19,Rotura de ligamentos no joelho,2018-12-06,2019-06-30,207.0,29.0,355496,lucas-cunha,2019-06-30,True
25/26,Entorse do tornozelo,2025-07-24,2025-11-15,115.0,19.0,564546,eduardo,2025-11-15,True
24/25,Lesão na coxa,2024-11-25,2025-01-15,52.0,3.0,564546,eduardo,2025-01-15,False
24/25,Pneumonia,2024-07-22,2024-08-09,19.0,4.0,564546,eduardo,2024-08-09,False
23/24,Lesão dos ligamentos laterais do joelho,2023-07-10,2024-04-16,282.0,47.0,564546,eduardo,2024-04-16,True
22/23,Doente,2023-03-07,2023-03-15,9.0,1.0,564546,eduardo,2023-03-15,False
22/23,Lesão muscular,2022-09-26,2022-10-28,33.0,8.0,564546,eduardo,2022-10-28,False
22/23,Doente,2022-09-05,2022-09-14,10.0,2.0,564546,eduardo,2022-09-14,False
19/20,Problemas na tibiotársica,2020-02-01,2020-02-17,17.0,1.0,564546,eduardo,2020-02-17,False
24/25,Lesão na coxa,2024-11-21,2024-12-04,14.0,2.0,1084081,gustavo-neves,2024-12-04,False
25/26,Lesão na coxa,2025-11-03,2026-01-10,69.0,7.0,975191,henry-mosquera,2026-01-10,True
25/26,Lesão na coxa,2025-07-24,2025-08-22,30.0,6.0,975191,henry-mosquera,2025-08-22,False
24/25,Lesão na coxa,2025-05-06,2025-07-12,68.0,6.0,975191,henry-mosquera,2025-07-12,True
24/25,Problemas musculares na coxa,2025-04-21,2025-05-04,14.0,2.0,975191,henry-mosquera,2025-05-04,False
24/25,Lesão nos adutores,2024-10-20,2024-11-08,20.0,2.0,975191,henry-mosquera,2024-11-08,False
23/24,Lesão na coxa,2024-02-18,2024-04-09,52.0,8.0,975191,henry-mosquera,2024-04-09,False
23/24,Entorse do tornozelo,2024-01-27,2024-02-09,14.0,3.0,975191,henry-mosquera,2024-02-09,False
23/24,Lesão no joelho,2023-06-24,2023-09-30,99.0,16.0,975191,henry-mosquera,2023-09-30,True
24/25,Lesão na coxa,2024-07-04,2024-07-27,24.0,5.0,1084074,talisson,2024-07-27,False
23/24,Vírus,2024-06-10,2024-06-19,10.0,2.0,1084074,talisson,2024-06-19,False
22/23,Lesão no tornozelo,2023-04-23,2023-08-13,113.0,22.0,577407,ignacio-laquintana,2023-08-13,True
21/22,Coronavírus,2022-01-06,2022-01-16,11.0,,577407,ignacio-laquintana,2022-01-16,False
25/26,Lesão na coxa,2025-08-24,2025-09-20,28.0,2.0,743951,thiago-borbas,2025-09-20,False
24/25,Lesão na coxa,2024-09-16,2024-12-10,86.0,13.0,743951,thiago-borbas,2024-12-10,True
24/25,Ruptura muscular do músculo do perônio,2025-02-17,2025-03-19,31.0,4.0,60889,gary-medel,2025-03-19,False
24/25,Muskelkater,2024-09-09,2024-10-10,32.0,4.0,60889,gary-medel,2024-10-10,False
22/23,Lesão desconhecida,2023-01-19,2023-02-09,22.0,3.0,60889,gary-medel,2023-02-09,False
21/22,Coronavírus,2022-01-05,2022-01-15,11.0,1.0,60889,gary-medel,2022-01-15,False
20/21,Problemas musculares,2021-04-01,2021-05-17,47.0,8.0,60889,gary-medel,2021-05-17,False
20/21,Lesão na panturrilha,2020-12-30,2021-03-02,63.0,10.0,60889,gary-medel,2021-03-02,True
20/21,Ruptura muscular do músculo do perônio,2020-10-04,2020-11-22,50.0,9.0,60889,gary-medel,2020-11-22,False
19/20,Lesão no bíceps femoral,2020-01-09,2020-02-26,49.0,7.0,60889,gary-medel,2020-02-26,False
19/20,Lesão no bíceps femoral,2019-10-12,2019-11-01,21.0,4.0,60889,gary-medel,2019-11-01,False
18/19,Lesão desconhecida,2019-05-18,2019-05-25,8.0,1.0,60889,gary-medel,2019-05-25,False
18/19,Lesão no tornozelo,2019-04-22,2019-05-14,23.0,3.0,60889,gary-medel,2019-05-14,False
18/19,Lesão desconhecida,2018-11-23,2018-11-30,8.0,1.0,60889,gary-medel,2018-11-30,False
16/17,Problemas musculares,2017-06-23,2017-06-26,4.0,,60889,gary-medel,2017-06-26,False
16/17,Choque,2017-03-09,2017-03-12,4.0,,60889,gary-medel,2017-03-12,False
16/17,Operado ao joelho,2016-11-20,2017-01-08,50.0,7.0,60889,gary-medel,2017-01-08,False
14/15,Muskelbündelriss,2014-06-29,2014-08-02,35.0,,60889,gary-medel,2014-08-02,False
13/14,Lesão muscular,2014-02-17,2014-03-01,13.0,1.0,60889,gary-medel,2014-03-01,False
11/12,Muskelbündelriss,2012-05-31,2012-06-21,22.0,2.0,60889,gary-medel,2012-06-21,False
08/09,Acidente de viação,2009-01-03,2009-03-19,76.0,10.0,60889,gary-medel,2009-03-19,True
07/08,Lesão tornozelo,2007-10-24,2007-12-13,51.0,9.0,60889,gary-medel,2007-12-13,False
25/26,Problemas na panturrilha,2025-09-29,2025-10-31,33.0,5.0,653152,manuel-capasso,2025-10-31,False
24/25,Lesão desconhecida,2025-03-30,2025-06-13,76.0,19.0,653152,manuel-capasso,2025-06-13,True
24/25,Lesão no pé,2025-03-01,2025-03-14,14.0,3.0,653152,manuel-capasso,2025-03-14,False
20/21,Coronavírus,2020-11-19,2020-12-11,23.0,1.0,430339,jose-luis-rodriguez,2020-12-11,False
17/18,Lesão no tornozelo,2018-03-20,2018-03-30,11.0,2.0,430339,jose-luis-rodriguez,2018-03-30,False
25/26,Rotura de ligamentos no joelho,2025-12-18,,98.0,18.0,862574,mateus-carvalho,2026-03-26,True
25/26,Lesão no joelho,2025-08-11,2025-08-30,20.0,4.0,862574,mateus-carvalho,2025-08-30,False
22/23,Lesão meniscal,2023-06-07,2023-07-31,55.0,7.0,1083966,cauan-barros,2023-07-31,False
25/26,Problemas na zona lombar,2025-08-21,2025-09-12,23.0,3.0,534473,paulinho-paula,2025-09-12,False
24/25,Vírus,2025-06-01,2025-07-14,44.0,1.0,534473,paulinho-paula,2025-07-14,False
23/24,Lesão do ligamento cruzado,2024-01-28,2024-11-29,307.0,54.0,534473,paulinho-paula,2024-11-29,True
25/26,Lesão desconhecida,2025-09-28,2025-10-13,16.0,3.0,743600,andrey-santos,2025-10-13,False
25/26,Lesão desconhecida,2026-03-13,,13.0,3.0,668235,marlon-gomes,2026-03-26,False
24/25,Rotura muscular na coxa,2024-08-11,2024-08-31,21.0,2.0,668235,marlon-gomes,2024-08-31,False
23/24,Lesão na panturrilha,2024-02-02,2024-03-15,43.0,6.0,668235,marlon-gomes,2024-03-15,False
25/26,Vírus,2025-08-18,2025-08-23,6.0,1.0,66515,alex-teixeira,2025-08-23,False
24/25,Lesão na coxa,2024-08-01,2024-08-28,28.0,5.0,66515,alex-teixeira,2024-08-28,False
24/25,Problemas físicos,2024-07-16,2024-07-20,5.0,1.0,66515,alex-teixeira,2024-07-20,False
21/22,Coronavírus,2022-01-07,2022-01-15,9.0,2.0,66515,alex-teixeira,2022-01-15,False
21/22,Fissura parcial muscular,2021-11-27,2021-12-28,32.0,6.0,66515,alex-teixeira,2021-12-28,False
21/22,Rotura muscular na coxa,2021-09-11,2021-09-30,20.0,5.0,66515,alex-teixeira,2021-09-30,False
21/22,Rotura muscular na coxa,2021-08-28,2021-09-10,14.0,,66515,alex-teixeira,2021-09-10,False
21/22,Quarentena,2021-08-10,2021-08-16,7.0,1.0,66515,alex-teixeira,2021-08-16,False
18/19,Lesão na panturrilha,2018-08-02,2018-08-11,10.0,2.0,66515,alex-teixeira,2018-08-11,False
15/16,Lesão na coxa,2016-01-21,2016-02-09,20.0,,66515,alex-teixeira,2016-02-09,False
13/14,Lesão desconhecida,2014-04-04,2014-04-13,10.0,1.0,66515,alex-teixeira,2014-04-13,False
24/25,Problemas no Joelho,2025-04-16,2026-03-22,341.0,13.0,37647,dimitri-payet,2026-03-22,True
24/25,Problemas musculares,2024-11-06,2024-11-20,15.0,1.0,37647,dimitri-payet,2024-11-20,False
24/25,Problemas musculares na coxa,2024-07-04,2024-07-27,24.0,4.0,37647,dimitri-payet,2024-07-27,False
23/24,Lesão na coxa,2024-06-12,2024-06-28,17.0,5.0,37647,dimitri-payet,2024-06-28,False
23/24,Problemas físicos,2024-05-03,2024-05-09,7.0,1.0,37647,dimitri-payet,2024-05-09,False
23/24,Entorse no joelho,2024-04-03,2024-04-26,24.0,3.0,37647,dimitri-payet,2024-04-26,False
22/23,Problemas na tibiotársica,2023-01-05,2023-01-13,9.0,2.0,37647,dimitri-payet,2023-01-13,False
22/23,Problemas na panturrilha,2022-09-01,2022-09-06,6.0,1.0,37647,dimitri-payet,2022-09-06,False
21/22,Lesão na panturrilha,2022-05-06,2022-05-31,26.0,3.0,37647,dimitri-payet,2022-05-31,False
21/22,Lesão muscular,2022-03-12,2022-03-19,8.0,2.0,37647,dimitri-payet,2022-03-19,False
21/22,Problemas na panturrilha,2021-10-01,2021-10-16,16.0,1.0,37647,dimitri-payet,2021-10-16,False
21/22,Problemas musculares na coxa,2021-09-21,2021-09-24,4.0,1.0,37647,dimitri-payet,2021-09-24,False
21/22,Problemas musculares,2021-09-06,2021-09-15,10.0,1.0,37647,dimitri-payet,2021-09-15,False
20/21,Coronavírus,2020-08-22,2020-09-06,16.0,1.0,37647,dimitri-payet,2020-09-06,False
19/20,Contra,2020-02-12,2020-02-21,10.0,1.0,37647,dimitri-payet,2020-02-21,False
18/19,Lesão no ligamento interno,2019-01-21,2019-02-15,26.0,4.0,37647,dimitri-payet,2019-02-15,False
17/18,Lesão na coxa,2018-05-17,2018-06-01,16.0,2.0,37647,dimitri-payet,2018-06-01,False
17/18,Problemas musculares,2017-10-24,2017-11-15,23.0,5.0,37647,dimitri-payet,2017-11-15,False
17/18,Problemas musculares na coxa,2017-08-07,2017-09-09,34.0,7.0,37647,dimitri-payet,2017-09-09,False
16/17,Choque,2016-08-16,2016-08-30,15.0,4.0,37647,dimitri-payet,2016-08-30,False
15/16,Rotura de sindesmose,2015-11-08,2016-01-01,55.0,9.0,37647,dimitri-payet,2016-01-01,False
21/22,Infeção,2022-04-01,2022-04-03,3.0,1.0,456449,serginho,2022-04-03,False
20/21,Lesão desconhecida,2021-04-17,2021-05-10,24.0,3.0,456449,serginho,2021-05-10,False
20/21,Lesão desconhecida,2021-02-28,2021-03-24,25.0,3.0,456449,serginho,2021-03-24,False
17/18,Lesão desconhecida,2018-02-13,2018-02-25,13.0,3.0,456449,serginho,2018-02-25,False
25/26,Lesão desconhecida,2025-08-07,2025-10-07,62.0,12.0,1033963,eguinaldo,2025-10-07,True
24/25,Lesão no bíceps femoral,2025-01-22,2025-02-06,16.0,1.0,1033963,eguinaldo,2025-02-06,False
23/24,Lesão desconhecida,2024-04-08,2024-04-15,8.0,1.0,1033963,eguinaldo,2024-04-15,False
23/24,Lesão desconhecida,2024-03-01,2024-03-16,16.0,3.0,1033963,eguinaldo,2024-03-16,False
25/26,lesão na perna,2025-10-06,2025-10-23,18.0,1.0,636784,luca-orellano,2025-10-23,False
25/26,Lesão muscular,2025-08-12,2025-08-28,17.0,2.0,636784,luca-orellano,2025-08-28,False
24/25,Lesão no tornozelo,2025-06-27,2025-06-30,4.0,1.0,636784,luca-orellano,2025-06-30,False
24/25,lesão na perna,2025-05-12,2025-05-16,5.0,1.0,636784,luca-orellano,2025-05-16,False
24/25,lesão na perna,2025-02-20,2025-03-03,12.0,4.0,636784,luca-orellano,2025-03-03,False
24/25,Lesão desconhecida,2025-04-12,2025-06-16,66.0,6.0,1083965,juan-bezerra,2025-06-16,True
25/26,Fratura no pé,2025-07-22,2025-09-22,63.0,7.0,401727,sebastian-ferreira,2025-09-22,True
24/25,Problemas musculares,2025-04-04,2025-04-12,9.0,2.0,401727,sebastian-ferreira,2025-04-12,False
24/25,Lesão no ombro,2024-09-16,2024-10-04,19.0,2.0,535037,erick-farias,2024-10-04,False
23/24,Lesão na coxa,2024-03-08,2024-03-29,22.0,4.0,535037,erick-farias,2024-03-29,False
25/26,Lesão na coxa,2025-08-25,2025-09-30,37.0,7.0,1083962,gbtm,2025-09-30,False
25/26,Lesão na coxa,2025-07-16,2025-08-16,32.0,7.0,1083962,gbtm,2025-08-16,False
24/25,Lesão no joelho,2025-01-18,2025-03-18,60.0,2.0,1083962,gbtm,2025-03-18,True
23/24,Operado ao joelho,2023-04-07,2024-07-12,463.0,4.0,1083962,gbtm,2024-07-12,True
25/26,Lesão na coxa,2025-10-21,2025-11-01,12.0,1.0,1012564,rayan,2025-11-01,False
25/26,Lesão na panturrilha,2025-10-26,2025-11-22,28.0,4.0,740501,gabriel-xavier,2025-11-22,False
24/25,Lesão na panturrilha,2025-03-31,2025-04-29,30.0,8.0,740501,gabriel-xavier,2025-04-29,False
25/26,Problemas musculares,2026-02-21,2026-02-26,6.0,1.0,382473,camilo-candido,2026-02-26,False
25/26,Lesão muscular,2025-06-17,2025-08-01,46.0,6.0,382473,camilo-candido,2025-08-01,False
25/26,Recuperação ritmo competitivo,2026-02-09,,45.0,8.0,713787,jhoanner-chavez,2026-03-26,False
25/26,Pancada na coxa,2025-12-03,2026-02-02,62.0,8.0,713787,jhoanner-chavez,2026-02-02,True
24/25,Entorse do tornozelo,2025-01-06,2025-09-23,261.0,29.0,713787,jhoanner-chavez,2025-09-23,True
23/24,Pancada na coxa,2024-04-29,2024-05-14,16.0,2.0,713787,jhoanner-chavez,2024-05-14,False
23/24,Lesão na panturrilha,2024-02-26,2024-03-19,23.0,3.0,713787,jhoanner-chavez,2024-03-19,False
21/22,Lesão no joelho,2022-02-06,2022-04-01,55.0,5.0,713787,jhoanner-chavez,2022-04-01,False
23/24,Problemas na tibiotársica,2023-08-15,2023-12-10,118.0,19.0,1082832,ryan,2023-12-10,True
24/25,Problemas musculares,2024-07-20,2024-08-06,18.0,5.0,101294,cicinho,2024-08-06,False
21/22,Lesão desconhecida,2022-02-01,2022-02-25,25.0,2.0,101294,cicinho,2022-02-25,False
15/16,Queixas adutores,2016-01-22,2016-04-20,90.0,8.0,101294,cicinho,2016-04-20,True
23/24,Lesão do ligamento cruzado,2024-06-26,,638.0,116.0,959171,andre-dhominique,2026-03-26,True
23/24,Lesão do ligamento cruzado,2023-12-06,2024-10-17,317.0,60.0,625569,nicolas-acevedo,2024-10-17,True
21/22,Lesão da parede abdominal,2021-10-11,2021-12-03,54.0,8.0,625569,nicolas-acevedo,2021-12-03,False
25/26,Lesão no tornozelo,2026-03-15,2026-03-21,7.0,,662327,diego-rosa,2026-03-21,False
25/26,Lesão no joelho,2026-01-07,2026-01-20,14.0,2.0,662327,diego-rosa,2026-01-20,False
25/26,Lesão no joelho,2025-09-26,2025-10-02,7.0,1.0,662327,diego-rosa,2025-10-02,False
24/25,Lesão na coxa,2025-04-20,2025-05-07,18.0,4.0,662327,diego-rosa,2025-05-07,False
24/25,Problemas na zona lombar,2025-05-11,2025-08-01,83.0,16.0,793815,rezende,2025-08-01,True
24/25,Lesão na coxa,2024-09-22,2024-12-02,72.0,9.0,793815,rezende,2024-12-02,True
24/25,Lesão muscular,2024-07-28,2024-08-24,28.0,5.0,793815,rezende,2024-08-24,False
23/24,Estiramento do ligamento colateral interno do joelho,2024-01-25,2024-02-14,21.0,5.0,793815,rezende,2024-02-14,False
22/23,Lesão desconhecida,2022-08-02,2022-08-24,23.0,3.0,162812,cauly,2022-08-24,False
21/22,Fratura do perónio,2021-08-25,2021-11-18,86.0,15.0,162812,cauly,2021-11-18,True
18/19,Problemas musculares na coxa,2018-11-07,2018-11-28,22.0,2.0,162812,cauly,2018-11-28,False
18/19,Problemas musculares na coxa,2018-10-27,2018-10-29,3.0,1.0,162812,cauly,2018-10-29,False
17/18,Vírus,2018-02-01,2018-03-18,46.0,6.0,162812,cauly,2018-03-18,False
15/16,Fibra muscular rasgado,2015-10-05,2015-10-29,25.0,3.0,162812,cauly,2015-10-29,False
15/16,Fibra muscular rasgado,2015-08-05,2015-08-24,20.0,2.0,162812,cauly,2015-08-24,False
25/26,Traumatismo tibioperoneal,2026-03-11,,15.0,1.0,1038907,patrick-verhon,2026-03-26,False
25/26,Entorse no joelho,2025-09-01,2025-09-19,19.0,2.0,1083095,tiago,2025-09-19,False
25/26,Lesão na coxa,2025-07-20,2025-08-01,13.0,3.0,1083095,tiago,2025-08-01,False
25/26,Cirurgia Ligamento Cruzado,2025-11-09,2026-09-27,323.0,,1083092,kennedy,2026-09-27,True
24/25,Lesão na tíbia,2025-01-22,2025-05-05,104.0,13.0,1083092,kennedy,2025-05-05,True
23/24,Lesão muscular,2023-10-29,2023-10-31,3.0,,289802,rafael-ratao,2023-10-31,False
22/23,Gripe,2022-10-27,2022-11-01,6.0,1.0,289802,rafael-ratao,2022-11-01,False
22/23,Lesão muscular,2022-09-05,2022-10-04,30.0,3.0,289802,rafael-ratao,2022-10-04,False
20/21,Pequena lesão,2021-03-02,2021-03-08,7.0,1.0,289802,rafael-ratao,2021-03-08,False
19/20,Lesão desconhecida,2020-06-12,2020-06-21,10.0,,289802,rafael-ratao,2020-06-21,False
19/20,Lesão desconhecida,2019-08-30,2019-10-07,39.0,,289802,rafael-ratao,2019-10-07,False
18/19,Lesão desconhecida,2019-03-12,2019-03-17,6.0,,289802,rafael-ratao,2019-03-17,False
23/24,Lesão no pé,2024-01-26,2024-03-05,40.0,6.0,905691,arthur-sales,2024-03-05,False
21/22,Lesão na mão,2021-09-12,2021-09-24,13.0,2.0,103916,rafael-cabral,2021-09-24,False
13/14,Fissura da banda do joelho,2014-02-20,2014-07-10,141.0,27.0,103916,rafael-cabral,2014-07-10,True
25/26,Vírus,2026-03-16,2026-03-21,6.0,1.0,744024,joao-marcelo,2026-03-21,False
24/25,Rotura de ligamentos no joelho,2025-02-02,2025-08-31,211.0,38.0,744024,joao-marcelo,2025-08-31,True
25/26,Cirurgia Ligamento Cruzado,2025-09-26,,181.0,23.0,1019701,pedrao,2026-03-26,True
23/24,Lesão muscular,2024-01-26,2024-04-03,69.0,15.0,879217,kaiki,2024-04-03,True
25/26,Lesão muscular,2025-08-11,2025-08-22,12.0,1.0,341710,william,2025-08-22,False
25/26,Fadiga muscular,2025-07-24,2025-08-02,10.0,2.0,341710,william,2025-08-02,False
24/25,Fadiga muscular,2025-04-18,2025-04-30,13.0,3.0,341710,william,2025-04-30,False
21/22,Lesão no joelho,2021-11-11,2023-01-24,440.0,26.0,341710,william,2023-01-24,True
21/22,Recuperação ritmo competitivo,2021-11-01,2021-11-10,10.0,2.0,341710,william,2021-11-10,False
20/21,Rotura dos ligamentos cruzados,2021-05-05,2021-10-31,180.0,18.0,341710,william,2021-10-31,True
19/20,Rotura dos ligamentos cruzados,2020-02-09,2020-10-23,258.0,25.0,341710,william,2020-10-23,True
24/25,Problema nos flexores do quadril,2024-07-28,2025-01-01,158.0,18.0,211389,helibelton-palacios,2025-01-01,True
22/23,Rotura de ligamentos no joelho,2023-02-13,2023-07-31,169.0,26.0,371967,wesley-gasolina,2023-07-31,True
22/23,Problemas musculares na coxa,2022-10-11,2022-12-31,82.0,4.0,371967,wesley-gasolina,2022-12-31,True
21/22,Lesão desconhecida,2022-04-27,2022-08-12,108.0,6.0,371967,wesley-gasolina,2022-08-12,True
20/21,Lesão nos adutores,2021-03-12,2021-06-30,111.0,14.0,371967,wesley-gasolina,2021-06-30,True
20/21,Coronavírus,2020-09-27,2020-11-10,45.0,9.0,371967,wesley-gasolina,2020-11-10,False
19/20,Gripe,2020-01-18,2020-01-27,10.0,2.0,371967,wesley-gasolina,2020-01-27,False
24/25,Lesão tendinosa do bicípete femoral,2025-01-23,2025-07-12,171.0,28.0,432157,japa,2025-07-12,True
24/25,Fratura no pé,2024-09-02,2024-10-25,54.0,8.0,432157,japa,2024-10-25,False
23/24,Lesão no pé,2024-02-21,2024-05-29,99.0,16.0,432157,japa,2024-05-29,True
24/25,Fadiga muscular,2025-04-21,2025-04-25,5.0,,225984,matheus-pereira,2025-04-25,False
23/24,Lesão no joelho,2023-08-08,2023-10-14,68.0,7.0,225984,matheus-pereira,2023-10-14,True
18/19,Zerrung in der Oberschenkel- und Gesäßmuskulatur,2019-05-05,2019-06-01,28.0,2.0,225984,matheus-pereira,2019-06-01,False
23/24,Lesão na coxa,2024-06-07,2024-06-20,14.0,2.0,746358,daniel-jr,2024-06-20,False
23/24,Lesão na virilha,2024-03-11,2024-04-06,27.0,5.0,746358,daniel-jr,2024-04-06,False
23/24,Lesão na coxa,2023-06-21,2023-07-28,38.0,4.0,746358,daniel-jr,2023-07-28,False
25/26,Doente,2026-02-07,2026-02-09,3.0,1.0,1084714,robert,2026-02-09,False
25/26,Lesão desconhecida,2025-10-20,2025-10-25,6.0,1.0,1084714,robert,2025-10-25,False
24/25,Lesão desconhecida,2025-03-30,2025-04-14,16.0,3.0,1084714,robert,2025-04-14,False
24/25,Problemas na virilha,2024-11-04,2024-11-09,6.0,1.0,1084714,robert,2024-11-09,False
22/23,Lesão no ombro,2022-10-01,2022-12-31,92.0,6.0,796574,stenio,2022-12-31,True
21/22,Lesão muscular,2021-11-02,2021-11-25,24.0,2.0,796574,stenio,2021-11-25,False
24/25,Lesão desconhecida,2025-01-18,2025-01-21,4.0,1.0,1010016,juan-christian,2025-01-21,False
25/26,Lesão no ombro,2026-02-28,,26.0,4.0,974488,pedro-morisco,2026-03-26,False
23/24,Traumatismo no pé,2024-07-12,2024-07-14,3.0,1.0,340557,mauricio-antonio,2024-07-14,False
18/19,Problemas na panturrilha,2019-05-04,2019-05-18,15.0,3.0,340557,mauricio-antonio,2019-05-18,False
18/19,Lesão no bíceps femoral,2018-12-06,2019-01-31,57.0,1.0,340557,mauricio-antonio,2019-01-31,False
18/19,Distensão da panturrilha,2018-11-21,2018-12-02,12.0,2.0,340557,mauricio-antonio,2018-12-02,False
16/17,Lesão no joelho,2017-04-11,2017-06-01,52.0,6.0,340557,mauricio-antonio,2017-06-01,False
24/25,Lesão no joelho,2025-04-18,2025-05-24,37.0,5.0,1090422,jean-pedroso,2025-05-24,False
22/23,Lesão na coxa,2023-05-13,2023-06-10,29.0,4.0,1100480,thiago-dombroski,2023-06-10,False
24/25,Lesão nos ligamentos do tornozelo,2025-06-13,2026-01-09,211.0,27.0,613641,jamerson,2026-01-09,True
23/24,Lesão na coxa,2024-05-10,2024-06-06,28.0,5.0,613641,jamerson,2024-06-06,False
20/21,Operação ao tendão de Aquiles,2021-03-25,2021-06-30,98.0,11.0,140032,andreas-samaris,2021-06-30,True
20/21,Problemas no tendão de Aquiles,2021-02-15,2021-03-24,38.0,8.0,140032,andreas-samaris,2021-03-24,False
20/21,Problemas no tendão de Aquiles,2020-09-06,2020-10-25,50.0,6.0,140032,andreas-samaris,2020-10-25,False
17/18,Problemas na panturrilha,2017-11-09,2017-11-11,3.0,,140032,andreas-samaris,2017-11-11,False
16/17,Lesão tornozelo,2016-09-15,2016-10-17,33.0,7.0,140032,andreas-samaris,2016-10-17,False
15/16,Gestão de esforço,2016-03-28,2016-03-31,4.0,1.0,140032,andreas-samaris,2016-03-31,False
23/24,Recuperação ritmo competitivo,2024-05-15,2024-05-26,12.0,2.0,111828,fransergio,2024-05-26,False
23/24,Lesão na coxa,2024-02-18,2024-05-15,88.0,11.0,111828,fransergio,2024-05-15,True
20/21,Lesão desconhecida,2021-05-20,2021-05-31,12.0,1.0,111828,fransergio,2021-05-31,False
20/21,Coronavírus,2020-11-02,2020-11-23,22.0,4.0,111828,fransergio,2020-11-23,False
19/20,Lesão na coxa,2019-10-22,2019-10-27,6.0,1.0,111828,fransergio,2019-10-27,False
18/19,Lesão na coxa,2019-03-27,2019-04-10,15.0,3.0,111828,fransergio,2019-04-10,False
18/19,lesão na perna,2019-01-13,2019-01-28,16.0,3.0,111828,fransergio,2019-01-28,False
17/18,Lesão no joelho,2017-11-27,2018-05-14,169.0,27.0,111828,fransergio,2018-05-14,True
25/26,Lesão na coxa,2026-02-06,2026-03-10,33.0,5.0,570522,sebastian-gomez,2026-03-10,False
21/22,Artroscopia,2022-11-18,2023-02-27,102.0,7.0,570522,sebastian-gomez,2023-02-27,True
24/25,Lesão desconhecida,2025-02-28,2025-04-12,44.0,3.0,634737,matheus-bianqui,2025-04-12,False
25/26,Infeção da sola do pé,2026-02-10,2026-02-16,7.0,1.0,456617,marcelino-moreno,2026-02-16,False
25/26,Lesão muscular,2025-08-26,2025-09-05,11.0,1.0,456617,marcelino-moreno,2025-09-05,False
25/26,Lumbago,2025-07-24,2025-08-16,24.0,4.0,456617,marcelino-moreno,2025-08-16,False
23/24,Febre,2024-05-11,2024-05-14,4.0,1.0,456617,marcelino-moreno,2024-05-14,False
21/22,Lesão no pé,2022-02-21,2022-02-25,5.0,,456617,marcelino-moreno,2022-02-25,False
22/23,Lesão desconhecida,2023-01-03,2023-01-09,7.0,2.0,134936,jese,2023-01-09,False
19/20,Lesão muscular,2019-09-16,2019-09-20,5.0,1.0,134936,jese,2019-09-20,False
18/19,Lesão muscular,2019-02-22,2019-02-27,6.0,1.0,134936,jese,2019-02-27,False
16/17,Gripe gastrointestinal,2017-04-12,2017-04-22,11.0,1.0,134936,jese,2017-04-22,False
14/15,Recuperação ritmo competitivo,2014-11-07,2014-12-01,25.0,4.0,134936,jese,2014-12-01,False
13/14,Rotura dos ligamentos cruzados,2014-03-19,2014-11-06,233.0,34.0,134936,jese,2014-11-06,True
25/26,Lesão na coxa,2026-02-12,,42.0,8.0,802809,mauricio-garcez,2026-03-26,False
22/23,Ligamento Esticado,2023-06-03,2023-06-10,8.0,,802809,mauricio-garcez,2023-06-10,False
23/24,Lesão desconhecida,2024-02-10,2024-04-10,61.0,7.0,366278,rodrigo-pinho,2024-04-10,True
21/22,Rotura dos ligamentos cruzados,2021-10-14,2022-06-30,260.0,41.0,366278,rodrigo-pinho,2022-06-30,True
21/22,Lesão desconhecida,2021-08-03,2021-08-26,24.0,6.0,366278,rodrigo-pinho,2021-08-26,False
20/21,Lesão desconhecida,2021-04-23,2021-05-25,33.0,6.0,366278,rodrigo-pinho,2021-05-25,False
20/21,Lesão desconhecida,2021-04-08,2021-04-14,7.0,1.0,366278,rodrigo-pinho,2021-04-14,False
20/21,Lesão no tornozelo,2021-02-02,2021-03-03,30.0,5.0,366278,rodrigo-pinho,2021-03-03,False
20/21,Coronavírus,2021-01-16,2021-01-28,13.0,3.0,366278,rodrigo-pinho,2021-01-28,False
20/21,Lesão nas costas,2021-01-06,2021-01-10,5.0,1.0,366278,rodrigo-pinho,2021-01-10,False
19/20,Choque,2020-02-28,2020-03-03,5.0,1.0,366278,rodrigo-pinho,2020-03-03,False
19/20,Infeção,2019-11-29,2019-12-16,18.0,3.0,366278,rodrigo-pinho,2019-12-16,False
19/20,Lesão na anca,2019-08-05,2019-08-20,16.0,2.0,366278,rodrigo-pinho,2019-08-20,False
18/19,Lesão tornozelo,2019-04-10,2019-04-25,16.0,2.0,366278,rodrigo-pinho,2019-04-25,False
18/19,Choque,2019-02-15,2019-02-19,5.0,1.0,366278,rodrigo-pinho,2019-02-19,False
18/19,Lesão na coxa,2018-08-26,2018-09-05,11.0,1.0,366278,rodrigo-pinho,2018-09-05,False
15/16,Ferimento na musculatura da barriga,2015-12-07,2016-01-04,29.0,6.0,366278,rodrigo-pinho,2016-01-04,False
23/24,lesão na perna,2023-11-20,2023-12-10,21.0,4.0,174915,islam-slimani,2023-12-10,False
23/24,Lesão muscular,2023-10-27,2023-10-29,3.0,,174915,islam-slimani,2023-10-29,False
22/23,Problemas musculares na coxa,2023-03-20,2023-04-06,18.0,3.0,174915,islam-slimani,2023-04-06,False
21/22,Contusão no tornozelo,2021-10-13,2021-10-28,16.0,3.0,174915,islam-slimani,2021-10-28,False
19/20,Lesão muscular,2020-01-13,2020-02-04,23.0,5.0,174915,islam-slimani,2020-02-04,False
19/20,Lesão nos adutores,2019-10-25,2019-11-06,13.0,2.0,174915,islam-slimani,2019-11-06,False
19/20,Fadiga muscular,2019-09-19,2019-09-22,4.0,2.0,174915,islam-slimani,2019-09-22,False
18/19,Lesão desconhecida,2018-10-07,2018-10-21,15.0,3.0,174915,islam-slimani,2018-10-21,False
17/18,Rotura muscular na coxa,2018-01-30,2018-03-10,40.0,5.0,174915,islam-slimani,2018-03-10,False
16/17,Lesão na virilha,2017-04-13,2017-04-28,16.0,3.0,174915,islam-slimani,2017-04-28,False
16/17,Lesão na virilha,2017-01-23,2017-03-13,50.0,5.0,174915,islam-slimani,2017-03-13,False
16/17,Pequena lesão,2016-10-27,2016-11-03,8.0,2.0,174915,islam-slimani,2016-11-03,False
14/15,lesão na perna,2015-04-20,2015-05-11,22.0,3.0,174915,islam-slimani,2015-05-11,False
14/15,Problemas musculares na coxa,2015-01-26,2015-02-26,32.0,6.0,174915,islam-slimani,2015-02-26,False
13/14,Traumatismo,2014-01-20,2014-01-30,11.0,1.0,174915,islam-slimani,2014-01-30,False
12/13,Lesão meniscal,2012-10-22,2012-12-17,57.0,8.0,174915,islam-slimani,2012-12-17,False
20/21,Lesão meniscal,2020-08-08,2021-05-26,292.0,44.0,548591,edutm,2021-05-26,True
24/25,Febre,2025-06-04,2025-06-07,4.0,,747820,diogo-oliveira,2025-06-07,False
23/24,Problemas no tendão de Aquiles,2023-12-01,2024-07-01,214.0,17.0,747820,diogo-oliveira,2024-07-01,True
23/24,Pubalgia,2024-02-13,2024-03-15,32.0,5.0,829969,lucas-esquivel,2024-03-15,False
24/25,Entorse do tornozelo,2024-09-02,2024-09-18,17.0,2.0,731057,fernando,2024-09-18,False
22/23,Lesão dos ligamentos laterais do joelho,2023-06-23,2024-03-26,278.0,46.0,731057,fernando,2024-03-26,True
24/25,Lesão no tornozelo,2024-09-20,2024-09-25,6.0,1.0,711600,bruno-zapelli,2024-09-25,False
23/24,Lesão na virilha,2024-06-30,2024-07-11,12.0,2.0,122077,tobias-figueiredo,2024-07-11,False
23/24,Lesão muscular,2024-04-06,2024-05-22,47.0,4.0,122077,tobias-figueiredo,2024-05-22,False
19/20,Recuperação ritmo competitivo,2020-01-18,2020-01-23,6.0,2.0,122077,tobias-figueiredo,2020-01-23,False
19/20,Recuperação ritmo competitivo,2019-08-30,2019-09-01,3.0,1.0,122077,tobias-figueiredo,2019-09-01,False
18/19,Recuperação ritmo competitivo,2019-01-04,2019-01-06,3.0,1.0,122077,tobias-figueiredo,2019-01-06,False
18/19,Rotura dos ligamentos cruzados,2018-12-25,2019-04-28,125.0,23.0,122077,tobias-figueiredo,2019-04-28,True
18/19,Recuperação ritmo competitivo,2018-10-29,2018-10-31,3.0,1.0,122077,tobias-figueiredo,2018-10-31,False
18/19,Recuperação ritmo competitivo,2018-10-19,2018-10-21,3.0,1.0,122077,tobias-figueiredo,2018-10-21,False
18/19,Recuperação ritmo competitivo,2018-09-14,2018-10-04,21.0,5.0,122077,tobias-figueiredo,2018-10-04,False
25/26,Lesão desconhecida,2025-10-20,2025-11-02,14.0,2.0,699679,bernardo-schappo,2025-11-02,False
25/26,Lesão na coxa,2025-11-25,2026-01-09,46.0,3.0,440377,gonzalo-escobar,2026-01-09,False
24/25,Lesão na coxa,2025-01-26,2025-02-04,10.0,2.0,440377,gonzalo-escobar,2025-02-04,False
25/26,Estiramento do ligamento colateral interno do joelho,2025-07-27,2025-08-23,28.0,6.0,348354,tomas-pochettino,2025-08-23,False
24/25,Tendinite,2025-04-02,2025-04-25,24.0,6.0,348354,tomas-pochettino,2025-04-25,False
24/25,Problemas musculares,2024-07-25,2024-08-09,16.0,2.0,348354,tomas-pochettino,2024-08-09,False
22/23,Gripe,2022-08-29,2022-09-02,5.0,1.0,348354,tomas-pochettino,2022-09-02,False
21/22,Coronavírus,2022-05-18,2022-05-23,6.0,1.0,348354,tomas-pochettino,2022-05-23,False
24/25,Problemas no Joelho,2025-03-03,2025-03-22,20.0,2.0,829968,imanol-machuca,2025-03-22,False
24/25,Muskelbündelriss,2025-02-03,2025-02-23,21.0,4.0,829968,imanol-machuca,2025-02-23,False
24/25,Lesão na coxa,2024-07-25,2024-08-09,16.0,2.0,829968,imanol-machuca,2024-08-09,False
25/26,Problemas musculares na coxa,2026-03-25,,1.0,,162807,juan-martin-lucero,2026-03-26,False
25/26,Rotura muscular na coxa,2026-03-05,2026-03-13,9.0,1.0,162807,juan-martin-lucero,2026-03-13,False
24/25,Problemas musculares,2024-07-28,2024-08-20,24.0,4.0,162807,juan-martin-lucero,2024-08-20,False
22/23,Problemas musculares na coxa,2022-08-22,2022-09-04,14.0,1.0,162807,juan-martin-lucero,2022-09-04,False
21/22,Problemas musculares na coxa,2022-04-18,2022-04-25,8.0,1.0,162807,juan-martin-lucero,2022-04-25,False
21/22,Probleme im Fußgewölbe,2022-02-20,2022-03-02,11.0,1.0,162807,juan-martin-lucero,2022-03-02,False
24/25,Lesão muscular,2024-11-28,2025-02-01,66.0,1.0,273203,washington-aguerre,2025-02-01,True
23/24,Muskelbündelriss,2024-06-17,2024-07-01,15.0,1.0,273203,washington-aguerre,2024-07-01,False
20/21,Fratura do nariz,2021-05-05,2021-07-01,58.0,4.0,349418,mateus-pasinato,2021-07-01,False
24/25,Lesão desconhecida,2025-02-23,2025-03-12,18.0,2.0,337922,esteban-burgos,2025-03-12,False
24/25,Lesão na coxa,2024-09-17,2024-10-03,17.0,2.0,337922,esteban-burgos,2024-10-03,False
23/24,Lesão na coxa,2024-05-26,2024-07-01,37.0,3.0,337922,esteban-burgos,2024-07-01,False
23/24,Lesão desconhecida,2024-05-12,2024-05-16,5.0,1.0,337922,esteban-burgos,2024-05-16,False
19/20,Lesão na coxa,2019-08-10,2019-10-28,80.0,10.0,337922,esteban-burgos,2019-10-28,True
23/24,Lesão desconhecida,2024-06-04,2024-07-01,28.0,3.0,285772,javier-mendez,2024-07-01,False
25/26,Lesão na virilha,2025-09-01,2025-09-16,16.0,1.0,819249,luan-campos,2025-09-16,False
24/25,Problemas musculares,2025-03-17,2025-04-20,35.0,4.0,333633,bruno-santos,2025-04-20,False
24/25,Problemas no Joelho,2025-02-19,2025-02-26,8.0,,333633,bruno-santos,2025-02-26,False
23/24,Lesão no ombro,2024-01-17,2024-02-03,18.0,2.0,333633,bruno-santos,2024-02-03,False
19/20,Lesão desconhecida,2018-02-18,2018-04-14,56.0,3.0,333633,bruno-santos,2018-04-14,False
23/24,Entorse do tornozelo,2024-02-19,2024-03-08,19.0,3.0,646432,higor-meritao,2024-03-08,False
22/23,Lesão muscular,2022-09-08,2022-09-23,16.0,2.0,646432,higor-meritao,2022-09-23,False
22/23,Lesão desconhecida,2023-02-11,2023-02-21,11.0,1.0,197880,raphael-guzzo,2023-02-21,False
21/22,Lesão desconhecida,2022-02-07,2022-03-21,43.0,6.0,197880,raphael-guzzo,2022-03-21,False
17/18,Lesão meniscal,2017-07-22,2017-11-30,132.0,17.0,197880,raphael-guzzo,2017-11-30,True
25/26,Lesão desconhecida,2025-11-20,2025-12-01,12.0,2.0,139607,guilherme,2025-12-01,False
18/19,Lesão desconhecida,2019-01-17,2019-01-24,8.0,2.0,139607,guilherme,2019-01-24,False
18/19,Lesão desconhecida,2018-11-19,2018-12-01,13.0,1.0,139607,guilherme,2018-12-01,False
17/18,Fissura do ligamento intra-articular,2018-04-16,2018-05-15,30.0,5.0,139607,guilherme,2018-05-15,False
17/18,Problemas físicos,2017-08-17,2017-08-22,6.0,1.0,139607,guilherme,2017-08-22,False
16/17,Lesão no ombro,2016-07-21,2016-08-18,29.0,8.0,139607,guilherme,2016-08-18,False
13/14,Innenbandanriss Sprunggelenk,2014-02-27,2014-09-29,215.0,32.0,139607,guilherme,2014-09-29,True
24/25,Lesão muscular,2025-05-11,2025-05-20,10.0,1.0,728262,julian-palacios,2025-05-20,False
22/23,Lesão desconhecida,2022-08-16,2022-10-20,66.0,8.0,594550,anderson-oliveira,2022-10-20,True
18/19,Lesão desconhecida,2019-05-13,2019-05-20,8.0,1.0,585347,philippe-costa,2019-05-20,False
22/23,Recuperação ritmo competitivo,2023-03-01,2023-03-05,5.0,1.0,390695,allyson,2023-03-05,False
22/23,Lesão desconhecida,2023-02-16,2023-03-01,14.0,1.0,390695,allyson,2023-03-01,False
22/23,Lesão desconhecida,2023-01-23,2023-02-06,15.0,2.0,390695,allyson,2023-02-06,False
20/21,Ruptura muscular na coxa,2020-10-27,2021-02-14,111.0,15.0,390695,allyson,2021-02-14,True
25/26,Lesão desconhecida,2025-11-21,2025-12-01,11.0,2.0,982039,vitao,2025-12-01,False
25/26,Lesão desconhecida,2025-09-28,2025-10-15,18.0,1.0,982039,vitao,2025-10-15,False
24/25,Lesão desconhecida,2024-12-20,2025-01-10,22.0,2.0,982039,vitao,2025-01-10,False
24/25,Lesão no púbis,2024-08-31,2024-11-08,70.0,8.0,373192,pktm,2024-11-08,True
24/25,Varicela,2024-08-04,2024-08-24,21.0,2.0,373192,pktm,2024-08-24,False
23/24,Problemas musculares,2024-04-08,2024-04-27,20.0,2.0,373192,pktm,2024-04-27,False
23/24,Lesão na coxa,2024-02-09,2024-02-24,16.0,4.0,373192,pktm,2024-02-24,False
24/25,Lesão muscular,2024-09-17,2024-10-04,18.0,2.0,212899,filipe-augusto,2024-10-04,False
24/25,Lesão muscular,2024-07-22,2024-08-02,12.0,2.0,212899,filipe-augusto,2024-08-02,False
23/24,Lesão muscular,2024-04-14,2024-06-16,64.0,14.0,212899,filipe-augusto,2024-06-16,True
22/23,Lesão na coxa,2023-05-12,2023-07-01,51.0,4.0,212899,filipe-augusto,2023-07-01,False
20/21,Lesão muscular,2020-12-24,2021-01-18,26.0,5.0,212899,filipe-augusto,2021-01-18,False
19/20,Lesão desconhecida,2020-02-18,2020-02-25,8.0,1.0,212899,filipe-augusto,2020-02-25,False
18/19,Lesão desconhecida,2018-12-04,2018-12-23,20.0,4.0,212899,filipe-augusto,2018-12-23,False
18/19,Lesão desconhecida,2018-11-26,2018-12-03,8.0,1.0,212899,filipe-augusto,2018-12-03,False
17/18,Traumatismo no pé,2017-11-28,2017-12-03,6.0,1.0,212899,filipe-augusto,2017-12-03,False
17/18,Pequena lesão,2017-11-01,2017-11-19,19.0,2.0,212899,filipe-augusto,2017-11-19,False
16/17,Lesão do ligamento cruzado,2016-04-25,2016-11-21,211.0,19.0,212899,filipe-augusto,2016-11-21,True
24/25,Muskelbündelriss,2025-04-02,2025-05-01,30.0,5.0,159773,pablo-ceppelini,2025-05-01,False
24/25,Muskelbündelriss,2025-02-26,2025-03-10,13.0,3.0,159773,pablo-ceppelini,2025-03-10,False
21/22,Coronavírus,2022-01-06,2022-01-16,11.0,,159773,pablo-ceppelini,2022-01-16,False
15/16,Problemas no Joelho,2016-02-23,2016-04-25,63.0,6.0,159773,pablo-ceppelini,2016-04-25,True
25/26,Ruptura muscular,2026-01-27,2026-02-26,31.0,4.0,733083,nicolas-quagliata,2026-02-26,False
22/23,Muskelquetschung,2023-01-08,2023-02-01,25.0,4.0,733083,nicolas-quagliata,2023-02-01,False
24/25,Lesão na coxa,2024-11-24,2024-12-04,11.0,1.0,700933,derik-lacerda,2024-12-04,False
24/25,Problemas musculares,2024-07-26,2024-08-02,8.0,1.0,700933,derik-lacerda,2024-08-02,False
23/24,Entorse no joelho,2024-06-07,2024-06-22,16.0,4.0,700933,derik-lacerda,2024-06-22,False
23/24,Lesão muscular,2024-05-16,2024-06-04,20.0,3.0,700933,derik-lacerda,2024-06-04,False
20/21,Lesão no ombro,2021-03-17,2021-05-31,76.0,11.0,700933,derik-lacerda,2021-05-31,True
20/21,Lesão desconhecida,2021-01-20,2021-02-02,14.0,2.0,700933,derik-lacerda,2021-02-02,False
20/21,Lesão desconhecida,2021-01-01,2021-01-07,7.0,1.0,700933,derik-lacerda,2021-01-07,False
20/21,Lesão no ombro,2020-09-15,2020-11-24,71.0,7.0,700933,derik-lacerda,2020-11-24,True
25/26,Lesão na panturrilha,2025-08-26,2025-09-20,26.0,3.0,79960,alex-sandro,2025-09-20,False
25/26,Lesão na coxa,2025-07-13,2025-07-30,18.0,4.0,79960,alex-sandro,2025-07-30,False
24/25,Lesão na coxa,2025-04-17,2025-05-03,17.0,4.0,79960,alex-sandro,2025-05-03,False
24/25,Lesão na coxa,2025-02-09,2025-03-07,27.0,4.0,79960,alex-sandro,2025-03-07,False
24/25,Problemas na panturrilha,2024-12-02,2024-12-07,6.0,1.0,79960,alex-sandro,2024-12-07,False
24/25,Problemas musculares,2024-10-21,2024-11-02,13.0,2.0,79960,alex-sandro,2024-11-02,False
24/25,Lesão na coxa,2024-10-03,2024-10-16,14.0,1.0,79960,alex-sandro,2024-10-16,False
24/25,Recuperação ritmo competitivo,2024-08-24,2024-09-14,22.0,4.0,79960,alex-sandro,2024-09-14,False
23/24,lesão na perna,2024-05-03,2024-05-13,11.0,,79960,alex-sandro,2024-05-13,False
23/24,Fadiga muscular,2024-03-30,2024-04-02,4.0,,79960,alex-sandro,2024-04-02,False
23/24,Lesão desconhecida,2023-12-28,2024-01-08,12.0,,79960,alex-sandro,2024-01-08,False
23/24,Lesão no bíceps femoral,2023-09-18,2023-11-22,66.0,,79960,alex-sandro,2023-11-22,True
22/23,Fadiga muscular,2023-04-12,2023-04-17,6.0,2.0,79960,alex-sandro,2023-04-17,False
22/23,Lesão no bíceps femoral,2023-03-09,2023-03-29,21.0,3.0,79960,alex-sandro,2023-03-29,False
22/23,Problemas musculares,2022-11-29,2022-12-07,9.0,,79960,alex-sandro,2022-12-07,False
22/23,Problemas musculares na coxa,2022-09-14,2022-10-02,19.0,2.0,79960,alex-sandro,2022-10-02,False
21/22,Problemas na panturrilha,2022-03-15,2022-03-21,7.0,2.0,79960,alex-sandro,2022-03-21,False
21/22,Lesão na panturrilha,2022-02-23,2022-03-10,16.0,3.0,79960,alex-sandro,2022-03-10,False
21/22,Coronavírus,2022-01-31,2022-02-08,9.0,1.0,79960,alex-sandro,2022-02-08,False
21/22,Problemas musculares,2022-01-06,2022-01-11,6.0,1.0,79960,alex-sandro,2022-01-11,False
20/21,Operado ao joelho,2021-03-14,2021-04-01,19.0,1.0,79960,alex-sandro,2021-04-01,False
20/21,Coronavírus,2021-01-04,2021-01-26,23.0,6.0,79960,alex-sandro,2021-01-26,False
20/21,Lesão na coxa,2020-09-18,2020-11-17,61.0,9.0,79960,alex-sandro,2020-11-17,True
19/20,Lesão no ligamento interno,2020-06-18,2020-07-05,18.0,4.0,79960,alex-sandro,2020-07-05,False
19/20,Queixas adutores,2019-11-17,2019-11-29,13.0,2.0,79960,alex-sandro,2019-11-29,False
18/19,Traumatismo,2019-05-23,2019-06-02,11.0,1.0,79960,alex-sandro,2019-06-02,False
18/19,Lesão na coxa,2019-05-02,2019-05-11,10.0,1.0,79960,alex-sandro,2019-05-11,False
18/19,Problemas musculares,2018-11-28,2018-12-08,11.0,2.0,79960,alex-sandro,2018-12-08,False
17/18,Lesão na coxa,2018-03-20,2018-04-01,13.0,1.0,79960,alex-sandro,2018-04-01,False
17/18,Gripe,2017-09-09,2017-09-11,3.0,1.0,79960,alex-sandro,2017-09-11,False
16/17,Lesão muscular,2017-01-02,2017-01-17,16.0,2.0,79960,alex-sandro,2017-01-17,False
15/16,Reação de estresse do osso,2016-02-17,2016-02-26,10.0,2.0,79960,alex-sandro,2016-02-26,False
12/13,Problemas musculares na coxa,2012-10-08,2012-11-20,44.0,7.0,79960,alex-sandro,2012-11-20,False
11/12,Lesão nos adutores,2012-01-17,2012-01-31,15.0,3.0,79960,alex-sandro,2012-01-31,False
11/12,Problemas musculares,2011-11-20,2011-12-09,20.0,3.0,79960,alex-sandro,2011-12-09,False
11/12,Ruptura muscular,2011-08-02,2011-10-13,73.0,15.0,79960,alex-sandro,2011-10-13,True
20/21,Coronavírus,2021-01-25,2021-02-04,11.0,1.0,603898,santiago-ocampos,2021-02-04,False
25/26,Problemas no Joelho,2026-01-10,2026-01-31,22.0,6.0,397458,nicolas-de-la-cruz,2026-01-31,False
25/26,Problemas no Joelho,2025-11-10,2025-11-21,12.0,2.0,397458,nicolas-de-la-cruz,2025-11-21,False
25/26,Vírus,2025-10-23,2025-10-28,6.0,1.0,397458,nicolas-de-la-cruz,2025-10-28,False
25/26,Fadiga muscular,2025-10-14,2025-10-21,8.0,2.0,397458,nicolas-de-la-cruz,2025-10-21,False
25/26,Problemas físicos,2025-07-17,2025-08-16,31.0,8.0,397458,nicolas-de-la-cruz,2025-08-16,False
24/25,Lesão no joelho,2025-05-19,2025-06-28,41.0,7.0,397458,nicolas-de-la-cruz,2025-06-28,False
24/25,Lesão na coxa,2024-10-21,2024-11-25,36.0,9.0,397458,nicolas-de-la-cruz,2024-11-25,False
24/25,Lesão na coxa,2024-08-30,2024-09-17,19.0,6.0,397458,nicolas-de-la-cruz,2024-09-17,False
24/25,Problemas no Joelho,2024-08-01,2024-08-10,10.0,2.0,397458,nicolas-de-la-cruz,2024-08-10,False
23/24,Tendinite,2023-10-23,2023-11-02,11.0,2.0,397458,nicolas-de-la-cruz,2023-11-02,False
23/24,Gestão de esforço,2023-09-23,2023-09-27,5.0,1.0,397458,nicolas-de-la-cruz,2023-09-27,False
23/24,Febre,2023-08-19,2023-08-22,4.0,1.0,397458,nicolas-de-la-cruz,2023-08-22,False
22/23,Distensão muscular,2023-05-19,2023-05-24,6.0,1.0,397458,nicolas-de-la-cruz,2023-05-24,False
22/23,Problemas no Joelho,2023-04-01,2023-04-15,15.0,3.0,397458,nicolas-de-la-cruz,2023-04-15,False
22/23,Edema no joelho,2023-03-17,2023-03-29,13.0,3.0,397458,nicolas-de-la-cruz,2023-03-29,False
22/23,Operado ao joelho,2023-01-01,2023-02-24,55.0,5.0,397458,nicolas-de-la-cruz,2023-02-24,False
22/23,Problemas no Joelho,2022-10-22,2022-11-02,12.0,1.0,397458,nicolas-de-la-cruz,2022-11-02,False
22/23,Problemas no Joelho,2022-09-28,2022-10-04,7.0,2.0,397458,nicolas-de-la-cruz,2022-10-04,False
21/22,Choque,2022-06-26,2022-07-05,10.0,2.0,397458,nicolas-de-la-cruz,2022-07-05,False
21/22,Problemas no Joelho,2022-04-24,2022-04-26,3.0,1.0,397458,nicolas-de-la-cruz,2022-04-26,False
21/22,Gripe,2022-03-02,2022-03-07,6.0,1.0,397458,nicolas-de-la-cruz,2022-03-07,False
21/22,Problemas no Joelho,2022-02-15,2022-02-23,9.0,2.0,397458,nicolas-de-la-cruz,2022-02-23,False
21/22,Lesão no pé,2021-10-19,2022-02-05,110.0,14.0,397458,nicolas-de-la-cruz,2022-02-05,True
21/22,Lesão muscular,2021-08-24,2021-09-02,10.0,2.0,397458,nicolas-de-la-cruz,2021-09-02,False
21/22,Problemas musculares,2021-08-13,2021-08-16,4.0,1.0,397458,nicolas-de-la-cruz,2021-08-16,False
21/22,Problemas musculares,2021-07-01,2021-07-08,8.0,1.0,397458,nicolas-de-la-cruz,2021-07-08,False
20/21,Coronavírus,2021-05-15,2021-05-24,10.0,2.0,397458,nicolas-de-la-cruz,2021-05-24,False
20/21,Problemas no Joelho,2021-04-13,2021-04-19,7.0,1.0,397458,nicolas-de-la-cruz,2021-04-19,False
19/20,Problemas na tibiotársica,2019-11-25,2019-12-04,10.0,1.0,397458,nicolas-de-la-cruz,2019-12-04,False
19/20,Rotura muscular na coxa,2019-09-19,2019-09-30,12.0,2.0,397458,nicolas-de-la-cruz,2019-09-30,False
18/19,Lesão muscular,2018-10-28,2018-11-14,18.0,3.0,397458,nicolas-de-la-cruz,2018-11-14,False
17/18,Problemas no Joelho,2018-04-04,2018-08-13,132.0,15.0,397458,nicolas-de-la-cruz,2018-08-13,True
17/18,Lesão muscular,2017-09-16,2017-09-20,5.0,1.0,397458,nicolas-de-la-cruz,2017-09-20,False
16/17,Problemas físicos,2017-06-14,2017-07-10,27.0,4.0,397458,nicolas-de-la-cruz,2017-07-10,False
16/17,Problemas físicos,2017-04-07,2017-04-12,6.0,1.0,397458,nicolas-de-la-cruz,2017-04-12,False
16/17,Lesão muscular,2017-03-02,2017-03-14,13.0,2.0,397458,nicolas-de-la-cruz,2017-03-14,False
16/17,Lesão muscular,2016-11-18,2016-12-05,18.0,3.0,397458,nicolas-de-la-cruz,2016-12-05,False
16/17,Lesão nos adutores,2016-09-02,2016-09-07,6.0,1.0,397458,nicolas-de-la-cruz,2016-09-07,False
15/16,Lesão meniscal,2016-02-16,2016-04-25,70.0,7.0,397458,nicolas-de-la-cruz,2016-04-25,True
25/26,Choque,2026-02-22,,30.0,5.0,748319,carlos-alcaraz,2026-03-24,False
25/26,Choque,2025-12-29,2026-01-19,22.0,5.0,748319,carlos-alcaraz,2026-01-19,False
23/24,Lesão no bíceps femoral,2024-03-06,2024-04-01,27.0,3.0,748319,carlos-alcaraz,2024-04-01,False
21/22,Muskelbündelriss,2022-06-09,2022-07-06,28.0,5.0,748319,carlos-alcaraz,2022-07-06,False
25/26,Lesão na coxa,2025-07-17,2025-07-26,10.0,2.0,592735,gonzalo-plata,2025-07-26,False
24/25,Problemas no Joelho,2025-05-02,2025-06-15,45.0,11.0,592735,gonzalo-plata,2025-06-15,False
24/25,Edema do osso,2025-04-20,2025-04-26,7.0,1.0,592735,gonzalo-plata,2025-04-26,False
24/25,Fadiga muscular,2025-03-30,2025-04-05,7.0,1.0,592735,gonzalo-plata,2025-04-05,False
22/23,Rotura no tendão do adutor,2023-03-18,2023-03-30,13.0,2.0,592735,gonzalo-plata,2023-03-30,False
22/23,Problemas na anca,2022-10-06,2022-10-18,13.0,2.0,592735,gonzalo-plata,2022-10-18,False
22/23,Problemas na tibiotársica,2022-08-15,2022-09-01,18.0,2.0,592735,gonzalo-plata,2022-09-01,False
21/22,Entorse do tornozelo,2022-06-13,2022-07-25,43.0,,592735,gonzalo-plata,2022-07-25,False
21/22,Coronavírus,2022-02-17,2022-02-24,8.0,1.0,592735,gonzalo-plata,2022-02-24,False
21/22,Gripe,2021-11-01,2021-11-05,5.0,1.0,592735,gonzalo-plata,2021-11-05,False
20/21,Coronavírus,2020-11-22,2020-12-02,11.0,2.0,592735,gonzalo-plata,2020-12-02,False
24/25,Lesão muscular,2024-08-22,2024-09-14,24.0,2.0,1005575,vitor-reis,2024-09-14,False
25/26,Entorse no joelho,2025-07-05,2025-07-19,15.0,1.0,849582,agustin-giay,2025-07-19,False
22/23,Entorse do tornozelo,2023-01-25,2023-02-22,29.0,4.0,849582,agustin-giay,2023-02-22,False
25/26,Problemas na panturrilha,2025-10-24,2025-10-29,6.0,1.0,642758,anibal-moreno,2025-10-29,False
24/25,Lesão na coxa,2025-06-20,2025-06-27,8.0,1.0,642758,anibal-moreno,2025-06-27,False
24/25,Lesão no ombro,2025-03-28,2025-04-05,9.0,2.0,642758,anibal-moreno,2025-04-05,False
23/24,Muskelbündelriss,2023-08-31,2023-09-27,28.0,5.0,642758,anibal-moreno,2023-09-27,False
23/24,Problemas musculares,2023-07-08,2023-07-31,24.0,5.0,642758,anibal-moreno,2023-07-31,False
22/23,Problemas musculares,2023-05-05,2023-05-11,7.0,1.0,642758,anibal-moreno,2023-05-11,False
22/23,Rotura muscular na coxa,2023-04-11,2023-04-27,17.0,4.0,642758,anibal-moreno,2023-04-27,False
22/23,Problemas no Joelho,2023-02-11,2023-02-15,5.0,1.0,642758,anibal-moreno,2023-02-15,False
25/26,Lesão na coxa,2025-11-17,2026-01-23,68.0,9.0,1082625,patrick,2026-01-23,True
24/25,Problemas na zona lombar,2025-06-10,2025-10-27,140.0,29.0,1082625,patrick,2025-10-27,True
24/25,Entorse do tornozelo,2025-04-14,2025-04-22,9.0,2.0,1082625,patrick,2025-04-22,False
24/25,Lesão do ligamento cruzado,2025-02-23,2026-03-17,388.0,82.0,1004736,figueiredo,2026-03-17,True
23/24,Lesão do ligamento cruzado,2023-10-16,2024-07-31,290.0,15.0,1004736,figueiredo,2024-07-31,True
22/23,Lesão do ligamento cruzado,2022-09-16,2023-06-02,260.0,,1004736,figueiredo,2023-06-02,True
23/24,Lesão na coxa,2024-06-15,2024-07-10,26.0,7.0,867461,romulo,2024-07-10,False
25/26,Problemas no Joelho,2026-01-25,2026-02-14,21.0,5.0,159372,felipe-anderson,2026-02-14,False
25/26,Entorse do tornozelo,2025-11-30,2026-01-23,55.0,6.0,159372,felipe-anderson,2026-01-23,False
25/26,Problema nos flexores do quadril,2025-07-24,2025-08-02,10.0,2.0,159372,felipe-anderson,2025-08-02,False
24/25,Lesão na coxa,2025-05-23,2025-05-31,9.0,2.0,159372,felipe-anderson,2025-05-31,False
24/25,Pubalgia,2025-01-23,2025-02-28,37.0,9.0,159372,felipe-anderson,2025-02-28,False
23/24,Lesão num dedo do pé,2024-04-23,2024-04-26,4.0,,159372,felipe-anderson,2024-04-26,False
19/20,Choque,2020-07-02,2020-07-16,15.0,3.0,159372,felipe-anderson,2020-07-16,False
19/20,Lesão nas costas,2020-01-12,2020-02-24,44.0,5.0,159372,felipe-anderson,2020-02-24,False
19/20,Lesão no peito,2019-08-11,2019-08-23,13.0,1.0,159372,felipe-anderson,2019-08-23,False
19/20,Rotura muscular,2019-08-11,2019-08-23,13.0,1.0,159372,felipe-anderson,2019-08-23,False
18/19,Doente,2019-04-28,2019-05-11,14.0,1.0,159372,felipe-anderson,2019-05-11,False
18/19,Lesão no tornozelo,2019-03-28,2019-04-07,11.0,1.0,159372,felipe-anderson,2019-04-07,False
17/18,Lesão nos adutores,2017-07-31,2017-12-06,129.0,25.0,159372,felipe-anderson,2017-12-06,True
14/15,Lesão no joelho,2015-01-15,2015-02-05,22.0,4.0,159372,felipe-anderson,2015-02-05,False
12/13,Lesão no tornozelo,2013-06-06,2013-09-19,106.0,6.0,159372,felipe-anderson,2013-09-19,True
25/26,Lesão no cotovelo,2026-02-23,,29.0,6.0,1005656,felipe-longo,2026-03-24,False
24/25,Lesão na coxa,2024-11-21,2025-01-18,59.0,5.0,468174,felix-torres,2025-01-18,False
22/23,Lesão muscular,2022-08-29,2022-09-16,19.0,4.0,468174,felix-torres,2022-09-16,False
25/26,Lesão na coxa,2025-09-22,2025-10-24,33.0,5.0,175792,andre-ramalho,2025-10-24,False
24/25,Problemas musculares na coxa,2024-11-05,2024-11-19,15.0,1.0,175792,andre-ramalho,2024-11-19,False
21/22,Lesão desconhecida,2022-04-28,2022-07-24,88.0,4.0,175792,andre-ramalho,2022-07-24,True
21/22,Operação ao tornozelo,2021-12-23,2022-03-28,96.0,16.0,175792,andre-ramalho,2022-03-28,True
20/21,Coronavírus,2020-10-01,2020-10-19,19.0,1.0,175792,andre-ramalho,2020-10-19,False
17/18,Problemas musculares,2018-05-28,2018-06-25,29.0,,175792,andre-ramalho,2018-06-25,False
17/18,Lesão na coxa,2018-02-08,2018-02-15,8.0,1.0,175792,andre-ramalho,2018-02-15,False
16/17,Recuperação ritmo competitivo,2016-10-24,2016-10-31,8.0,2.0,175792,andre-ramalho,2016-10-31,False
16/17,Lesão na panturrilha,2016-09-12,2016-10-24,43.0,9.0,175792,andre-ramalho,2016-10-24,False
11/12,Fratura do Metatarso,2012-05-31,2012-08-20,82.0,8.0,175792,andre-ramalho,2012-08-20,True
24/25,Operado ao joelho,2025-02-23,2025-05-03,70.0,18.0,425567,diego-palacios,2025-05-03,True
23/24,Operado ao joelho,2024-06-19,2025-01-01,197.0,41.0,425567,diego-palacios,2025-01-01,True
23/24,Lesão no joelho,2024-01-29,2024-06-11,135.0,26.0,425567,diego-palacios,2024-06-11,True
21/22,Problemas no Joelho,2021-08-16,2021-08-26,11.0,1.0,425567,diego-palacios,2021-08-26,False
20/21,Coronavírus,2020-11-14,2020-11-30,17.0,2.0,425567,diego-palacios,2020-11-30,False
25/26,Rotura dos ligamentos cruzados,2026-02-11,,41.0,4.0,415666,jose-martinez,2026-03-24,False
25/26,Lesão na mão,2025-08-17,2025-09-20,35.0,6.0,415666,jose-martinez,2025-09-20,False
24/25,OP aos dentes,2025-05-07,2025-05-14,8.0,1.0,415666,jose-martinez,2025-05-14,False
24/25,Problemas no Joelho,2025-03-03,2025-03-08,6.0,1.0,415666,jose-martinez,2025-03-08,False
25/26,Lesão no tornozelo,2025-08-07,2025-10-24,79.0,16.0,135057,andre-carrillo,2025-10-24,True
23/24,Lesão desconhecida,2024-05-10,2024-05-25,16.0,2.0,135057,andre-carrillo,2024-05-25,False
23/24,Contusão do tendão de Aquiles,2023-09-19,2023-10-10,22.0,2.0,135057,andre-carrillo,2023-10-10,False
21/22,Lesão no joelho,2022-03-26,2022-05-28,64.0,13.0,135057,andre-carrillo,2022-05-28,True
19/20,Coronavírus,2020-07-12,2020-07-26,15.0,,135057,andre-carrillo,2020-07-26,False
17/18,Traumatismo no joelho,2017-08-01,2017-08-13,13.0,2.0,135057,andre-carrillo,2017-08-13,False
14/15,Problemas musculares na coxa,2015-01-19,2015-01-26,8.0,1.0,135057,andre-carrillo,2015-01-26,False
12/13,Gripe,2013-03-24,2013-04-19,27.0,4.0,135057,andre-carrillo,2013-04-19,False
11/12,Lesão no joelho,2011-11-30,2011-12-03,4.0,1.0,135057,andre-carrillo,2011-12-03,False
11/12,Tendinite,2011-10-15,2011-10-18,4.0,1.0,135057,andre-carrillo,2011-10-18,False
24/25,Lesão no ombro,2025-04-06,2025-04-23,18.0,4.0,215915,igor-coronado,2025-04-23,False
24/25,Lesão nos adutores,2025-03-01,2025-03-26,26.0,5.0,215915,igor-coronado,2025-03-26,False
23/24,Lesão nos adutores,2024-04-20,2024-05-07,18.0,4.0,215915,igor-coronado,2024-05-07,False
19/20,Lesão desconhecida,2019-12-20,2020-02-20,63.0,9.0,215915,igor-coronado,2020-02-20,True
25/26,Problemas na panturrilha,2025-12-01,2025-12-13,13.0,2.0,565009,rodrigo-garro,2025-12-13,False
25/26,Lesão na panturrilha,2025-09-14,2025-10-14,31.0,4.0,565009,rodrigo-garro,2025-10-14,False
24/25,Lesão no joelho,2025-03-28,2025-05-26,60.0,17.0,565009,rodrigo-garro,2025-05-26,True
24/25,Lesão no joelho,2025-01-01,2025-02-08,39.0,8.0,565009,rodrigo-garro,2025-02-08,False
21/22,Lesão desconhecida,2022-10-11,2022-10-15,5.0,1.0,565009,rodrigo-garro,2022-10-15,False
23/24,Lesão desconhecida,2022-02-20,2022-02-26,7.0,1.0,565009,rodrigo-garro,2022-02-26,False
25/26,Entorse no joelho,2025-11-21,2025-12-06,16.0,3.0,167850,memphis-depay,2025-12-06,False
25/26,Lesão na coxa,2025-09-11,2025-10-04,24.0,4.0,167850,memphis-depay,2025-10-04,False
25/26,Lesão na coxa,2025-08-07,2025-08-26,20.0,3.0,167850,memphis-depay,2025-08-26,False
24/25,Entorse do tornozelo,2025-05-11,2025-05-26,16.0,4.0,167850,memphis-depay,2025-05-26,False
24/25,lesão na perna,2025-04-28,2025-05-02,5.0,1.0,167850,memphis-depay,2025-05-02,False
24/25,Lesão no tornozelo,2025-04-06,2025-04-11,6.0,1.0,167850,memphis-depay,2025-04-11,False
24/25,Recuperação ritmo competitivo,2024-09-13,2024-09-20,8.0,2.0,167850,memphis-depay,2024-09-20,False
24/25,Lesão muscular,2024-07-10,2024-08-01,23.0,,167850,memphis-depay,2024-08-01,False
23/24,Lesão muscular,2024-04-09,2024-05-11,33.0,6.0,167850,memphis-depay,2024-05-11,False
23/24,Lesão muscular,2024-04-08,2024-05-06,29.0,6.0,167850,memphis-depay,2024-05-06,False
23/24,Lesão muscular,2023-09-26,2023-11-24,60.0,14.0,167850,memphis-depay,2023-11-24,True
23/24,Lesão muscular,2023-09-15,2023-09-20,6.0,2.0,167850,memphis-depay,2023-09-20,False
22/23,Lesão na panturrilha,2023-05-02,2023-07-30,90.0,8.0,167850,memphis-depay,2023-07-30,True
22/23,Lesão muscular,2023-04-01,2023-04-25,25.0,4.0,167850,memphis-depay,2023-04-25,False
22/23,Problemas musculares na coxa,2022-09-22,2022-11-20,60.0,13.0,167850,memphis-depay,2022-11-20,True
21/22,Rotura muscular na coxa,2022-04-04,2022-04-14,11.0,2.0,167850,memphis-depay,2022-04-14,False
21/22,Problemas no tendão de Aquiles,2022-01-17,2022-02-28,43.0,7.0,167850,memphis-depay,2022-02-28,False
21/22,Lesão na coxa,2021-12-09,2022-01-10,33.0,5.0,167850,memphis-depay,2022-01-10,False
19/20,Rotura dos ligamentos cruzados,2019-12-16,2020-07-02,200.0,19.0,167850,memphis-depay,2020-07-02,True
19/20,Problemas musculares na coxa,2019-11-18,2019-12-02,15.0,3.0,167850,memphis-depay,2019-12-02,False
19/20,Problemas musculares na coxa,2019-10-10,2019-10-21,12.0,2.0,167850,memphis-depay,2019-10-21,False
14/15,Lesão na virilha,2014-09-15,2014-10-23,39.0,9.0,167850,memphis-depay,2014-10-23,False
13/14,Problemas musculares na coxa,2014-04-03,2014-04-14,12.0,1.0,167850,memphis-depay,2014-04-14,False
12/13,Lesão no tornozelo,2012-11-01,2012-11-08,8.0,1.0,167850,memphis-depay,2012-11-08,False
24/25,Lesão dos ligamentos laterais do joelho,2024-10-23,2024-12-07,46.0,9.0,273738,hector-hernandez,2024-12-07,False
22/23,Lesão desconhecida,2023-03-01,2023-04-12,43.0,5.0,273738,hector-hernandez,2023-04-12,False
22/23,Lesão desconhecida,2022-12-14,2023-02-14,63.0,8.0,273738,hector-hernandez,2023-02-14,True
17/18,Lesão no joelho,2017-09-25,2017-10-05,11.0,1.0,273738,hector-hernandez,2017-10-05,False
13/14,Fratura da clavícula,2014-01-27,2014-04-03,67.0,9.0,273738,hector-hernandez,2014-04-03,True
25/26,Problemas no Joelho,2025-11-23,2025-12-06,14.0,2.0,379752,alexander-barboza,2025-12-06,False
24/25,Lesão no pé,2025-05-04,2025-05-26,23.0,6.0,379752,alexander-barboza,2025-05-26,False
25/26,Problemas no Joelho,2025-09-25,2025-10-25,31.0,5.0,255755,alex-telles,2025-10-25,False
23/24,Fratura da virilha,2024-06-01,2024-08-11,72.0,6.0,255755,alex-telles,2024-08-11,True
23/24,Operação na virilha,2024-06-01,2024-06-02,2.0,,255755,alex-telles,2024-06-02,False
23/24,Fratura da virilha,2023-12-01,2023-12-18,18.0,3.0,255755,alex-telles,2023-12-18,False
23/24,Ruptura muscular,2023-12-01,2023-12-18,18.0,3.0,255755,alex-telles,2023-12-18,False
22/23,Lesão no joelho,2022-12-03,2023-02-13,73.0,13.0,255755,alex-telles,2023-02-13,True
21/22,Coronavírus,2022-02-03,2022-02-10,8.0,2.0,255755,alex-telles,2022-02-10,False
21/22,Lesão no tornozelo,2021-07-20,2021-09-16,59.0,7.0,255755,alex-telles,2021-09-16,False
20/21,Doente,2021-04-03,2021-04-07,5.0,1.0,255755,alex-telles,2021-04-07,False
20/21,Coronavírus,2020-10-27,2020-11-17,22.0,4.0,255755,alex-telles,2020-11-17,False
18/19,Bursite,2019-04-01,2019-04-08,8.0,2.0,255755,alex-telles,2019-04-08,False
17/18,Lesão no joelho,2018-02-22,2018-03-28,35.0,5.0,255755,alex-telles,2018-03-28,False
13/14,Lesão desconhecida,2013-10-06,2013-10-11,6.0,1.0,255755,alex-telles,2013-10-11,False
13/14,Lesão desconhecida,2013-09-09,2013-09-13,5.0,1.0,255755,alex-telles,2013-09-13,False
12/13,Lesão desconhecida,2013-02-22,2013-04-12,50.0,9.0,255755,alex-telles,2013-04-12,False
25/26,Ruptura muscular,2025-11-25,2026-02-28,96.0,1.0,76746,damian-suarez,2026-02-28,True
24/25,Lesão desconhecida,2025-02-10,2025-02-18,9.0,1.0,76746,damian-suarez,2025-02-18,False
23/24,Lesão na panturrilha,2024-04-13,2024-04-20,8.0,2.0,76746,damian-suarez,2024-04-20,False
23/24,Lesão muscular,2023-10-22,2023-11-03,13.0,,76746,damian-suarez,2023-11-03,False
22/23,Lesão na coxa,2022-08-12,2022-09-01,21.0,3.0,76746,damian-suarez,2022-09-01,False
20/21,Gestão de esforço,2021-01-04,2021-01-06,3.0,1.0,76746,damian-suarez,2021-01-06,False
20/21,Gestão de esforço,2020-12-16,2020-12-18,3.0,1.0,76746,damian-suarez,2020-12-18,False
20/21,Lesão muscular,2020-11-30,2020-12-09,10.0,1.0,76746,damian-suarez,2020-12-09,False
19/20,Problemas musculares,2019-11-04,2019-11-08,5.0,1.0,76746,damian-suarez,2019-11-08,False
19/20,Problemas musculares,2019-10-16,2019-10-28,13.0,3.0,76746,damian-suarez,2019-10-28,False
17/18,Lesão no tornozelo,2018-04-30,2018-05-11,12.0,1.0,76746,damian-suarez,2018-05-11,False
17/18,Lesão muscular,2018-01-20,2018-02-03,15.0,1.0,76746,damian-suarez,2018-02-03,False
13/14,Doente,2014-05-10,2014-05-14,5.0,,76746,damian-suarez,2014-05-14,False
25/26,Lesão na coxa,2025-07-19,2025-08-16,29.0,8.0,217886,oscar-romero,2025-08-16,False
23/24,Lesão desconhecida,2024-01-17,2024-01-30,14.0,3.0,217886,oscar-romero,2024-01-30,False
23/24,Lesão desconhecida,2023-12-25,2024-01-10,17.0,2.0,217886,oscar-romero,2024-01-10,False
23/24,Lesão desconhecida,2023-10-27,2023-11-14,19.0,3.0,217886,oscar-romero,2023-11-14,False
23/24,Fratura do antebraço,2023-09-28,2023-10-16,19.0,2.0,217886,oscar-romero,2023-10-16,False
22/23,Problemas musculares,2023-07-03,2023-07-13,11.0,2.0,217886,oscar-romero,2023-07-13,False
21/22,Problemas musculares na coxa,2022-04-19,2022-04-22,4.0,1.0,217886,oscar-romero,2022-04-22,False
21/22,Problemas musculares na coxa,2022-03-11,2022-03-17,7.0,1.0,217886,oscar-romero,2022-03-17,False
25/26,Rotura do tendão de Aquiles,2025-10-09,2026-03-09,152.0,29.0,379807,lyanco,2026-03-09,True
25/26,Lesão na coxa,2025-08-15,2025-09-10,27.0,5.0,379807,lyanco,2025-09-10,False
24/25,Lesão na coxa,2025-04-24,2025-05-10,17.0,4.0,379807,lyanco,2025-05-10,False
23/24,Lesão desconhecida,2023-09-29,2024-01-31,125.0,10.0,379807,lyanco,2024-01-31,True
21/22,Lesão na coxa,2022-02-05,2022-04-02,57.0,9.0,379807,lyanco,2022-04-02,False
21/22,Coronavírus,2021-12-18,2022-01-03,17.0,2.0,379807,lyanco,2022-01-03,False
20/21,Lumbago,2021-03-29,2021-04-18,21.0,2.0,379807,lyanco,2021-04-18,False
19/20,Lesão no ligamento interno,2019-11-18,2020-01-15,59.0,8.0,379807,lyanco,2020-01-15,False
19/20,Problemas musculares,2019-08-01,2019-09-04,35.0,7.0,379807,lyanco,2019-09-04,False
18/19,Lesão desconhecida,2019-02-03,2019-02-20,18.0,2.0,379807,lyanco,2019-02-20,False
17/18,Operação ao pé,2018-05-10,2018-09-29,143.0,9.0,379807,lyanco,2018-09-29,True
17/18,Lesão no pé,2017-12-23,2018-05-09,138.0,18.0,379807,lyanco,2018-05-09,True
17/18,Distorção do tornozelo,2017-10-14,2017-11-03,21.0,4.0,379807,lyanco,2017-11-03,False
17/18,Amigdalite,2017-08-06,2017-08-22,17.0,2.0,379807,lyanco,2017-08-22,False
25/26,Problemas físicos,2025-08-29,2025-10-18,51.0,5.0,1127846,julio-cesar,2025-10-18,False
23/24,Problemas musculares na coxa,2024-01-31,2024-04-02,63.0,2.0,834898,vitinho,2024-04-02,True
25/26,Rotura dos ligamentos cruzados,2026-02-02,,50.0,11.0,1051322,robert-santos,2026-03-24,False
23/24,Recuperação ritmo competitivo,2024-03-29,2024-06-10,74.0,15.0,1051322,robert-santos,2024-06-10,True
25/26,OP aos dentes,2025-08-18,2025-09-10,24.0,4.0,175169,bernard,2025-09-10,False
24/25,Problemas no Joelho,2024-12-01,2025-01-28,59.0,5.0,175169,bernard,2025-01-28,False
24/25,Estiramento do ligamento colateral interno do joelho,2024-09-26,2024-11-05,41.0,10.0,175169,bernard,2024-11-05,False
23/24,Lesão desconhecida,2024-04-21,2024-05-06,16.0,2.0,175169,bernard,2024-05-06,False
19/20,Lesão no joelho,2020-01-01,2020-01-04,4.0,1.0,175169,bernard,2020-01-04,False
19/20,Lesão no joelho,2019-10-27,2019-11-30,35.0,4.0,175169,bernard,2019-11-30,False
19/20,Doente,2019-09-26,2019-10-04,9.0,1.0,175169,bernard,2019-10-04,False
18/19,Choque,2018-08-26,2018-09-15,21.0,2.0,175169,bernard,2018-09-15,False
18/19,Choque,2018-08-09,2018-08-24,16.0,2.0,175169,bernard,2018-08-24,False
17/18,Lesão no ombro,2018-03-14,2018-06-30,109.0,11.0,175169,bernard,2018-06-30,True
17/18,lesão no braço,2017-10-23,2017-10-30,8.0,2.0,175169,bernard,2017-10-30,False
14/15,Lesão ligamentar,2015-02-16,2015-04-02,46.0,6.0,175169,bernard,2015-04-02,False
24/25,Rotura de ligamentos no joelho,2025-01-26,,422.0,10.0,1083072,caio-maia,2026-03-24,True
24/25,Gripe gastrointestinal,2025-05-30,2025-06-06,8.0,1.0,989925,brahian-palacios,2025-06-06,False
24/25,Lesão na coxa,2025-02-13,2025-04-28,75.0,15.0,989925,brahian-palacios,2025-04-28,True
23/24,Problemas musculares na coxa,2024-03-18,2024-04-22,36.0,7.0,989925,brahian-palacios,2024-04-22,False
25/26,Recuperação ritmo competitivo,2025-07-01,2025-07-21,21.0,,456535,agustin-rogel,2025-07-21,False
24/25,Problemas musculares na coxa,2024-09-26,2024-10-18,23.0,2.0,456535,agustin-rogel,2024-10-18,False
22/23,Operado ao joelho,2023-06-26,2024-04-08,288.0,32.0,456535,agustin-rogel,2024-04-08,True
22/23,Lesão no joelho,2023-01-25,2023-02-16,23.0,3.0,456535,agustin-rogel,2023-02-16,False
19/20,Fratura da clavícula,2019-08-11,2019-11-11,93.0,13.0,456535,agustin-rogel,2019-11-11,True
24/25,Lesão no calcanhar,2025-01-23,2025-04-05,73.0,13.0,371968,clayton,2025-04-05,True
24/25,Lesão na coxa,2025-05-29,2025-07-12,45.0,2.0,719635,alexandro-bernabei,2025-07-12,False
25/26,Fascite plantar,2025-10-20,2025-11-19,31.0,5.0,829378,braian-aguirre,2025-11-19,False
24/25,Lesão nos adutores,2024-08-15,2024-09-21,38.0,6.0,829378,braian-aguirre,2024-09-21,False
23/24,Entorse na tibiotársica,2023-10-11,2023-10-22,12.0,1.0,829378,braian-aguirre,2023-10-22,False
22/23,Entorse do tornozelo,2023-05-16,2023-06-09,25.0,3.0,829378,braian-aguirre,2023-06-09,False
22/23,Lesão no joelho,2023-03-09,2023-03-19,11.0,1.0,829378,braian-aguirre,2023-03-19,False
24/25,Lesão no joelho,2025-06-02,,295.0,9.0,51174,fernando,2026-03-24,True
24/25,Lesão na panturrilha,2024-10-20,2024-11-20,32.0,4.0,51174,fernando,2024-11-20,False
24/25,Lesão na coxa,2024-07-14,2024-08-13,31.0,6.0,51174,fernando,2024-08-13,False
23/24,Lesão no ombro,2024-04-17,2024-04-28,12.0,3.0,51174,fernando,2024-04-28,False
23/24,Lesão no ombro,2023-12-04,2024-01-28,56.0,11.0,51174,fernando,2024-01-28,False
23/24,Problemas na virilha,2023-11-02,2023-11-06,5.0,1.0,51174,fernando,2023-11-06,False
23/24,Problemas na virilha,2023-10-23,2023-10-27,5.0,1.0,51174,fernando,2023-10-27,False
23/24,Problemas musculares,2023-08-25,2023-09-11,18.0,1.0,51174,fernando,2023-09-11,False
22/23,Mononucleose,2022-09-18,2022-11-03,47.0,10.0,51174,fernando,2022-11-03,False
21/22,Lesão no tornozelo,2022-02-28,2022-07-01,124.0,14.0,51174,fernando,2022-07-01,True
19/20,Lesão nos adutores,2020-03-02,2020-04-30,60.0,1.0,51174,fernando,2020-04-30,True
19/20,Lesão na virilha,2019-11-25,2019-12-05,11.0,2.0,51174,fernando,2019-12-05,False
18/19,Problemas no Joelho,2019-02-14,2019-03-18,33.0,7.0,51174,fernando,2019-03-18,False
18/19,Rotura muscular na coxa,2018-10-19,2018-11-19,32.0,5.0,51174,fernando,2018-11-19,False
17/18,Ligamento intra-articular rasgado do joelho,2017-12-24,2018-02-21,60.0,9.0,51174,fernando,2018-02-21,True
15/16,Problemas na virilha,2016-04-04,2016-04-04,1.0,,51174,fernando,2016-04-04,False
15/16,Lesão na coxa,2015-12-07,2015-12-28,22.0,4.0,51174,fernando,2015-12-28,False
15/16,Lesão na virilha,2015-08-03,2015-09-10,39.0,4.0,51174,fernando,2015-09-10,False
14/15,Lesão na virilha,2014-09-01,2014-10-02,32.0,6.0,51174,fernando,2014-10-02,False
12/13,Rotura no tendão do adutor,2012-11-05,2012-11-19,15.0,3.0,51174,fernando,2012-11-19,False
12/13,Problemas musculares,2012-08-30,2012-09-27,29.0,3.0,51174,fernando,2012-09-27,False
11/12,Traumatismo,2012-04-02,2012-04-16,15.0,1.0,51174,fernando,2012-04-16,False
11/12,Lesão no joelho,2012-03-12,2012-03-22,11.0,2.0,51174,fernando,2012-03-22,False
10/11,Flambagem do osso,2011-05-05,2011-05-12,8.0,1.0,51174,fernando,2011-05-12,False
10/11,Tendinite,2010-12-02,2010-12-30,29.0,4.0,51174,fernando,2010-12-30,False
10/11,Problemas musculares,2010-11-01,2010-11-22,22.0,4.0,51174,fernando,2010-11-22,False
09/10,lesão no braço,2010-02-22,2010-03-18,25.0,4.0,51174,fernando,2010-03-18,False
25/26,Problemas musculares na coxa,2026-02-19,2026-02-26,8.0,1.0,1253921,luis-otavio,2026-02-26,False
25/26,Lesão na coxa,2025-11-29,2025-12-08,10.0,2.0,1253921,luis-otavio,2025-12-08,False
25/26,Lesão na coxa,2025-10-02,2025-10-21,20.0,3.0,1253921,luis-otavio,2025-10-21,False
24/25,Lesão na coxa,2025-02-03,2025-03-07,33.0,6.0,1253921,luis-otavio,2025-03-07,False
24/25,Fratura do Metatarso,2025-01-12,2025-04-12,91.0,16.0,1089144,gabriel-carvalho,2025-04-12,True
25/26,Entorse do tornozelo,2025-11-25,2026-01-10,47.0,2.0,1095552,gustavo-prado,2026-01-10,False
25/26,Problemas musculares na coxa,2025-09-12,2025-09-20,9.0,1.0,323831,rafael-borre,2025-09-20,False
24/25,Lesão da parede abdominal,2025-06-02,2025-06-11,10.0,2.0,323831,rafael-borre,2025-06-11,False
24/25,Lesão na coxa,2025-04-27,2025-05-27,31.0,8.0,323831,rafael-borre,2025-05-27,False
24/25,Lesão na coxa,2025-02-16,2025-03-07,20.0,2.0,323831,rafael-borre,2025-03-07,False
24/25,Lesão na coxa,2024-09-26,2024-10-18,23.0,4.0,323831,rafael-borre,2024-10-18,False
24/25,Lesão na coxa,2024-08-09,2024-08-24,16.0,3.0,323831,rafael-borre,2024-08-24,False
20/21,Coronavírus,2021-05-15,2021-05-23,9.0,2.0,323831,rafael-borre,2021-05-23,False
20/21,Choque,2021-05-05,2021-05-08,4.0,1.0,323831,rafael-borre,2021-05-08,False
19/20,Choque,2020-12-03,2020-12-07,5.0,1.0,323831,rafael-borre,2020-12-07,False
20/21,Coronavírus,2020-11-07,2020-11-18,12.0,4.0,323831,rafael-borre,2020-11-18,False
19/20,Problemas na anca,2020-03-03,2020-03-07,5.0,1.0,323831,rafael-borre,2020-03-07,False
18/19,Traumatismo no pé,2018-10-25,2018-10-30,6.0,1.0,323831,rafael-borre,2018-10-30,False
25/26,Lumbago,2026-01-30,2026-02-03,5.0,1.0,193782,lucas-alario,2026-02-03,False
25/26,Febre,2026-01-21,2026-02-25,36.0,2.0,193782,lucas-alario,2026-02-25,False
25/26,Lesão na coxa,2025-10-08,2025-11-05,29.0,3.0,193782,lucas-alario,2025-11-05,False
24/25,Fadiga muscular,2025-02-19,2025-02-23,5.0,1.0,193782,lucas-alario,2025-02-23,False
23/24,Traumatismo grade costal,2024-04-22,2024-04-28,7.0,1.0,193782,lucas-alario,2024-04-28,False
22/23,Operado ao joelho,2023-06-21,2023-10-19,121.0,12.0,193782,lucas-alario,2023-10-19,True
22/23,Lesão no joelho,2023-05-03,2023-06-20,49.0,5.0,193782,lucas-alario,2023-06-20,False
22/23,Constipação,2023-03-03,2023-03-07,5.0,1.0,193782,lucas-alario,2023-03-07,False
21/22,Problemas musculares,2021-10-25,2021-10-29,5.0,1.0,193782,lucas-alario,2021-10-29,False
21/22,Rotura no tendão do adutor,2021-08-03,2021-09-06,35.0,5.0,193782,lucas-alario,2021-09-06,False
20/21,Lesão na coxa,2021-04-30,2021-07-19,81.0,12.0,193782,lucas-alario,2021-07-19,True
20/21,Problemas no Joelho,2020-11-29,2020-12-11,13.0,4.0,193782,lucas-alario,2020-12-11,False
17/18,Queixas adutores,2017-12-18,2018-01-03,17.0,1.0,193782,lucas-alario,2018-01-03,False
15/16,Lesão no ombro,2015-10-01,2015-10-30,30.0,5.0,193782,lucas-alario,2015-10-30,False
15/16,Entorse do tornozelo,2015-08-06,2015-08-20,15.0,2.0,193782,lucas-alario,2015-08-20,False
14/15,Muskelbündelriss,2015-03-10,2015-04-15,37.0,5.0,193782,lucas-alario,2015-04-15,False
24/25,Lesão do ligamento cruzado,2024-12-07,2025-09-01,269.0,46.0,1082818,lucca-drummond,2025-09-01,True
25/26,Problemas musculares na coxa,2025-07-19,2025-08-02,15.0,4.0,1044132,ricardo-mathias,2025-08-02,False
24/25,Lesão na coxa,2025-05-26,2025-06-11,17.0,2.0,1044132,ricardo-mathias,2025-06-11,False
24/25,Lesão tornozelo,2024-11-10,2025-02-17,100.0,17.0,346018,jamal-lewis,2025-02-17,True
21/22,Operação na virilha,2022-03-01,2022-05-01,62.0,12.0,346018,jamal-lewis,2022-05-01,True
21/22,Lesão na coxa,2021-12-17,2022-01-14,29.0,3.0,346018,jamal-lewis,2022-01-14,False
20/21,Rotura muscular na coxa,2021-02-04,2021-02-05,2.0,,346018,jamal-lewis,2021-02-05,False
20/21,Problemas no Joelho,2020-12-31,2021-01-15,16.0,3.0,346018,jamal-lewis,2021-01-15,False
20/21,Fratura na face,2020-09-21,2020-09-26,6.0,1.0,346018,jamal-lewis,2020-09-26,False
19/20,Amigdalite,2020-01-05,2020-01-10,6.0,,346018,jamal-lewis,2020-01-10,False
19/20,Lesão no joelho,2019-11-18,2019-11-30,13.0,2.0,346018,jamal-lewis,2019-11-30,False
19/20,lesão no braço,2019-09-29,2019-10-04,6.0,,346018,jamal-lewis,2019-10-04,False
17/18,Lesão no joelho,2017-07-31,2018-01-01,155.0,15.0,346018,jamal-lewis,2018-01-01,True
25/26,Problemas no Joelho,2025-10-26,2025-11-30,36.0,3.0,697065,santiago-longo,2025-11-30,False
25/26,Problemas no Joelho,2025-10-08,2025-10-21,14.0,2.0,697065,santiago-longo,2025-10-21,False
24/25,Distensão muscular,2024-07-30,2024-08-06,8.0,1.0,697065,santiago-longo,2024-08-06,False
25/26,Recuperação ritmo competitivo,2026-01-24,2026-02-02,10.0,2.0,10471,luiz-gustavo,2026-02-02,False
24/25,Contusão pulmonar,2025-04-03,2025-09-24,175.0,35.0,10471,luiz-gustavo,2025-09-24,True
24/25,Lesão num dedo do pé,2025-01-17,2025-03-28,71.0,14.0,10471,luiz-gustavo,2025-03-28,True
23/24,Problemas no tendão de Aquiles,2024-02-24,2024-04-29,66.0,11.0,10471,luiz-gustavo,2024-04-29,True
21/22,Recuperação ritmo competitivo,2022-03-07,2022-03-14,8.0,1.0,10471,luiz-gustavo,2022-03-14,False
21/22,Rotura num tendão,2022-01-28,2022-03-07,39.0,8.0,10471,luiz-gustavo,2022-03-07,False
21/22,Tendinite,2021-12-25,2022-01-11,18.0,3.0,10471,luiz-gustavo,2022-01-11,False
21/22,Lesão na coxa,2021-10-30,2021-11-26,28.0,4.0,10471,luiz-gustavo,2021-11-26,False
20/21,Edema no joelho,2021-02-02,2021-03-05,32.0,6.0,10471,luiz-gustavo,2021-03-05,False
20/21,Coronavírus,2020-12-24,2021-01-02,10.0,,10471,luiz-gustavo,2021-01-02,False
19/20,Lesão desconhecida,2020-07-18,2020-07-26,9.0,2.0,10471,luiz-gustavo,2020-07-26,False
18/19,Doente,2019-02-04,2019-02-15,12.0,2.0,10471,luiz-gustavo,2019-02-15,False
18/19,Traumatismo no joelho,2019-01-19,2019-01-24,6.0,1.0,10471,luiz-gustavo,2019-01-24,False
16/17,Lesão muscular,2016-09-16,2016-10-12,27.0,4.0,10471,luiz-gustavo,2016-10-12,False
15/16,Tensão muscular,2015-11-23,2016-01-20,59.0,6.0,10471,luiz-gustavo,2016-01-20,False
15/16,Problemas no Joelho,2015-09-17,2015-09-21,5.0,1.0,10471,luiz-gustavo,2015-09-21,False
14/15,Rotura do menisco lateral,2015-06-02,2015-08-19,79.0,9.0,10471,luiz-gustavo,2015-08-19,True
14/15,Pequena lesão,2015-04-20,2015-04-21,2.0,,10471,luiz-gustavo,2015-04-21,False
13/14,Problemas no Joelho,2013-08-08,2013-08-12,5.0,1.0,10471,luiz-gustavo,2013-08-12,False
12/13,Operação na virilha,2012-11-19,2013-01-28,71.0,11.0,10471,luiz-gustavo,2013-01-28,True
12/13,Tensão muscular,2012-11-05,2012-11-15,11.0,2.0,10471,luiz-gustavo,2012-11-15,False
12/13,Rotura muscular,2012-10-29,2012-11-01,4.0,,10471,luiz-gustavo,2012-11-01,False
11/12,Traumatismo,2011-09-19,2011-09-22,4.0,,10471,luiz-gustavo,2011-09-22,False
10/11,Constipação,2011-03-03,2011-03-07,5.0,1.0,10471,luiz-gustavo,2011-03-07,False
10/11,Lesão nos adutores,2010-12-20,2010-12-20,1.0,,10471,luiz-gustavo,2010-12-20,False
09/10,Lesão tornozelo,2009-07-30,2009-09-03,36.0,4.0,10471,luiz-gustavo,2009-09-03,False
08/09,Lesão tornozelo,2008-10-27,2008-10-28,2.0,,10471,luiz-gustavo,2008-10-28,False
25/26,Lesão na coxa,2025-11-06,2025-11-22,17.0,2.0,468301,marcos-antonio,2025-11-22,False
25/26,Problemas musculares,2025-09-26,2025-10-01,6.0,1.0,468301,marcos-antonio,2025-10-01,False
25/26,Lesão na coxa,2025-08-25,2025-09-09,16.0,1.0,468301,marcos-antonio,2025-09-09,False
24/25,Lesão na coxa,2025-05-18,2025-06-27,41.0,5.0,468301,marcos-antonio,2025-06-27,False
23/24,Recuperação ritmo competitivo,2023-11-02,2023-11-30,29.0,4.0,468301,marcos-antonio,2023-11-30,False
23/24,Lesão muscular,2023-08-02,2023-11-02,93.0,12.0,468301,marcos-antonio,2023-11-02,True
22/23,Lesão no tornozelo,2023-05-17,2023-05-25,9.0,1.0,468301,marcos-antonio,2023-05-25,False
22/23,Gripe gastrointestinal,2023-02-21,2023-02-23,3.0,,468301,marcos-antonio,2023-02-23,False
25/26,Pancada na coxa,2026-02-11,2026-02-21,11.0,1.0,861852,damian-bobadilla,2026-02-21,False
23/24,Fratura na grelha costal,2023-11-28,2024-01-08,42.0,1.0,861852,damian-bobadilla,2024-01-08,False
24/25,Lesão no tornozelo,2025-04-14,2025-05-26,43.0,12.0,1009031,henrique-carmo,2025-05-26,False
25/26,Lesão muscular,2025-07-07,2025-07-15,9.0,1.0,1219849,lucas-ferreira,2025-07-15,False
25/26,Lesão do ligamento cruzado,2025-08-25,2026-02-28,188.0,32.0,565232,andre-silva,2026-02-28,True
23/24,Lesão desconhecida,2023-12-10,2023-12-17,8.0,1.0,565232,andre-silva,2023-12-17,False
22/23,Lesão muscular,2022-08-20,2022-11-02,75.0,10.0,565232,andre-silva,2022-11-02,True
25/26,Rotura dos ligamentos cruzados,2025-07-13,,254.0,49.0,1202387,ryan-francisco,2026-03-24,True
25/26,Fissur des Wadenbeins,2026-02-12,2026-04-12,60.0,6.0,527494,robert-rojas,2026-04-12,True
24/25,Lesão na cabeça,2024-07-07,2024-07-16,10.0,1.0,527494,robert-rojas,2024-07-16,False
23/24,Lesão na cabeça,2024-06-14,2024-06-25,12.0,3.0,527494,robert-rojas,2024-06-25,False
23/24,Lesão no pé,2023-10-31,2023-11-09,10.0,1.0,527494,robert-rojas,2023-11-09,False
21/22,Fratura da tíbia e do perónio,2022-04-07,2022-11-30,238.0,51.0,527494,robert-rojas,2022-11-30,True
21/22,Pubalgia,2022-02-04,2022-02-18,15.0,2.0,527494,robert-rojas,2022-02-18,False
21/22,Pubalgia,2021-07-26,2021-08-09,15.0,4.0,527494,robert-rojas,2021-08-09,False
20/21,Coronavírus,2021-05-15,2021-05-23,9.0,2.0,527494,robert-rojas,2021-05-23,False
18/19,Entorse na tibiotársica,2019-03-04,2019-03-27,24.0,2.0,527494,robert-rojas,2019-03-27,False
24/25,Problemas físicos,2024-07-16,2024-07-27,12.0,2.0,73741,souza,2024-07-27,False
22/23,Problemas no Joelho,2023-01-14,2023-02-06,24.0,5.0,73741,souza,2023-02-06,False
22/23,Problemas no Joelho,2023-01-05,2023-01-13,9.0,1.0,73741,souza,2023-01-13,False
22/23,inflamação no joelho,2022-11-05,2022-12-22,48.0,2.0,73741,souza,2022-12-22,False
22/23,Recuperação ritmo competitivo,2022-08-22,2022-08-30,9.0,1.0,73741,souza,2022-08-30,False
22/23,Rotura do menisco,2022-07-18,2022-08-22,36.0,3.0,73741,souza,2022-08-22,False
21/22,Rotura muscular na coxa,2022-02-26,2022-03-08,11.0,2.0,73741,souza,2022-03-08,False
21/22,Lesão desconhecida,2022-02-10,2022-02-17,8.0,1.0,73741,souza,2022-02-17,False
21/22,Rotura muscular na coxa,2022-01-22,2022-02-04,14.0,,73741,souza,2022-02-04,False
21/22,Rotura muscular na coxa,2021-10-25,2021-10-31,7.0,1.0,73741,souza,2021-10-31,False
20/21,Fissura parcial muscular,2020-12-26,2021-01-02,8.0,1.0,73741,souza,2021-01-02,False
20/21,Lesão desconhecida,2020-12-03,2020-12-07,5.0,1.0,73741,souza,2020-12-07,False
19/20,Coronavírus,2020-07-26,2020-08-09,15.0,,73741,souza,2020-08-09,False
19/20,Lesão no joelho,2020-01-29,2020-02-25,28.0,6.0,73741,souza,2020-02-25,False
18/19,Ferimento na musculatura da barriga,2019-01-22,2019-05-21,120.0,21.0,73741,souza,2019-05-21,True
17/18,Lesão desconhecida,2018-02-05,2018-02-08,4.0,1.0,73741,souza,2018-02-08,False
17/18,Lesão desconhecida,2018-01-15,2018-01-18,4.0,1.0,73741,souza,2018-01-18,False
16/17,Lesão desconhecida,2016-08-17,2016-08-29,13.0,4.0,73741,souza,2016-08-29,False
15/16,Lesão na virilha,2015-09-14,2015-10-02,19.0,4.0,73741,souza,2015-10-02,False
22/23,Problemas musculares na coxa,2023-07-06,2023-07-09,4.0,1.0,659264,juan-sforza,2023-07-09,False
22/23,Entorse do tornozelo,2023-03-29,2023-04-08,11.0,2.0,659264,juan-sforza,2023-04-08,False
22/23,Problemas na tibiotársica,2022-09-16,2022-09-22,7.0,1.0,659264,juan-sforza,2022-09-22,False
24/25,Muskelbündelriss,2025-04-28,2025-05-09,12.0,3.0,313830,pablo-galdames,2025-05-09,False
23/24,Lesão no pé,2024-06-23,2024-07-16,24.0,5.0,313830,pablo-galdames,2024-07-16,False
22/23,Lesão no joelho,2022-09-14,2022-10-28,45.0,6.0,313830,pablo-galdames,2022-10-28,False
25/26,Problemas na panturrilha,2025-07-13,2025-07-29,17.0,4.0,80444,philippe-coutinho,2025-07-29,False
24/25,Lesão na coxa,2024-08-04,2024-09-14,42.0,7.0,80444,philippe-coutinho,2024-09-14,False
24/25,Recuperação ritmo competitivo,2024-07-09,2024-07-20,12.0,2.0,80444,philippe-coutinho,2024-07-20,False
23/24,Lesão desconhecida,2023-11-08,2023-12-11,34.0,6.0,80444,philippe-coutinho,2023-12-11,False
23/24,Lesão na coxa,2023-08-20,2023-09-25,37.0,7.0,80444,philippe-coutinho,2023-09-25,False
23/24,Lesão desconhecida,2023-08-20,2023-09-24,36.0,7.0,80444,philippe-coutinho,2023-09-24,False
22/23,Lesão na coxa,2022-11-05,2022-12-25,51.0,3.0,80444,philippe-coutinho,2022-12-25,False
21/22,Coronavírus,2021-12-30,2022-01-13,15.0,3.0,80444,philippe-coutinho,2022-01-13,False
21/22,Recuperação ritmo competitivo,2021-08-08,2021-08-25,18.0,2.0,80444,philippe-coutinho,2021-08-25,False
20/21,Rotura do menisco lateral,2020-12-30,2021-08-07,221.0,42.0,80444,philippe-coutinho,2021-08-07,True
20/21,Lesão na coxa,2020-10-25,2020-11-20,27.0,6.0,80444,philippe-coutinho,2020-11-20,False
19/20,Problemas na tibiotársica,2020-04-24,2020-06-25,63.0,9.0,80444,philippe-coutinho,2020-06-25,True
18/19,Lesão na coxa,2019-05-13,2019-05-23,11.0,1.0,80444,philippe-coutinho,2019-05-23,False
18/19,Muskelbündelriss,2018-11-07,2018-11-26,20.0,4.0,80444,philippe-coutinho,2018-11-26,False
17/18,Lesão na coxa,2017-12-30,2018-01-24,26.0,6.0,80444,philippe-coutinho,2018-01-24,False
17/18,Problemas físicos,2017-10-26,2017-11-07,13.0,3.0,80444,philippe-coutinho,2017-11-07,False
17/18,Problemas nas costas,2017-08-03,2017-08-28,26.0,5.0,80444,philippe-coutinho,2017-08-28,False
16/17,Lesão no tornozelo,2016-11-27,2017-01-09,44.0,9.0,80444,philippe-coutinho,2017-01-09,False
15/16,Lesão na coxa,2016-01-07,2016-01-28,22.0,6.0,80444,philippe-coutinho,2016-01-28,False
15/16,Rotura muscular na coxa,2015-11-23,2015-12-10,18.0,4.0,80444,philippe-coutinho,2015-12-10,False
14/15,Problemas no Joelho,2015-06-12,2015-06-15,4.0,1.0,80444,philippe-coutinho,2015-06-15,False
14/15,Lesão na virilha,2014-09-18,2014-09-25,8.0,2.0,80444,philippe-coutinho,2014-09-25,False
13/14,Lesão no ombro,2013-09-16,2013-10-31,46.0,8.0,80444,philippe-coutinho,2013-10-31,False
12/13,Problemas físicos,2012-12-17,2013-02-04,50.0,9.0,80444,philippe-coutinho,2013-02-04,False
12/13,Traumatismo tibioperoneal,2012-10-25,2012-11-19,26.0,6.0,80444,philippe-coutinho,2012-11-19,False
11/12,Lumbago,2012-01-19,2012-01-26,8.0,3.0,80444,philippe-coutinho,2012-01-26,False
11/12,Problemas físicos,2011-10-13,2011-11-10,29.0,6.0,80444,philippe-coutinho,2011-11-10,False
10/11,Lesão no joelho,2010-11-18,2011-01-24,68.0,13.0,80444,philippe-coutinho,2011-01-24,True
20/21,Lesão desconhecida,2021-04-22,2021-04-28,7.0,1.0,207561,maxime-dominguez,2021-04-28,False
20/21,Lesão desconhecida,2020-10-19,2020-11-18,31.0,2.0,207561,maxime-dominguez,2020-11-18,False
18/19,Artroscopia,2019-01-15,2019-02-21,38.0,3.0,207561,maxime-dominguez,2019-02-21,False
17/18,Lesão desconhecida,2017-12-14,2018-05-11,149.0,16.0,207561,maxime-dominguez,2018-05-11,True
17/18,Lesão desconhecida,2017-08-17,2017-09-26,41.0,6.0,207561,maxime-dominguez,2017-09-26,False
16/17,Doente,2017-03-31,2017-04-12,13.0,2.0,207561,maxime-dominguez,2017-04-12,False
23/24,Problemas no Joelho,2024-06-29,2025-07-14,381.0,67.0,1083969,guilherme-estrella,2025-07-14,True
21/22,Fratura do Metatarso,2021-07-21,2021-09-01,43.0,7.0,715140,emerson-rodriguez,2021-09-01,False
20/21,Lesão muscular,2020-09-09,2020-10-05,27.0,4.0,715140,emerson-rodriguez,2020-10-05,False
19/20,Lesão no joelho,2020-01-20,2020-03-10,51.0,9.0,715140,emerson-rodriguez,2020-03-10,False
25/26,Lesão nos ligamentos do tornozelo,2025-12-11,2026-02-04,56.0,8.0,240913,lucas-villalba,2026-02-04,False
24/25,Fadiga muscular,2025-05-05,2025-05-10,6.0,1.0,240913,lucas-villalba,2025-05-10,False
24/25,Lesão na coxa,2024-12-02,2024-12-31,30.0,2.0,240913,lucas-villalba,2024-12-31,False
23/24,Lesão ligamentar,2023-11-18,2023-12-18,31.0,1.0,240913,lucas-villalba,2023-12-18,False
20/21,Coronavírus,2020-08-13,2020-08-27,15.0,,240913,lucas-villalba,2020-08-27,False
22/23,Lesão no tornozelo,2023-01-19,2024-01-05,352.0,,668262,weverton,2024-01-05,True
25/26,Lesão no joelho,2026-02-02,2026-03-04,31.0,7.0,1083207,jonathan-jesus,2026-03-04,False
25/26,Traumatismo no joelho,2025-09-28,2025-10-04,7.0,1.0,1083207,jonathan-jesus,2025-10-04,False
24/25,Vírus,2025-03-27,2025-04-05,10.0,2.0,1083207,jonathan-jesus,2025-04-05,False
24/25,Problemas musculares,2025-04-02,2025-04-08,7.0,1.0,323954,walace,2025-04-08,False
24/25,Lesão na coxa,2024-11-28,2024-12-31,34.0,3.0,323954,walace,2024-12-31,False
24/25,Amigdalite,2024-09-16,2024-09-25,10.0,2.0,323954,walace,2024-09-25,False
24/25,Recuperação ritmo competitivo,2024-07-09,2024-07-23,15.0,3.0,323954,walace,2024-07-23,False
20/21,Problemas musculares,2020-11-01,2020-11-28,28.0,4.0,323954,walace,2020-11-28,False
20/21,Problemas musculares,2020-09-17,2020-10-23,37.0,4.0,323954,walace,2020-10-23,False
19/20,Lesão no ombro,2020-07-20,2020-07-24,5.0,1.0,323954,walace,2020-07-24,False
18/19,Doente,2018-11-23,2018-11-28,6.0,1.0,323954,walace,2018-11-28,False
17/18,Problemas no Joelho,2018-01-11,2018-01-15,5.0,1.0,323954,walace,2018-01-15,False
17/18,Problemas nas costas,2017-12-14,2018-01-01,19.0,1.0,323954,walace,2018-01-01,False
17/18,Traumatismo no joelho,2017-11-16,2017-11-23,8.0,1.0,323954,walace,2017-11-23,False
24/25,Entorse do tornozelo,2024-12-03,2024-12-16,14.0,2.0,450211,jose-cifuentes,2024-12-16,False
23/24,Choque,2023-10-17,2023-10-27,11.0,3.0,450211,jose-cifuentes,2023-10-27,False
20/21,Coronavírus,2020-11-16,2020-11-30,15.0,2.0,450211,jose-cifuentes,2020-11-30,False
24/25,Lesão na coxa,2024-09-15,2024-10-22,38.0,6.0,1072630,vitinho,2024-10-22,False
25/26,Problema nos flexores do quadril,2026-01-23,2026-01-27,5.0,1.0,613873,alvaro-barreal,2026-01-27,False
24/25,Lesão na coxa,2025-04-21,2025-05-11,21.0,3.0,613873,alvaro-barreal,2025-05-11,False
24/25,Problemas na virilha,2024-12-05,2025-02-22,80.0,7.0,613873,alvaro-barreal,2025-02-22,True
24/25,Contusão no tornozelo,2024-08-26,2024-08-31,6.0,1.0,613873,alvaro-barreal,2024-08-31,False
23/24,Vírus,2024-06-27,2024-07-02,6.0,1.0,613873,alvaro-barreal,2024-07-02,False
23/24,Entorse no joelho,2024-06-13,2024-06-22,10.0,2.0,613873,alvaro-barreal,2024-06-22,False
25/26,Lesão nos ligamentos do tornozelo,2026-02-13,2026-02-17,5.0,1.0,1253814,kaique-kenji,2026-02-17,False
25/26,Artroscopia,2025-10-06,2025-12-08,64.0,11.0,288786,juan-dinenno,2025-12-08,True
24/25,Lesão do ligamento cruzado,2024-08-28,2025-04-16,232.0,34.0,288786,juan-dinenno,2025-04-16,True
23/24,Lesão no púbis,2024-05-27,2024-07-23,58.0,13.0,288786,juan-dinenno,2024-07-23,False
23/24,Fratura do nariz,2024-04-13,2024-05-26,44.0,8.0,288786,juan-dinenno,2024-05-26,False
24/25,Problemas musculares na coxa,2024-08-26,2024-09-05,11.0,2.0,720294,lautaro-diaz,2024-09-05,False
23/24,Lesão desconhecida,2024-03-01,2024-04-27,58.0,12.0,720294,lautaro-diaz,2024-04-27,False
22/23,Lesão muscular,2023-05-19,2023-06-02,15.0,3.0,720294,lautaro-diaz,2023-06-02,False
21/22,Muskelkater,2022-01-30,2022-02-13,15.0,1.0,720294,lautaro-diaz,2022-02-13,False
24/25,Problemas musculares na coxa,2024-10-27,2025-09-01,310.0,33.0,213619,rafa-silva,2025-09-01,True
24/25,Problemas com o tendão rotuliano,2024-08-14,2024-10-22,70.0,13.0,213619,rafa-silva,2024-10-22,True
23/24,Lesão na coxa,2024-06-16,2024-08-09,55.0,12.0,213619,rafa-silva,2024-08-09,False
23/24,Recuperação ritmo competitivo,2024-02-03,2024-03-12,39.0,7.0,213619,rafa-silva,2024-03-12,False
22/23,Lesão desconhecida,2023-10-23,2023-11-10,19.0,5.0,213619,rafa-silva,2023-11-10,False
22/23,Lesão no joelho,2022-10-11,2023-03-07,148.0,6.0,213619,rafa-silva,2023-03-07,True
20/21,Lesão no joelho,2020-08-14,2021-01-31,171.0,23.0,213619,rafa-silva,2021-01-31,True
17/18,Distensão dos adutores,2017-05-14,2017-06-17,35.0,4.0,213619,rafa-silva,2017-06-17,False
25/26,Lesão na coxa,2025-08-03,2025-08-27,25.0,6.0,29241,thiago-silva,2025-08-27,False
24/25,Lesão na coxa,2025-04-14,2025-05-10,27.0,7.0,29241,thiago-silva,2025-05-10,False
24/25,Lesão no calcanhar,2025-02-09,2025-03-08,28.0,5.0,29241,thiago-silva,2025-03-08,False
24/25,Lesão no calcanhar,2024-09-26,2024-10-31,36.0,5.0,29241,thiago-silva,2024-10-31,False
24/25,Lesão no tornozelo,2024-09-19,2024-09-24,6.0,1.0,29241,thiago-silva,2024-09-24,False
23/24,Lesão desconhecida,2024-05-01,2024-05-05,5.0,1.0,29241,thiago-silva,2024-05-05,False
23/24,Lesão desconhecida,2024-02-13,2024-03-01,18.0,3.0,29241,thiago-silva,2024-03-01,False
22/23,Lesão ligamentar,2023-02-27,2023-04-10,43.0,7.0,29241,thiago-silva,2023-04-10,False
22/23,Lesão no joelho,2023-02-26,2023-04-10,44.0,7.0,29241,thiago-silva,2023-04-10,False
21/22,Coronavírus,2022-01-05,2022-01-11,7.0,2.0,29241,thiago-silva,2022-01-11,False
21/22,Problemas no Joelho,2021-12-26,2021-12-31,6.0,1.0,29241,thiago-silva,2021-12-31,False
20/21,Problemas musculares na coxa,2021-02-05,2021-03-07,31.0,7.0,29241,thiago-silva,2021-03-07,False
20/21,Choque,2020-09-10,2020-09-22,13.0,2.0,29241,thiago-silva,2020-09-22,False
19/20,Rotura muscular na coxa,2020-02-24,2020-03-15,21.0,3.0,29241,thiago-silva,2020-03-15,False
19/20,Lesão na virilha,2020-01-27,2020-02-10,15.0,4.0,29241,thiago-silva,2020-02-10,False
19/20,Doente,2019-10-30,2019-11-03,5.0,1.0,29241,thiago-silva,2019-11-03,False
19/20,Gestão de esforço,2019-09-24,2019-09-26,3.0,1.0,29241,thiago-silva,2019-09-26,False
18/19,Lesão meniscal,2019-04-15,2019-06-04,51.0,8.0,29241,thiago-silva,2019-06-04,False
18/19,Queixas adutores,2018-10-18,2018-10-30,13.0,3.0,29241,thiago-silva,2018-10-30,False
17/18,Lesão muscular,2017-10-05,2017-10-19,15.0,3.0,29241,thiago-silva,2017-10-19,False
16/17,Problemas na panturrilha,2017-02-09,2017-02-20,12.0,3.0,29241,thiago-silva,2017-02-20,False
16/17,Lesão na anca,2016-07-28,2016-09-12,47.0,7.0,29241,thiago-silva,2016-09-12,False
15/16,Lesão no joelho,2016-01-11,2016-02-01,22.0,6.0,29241,thiago-silva,2016-02-01,False
14/15,Pequena lesão,2015-04-16,2015-04-27,12.0,3.0,29241,thiago-silva,2015-04-27,False
14/15,Pancada na coxa,2014-11-24,2014-11-27,4.0,1.0,29241,thiago-silva,2014-11-27,False
14/15,Lesão na coxa,2014-08-14,2014-10-20,68.0,15.0,29241,thiago-silva,2014-10-20,True
13/14,Lesão na coxa,2013-09-23,2013-11-04,43.0,10.0,29241,thiago-silva,2013-11-04,False
12/13,Lesão na coxa,2013-01-14,2013-03-04,50.0,11.0,29241,thiago-silva,2013-03-04,False
12/13,Problemas na anca,2012-08-30,2012-09-03,5.0,1.0,29241,thiago-silva,2012-09-03,False
11/12,Problemas musculares,2012-03-26,2012-05-10,46.0,10.0,29241,thiago-silva,2012-05-10,False
11/12,Pequena lesão,2011-10-20,2011-10-27,8.0,1.0,29241,thiago-silva,2011-10-27,False
10/11,Problemas no Joelho,2010-12-09,2010-12-27,19.0,2.0,29241,thiago-silva,2010-12-27,False
10/11,Lesão no tornozelo,2010-10-18,2010-10-28,11.0,2.0,29241,thiago-silva,2010-10-28,False
10/11,Problemas musculares,2010-09-13,2010-09-16,4.0,1.0,29241,thiago-silva,2010-09-16,False
04/05,Tuberculose,2005-01-01,2005-12-31,365.0,34.0,29241,thiago-silva,2005-12-31,True
25/26,Estiramento do ligamento colateral interno do joelho,2025-07-24,2025-08-18,26.0,7.0,480686,gabriel-fuentes,2025-08-18,False
24/25,Lesão na coxa,2025-03-13,2025-04-25,44.0,9.0,480686,gabriel-fuentes,2025-04-25,False
25/26,Lesão do ligamento cruzado,2026-02-25,2026-03-27,31.0,6.0,898350,facundo-bernal,2026-03-27,False
24/25,Lesão na coxa,2025-05-12,2025-06-16,36.0,6.0,898350,facundo-bernal,2025-06-16,False
24/25,lesão na perna,2025-02-17,2025-03-01,13.0,2.0,898350,facundo-bernal,2025-03-01,False
22/23,Rotura dos ligamentos cruzados,2022-10-05,2023-07-25,294.0,30.0,898350,facundo-bernal,2023-07-25,True
22/23,Lesão desconhecida,2022-09-24,2022-09-27,4.0,1.0,898350,facundo-bernal,2022-09-27,False
21/22,Rotura muscular na coxa,2022-02-20,2022-03-01,10.0,1.0,898350,facundo-bernal,2022-03-01,False
24/25,Lesão ligamentar,2025-03-22,2025-05-08,48.0,11.0,1219752,isaque,2025-05-08,False
24/25,Problemas musculares na coxa,2024-10-09,2024-11-07,30.0,4.0,745927,kevin-serna,2024-11-07,False
24/25,Lesão na panturrilha,2024-08-08,2024-08-17,10.0,2.0,745927,kevin-serna,2024-08-17,False
22/23,Lesão desconhecida,2022-07-25,2022-07-30,6.0,1.0,745927,kevin-serna,2022-07-30,False
24/25,Lesão no joelho,2025-03-17,2025-05-20,65.0,14.0,1219749,riquelme,2025-05-20,True
25/26,Ruptura muscular,2025-09-01,2025-09-19,19.0,1.0,54534,agustin-marchesin,2025-09-19,False
24/25,Lesão na cabeça,2024-12-05,2024-12-09,5.0,1.0,54534,agustin-marchesin,2024-12-09,False
23/24,Lesão na coxa,2024-02-29,2024-04-01,33.0,5.0,54534,agustin-marchesin,2024-04-01,False
22/23,Rotura do tendão de Aquiles,2023-02-03,2023-08-18,197.0,20.0,54534,agustin-marchesin,2023-08-18,True
21/22,Lesão no joelho,2021-08-19,2021-09-26,39.0,6.0,54534,agustin-marchesin,2021-09-26,False
20/21,Traumatismo grade costal,2020-10-01,2020-10-14,14.0,3.0,54534,agustin-marchesin,2020-10-14,False
15/16,Problemas físicos,2016-05-16,2016-07-16,62.0,8.0,54534,agustin-marchesin,2016-07-16,True
24/25,Fratura do punho,2025-05-13,2025-07-12,61.0,9.0,1156563,igor-serrote,2025-07-12,True
25/26,Problemas musculares na coxa,2026-02-05,2026-02-28,24.0,5.0,828045,miguel-monsalve,2026-02-28,False
25/26,lesão na perna,2025-11-10,2026-02-03,86.0,11.0,828045,miguel-monsalve,2026-02-03,True
25/26,Lesão no ombro,2025-07-17,2025-10-25,101.0,17.0,828045,miguel-monsalve,2025-10-25,True
24/25,Lesão muscular,2025-05-21,2025-07-12,53.0,4.0,828045,miguel-monsalve,2025-07-12,False
24/25,Problemas físicos,2025-06-02,2025-07-12,41.0,2.0,662742,alexander-aravena,2025-07-12,False
24/25,Problemas musculares,2025-04-28,2025-05-12,15.0,4.0,662742,alexander-aravena,2025-05-12,False
24/25,Problemas musculares na coxa,2025-02-20,2025-03-17,26.0,5.0,662742,alexander-aravena,2025-03-17,False
24/25,Problemas musculares,2024-12-05,2024-12-09,5.0,1.0,662742,alexander-aravena,2024-12-09,False
22/23,Problemas musculares,2023-04-21,2023-05-05,15.0,1.0,662742,alexander-aravena,2023-05-05,False
20/21,Muskelquetschung,2021-01-07,2021-01-19,13.0,3.0,662742,alexander-aravena,2021-01-19,False
20/21,Rotura muscular na coxa,2020-12-19,2020-12-30,12.0,3.0,662742,alexander-aravena,2020-12-30,False
25/26,Choque,2026-02-13,2026-02-20,8.0,1.0,1005583,alysson,2026-02-20,False
25/26,Problemas no Joelho,2026-01-01,2026-02-09,40.0,9.0,1005583,alysson,2026-02-09,False
25/26,Problemas na panturrilha,2025-10-17,2025-10-25,9.0,1.0,1005583,alysson,2025-10-25,False
25/26,Entorse do tornozelo,2025-08-24,2025-09-12,20.0,1.0,1005583,alysson,2025-09-12,False
25/26,Operação ao tendão de Aquiles,2025-09-14,2026-03-18,186.0,33.0,95732,martin-braithwaite,2026-03-18,True
25/26,Lesão no tornozelo,2025-07-11,2025-07-18,8.0,2.0,95732,martin-braithwaite,2025-07-18,False
24/25,Entorse do tornozelo,2025-04-03,2025-04-07,5.0,1.0,95732,martin-braithwaite,2025-04-07,False
24/25,Lesão nos adutores,2025-03-17,2025-04-01,16.0,1.0,95732,martin-braithwaite,2025-04-01,False
23/24,Lesão muscular,2023-08-26,2023-09-03,9.0,1.0,95732,martin-braithwaite,2023-09-03,False
22/23,Pancada na coxa,2023-05-18,2023-05-23,6.0,1.0,95732,martin-braithwaite,2023-05-23,False
21/22,Coronavírus,2022-04-29,2022-05-06,8.0,1.0,95732,martin-braithwaite,2022-05-06,False
21/22,Lesão no joelho,2021-08-30,2022-01-20,144.0,32.0,95732,martin-braithwaite,2022-01-20,True
20/21,Lesão no tornozelo,2021-04-20,2021-05-04,15.0,4.0,95732,martin-braithwaite,2021-05-04,False
20/21,Lesão na coxa,2021-02-09,2021-02-16,8.0,2.0,95732,martin-braithwaite,2021-02-16,False
20/21,Quarentena,2020-11-10,2020-11-13,4.0,1.0,95732,martin-braithwaite,2020-11-13,False
20/21,Lesão muscular,2020-09-20,2020-09-30,11.0,1.0,95732,martin-braithwaite,2020-09-30,False
15/16,Queixas adutores,2015-12-06,2015-12-17,12.0,2.0,95732,martin-braithwaite,2015-12-17,False
10/11,Fratura do perónio,2011-03-20,2011-06-30,103.0,13.0,95732,martin-braithwaite,2011-06-30,True
24/25,Problemas musculares,2025-04-20,2025-05-03,14.0,3.0,611426,matias-arezo,2025-05-03,False
23/24,Problemas musculares,2023-07-01,2023-07-10,10.0,2.0,611426,matias-arezo,2023-07-10,False
22/23,Muskelkater,2023-06-30,2023-07-03,4.0,1.0,611426,matias-arezo,2023-07-03,False
22/23,Lesão muscular,2023-03-14,2023-03-22,9.0,1.0,611426,matias-arezo,2023-03-22,False
20/21,Lesão desconhecida,2021-02-02,2021-02-05,4.0,1.0,611426,matias-arezo,2021-02-05,False
20/21,Lesão muscular,2020-11-13,2020-11-23,11.0,1.0,611426,matias-arezo,2020-11-23,False
22/23,Rotura dos ligamentos cruzados,2023-01-01,2023-10-02,275.0,22.0,789856,caio-roque,2023-10-02,True
24/25,Lesão na coxa,2025-04-18,2025-05-24,37.0,10.0,120443,santiago-arias,2025-05-24,False
24/25,Lesão na coxa,2025-01-11,2025-02-08,29.0,8.0,120443,santiago-arias,2025-02-08,False
23/24,lesão na perna,2023-10-13,2023-11-02,21.0,3.0,120443,santiago-arias,2023-11-02,False
22/23,Lesão na panturrilha,2023-04-17,2023-05-13,27.0,5.0,120443,santiago-arias,2023-05-13,False
22/23,lesão na perna,2023-03-01,2023-03-15,15.0,2.0,120443,santiago-arias,2023-03-15,False
21/22,Lesão na coxa,2021-12-23,2022-04-29,128.0,20.0,120443,santiago-arias,2022-04-29,True
20/21,Fratura do perónio,2020-10-11,2021-07-17,280.0,53.0,120443,santiago-arias,2021-07-17,True
19/20,Lesão na virilha,2020-01-24,2020-02-14,22.0,3.0,120443,santiago-arias,2020-02-14,False
18/19,Lesão na coxa,2019-03-13,2019-04-01,20.0,4.0,120443,santiago-arias,2019-04-01,False
18/19,Fratura na grelha costal,2018-09-08,2018-09-24,17.0,4.0,120443,santiago-arias,2018-09-24,False
17/18,Lesão na virilha,2017-11-06,2017-11-20,15.0,3.0,120443,santiago-arias,2017-11-20,False
17/18,Problemas físicos,2017-08-26,2017-08-31,6.0,1.0,120443,santiago-arias,2017-08-31,False
14/15,Lesão no tornozelo,2015-03-05,2015-06-01,89.0,10.0,120443,santiago-arias,2015-06-01,True
14/15,Lesão no pé,2015-02-20,2015-02-27,8.0,2.0,120443,santiago-arias,2015-02-27,False
14/15,Lesão na virilha,2014-08-21,2014-08-30,10.0,3.0,120443,santiago-arias,2014-08-30,False
12/13,Problemas musculares na coxa,2012-10-30,2012-11-23,25.0,4.0,120443,santiago-arias,2012-11-23,False
11/12,Hematoma,2011-08-04,2011-08-09,6.0,,120443,santiago-arias,2011-08-09,False
25/26,Lesão nos ligamentos do tornozelo,2026-01-26,,59.0,15.0,1220614,ruan-pablo,2026-03-26,False
23/24,Lesão na coxa,2023-10-23,2024-01-16,86.0,10.0,388266,oscar-estupinan,2024-01-16,True
21/22,Coronavírus,2022-01-06,2022-01-14,9.0,,388266,oscar-estupinan,2022-01-14,False
21/22,Lesão desconhecida,2021-08-03,2021-08-15,13.0,,388266,oscar-estupinan,2021-08-15,False
19/20,Lesão desconhecida,2019-10-27,2019-11-11,16.0,3.0,388266,oscar-estupinan,2019-11-11,False
18/19,Lesão muscular,2018-08-21,2018-10-03,44.0,4.0,388266,oscar-estupinan,2018-10-03,False
24/25,Fadiga muscular,2025-04-11,2025-04-16,6.0,1.0,856143,luciano-rodriguez,2025-04-16,False
20/21,Lesão desconhecida,2021-01-01,2021-04-07,97.0,14.0,564919,joao-neto,2021-04-07,True
24/25,Rotura muscular na coxa,2025-04-22,2025-05-04,13.0,2.0,149716,ivan-cavaleiro,2025-05-04,False
23/24,Pubalgia,2024-01-18,2024-03-03,46.0,8.0,149716,ivan-cavaleiro,2024-03-03,False
23/24,Queixas adutores,2023-12-19,2024-01-12,25.0,2.0,149716,ivan-cavaleiro,2024-01-12,False
22/23,Lesão desconhecida,2023-05-12,2023-05-19,8.0,1.0,149716,ivan-cavaleiro,2023-05-19,False
21/22,Recuperação ritmo competitivo,2021-12-19,2022-01-18,31.0,4.0,149716,ivan-cavaleiro,2022-01-18,False
21/22,Lesão na virilha,2021-10-16,2021-12-18,64.0,10.0,149716,ivan-cavaleiro,2021-12-18,True
20/21,Lesão na coxa,2020-12-18,2020-12-25,8.0,1.0,149716,ivan-cavaleiro,2020-12-25,False
20/21,Problemas musculares na coxa,2020-10-23,2020-10-30,8.0,1.0,149716,ivan-cavaleiro,2020-10-30,False
19/20,Problemas musculares na coxa,2020-07-15,2020-07-29,15.0,3.0,149716,ivan-cavaleiro,2020-07-29,False
18/19,Lesão nas costas,2018-08-04,2018-09-16,44.0,5.0,149716,ivan-cavaleiro,2018-09-16,False
15/16,Problemas nas costas,2016-01-11,2016-03-07,57.0,11.0,149716,ivan-cavaleiro,2016-03-07,False
15/16,Problemas nas costas,2015-11-06,2015-12-20,45.0,9.0,149716,ivan-cavaleiro,2015-12-20,False
14/15,Meniskusschaden,2015-06-17,2015-06-21,5.0,,149716,ivan-cavaleiro,2015-06-21,False
25/26,Entorse do tornozelo,2025-10-13,2025-12-02,51.0,9.0,1082593,vinicinho,2025-12-02,False
25/26,Entorse do tornozelo,2025-08-04,2025-09-13,41.0,5.0,1082593,vinicinho,2025-09-13,False
25/26,Lesão no ombro,2026-02-09,,45.0,7.0,899060,filipe,2026-03-26,False
25/26,Lesão no ombro,2025-08-23,2025-11-02,72.0,10.0,899060,filipe,2025-11-02,True
24/25,Traumatismo no joelho,2024-09-20,2024-09-25,6.0,1.0,661245,mateo-gamarra,2024-09-25,False
23/24,Lesão na panturrilha,2024-05-06,2024-05-11,6.0,1.0,661245,mateo-gamarra,2024-05-11,False
23/24,Lesão muscular,2024-01-16,2024-02-24,40.0,10.0,369556,leonardo-godoy,2024-02-24,False
23/24,Lesão no joelho,2023-08-25,2023-09-10,17.0,4.0,369556,leonardo-godoy,2023-09-10,False
22/23,Lesão muscular,2023-06-23,2023-07-08,16.0,3.0,369556,leonardo-godoy,2023-07-08,False
22/23,Lesão muscular,2023-02-12,2023-02-28,17.0,3.0,369556,leonardo-godoy,2023-02-28,False
18/19,Fratura do perónio,2019-02-16,2019-08-19,185.0,16.0,369556,leonardo-godoy,2019-08-19,True
25/26,Problemas musculares,2026-01-18,2026-02-18,32.0,7.0,1115489,felipinho,2026-02-18,False
23/24,Doente,2024-06-18,2024-08-06,50.0,14.0,1115489,felipinho,2024-08-06,False
24/25,Lesão desconhecida,2025-03-17,2025-05-23,68.0,9.0,825780,ze-vitor,2025-05-23,True
25/26,Gripe,2026-01-17,2026-01-20,4.0,1.0,439108,lucas-di-yorio,2026-01-20,False
25/26,Operado ao joelho,2025-09-11,2025-09-21,11.0,2.0,439108,lucas-di-yorio,2025-09-21,False
25/26,Lesão meniscal,2025-07-26,2025-08-07,13.0,2.0,439108,lucas-di-yorio,2025-08-07,False
25/26,Rotura muscular na coxa,2025-09-24,2025-10-16,23.0,3.0,422700,tomas-cardona,2025-10-16,False
25/26,Ruptura muscular,2025-08-29,2025-09-17,20.0,3.0,422700,tomas-cardona,2025-09-17,False
24/25,Lesão desconhecida,2025-03-25,2025-04-11,18.0,4.0,422700,tomas-cardona,2025-04-11,False
24/25,Problemas musculares na coxa,2024-10-05,2024-11-21,48.0,4.0,422700,tomas-cardona,2024-11-21,False
23/24,Problemas musculares na coxa,2024-04-12,2024-05-20,39.0,7.0,422700,tomas-cardona,2024-05-20,False
23/24,Problemas musculares,2023-09-13,2023-09-23,11.0,2.0,422700,tomas-cardona,2023-09-23,False
24/25,Traumatismo no joelho,2025-03-02,2025-03-14,13.0,2.0,888545,eros-mancuso,2025-03-14,False
24/25,Lesão nos adutores,2024-07-29,2024-08-23,26.0,5.0,888545,eros-mancuso,2024-08-23,False
24/25,Distensão muscular,2024-07-22,2024-07-26,5.0,1.0,888545,eros-mancuso,2024-07-26,False
24/25,Distensão muscular,2024-07-02,2024-07-09,8.0,,888545,eros-mancuso,2024-07-09,False
23/24,Lesão muscular,2024-03-01,2024-03-11,11.0,3.0,888545,eros-mancuso,2024-03-11,False
22/23,Lesão na virilha,2023-04-06,2023-05-26,51.0,9.0,402825,luquinhas,2023-05-26,False
24/25,Lesão na coxa,2025-01-21,2025-02-14,25.0,7.0,739272,adriano-martins,2025-02-14,False
23/24,Lesão na cabeça,2024-04-14,2024-04-23,10.0,2.0,739272,adriano-martins,2024-04-23,False
24/25,lesão na perna,2024-08-12,2024-10-17,67.0,7.0,848561,yeferson-rodallega,2024-10-17,True
24/25,Entorse do tornozelo,2024-10-16,2024-11-19,35.0,4.0,898036,rafael-haller,2024-11-19,False
22/23,Problemas musculares,2022-07-05,2022-07-13,9.0,1.0,898036,rafael-haller,2022-07-13,False
24/25,Lesão nos adutores,2024-08-07,2024-08-17,11.0,1.0,196520,gonzalo-freitas,2024-08-17,False
23/24,Lesão desconhecida,2024-03-11,2024-04-10,31.0,4.0,196520,gonzalo-freitas,2024-04-10,False
22/23,Lesão desconhecida,2023-04-17,2023-04-26,10.0,1.0,196520,gonzalo-freitas,2023-04-26,False
18/19,Queixas adutores,2018-07-28,2018-08-01,5.0,1.0,196520,gonzalo-freitas,2018-08-01,False
16/17,Lesão muscular,2017-04-14,2017-05-01,18.0,3.0,196520,gonzalo-freitas,2017-05-01,False
16/17,Problemas no Joelho,2017-03-07,2017-03-22,16.0,2.0,196520,gonzalo-freitas,2017-03-22,False
16/17,Lesão muscular,2016-09-16,2016-09-26,11.0,2.0,196520,gonzalo-freitas,2016-09-26,False
15/16,Lesão no tornozelo,2016-02-13,2016-02-23,11.0,2.0,196520,gonzalo-freitas,2016-02-23,False
25/26,Rotura num tendão,2025-08-12,2025-09-15,35.0,9.0,868491,alejo-cruz,2025-09-15,False
22/23,Muskelbündelriss,2023-06-13,2023-07-04,22.0,4.0,868491,alejo-cruz,2023-07-04,False
25/26,Distensão muscular,2026-02-14,2026-02-20,7.0,1.0,131248,joel-campbell,2026-02-20,False
25/26,Gestão de esforço,2025-12-06,2025-12-08,3.0,1.0,131248,joel-campbell,2025-12-08,False
25/26,Muskelkater,2025-09-05,2025-09-22,18.0,6.0,131248,joel-campbell,2025-09-22,False
25/26,Lesão muscular,2025-08-05,2025-08-20,16.0,3.0,131248,joel-campbell,2025-08-20,False
24/25,Lesão no tornozelo,2025-04-12,2025-04-15,4.0,1.0,131248,joel-campbell,2025-04-15,False
24/25,Problemas nas costas,2025-01-13,2025-02-04,23.0,5.0,131248,joel-campbell,2025-02-04,False
23/24,Contra,2023-11-06,2023-11-13,8.0,2.0,131248,joel-campbell,2023-11-13,False
23/24,Gestão de esforço,2023-10-01,2023-10-05,5.0,1.0,131248,joel-campbell,2023-10-05,False
23/24,Lesão desconhecida,2023-09-25,2023-10-09,15.0,2.0,131248,joel-campbell,2023-10-09,False
21/22,Entorse do tornozelo,2021-10-10,2021-11-06,28.0,3.0,131248,joel-campbell,2021-11-06,False
18/19,Problemas na tibiotársica,2018-09-01,2018-09-13,13.0,3.0,131248,joel-campbell,2018-09-13,False
17/18,Entorse do tornozelo,2017-10-31,2018-03-06,127.0,20.0,131248,joel-campbell,2018-03-06,True
17/18,Operado ao joelho,2017-07-13,2017-10-08,88.0,15.0,131248,joel-campbell,2017-10-08,True
16/17,Lesão nos adutores,2017-02-01,2017-02-22,22.0,3.0,131248,joel-campbell,2017-02-22,False
24/25,Lesão na coxa,2024-08-19,2024-09-13,26.0,2.0,719251,derek,2024-09-13,False
23/24,Lesão desconhecida,2024-05-13,2024-06-14,33.0,3.0,719251,derek,2024-06-14,False
23/24,Lesão na coxa,2024-02-12,2024-04-13,62.0,6.0,719251,derek,2024-04-13,True
20/21,Lesão desconhecida,2021-05-13,2022-01-07,240.0,25.0,719251,derek,2022-01-07,True
24/25,Lesão na coxa,2025-05-27,2025-07-13,48.0,1.0,667411,gustavo,2025-07-13,False
23/24,Lesão muscular,2024-04-06,2024-04-26,21.0,2.0,667411,gustavo,2024-04-26,False
25/26,Problemas na zona lombar,2025-08-18,,220.0,30.0,1033571,kaua-moroso,2026-03-26,True
25/26,Lesão muscular,2025-11-19,2025-11-28,10.0,2.0,178400,wilker-angel,2025-11-28,False
25/26,Lesão na coxa,2025-09-15,2025-11-01,48.0,8.0,178400,wilker-angel,2025-11-01,False
24/25,Problemas na panturrilha,2025-05-19,2025-05-31,13.0,1.0,178400,wilker-angel,2025-05-31,False
24/25,Lesão na coxa,2025-02-06,2025-03-25,48.0,7.0,178400,wilker-angel,2025-03-25,False
24/25,Lesão na coxa,2024-11-27,2024-12-15,19.0,3.0,178400,wilker-angel,2024-12-15,False
24/25,Lesão no joelho,2024-08-19,2024-11-04,78.0,14.0,178400,wilker-angel,2024-11-04,True
23/24,Lesão na panturrilha,2024-03-21,2024-04-16,27.0,6.0,178400,wilker-angel,2024-04-16,False
21/22,Ruptura muscular na coxa,2022-03-12,2023-04-08,393.0,25.0,178400,wilker-angel,2023-04-08,True
21/22,Lesão desconhecida,2021-09-26,2021-10-24,29.0,6.0,178400,wilker-angel,2021-10-24,False
20/21,Doente,2021-03-03,2021-03-10,8.0,1.0,178400,wilker-angel,2021-03-10,False
20/21,Lesão muscular,2020-11-28,2020-12-28,31.0,3.0,178400,wilker-angel,2020-12-28,False
19/20,Lesão no cotovelo,2020-07-04,2020-09-11,70.0,10.0,178400,wilker-angel,2020-09-11,True
19/20,Lesão desconhecida,2019-07-14,2019-08-01,19.0,2.0,178400,wilker-angel,2019-08-01,False
18/19,Lesão desconhecida,2019-02-18,2019-05-17,89.0,12.0,178400,wilker-angel,2019-05-17,True
17/18,Lesão desconhecida,2018-03-04,2018-03-27,24.0,1.0,178400,wilker-angel,2018-03-27,False
24/25,Lesão do ligamento cruzado,2024-10-28,2025-08-01,278.0,39.0,1215637,erick,2025-08-01,True
25/26,Problemas musculares,2025-10-06,,171.0,29.0,697845,claudinho,2026-03-26,True
25/26,Entorse do tornozelo,2025-08-04,2025-09-19,47.0,5.0,697845,claudinho,2025-09-19,False
24/25,Traumatismo no joelho,2025-03-02,2025-03-18,17.0,4.0,697845,claudinho,2025-03-18,False
24/25,Lesão muscular,2025-03-30,2025-04-07,9.0,2.0,891569,baltasar-barcia,2025-04-07,False
23/24,Lesão na coxa,2024-02-19,2024-03-20,31.0,6.0,891569,baltasar-barcia,2024-03-20,False
23/24,Lesão muscular,2023-08-07,2023-10-15,70.0,10.0,891569,baltasar-barcia,2023-10-15,True
21/22,Braço fraturado,2022-04-20,2022-09-05,139.0,20.0,891569,baltasar-barcia,2022-09-05,True
25/26,Pubalgia,2025-10-08,2026-03-01,145.0,13.0,520470,fellipe-mateus,2026-03-01,True
24/25,Problemas no Joelho,2025-05-10,2025-07-01,53.0,8.0,520470,fellipe-mateus,2025-07-01,False
23/24,Problemas no Joelho,2024-06-01,2024-06-22,22.0,5.0,520470,fellipe-mateus,2024-06-22,False
17/18,lesão na perna,2018-06-08,2018-07-27,50.0,8.0,520470,fellipe-mateus,2018-07-27,False
21/22,Lesão muscular,2022-02-24,2022-03-22,27.0,5.0,158333,yerson-candelo,2022-03-22,False
25/26,Problemas no Joelho,2025-10-19,2025-11-08,21.0,3.0,75471,yannick-bolasie,2025-11-08,False
24/25,Problemas físicos,2025-04-07,2025-04-25,19.0,4.0,75471,yannick-bolasie,2025-04-25,False
21/22,Lesão desconhecida,2021-12-20,2021-12-27,8.0,2.0,75471,yannick-bolasie,2021-12-27,False
21/22,Lesão desconhecida,2021-11-22,2021-11-29,8.0,1.0,75471,yannick-bolasie,2021-11-29,False
20/21,Rotura muscular na coxa,2021-02-11,2021-02-28,18.0,5.0,75471,yannick-bolasie,2021-02-28,False
16/17,Rotura dos ligamentos cruzados,2016-12-05,2017-12-10,371.0,62.0,75471,yannick-bolasie,2017-12-10,True
15/16,Ruptura muscular do músculo do perônio,2015-12-21,2016-02-04,46.0,15.0,75471,yannick-bolasie,2016-02-04,False
25/26,Lesão na coxa,2026-02-14,,40.0,10.0,738503,eduardo-melo,2026-03-26,False
25/26,Lesão no joelho,2025-10-26,2026-02-09,107.0,17.0,645602,lucas-arcanjo,2026-02-09,True
23/24,Lesão no joelho,2024-02-02,2024-03-16,44.0,10.0,645602,lucas-arcanjo,2024-03-16,False
25/26,Lesão na coxa,2026-02-19,,35.0,7.0,540963,yuri-sena,2026-03-26,False
22/23,Problemas musculares na coxa,2022-10-17,2022-10-20,4.0,1.0,34344,cristian-zapata,2022-10-20,False
21/22,Muskelbündelriss,2022-06-05,2022-06-30,26.0,4.0,34344,cristian-zapata,2022-06-30,False
21/22,Muskelbündelriss,2022-04-24,2022-05-15,22.0,2.0,34344,cristian-zapata,2022-05-15,False
21/22,Muskelbündelriss,2021-09-10,2021-09-23,14.0,2.0,34344,cristian-zapata,2021-09-23,False
20/21,Problemas musculares,2020-12-07,2021-02-27,83.0,12.0,34344,cristian-zapata,2021-02-27,True
20/21,Coronavírus,2020-11-07,2020-11-17,11.0,1.0,34344,cristian-zapata,2020-11-17,False
19/20,Problemas musculares,2020-02-06,2020-02-13,8.0,1.0,34344,cristian-zapata,2020-02-13,False
19/20,Problemas musculares na coxa,2020-01-10,2020-02-01,23.0,3.0,34344,cristian-zapata,2020-02-01,False
19/20,Lesão na coxa,2019-11-29,2020-01-01,34.0,5.0,34344,cristian-zapata,2020-01-01,False
18/19,Fibra muscular rasgado,2019-01-21,2019-03-12,51.0,9.0,34344,cristian-zapata,2019-03-12,False
18/19,Lesão desconhecida,2018-08-10,2018-09-10,32.0,3.0,34344,cristian-zapata,2018-09-10,False
16/17,Operação ao tornozelo,2016-07-10,2016-10-22,105.0,12.0,34344,cristian-zapata,2016-10-22,True
14/15,Traumatismo no metatarso,2015-01-13,2015-03-27,74.0,12.0,34344,cristian-zapata,2015-03-27,True
13/14,Rotura da fibra muscular,2014-01-22,2014-03-07,45.0,6.0,34344,cristian-zapata,2014-03-07,False
12/13,Gripe,2013-01-04,2013-01-08,5.0,1.0,34344,cristian-zapata,2013-01-08,False
11/12,Lesão no joelho,2011-10-31,2011-12-05,36.0,8.0,34344,cristian-zapata,2011-12-05,False
10/11,Operação,2010-11-08,2010-11-28,21.0,4.0,34344,cristian-zapata,2010-11-28,False
24/25,Problemas no Joelho,2024-08-11,2025-06-05,299.0,43.0,527192,felipe-vieira,2025-06-05,True
23/24,Lesão no joelho,2023-09-05,2024-06-10,280.0,38.0,527192,felipe-vieira,2024-06-10,True
19/20,Problemas musculares na coxa,2019-08-30,2019-10-28,60.0,11.0,527192,felipe-vieira,2019-10-28,True
25/26,Fascite plantar,2025-07-24,2025-08-30,38.0,5.0,365368,matheuzinho,2025-08-30,False
24/25,Problemas musculares,2025-02-20,2025-04-01,41.0,9.0,365368,matheuzinho,2025-04-01,False
24/25,Lesão no tornozelo,2024-12-02,2025-01-28,58.0,7.0,365368,matheuzinho,2025-01-28,False
24/25,Lesão na coxa,2024-08-26,2024-09-13,19.0,1.0,365368,matheuzinho,2024-09-13,False
21/22,Lesão muscular,2022-03-17,2022-04-05,20.0,2.0,266451,eryc-castillo,2022-04-05,False
17/18,Lesão muscular,2017-11-06,2017-11-27,22.0,5.0,266451,eryc-castillo,2017-11-27,False
17/18,Lesão muscular,2017-08-11,2017-08-29,19.0,3.0,266451,eryc-castillo,2017-08-29,False
24/25,Problemas musculares na coxa,2024-11-03,2024-11-19,17.0,1.0,1035650,eliel,2024-11-19,False
25/26,Lesão nos adutores,2025-07-25,2025-07-30,6.0,1.0,985755,luciano-gimenez,2025-07-30,False
24/25,Lesão muscular,2024-09-16,2024-10-16,31.0,3.0,985755,luciano-gimenez,2024-10-16,False
24/25,Lesão muscular,2024-07-17,2024-08-16,31.0,8.0,524602,romercio,2024-08-16,False
23/24,Lesão na coluna,2023-09-11,2024-07-09,303.0,43.0,524602,romercio,2024-07-09,True
21/22,Lesão desconhecida,2022-03-21,2022-04-14,25.0,1.0,524602,romercio,2022-04-14,False
25/26,Lesão nos adutores,2025-07-13,2025-09-26,76.0,12.0,363174,rodrigo-sam,2025-09-26,True
24/25,Lesão no púbis,2024-11-10,2025-04-19,161.0,20.0,363174,rodrigo-sam,2025-04-19,True
24/25,Lesão no púbis,2024-09-09,2024-11-01,54.0,7.0,363174,rodrigo-sam,2024-11-01,False
24/25,Pubalgia,2024-08-08,2024-08-28,21.0,4.0,363174,rodrigo-sam,2024-08-28,False
24/25,Lesão muscular,2024-06-25,2024-07-06,12.0,3.0,363174,rodrigo-sam,2024-07-06,False
23/24,Distorção do tornozelo,2024-04-25,2024-04-30,6.0,1.0,363174,rodrigo-sam,2024-04-30,False
25/26,Lesão na coxa,2025-09-13,2025-10-04,22.0,4.0,1086632,abner,2025-10-04,False
25/26,Traumatismo grade costal,2025-10-01,2025-10-10,10.0,2.0,555310,caique-goncalves,2025-10-10,False
24/25,Lesão do ligamento cruzado,2024-08-02,2025-05-04,276.0,40.0,555310,caique-goncalves,2025-05-04,True
25/26,Problemas musculares,2025-11-09,2025-12-06,28.0,3.0,675047,daniel-peixoto,2025-12-06,False
24/25,Lesão do ligamento cruzado,2024-07-25,2025-05-09,289.0,43.0,675047,daniel-peixoto,2025-05-09,True
24/25,Lesão desconhecida,2025-01-26,2025-02-14,20.0,5.0,519877,dudu-vieira,2025-02-14,False
24/25,Lesão na coxa,2024-09-12,2024-10-19,38.0,4.0,102574,jean-carlos,2024-10-19,False
24/25,Entorse do tornozelo,2024-08-08,2024-08-17,10.0,2.0,102574,jean-carlos,2024-08-17,False
23/24,Lesão na panturrilha,2024-04-22,2024-06-19,59.0,5.0,102574,jean-carlos,2024-06-19,False
25/26,Problemas no Joelho,2026-01-10,2026-01-31,22.0,6.0,145707,danilo,2026-01-31,False
25/26,Lesão na coxa,2025-07-21,2025-08-16,27.0,7.0,145707,danilo,2025-08-16,False
24/25,Lesão na coxa,2025-02-23,2025-04-12,49.0,8.0,145707,danilo,2025-04-12,False
24/25,Distorção do tornozelo,2024-12-20,2024-12-28,9.0,1.0,145707,danilo,2024-12-28,False
23/24,Lesão no bíceps femoral,2024-05-05,2024-05-13,9.0,1.0,145707,danilo,2024-05-13,False
23/24,Lesão no tornozelo,2024-02-18,2024-03-02,14.0,1.0,145707,danilo,2024-03-02,False
23/24,Lesão desconhecida,2023-10-31,2023-12-01,32.0,3.0,145707,danilo,2023-12-01,False
23/24,Muskelbündelriss,2023-10-13,2023-10-30,18.0,2.0,145707,danilo,2023-10-30,False
22/23,Lesão no tornozelo,2022-11-24,2022-12-04,11.0,,145707,danilo,2022-12-04,False
21/22,Problemas musculares,2022-05-11,2022-05-23,13.0,2.0,145707,danilo,2022-05-23,False
21/22,Gestão de esforço,2022-05-05,2022-05-09,5.0,1.0,145707,danilo,2022-05-09,False
21/22,Queixas adutores,2022-01-15,2022-01-17,3.0,1.0,145707,danilo,2022-01-17,False
21/22,Lesão nos adutores,2021-11-20,2022-01-10,52.0,10.0,145707,danilo,2022-01-10,False
19/20,Rotura muscular na coxa,2020-01-23,2020-02-09,18.0,3.0,145707,danilo,2020-02-09,False
19/20,Lesão no bíceps femoral,2019-09-25,2019-10-15,21.0,3.0,145707,danilo,2019-10-15,False
18/19,Lesão desconhecida,2018-12-10,2018-12-22,13.0,3.0,145707,danilo,2018-12-22,False
18/19,Lesão no tornozelo,2018-10-16,2018-10-29,14.0,2.0,145707,danilo,2018-10-29,False
18/19,Lesão no tornozelo,2018-07-05,2018-09-15,73.0,5.0,145707,danilo,2018-09-15,True
17/18,Problemas na anca,2018-06-21,2018-06-29,9.0,,145707,danilo,2018-06-29,False
16/17,lesão na perna,2017-02-13,2017-03-02,18.0,5.0,145707,danilo,2017-03-02,False
16/17,Problemas musculares,2016-11-28,2016-12-05,8.0,2.0,145707,danilo,2016-12-05,False
15/16,Contusão pulmonar,2015-09-10,2015-10-08,29.0,7.0,145707,danilo,2015-10-08,False
14/15,Traumatismo craniano,2015-03-12,2015-03-19,8.0,1.0,145707,danilo,2015-03-19,False
11/12,Lesão no ligamento interno,2012-02-16,2012-04-16,61.0,10.0,145707,danilo,2012-04-16,True
25/26,Lesão na coxa,2026-02-07,2026-02-24,18.0,5.0,102017,jorginho,2026-02-24,False
25/26,Problemas musculares na coxa,2025-10-30,2025-11-18,20.0,4.0,102017,jorginho,2025-11-18,False
25/26,Lesão na coxa,2025-08-26,2025-09-24,30.0,4.0,102017,jorginho,2025-09-24,False
24/25,Lesão no peito,2025-04-13,2025-05-06,24.0,5.0,102017,jorginho,2025-05-06,False
21/22,Lesão desconhecida,2022-05-01,2022-05-08,8.0,1.0,102017,jorginho,2022-05-08,False
14/15,Fadiga muscular,2014-09-29,2014-10-06,8.0,2.0,102017,jorginho,2014-10-06,False
13/14,Febre,2013-12-13,2013-12-16,4.0,1.0,102017,jorginho,2013-12-16,False
25/26,Lesão no calcanhar,2026-01-10,,75.0,20.0,148928,saul-niguez,2026-03-26,True
25/26,Lesão tornozelo,2025-10-03,2025-10-18,16.0,2.0,148928,saul-niguez,2025-10-18,False
24/25,Lesão na anca,2024-09-25,2024-11-20,57.0,7.0,148928,saul-niguez,2024-11-20,False
20/21,Lesão muscular,2020-10-15,2020-11-02,19.0,,148928,saul-niguez,2020-11-02,False
18/19,Problemas musculares,2019-01-28,2019-02-08,12.0,,148928,saul-niguez,2019-02-08,False
18/19,Lesão na coxa,2019-01-17,2019-01-25,9.0,,148928,saul-niguez,2019-01-25,False
16/17,Entorse do tornozelo,2016-10-03,2016-10-19,17.0,4.0,148928,saul-niguez,2016-10-19,False
15/16,Entorse do tornozelo,2016-03-24,2016-04-02,10.0,1.0,148928,saul-niguez,2016-04-02,False
14/15,Doente,2015-02-26,2015-04-01,35.0,7.0,148928,saul-niguez,2015-04-01,False
14/15,Lesão no joelho,2015-02-09,2015-02-16,8.0,,148928,saul-niguez,2015-02-16,False
13/14,Distensão abdominal,2014-05-14,2014-05-20,7.0,1.0,148928,saul-niguez,2014-05-20,False
23/24,Lesão no joelho,2023-07-12,2023-08-23,43.0,8.0,354145,jorge-carrascal,2023-08-23,False
22/23,Lesão desconhecida,2023-05-24,2023-06-01,9.0,1.0,354145,jorge-carrascal,2023-06-01,False
22/23,Traumatismo no pé,2022-10-16,2022-10-20,5.0,1.0,354145,jorge-carrascal,2022-10-20,False
16/17,Rotura do menisco,2016-09-09,2017-07-20,315.0,40.0,354145,jorge-carrascal,2017-07-20,True
23/24,Lesão no joelho,2023-10-22,2023-11-05,15.0,3.0,694928,samuel-lino,2023-11-05,False
20/21,Coronavírus,2020-11-05,2020-11-18,14.0,1.0,694928,samuel-lino,2020-11-18,False
23/24,lesão no braço,2024-03-07,2024-03-12,6.0,1.0,465822,facundo-torres,2024-03-12,False
21/22,Coronavírus,2022-01-06,2022-01-20,15.0,,465822,facundo-torres,2022-01-20,False
21/22,Lesão no tornozelo,2021-11-01,2021-11-05,5.0,,465822,facundo-torres,2021-11-05,False
21/22,Kreuzbanddehnung,2021-08-13,2021-09-09,28.0,5.0,465822,facundo-torres,2021-09-09,False
25/26,Lesão na coxa,2025-10-06,2025-10-14,9.0,2.0,745191,ramon-sosa,2025-10-14,False
25/26,Lesão muscular,2025-08-18,2025-08-24,7.0,1.0,745191,ramon-sosa,2025-08-24,False
23/24,Muskelbündelriss,2024-04-05,2024-04-23,19.0,3.0,745191,ramon-sosa,2024-04-23,False
23/24,Problemas físicos,2023-10-18,2023-11-09,23.0,4.0,745191,ramon-sosa,2023-11-09,False
22/23,Rotura muscular na coxa,2023-04-14,2023-04-26,13.0,2.0,745191,ramon-sosa,2023-04-26,False
22/23,Choque,2023-03-10,2023-03-15,6.0,1.0,745191,ramon-sosa,2023-03-15,False
25/26,Problemas musculares na coxa,2025-09-15,2026-01-20,128.0,19.0,111819,neto,2026-01-20,True
23/24,Lesão no tornozelo,2023-10-27,2023-11-24,29.0,3.0,111819,neto,2023-11-24,False
22/23,Recuperação ritmo competitivo,2022-12-19,2023-01-13,26.0,5.0,111819,neto,2023-01-13,False
22/23,Lesão na coxa,2022-10-24,2022-12-18,56.0,4.0,111819,neto,2022-12-18,False
21/22,Constipação,2021-11-05,2021-11-08,4.0,1.0,111819,neto,2021-11-08,False
20/21,Entorse do tornozelo,2021-03-22,2021-04-24,34.0,4.0,111819,neto,2021-04-24,False
19/20,Entorse do tornozelo,2020-01-23,2020-02-14,23.0,5.0,111819,neto,2020-02-14,False
19/20,Lesão na mão,2019-08-11,2019-09-17,38.0,4.0,111819,neto,2019-09-17,False
18/19,Lesão nas costas,2019-03-15,2019-03-29,15.0,1.0,111819,neto,2019-03-29,False
15/16,Lesão desconhecida,2016-04-16,2016-05-02,17.0,4.0,111819,neto,2016-05-02,False
13/14,Lesão desconhecida,2014-05-04,2014-07-01,59.0,3.0,111819,neto,2014-07-01,False
25/26,Problemas no Joelho,2025-10-02,,175.0,32.0,523363,kaio,2026-03-26,True
25/26,Lesão na coxa,2025-08-04,2025-08-26,23.0,6.0,523363,kaio,2025-08-26,False
24/25,Lesão no joelho,2024-08-10,2024-09-13,35.0,5.0,523363,kaio,2024-09-13,False
23/24,Lesão no ombro,2023-08-25,2023-12-11,109.0,15.0,523363,kaio,2023-12-11,True
22/23,Lesão muscular,2023-05-21,2023-06-09,20.0,2.0,523363,kaio,2023-06-09,False
22/23,Lesão desconhecida,2023-04-30,2023-05-10,11.0,1.0,523363,kaio,2023-05-10,False
22/23,Lesão no joelho,2022-07-11,2022-08-19,40.0,5.0,523363,kaio,2022-08-19,False
20/21,Meniskusschaden,2020-12-09,2021-01-11,34.0,2.0,523363,kaio,2021-01-11,False
25/26,Problemas no Joelho,2026-02-05,2026-03-17,41.0,11.0,465819,santiago-rodriguez,2026-03-17,False
25/26,Problemas musculares,2025-11-10,2025-11-29,20.0,2.0,465819,santiago-rodriguez,2025-11-29,False
24/25,lesão na perna,2025-04-13,2025-05-10,28.0,7.0,465819,santiago-rodriguez,2025-05-10,False
23/24,lesão na perna,2023-08-22,2023-08-30,9.0,1.0,465819,santiago-rodriguez,2023-08-30,False
21/22,Lesão na coxa,2021-09-13,2021-09-20,8.0,2.0,465819,santiago-rodriguez,2021-09-20,False
20/21,Gestão de esforço,2020-09-22,2020-09-24,3.0,1.0,465819,santiago-rodriguez,2020-09-24,False
19/20,Lesão no joelho,2019-07-10,2019-09-10,63.0,9.0,465819,santiago-rodriguez,2019-09-10,True
25/26,Lesão muscular,2025-10-25,2025-11-17,24.0,4.0,1087334,jordan-barrera,2025-11-17,False
25/26,Entorse do tornozelo,2025-07-27,2025-08-16,21.0,7.0,1087334,jordan-barrera,2025-08-16,False
18/19,Lesão desconhecida,2018-10-01,2018-10-21,21.0,1.0,525257,gabriel-justino,2018-10-21,False
25/26,Fratura do ombro,2025-10-09,2025-11-17,40.0,9.0,1228194,alvaro-montoro,2025-11-17,False
25/26,Lesão muscular,2025-12-01,2026-02-24,86.0,14.0,227081,joaquin-correa,2026-02-24,True
25/26,Problemas musculares,2025-11-10,2025-11-21,12.0,1.0,227081,joaquin-correa,2025-11-21,False
25/26,Lesão na panturrilha,2025-10-27,2025-11-04,9.0,1.0,227081,joaquin-correa,2025-11-04,False
25/26,Lesão desconhecida,2025-09-21,2025-10-03,13.0,3.0,227081,joaquin-correa,2025-10-03,False
24/25,Distensão da panturrilha,2025-01-08,2025-02-07,31.0,7.0,227081,joaquin-correa,2025-02-07,False
23/24,Lesão no tornozelo,2023-12-01,2024-01-19,50.0,8.0,227081,joaquin-correa,2024-01-19,False
22/23,Lesão na panturrilha,2023-05-26,2023-06-08,14.0,2.0,227081,joaquin-correa,2023-06-08,False
22/23,Lesão na coxa,2023-02-04,2023-03-12,37.0,7.0,227081,joaquin-correa,2023-03-12,False
22/23,Problemas no Joelho,2022-11-17,2022-12-27,41.0,,227081,joaquin-correa,2022-12-27,False
22/23,Problemas com o tendão rotuliano,2022-10-04,2022-10-14,11.0,2.0,227081,joaquin-correa,2022-10-14,False
21/22,Lesão no bíceps femoral,2022-01-19,2022-02-28,41.0,9.0,227081,joaquin-correa,2022-02-28,False
21/22,Lesão na coxa,2021-12-05,2021-12-31,27.0,4.0,227081,joaquin-correa,2021-12-31,False
21/22,Problemas musculares,2021-10-22,2021-10-26,5.0,1.0,227081,joaquin-correa,2021-10-26,False
21/22,Traumatismo na anca,2021-09-18,2021-09-27,10.0,2.0,227081,joaquin-correa,2021-09-27,False
20/21,Problemas musculares,2021-05-16,2021-05-21,6.0,1.0,227081,joaquin-correa,2021-05-21,False
20/21,Lesão na panturrilha,2020-12-23,2021-01-15,24.0,3.0,227081,joaquin-correa,2021-01-15,False
20/21,Problemas musculares,2020-12-20,2020-12-22,3.0,1.0,227081,joaquin-correa,2020-12-22,False
20/21,Lumbago,2020-09-30,2020-10-03,4.0,1.0,227081,joaquin-correa,2020-10-03,False
19/20,Ferimento da banda lateral,2020-07-05,2020-07-22,18.0,4.0,227081,joaquin-correa,2020-07-22,False
19/20,Lesão na panturrilha,2020-01-26,2020-02-08,14.0,2.0,227081,joaquin-correa,2020-02-08,False
19/20,Problemas na panturrilha,2020-01-05,2020-01-17,13.0,2.0,227081,joaquin-correa,2020-01-17,False
19/20,Lesão na panturrilha,2019-11-05,2019-11-09,5.0,1.0,227081,joaquin-correa,2019-11-09,False
19/20,Queixas adutores,2019-09-29,2019-10-04,6.0,1.0,227081,joaquin-correa,2019-10-04,False
18/19,Lesão no tornozelo,2019-04-13,2019-04-19,7.0,1.0,227081,joaquin-correa,2019-04-19,False
18/19,Problemas nas costas,2019-03-31,2019-04-03,4.0,,227081,joaquin-correa,2019-04-03,False
18/19,Síndrome gripal,2019-01-12,2019-01-15,4.0,1.0,227081,joaquin-correa,2019-01-15,False
17/18,Problemas musculares,2017-10-30,2017-11-20,22.0,5.0,227081,joaquin-correa,2017-11-20,False
16/17,Problemas na tibiotársica,2017-01-12,2017-01-19,8.0,1.0,227081,joaquin-correa,2017-01-19,False
15/16,Problemas musculares,2015-11-05,2015-12-14,40.0,4.0,227081,joaquin-correa,2015-12-14,False
25/26,Problemas na zona lombar,2026-01-14,,71.0,20.0,538810,chris-ramos,2026-03-26,True
25/26,Problemas nas costas,2025-11-19,2025-12-03,15.0,2.0,538810,chris-ramos,2025-12-03,False
25/26,Lesão na cabeça,2025-08-28,2025-09-12,16.0,1.0,538810,chris-ramos,2025-09-12,False
21/22,Vírus,2022-03-17,2022-03-24,8.0,1.0,538810,chris-ramos,2022-03-24,False
17/18,Problemas físicos,2018-04-10,2018-04-24,15.0,2.0,538810,chris-ramos,2018-04-24,False
21/22,Rotura dos ligamentos cruzados,2022-05-15,2022-12-03,203.0,27.0,371247,gabriel-brazao,2022-12-03,True
21/22,Rotura dos ligamentos cruzados,2021-08-16,2022-01-23,161.0,24.0,371247,gabriel-brazao,2022-01-23,True
25/26,Lesão na panturrilha,2026-02-05,2026-02-21,17.0,3.0,598838,adonis-frias,2026-02-21,False
25/26,Problemas na panturrilha,2025-09-22,2025-09-30,9.0,1.0,598838,adonis-frias,2025-09-30,False
25/26,Fissura da banda,2026-03-03,,23.0,2.0,491587,alexis-duarte,2026-03-26,False
23/24,Doente,2024-05-13,2024-05-17,5.0,1.0,491587,alexis-duarte,2024-05-17,False
22/23,Constipação,2023-06-01,2023-06-08,8.0,1.0,491587,alexis-duarte,2023-06-08,False
25/26,Lesão do ligamento cruzado,2026-03-16,,10.0,2.0,1253844,vinicius-lira,2026-03-26,False
24/25,Lesão no tornozelo,2025-01-30,2025-05-11,102.0,17.0,1086258,souza,2025-05-11,True
23/24,Problemas musculares na coxa,2024-02-11,2024-06-30,141.0,20.0,1086258,souza,2024-06-30,True
24/25,Lesão na coxa,2025-05-05,2025-05-31,27.0,4.0,198859,joao-schmidt,2025-05-31,False
23/24,Entorse do tornozelo,2024-05-21,2024-06-06,17.0,2.0,198859,joao-schmidt,2024-06-06,False
17/18,Lesão meniscal,2017-09-11,2017-11-17,68.0,13.0,198859,joao-schmidt,2017-11-17,True
25/26,Lesão na coxa,2026-01-17,2026-02-11,26.0,,1101124,gustavo-henrique,2026-02-11,False
24/25,Estiramento do ligamento colateral interno do joelho,2025-02-06,2025-04-19,73.0,12.0,1082852,hyan,2025-04-19,True
25/26,Lesão na coxa,2025-09-13,2025-10-04,22.0,4.0,1089958,gabriel-bontempo,2025-10-04,False
24/25,Lesão nos adutores,2025-04-21,2025-05-03,13.0,2.0,1089958,gabriel-bontempo,2025-05-03,False
25/26,Operado ao joelho,2025-12-15,2026-02-14,62.0,10.0,68290,neymar,2026-02-14,True
25/26,Lesão meniscal,2025-11-21,2025-11-27,7.0,1.0,68290,neymar,2025-11-27,False
25/26,Lesão na coxa,2025-09-19,2025-10-31,43.0,7.0,68290,neymar,2025-10-31,False
24/25,Lesão na coxa,2025-04-17,2025-05-21,35.0,6.0,68290,neymar,2025-05-21,False
24/25,Lesão na coxa,2025-03-04,2025-04-12,40.0,2.0,68290,neymar,2025-04-12,False
24/25,Recuperação ritmo competitivo,2024-12-17,2025-02-03,49.0,6.0,68290,neymar,2025-02-03,False
24/25,Lesão na coxa,2024-11-05,2024-12-16,42.0,6.0,68290,neymar,2024-12-16,False
24/25,Recuperação ritmo competitivo,2024-09-23,2024-10-19,27.0,5.0,68290,neymar,2024-10-19,False
23/24,Rotura dos ligamentos cruzados,2023-10-19,2024-09-22,340.0,48.0,68290,neymar,2024-09-22,True
23/24,Problemas musculares,2023-08-04,2023-09-03,31.0,5.0,68290,neymar,2023-09-03,False
22/23,Operação ao tornozelo,2023-02-20,2023-06-30,131.0,18.0,68290,neymar,2023-06-30,True
22/23,Lesão no tornozelo,2022-11-25,2022-12-04,10.0,2.0,68290,neymar,2022-12-04,False
21/22,Lesão no tornozelo,2021-11-29,2022-02-13,77.0,15.0,68290,neymar,2022-02-13,True
21/22,Queixas adutores,2021-11-15,2021-11-18,4.0,1.0,68290,neymar,2021-11-18,False
21/22,Queixas adutores,2021-10-16,2021-10-23,8.0,1.0,68290,neymar,2021-10-23,False
21/22,Recuperação ritmo competitivo,2021-08-01,2021-08-26,26.0,4.0,68290,neymar,2021-08-26,False
20/21,Queixas adutores,2021-02-11,2021-03-19,37.0,9.0,68290,neymar,2021-03-19,False
20/21,Problemas na tibiotársica,2020-12-14,2021-01-10,28.0,5.0,68290,neymar,2021-01-10,False
20/21,Gestão de esforço,2020-12-05,2020-12-06,2.0,1.0,68290,neymar,2020-12-06,False
20/21,Queixas adutores,2020-10-28,2020-11-19,23.0,5.0,68290,neymar,2020-11-19,False
20/21,Coronavírus,2020-09-02,2020-09-11,10.0,1.0,68290,neymar,2020-09-11,False
19/20,Traumatismo grade costal,2020-02-03,2020-02-16,14.0,4.0,68290,neymar,2020-02-16,False
19/20,Lesão na coxa,2019-10-14,2019-11-20,38.0,8.0,68290,neymar,2019-11-20,False
19/20,Recuperação ritmo competitivo,2019-08-10,2019-09-06,28.0,4.0,68290,neymar,2019-09-06,False
18/19,Rotura de ligamentos do tarso,2019-06-07,2019-08-09,64.0,8.0,68290,neymar,2019-08-09,True
18/19,Fratura do Metatarso,2019-01-24,2019-04-19,86.0,20.0,68290,neymar,2019-04-19,True
18/19,Gestão de esforço,2019-01-11,2019-01-13,3.0,1.0,68290,neymar,2019-01-13,False
18/19,Queixas adutores,2018-12-03,2018-12-22,20.0,2.0,68290,neymar,2018-12-22,False
18/19,Queixas adutores,2018-11-21,2018-11-27,7.0,1.0,68290,neymar,2018-11-27,False
18/19,Gestão de esforço,2018-10-19,2018-10-21,3.0,1.0,68290,neymar,2018-10-21,False
18/19,Gestão de esforço,2018-09-13,2018-09-16,4.0,1.0,68290,neymar,2018-09-16,False
17/18,Fratura do Metatarso,2018-02-26,2018-05-27,91.0,18.0,68290,neymar,2018-05-27,True
17/18,Problemas musculares na coxa,2018-01-19,2018-01-25,7.0,2.0,68290,neymar,2018-01-25,False
17/18,Choque,2018-01-11,2018-01-15,5.0,1.0,68290,neymar,2018-01-15,False
17/18,Pequena lesão,2017-11-02,2017-11-13,12.0,1.0,68290,neymar,2017-11-13,False
17/18,Pequena lesão,2017-09-21,2017-09-25,5.0,1.0,68290,neymar,2017-09-25,False
16/17,Problemas musculares,2017-03-09,2017-03-16,8.0,1.0,68290,neymar,2017-03-16,False
16/17,Queixas adutores,2016-12-05,2016-12-12,8.0,2.0,68290,neymar,2016-12-12,False
15/16,Problemas musculares na coxa,2016-01-21,2016-01-28,8.0,1.0,68290,neymar,2016-01-28,False
15/16,Queixas adutores,2015-12-10,2015-12-21,12.0,1.0,68290,neymar,2015-12-21,False
15/16,Rotura no tendão do adutor,2015-12-07,2015-12-14,8.0,2.0,68290,neymar,2015-12-14,False
15/16,Doente,2015-08-10,2015-08-24,15.0,4.0,68290,neymar,2015-08-24,False
14/15,Entorse do tornozelo,2014-08-21,2014-08-28,8.0,1.0,68290,neymar,2014-08-28,False
14/15,Lesão na coluna,2014-07-05,2014-08-04,31.0,2.0,68290,neymar,2014-08-04,False
13/14,Lesão no pé,2014-04-17,2014-05-12,26.0,4.0,68290,neymar,2014-05-12,False
13/14,Lesão no tornozelo,2014-01-16,2014-02-17,33.0,8.0,68290,neymar,2014-02-17,False
24/25,Lesão muscular,2024-08-01,2024-08-20,20.0,2.0,491704,benjamin-rollheiser,2024-08-20,False
21/22,Muskelbündelriss,2021-11-09,2021-12-07,29.0,4.0,491704,benjamin-rollheiser,2021-12-07,False
20/21,Coronavírus,2021-05-15,2021-05-23,9.0,2.0,491704,benjamin-rollheiser,2021-05-23,False
19/20,Rotura parcial de ligamento,2020-02-18,2020-09-18,214.0,7.0,491704,benjamin-rollheiser,2020-09-18,True
19/20,Lesão no joelho,2019-10-05,2019-10-25,21.0,,491704,benjamin-rollheiser,2019-10-25,False
24/25,Pequena lesão,2024-12-03,2024-12-11,9.0,2.0,543051,billal-brahimi,2024-12-11,False
25/26,Fratura da mão,2025-12-09,2026-01-29,52.0,6.0,1101447,ivan-roman,2026-01-29,False
25/26,Gripe gastrointestinal,2025-09-17,2025-09-18,2.0,1.0,1101447,ivan-roman,2025-09-18,False
25/26,Rotura de ligamentos no joelho,2026-03-09,,17.0,4.0,1339551,indio,2026-03-26,False
25/26,Lesão desconhecida,2025-08-11,2025-08-20,10.0,2.0,1344099,joao-marcelo,2025-08-20,False
25/26,Lesão nos ligamentos do tornozelo,2025-11-23,2026-01-13,52.0,5.0,723853,erick-noriega,2026-01-13,False
24/25,Problemas musculares,2025-04-17,2025-05-09,23.0,6.0,423604,francis-amuzu,2025-05-09,False
24/25,Lesão na cabeça,2025-04-06,2025-04-12,7.0,1.0,423604,francis-amuzu,2025-04-12,False
24/25,Problemas musculares,2025-02-23,2025-03-07,13.0,1.0,423604,francis-amuzu,2025-03-07,False
24/25,Traumatismo craniano,2025-01-12,2025-01-21,10.0,2.0,423604,francis-amuzu,2025-01-21,False
24/25,Lesão na coxa,2024-09-26,2024-10-15,20.0,3.0,423604,francis-amuzu,2024-10-15,False
24/25,Lesão na coxa,2024-08-17,2024-08-27,11.0,1.0,423604,francis-amuzu,2024-08-27,False
24/25,Lesão no tornozelo,2024-07-20,2024-08-07,19.0,2.0,423604,francis-amuzu,2024-08-07,False
23/24,Doente,2024-05-24,2024-05-28,5.0,1.0,423604,francis-amuzu,2024-05-28,False
23/24,Pubalgia,2023-12-12,2024-03-18,98.0,14.0,423604,francis-amuzu,2024-03-18,True
23/24,Pubalgia,2023-11-10,2023-12-08,29.0,4.0,423604,francis-amuzu,2023-12-08,False
23/24,Lesão na anca,2023-09-24,2023-10-05,12.0,1.0,423604,francis-amuzu,2023-10-05,False
22/23,Lesão muscular,2023-02-12,2023-02-18,7.0,1.0,423604,francis-amuzu,2023-02-18,False
22/23,Lesão na coxa,2022-09-20,2022-09-29,10.0,,423604,francis-amuzu,2022-09-29,False
22/23,Doente,2022-09-02,2022-09-06,5.0,1.0,423604,francis-amuzu,2022-09-06,False
21/22,Doente,2022-02-26,2022-03-01,4.0,1.0,423604,francis-amuzu,2022-03-01,False
19/20,Problemas musculares na coxa,2019-11-26,2019-11-29,4.0,,423604,francis-amuzu,2019-11-29,False
18/19,Lesão no joelho,2018-09-01,2018-09-19,19.0,2.0,423604,francis-amuzu,2018-09-19,False
25/26,Entorse do tornozelo,2025-11-06,2026-01-19,75.0,9.0,657746,cristian-olivera,2026-01-19,True
25/26,Problemas musculares,2025-09-29,2025-10-15,17.0,2.0,657746,cristian-olivera,2025-10-15,False
24/25,Problemas musculares,2025-06-13,2025-07-18,36.0,2.0,657746,cristian-olivera,2025-07-18,False
24/25,Gripe gastrointestinal,2025-05-13,2025-05-20,8.0,1.0,657746,cristian-olivera,2025-05-20,False
24/25,OP aos dentes,2025-04-09,2025-04-18,10.0,2.0,657746,cristian-olivera,2025-04-18,False
24/25,Problemas musculares,2025-04-03,2025-04-07,5.0,1.0,657746,cristian-olivera,2025-04-07,False
22/23,Rotura muscular na coxa,2023-03-28,2023-04-05,9.0,1.0,657746,cristian-olivera,2023-04-05,False
21/22,Quarentena,2022-02-26,2022-03-07,10.0,2.0,657746,cristian-olivera,2022-03-07,False
21/22,Problemas gástricos,2021-07-07,2021-07-27,21.0,4.0,657746,cristian-olivera,2021-07-27,False
20/21,Síndrome gripal,2021-05-16,2021-05-19,4.0,1.0,657746,cristian-olivera,2021-05-19,False
20/21,Lesão desconhecida,2020-10-14,2020-10-19,6.0,1.0,657746,cristian-olivera,2020-10-19,False
25/26,Lesão na coxa,2025-09-22,2025-10-15,24.0,4.0,525287,carlos-vinicius,2025-10-15,False
25/26,Problemas musculares,2025-09-12,2025-09-20,9.0,1.0,525287,carlos-vinicius,2025-09-20,False
24/25,Lesão na panturrilha,2024-09-09,2024-10-18,40.0,5.0,525287,carlos-vinicius,2024-10-18,False
23/24,Pequena lesão,2023-10-28,2023-10-31,4.0,1.0,525287,carlos-vinicius,2023-10-31,False
21/22,Lesão na coxa,2022-05-01,2022-08-01,93.0,4.0,525287,carlos-vinicius,2022-08-01,True
21/22,Lesão desconhecida,2022-01-12,2022-02-06,26.0,4.0,525287,carlos-vinicius,2022-02-06,False
20/21,Choque,2020-11-30,2020-12-05,6.0,1.0,525287,carlos-vinicius,2020-12-05,False
19/20,Choque,2019-12-24,2020-01-01,9.0,,525287,carlos-vinicius,2020-01-01,False
19/20,Lesão muscular,2019-09-11,2019-09-27,17.0,4.0,525287,carlos-vinicius,2019-09-27,False
25/26,Lesão na coxa,2026-02-15,2026-03-17,31.0,4.0,474589,carlos-cuesta,2026-03-17,False
25/26,Problemas musculares na coxa,2025-09-28,2025-10-14,17.0,3.0,474589,carlos-cuesta,2025-10-14,False
24/25,Pequena lesão,2025-03-13,2025-03-15,3.0,1.0,474589,carlos-cuesta,2025-03-15,False
24/25,Ruptura muscular do músculo do perônio,2024-09-28,2024-10-24,27.0,4.0,474589,carlos-cuesta,2024-10-24,False
22/23,Lesão no tornozelo,2023-04-09,2023-05-11,33.0,4.0,474589,carlos-cuesta,2023-05-11,False
19/20,Problemas físicos,2019-12-09,2019-12-20,12.0,2.0,474589,carlos-cuesta,2019-12-20,False
25/26,Lesão na panturrilha,2025-08-28,2025-10-14,48.0,8.0,135617,thiago-mendes,2025-10-14,False
25/26,Recuperação ritmo competitivo,2025-07-11,2025-07-26,16.0,4.0,135617,thiago-mendes,2025-07-26,False
24/25,Lesão na coxa,2024-09-14,2025-01-31,140.0,20.0,135617,thiago-mendes,2025-01-31,True
23/24,Lesão desconhecida,2024-05-14,2024-06-30,48.0,1.0,135617,thiago-mendes,2024-06-30,False
17/18,Problemas físicos,2017-08-14,2017-09-21,39.0,4.0,135617,thiago-mendes,2017-09-21,False
13/14,Problemas na anca,2013-08-03,2013-08-30,28.0,8.0,135617,thiago-mendes,2013-08-30,False
24/25,Lesão no tornozelo,2025-02-28,2025-03-28,29.0,5.0,957461,andres-gomez,2025-03-28,False
24/25,Lesão na tíbia,2024-09-02,2024-09-23,22.0,4.0,957461,andres-gomez,2024-09-23,False
22/23,Lesão no tornozelo,2023-06-19,2023-06-24,6.0,1.0,957461,andres-gomez,2023-06-24,False
25/26,Pubalgia,2025-10-06,2025-12-20,76.0,13.0,462977,benjamin-garre,2025-12-20,True
24/25,Lesão muscular,2024-07-26,2024-08-22,28.0,5.0,462977,benjamin-garre,2024-08-22,False
23/24,Lesão muscular,2024-02-05,2024-04-29,85.0,7.0,462977,benjamin-garre,2024-04-29,True
23/24,Lesão tornozelo,2023-08-18,2023-09-18,32.0,4.0,462977,benjamin-garre,2023-09-18,False
23/24,Lesão desconhecida,2023-12-10,2024-01-15,37.0,5.0,461937,nuno-moreira,2024-01-15,False
25/26,Lesão desconhecida,2026-01-25,2026-02-18,25.0,4.0,696693,loide-augusto,2026-02-18,False
25/26,Lesão desconhecida,2025-11-03,2025-11-22,20.0,1.0,696693,loide-augusto,2025-11-22,False
25/26,Lesão desconhecida,2025-09-28,2025-10-08,11.0,1.0,696693,loide-augusto,2025-10-08,False
24/25,Recuperação ritmo competitivo,2025-01-02,2025-01-04,3.0,1.0,696693,loide-augusto,2025-01-04,False
24/25,Lesão desconhecida,2024-10-27,2024-11-12,17.0,1.0,696693,loide-augusto,2024-11-12,False
24/25,Lesão desconhecida,2024-08-18,2024-09-06,20.0,2.0,696693,loide-augusto,2024-09-06,False
23/24,Lesão desconhecida,2024-04-14,2024-04-24,11.0,2.0,696693,loide-augusto,2024-04-24,False
23/24,Recuperação ritmo competitivo,2024-03-12,2024-03-17,6.0,1.0,696693,loide-augusto,2024-03-17,False
23/24,Lesão desconhecida,2024-03-04,2024-03-12,9.0,1.0,696693,loide-augusto,2024-03-12,False
23/24,Problemas musculares,2023-11-04,2023-11-07,4.0,1.0,696693,loide-augusto,2023-11-07,False
24/25,Lesão do ligamento cruzado,2025-05-06,2026-01-28,268.0,43.0,1097224,janderson,2026-01-28,True
25/26,Lesão na coxa,2026-02-06,2026-02-23,18.0,4.0,1388409,kaua-moraes,2026-02-23,False
24/25,Lesão desconhecida,2025-04-07,2025-05-15,39.0,5.0,877787,ryan-guilherme,2025-05-15,False
25/26,Lesão na coxa,2026-02-13,,41.0,9.0,512385,luis-sinisterra,2026-03-26,False
25/26,Problemas físicos,2026-01-09,2026-02-07,30.0,8.0,512385,luis-sinisterra,2026-02-07,False
25/26,Lesão na coxa,2025-10-14,2025-10-25,12.0,2.0,512385,luis-sinisterra,2025-10-25,False
25/26,Lesão na coxa,2025-09-16,2025-10-01,16.0,2.0,512385,luis-sinisterra,2025-10-01,False
24/25,Problemas musculares na coxa,2025-03-15,2025-08-21,160.0,11.0,512385,luis-sinisterra,2025-08-21,True
24/25,Lesão na coxa,2024-10-25,2025-02-10,109.0,18.0,512385,luis-sinisterra,2025-02-10,True
23/24,Lesão muscular,2024-04-13,2024-05-20,38.0,4.0,512385,luis-sinisterra,2024-05-20,False
22/23,Lesão no tornozelo,2023-04-26,2023-06-01,37.0,5.0,512385,luis-sinisterra,2023-06-01,False
22/23,Lesão muscular,2023-02-08,2023-03-10,31.0,5.0,512385,luis-sinisterra,2023-03-10,False
22/23,Lesão no pé,2022-10-23,2022-12-19,58.0,5.0,512385,luis-sinisterra,2022-12-19,False
21/22,Pequena lesão,2022-05-25,2022-07-03,40.0,1.0,512385,luis-sinisterra,2022-07-03,False
21/22,Lesão no joelho,2021-12-19,2022-01-22,35.0,3.0,512385,luis-sinisterra,2022-01-22,False
20/21,Coronavírus,2021-04-02,2021-04-09,8.0,1.0,512385,luis-sinisterra,2021-04-09,False
19/20,Rotura dos ligamentos cruzados,2020-02-16,2020-12-09,298.0,26.0,512385,luis-sinisterra,2020-12-09,True
24/25,Lesão na coxa,2025-03-31,2025-04-15,16.0,4.0,268506,fabrizio-angileri,2025-04-15,False
21/22,Muskelbündelriss,2021-11-04,2021-12-25,52.0,7.0,268506,fabrizio-angileri,2021-12-25,False
21/22,Problemas musculares na coxa,2021-10-14,2021-10-27,14.0,3.0,268506,fabrizio-angileri,2021-10-27,False
21/22,Muskelbündelriss,2021-08-20,2021-09-08,20.0,4.0,268506,fabrizio-angileri,2021-09-08,False
20/21,Coronavírus,2021-05-21,2021-05-31,11.0,1.0,268506,fabrizio-angileri,2021-05-31,False
20/21,Muskelbündelriss,2020-12-28,2021-01-08,12.0,2.0,268506,fabrizio-angileri,2021-01-08,False
19/20,Traumatismo,2020-02-02,2020-03-02,30.0,5.0,268506,fabrizio-angileri,2020-03-02,False
19/20,Problemas na anca,2019-07-25,2019-08-10,17.0,3.0,268506,fabrizio-angileri,2019-08-10,False
25/26,Lesão nos ligamentos do tornozelo,2026-02-09,2026-02-14,6.0,1.0,1221818,andre,2026-02-14,False
25/26,Lesão nos ligamentos do tornozelo,2025-10-16,2025-11-19,35.0,5.0,1221818,andre,2025-11-19,False
25/26,Problema nos flexores do quadril,2025-11-21,2025-11-26,6.0,1.0,72441,rafael-toloi,2025-11-26,False
25/26,Lesão na coxa,2025-09-30,2025-11-01,33.0,5.0,72441,rafael-toloi,2025-11-01,False
24/25,Problemas na panturrilha,2025-05-11,2025-05-23,13.0,2.0,72441,rafael-toloi,2025-05-23,False
24/25,Pubalgia,2025-03-27,2025-04-11,16.0,2.0,72441,rafael-toloi,2025-04-11,False
24/25,Lesão muscular,2024-09-14,2024-10-21,38.0,7.0,72441,rafael-toloi,2024-10-21,False
24/25,Lesão muscular,2024-08-09,2024-08-26,18.0,3.0,72441,rafael-toloi,2024-08-26,False
23/24,Dilata,2024-04-21,2024-05-14,24.0,5.0,72441,rafael-toloi,2024-05-14,False
23/24,Lesão desconhecida,2024-01-13,2024-01-23,11.0,1.0,72441,rafael-toloi,2024-01-23,False
23/24,Problemas musculares,2023-11-12,2024-01-09,59.0,11.0,72441,rafael-toloi,2024-01-09,False
23/24,Lesão desconhecida,2023-10-05,2023-10-21,17.0,1.0,72441,rafael-toloi,2023-10-21,False
22/23,Lesão desconhecida,2022-11-13,2022-11-18,6.0,2.0,72441,rafael-toloi,2022-11-18,False
22/23,Lesão no bíceps femoral,2022-10-04,2022-10-29,26.0,3.0,72441,rafael-toloi,2022-10-29,False
21/22,Lesão desconhecida,2022-05-01,2022-05-31,31.0,4.0,72441,rafael-toloi,2022-05-31,False
21/22,Problemas musculares,2022-04-10,2022-04-27,18.0,3.0,72441,rafael-toloi,2022-04-27,False
21/22,Problemas no flexor direito da anca,2022-03-18,2022-04-08,22.0,5.0,72441,rafael-toloi,2022-04-08,False
21/22,Lesão desconhecida,2022-01-11,2022-01-22,12.0,2.0,72441,rafael-toloi,2022-01-22,False
21/22,Lesão desconhecida,2021-12-20,2022-01-01,13.0,1.0,72441,rafael-toloi,2022-01-01,False
21/22,Problemas musculares,2021-10-17,2021-11-14,29.0,7.0,72441,rafael-toloi,2021-11-14,False
21/22,Lesão muscular,2021-10-02,2021-10-14,13.0,3.0,72441,rafael-toloi,2021-10-14,False
20/21,Lesão na coxa,2021-05-03,2021-05-15,13.0,2.0,72441,rafael-toloi,2021-05-15,False
20/21,Lesão desconhecida,2020-12-23,2021-01-05,14.0,1.0,72441,rafael-toloi,2021-01-05,False
20/21,Lesão desconhecida,2020-12-15,2020-12-17,3.0,1.0,72441,rafael-toloi,2020-12-17,False
20/21,Coronavírus,2020-10-01,2020-10-05,5.0,1.0,72441,rafael-toloi,2020-10-05,False
19/20,Lesão muscular,2020-02-24,2020-03-31,37.0,2.0,72441,rafael-toloi,2020-03-31,False
18/19,Inflamação do tendão,2019-03-02,2019-06-01,92.0,15.0,72441,rafael-toloi,2019-06-01,True
18/19,Lesão desconhecida,2018-11-25,2018-12-05,11.0,1.0,72441,rafael-toloi,2018-12-05,False
18/19,Lesão desconhecida,2018-09-01,2018-09-05,5.0,1.0,72441,rafael-toloi,2018-09-05,False
17/18,Problemas musculares,2017-09-24,2017-10-18,25.0,3.0,72441,rafael-toloi,2017-10-18,False
16/17,Lesão muscular,2016-10-23,2016-11-15,24.0,3.0,72441,rafael-toloi,2016-11-15,False
15/16,Fratura da virilha,2016-05-09,2016-05-22,14.0,1.0,72441,rafael-toloi,2016-05-22,False
15/16,Queixas adutores,2015-11-20,2015-12-10,21.0,4.0,72441,rafael-toloi,2015-12-10,False
15/16,Lesão desconhecida,2015-09-18,2015-09-22,5.0,1.0,72441,rafael-toloi,2015-09-22,False
14/15,lesão na perna,2015-05-18,2015-06-08,22.0,4.0,72441,rafael-toloi,2015-06-08,False
13/14,lesão na perna,2014-04-28,2014-05-09,12.0,1.0,72441,rafael-toloi,2014-05-09,False
25/26,Fascite plantar,2025-10-17,2026-01-02,78.0,10.0,228433,wendell,2026-01-02,True
25/26,Lesão na coxa,2025-08-01,2025-08-29,29.0,7.0,228433,wendell,2025-08-29,False
24/25,Lesão na cabeça,2024-10-21,2025-01-05,77.0,14.0,228433,wendell,2025-01-05,True
23/24,Lesão desconhecida,2023-10-26,2023-12-11,47.0,9.0,228433,wendell,2023-12-11,False
22/23,Lesão desconhecida,2023-02-06,2023-02-16,11.0,2.0,228433,wendell,2023-02-16,False
21/22,Lesão no joelho,2021-10-20,2021-11-16,28.0,5.0,228433,wendell,2021-11-16,False
20/21,Coronavírus,2020-12-28,2021-01-07,11.0,1.0,228433,wendell,2021-01-07,False
19/20,Rotura muscular na coxa,2019-10-19,2019-10-31,13.0,3.0,228433,wendell,2019-10-31,False
17/18,Recuperação ritmo competitivo,2018-05-02,2018-05-07,6.0,,228433,wendell,2018-05-07,False
17/18,Rotura Duplo Ligamento,2018-04-10,2018-05-04,25.0,4.0,228433,wendell,2018-05-04,False
17/18,Traumatismo no pé,2018-02-19,2018-02-22,4.0,,228433,wendell,2018-02-22,False
16/17,Pequena lesão,2017-04-10,2017-04-13,4.0,,228433,wendell,2017-04-13,False
15/16,Rotura de sindesmose,2016-04-25,2016-06-30,67.0,3.0,228433,wendell,2016-06-30,True
25/26,Lesão nos adutores,2026-03-02,2026-03-14,13.0,1.0,540458,enzo-diaz,2026-03-14,False
25/26,Problemas na virilha,2025-11-19,2026-01-10,53.0,5.0,540458,enzo-diaz,2026-01-10,False
25/26,Problema nos flexores do quadril,2025-10-06,2025-10-18,13.0,1.0,540458,enzo-diaz,2025-10-18,False
25/26,Problemas gástricos,2025-07-17,2025-07-23,7.0,1.0,540458,enzo-diaz,2025-07-23,False
24/25,Fratura da virilha,2024-11-08,2024-12-31,54.0,6.0,540458,enzo-diaz,2024-12-31,False
22/23,Lesão no joelho,2023-05-27,2023-06-20,25.0,4.0,540458,enzo-diaz,2023-06-20,False
21/22,Apendicite,2022-10-05,2022-10-21,17.0,5.0,540458,enzo-diaz,2022-10-21,False
19/20,Lesão no tornozelo,2020-02-17,2020-03-12,25.0,3.0,540458,enzo-diaz,2020-03-12,False
19/20,Lesão no tornozelo,2019-09-26,2019-10-15,20.0,3.0,540458,enzo-diaz,2019-10-15,False
25/26,Fratura de um dedo do pé,2025-10-06,2025-11-04,30.0,4.0,112988,cedric-soares,2025-11-04,False
25/26,Vírus,2025-09-19,2025-09-28,10.0,2.0,112988,cedric-soares,2025-09-28,False
24/25,Problemas na panturrilha,2025-05-27,2025-05-30,4.0,1.0,112988,cedric-soares,2025-05-30,False
20/21,Distensão da panturrilha,2020-08-30,2020-09-30,32.0,6.0,112988,cedric-soares,2020-09-30,False
19/20,Fratura do nariz,2020-06-17,2020-06-26,10.0,,112988,cedric-soares,2020-06-26,False
19/20,Lesão no joelho,2020-01-21,2020-03-02,42.0,6.0,112988,cedric-soares,2020-03-02,False
19/20,Lesão na panturrilha,2019-09-26,2019-11-08,44.0,8.0,112988,cedric-soares,2019-11-08,False
18/19,Distensão da panturrilha,2018-12-08,2018-12-31,24.0,5.0,112988,cedric-soares,2018-12-31,False
17/18,Lesão no tornozelo,2017-12-16,2018-01-13,29.0,5.0,112988,cedric-soares,2018-01-13,False
16/17,Doente,2016-12-09,2016-12-18,10.0,2.0,112988,cedric-soares,2016-12-18,False
16/17,Lesão no pé,2016-10-02,2016-11-19,49.0,10.0,112988,cedric-soares,2016-11-19,False
15/16,Lesão na virilha,2015-12-22,2016-01-08,18.0,3.0,112988,cedric-soares,2016-01-08,False
14/15,Fratura na grelha costal,2014-08-17,2014-09-14,29.0,3.0,112988,cedric-soares,2014-09-14,False
13/14,Síndrome gripal,2013-07-03,2013-07-07,5.0,,112988,cedric-soares,2013-07-07,False
12/13,Traumatismo na anca,2013-05-13,2013-06-30,49.0,1.0,112988,cedric-soares,2013-06-30,False
12/13,Problemas musculares na coxa,2013-04-13,2013-05-01,19.0,2.0,112988,cedric-soares,2013-05-01,False
25/26,Lesão no joelho,2025-02-20,2026-01-11,326.0,55.0,1094501,hugo-leonardo,2026-01-11,True
25/26,Problemas cardíacos,2025-11-11,,135.0,23.0,85314,oscar,2026-03-26,True
25/26,Lesão na panturrilha,2025-10-13,2025-11-10,29.0,6.0,85314,oscar,2025-11-10,False
25/26,Fratura da vertebra lombar,2025-07-20,2025-10-01,74.0,16.0,85314,oscar,2025-10-01,True
24/25,Problemas musculares na coxa,2025-05-25,2025-06-27,34.0,3.0,85314,oscar,2025-06-27,False
24/25,Lesão na coxa,2025-03-11,2025-05-16,67.0,11.0,85314,oscar,2025-05-16,True
21/22,Fratura de um dedo do pé,2021-09-16,2021-10-28,43.0,3.0,85314,oscar,2021-10-28,False
20/21,Rotura muscular na coxa,2020-11-02,2020-11-21,20.0,3.0,85314,oscar,2020-11-21,False
16/17,Doente,2016-12-08,2016-12-17,10.0,2.0,85314,oscar,2016-12-17,False
15/16,Traumatismo no joelho,2015-08-14,2015-09-16,34.0,6.0,85314,oscar,2015-09-16,False
14/15,Lesão na coxa,2015-05-01,2015-06-30,61.0,10.0,85314,oscar,2015-06-30,True
25/26,Lesão na anca,2025-10-17,2025-11-17,32.0,6.0,1127813,matheus-alves,2025-11-17,False
25/26,Problemas musculares na coxa,2026-02-16,2026-03-12,25.0,3.0,1269378,lucca,2026-03-12,False
25/26,Lesão na coxa,2025-07-13,2025-08-02,21.0,5.0,1269378,lucca,2025-08-02,False
24/25,Entorse do tornozelo,2025-05-18,2025-05-30,13.0,3.0,1269378,lucca,2025-05-30,False
21/22,Sehnenanriss,2021-07-17,2022-01-01,169.0,24.0,662739,gonzalo-tapia,2022-01-01,True
20/21,Ruptura muscular,2021-04-29,2021-05-31,33.0,9.0,662739,gonzalo-tapia,2021-05-31,False
20/21,Ruptura muscular,2021-03-29,2021-04-16,19.0,2.0,662739,gonzalo-tapia,2021-04-16,False
25/26,Estiramento do ligamento colateral interno do joelho,2026-01-26,,59.0,13.0,1219851,paulinho,2026-03-26,False
25/26,Lesão na coxa,2025-10-02,2025-10-18,17.0,2.0,688593,santiago-ramos-mingo,2025-10-18,False
24/25,Problemas musculares,2024-11-04,2024-11-10,7.0,1.0,688593,santiago-ramos-mingo,2024-11-10,False
24/25,Lesão desconhecida,2024-09-29,2024-10-14,16.0,1.0,688593,santiago-ramos-mingo,2024-10-14,False
23/24,Lesão no joelho,2024-05-12,2024-05-31,20.0,4.0,688593,santiago-ramos-mingo,2024-05-31,False
21/22,Lesão na coxa,2021-09-10,2021-09-18,9.0,1.0,688593,santiago-ramos-mingo,2021-09-18,False
21/22,Coronavírus,2021-07-10,2021-07-16,7.0,,688593,santiago-ramos-mingo,2021-07-16,False
20/21,Lesão na coxa,2020-12-07,2021-02-27,83.0,8.0,688593,santiago-ramos-mingo,2021-02-27,True
25/26,Recuperação ritmo competitivo,2026-01-27,2026-02-04,9.0,2.0,984480,mateo-sanabria,2026-02-04,False
25/26,Lesão do ligamento cruzado,2025-10-26,2026-01-26,93.0,13.0,984480,mateo-sanabria,2026-01-26,True
24/25,Problemas na tibiotársica,2024-08-06,2024-08-12,7.0,1.0,984480,mateo-sanabria,2024-08-12,False
25/26,Lesão na coxa,2025-09-01,2025-11-01,62.0,13.0,936544,erick-pulga,2025-11-01,True
25/26,Lesão na coxa,2025-07-31,2025-08-15,16.0,3.0,936544,erick-pulga,2025-08-15,False
25/26,Lesão na coxa,2026-03-19,,7.0,1.0,122155,willian-jose,2026-03-26,False
25/26,Entorse do tornozelo,2025-07-13,2025-07-21,9.0,2.0,122155,willian-jose,2025-07-21,False
24/25,Fadiga muscular,2025-04-18,2025-04-23,6.0,1.0,122155,willian-jose,2025-04-23,False
24/25,Lesão desconhecida,2024-09-14,2024-09-24,11.0,3.0,122155,willian-jose,2024-09-24,False
23/24,Lesão desconhecida,2023-09-24,2023-10-03,10.0,2.0,122155,willian-jose,2023-10-03,False
21/22,Fibra muscular rasgado,2022-01-04,2022-01-17,14.0,3.0,122155,willian-jose,2022-01-17,False
20/21,Coronavírus,2020-09-09,2020-09-29,21.0,2.0,122155,willian-jose,2020-09-29,False
18/19,Lesão muscular,2019-03-04,2019-03-28,25.0,2.0,122155,willian-jose,2019-03-28,False
18/19,Fibra muscular rasgado,2018-09-01,2018-09-20,20.0,1.0,122155,willian-jose,2018-09-20,False
17/18,Traumatismo no metatarso,2018-02-05,2018-03-02,26.0,6.0,122155,willian-jose,2018-03-02,False
16/17,Lesão na coxa,2017-04-27,2017-05-11,15.0,2.0,122155,willian-jose,2017-05-11,False
16/17,Lesão muscular,2017-02-11,2017-03-30,48.0,6.0,122155,willian-jose,2017-03-30,False
16/17,Lesão no tornozelo,2016-12-11,2016-12-19,9.0,1.0,122155,willian-jose,2016-12-19,False
25/26,Corte na cabeça,2026-03-16,2026-03-20,5.0,1.0,628750,juan-pablo-freytes,2026-03-20,False
25/26,lesão na perna,2025-11-20,2025-11-27,8.0,1.0,315169,luciano-acosta,2025-11-27,False
24/25,Lesão no pé,2024-07-15,2024-07-19,5.0,1.0,315169,luciano-acosta,2024-07-19,False
22/23,Lesão no ombro,2023-04-10,2023-04-20,11.0,1.0,315169,luciano-acosta,2023-04-20,False
20/21,lesão no braço,2021-04-20,2021-05-10,21.0,2.0,315169,luciano-acosta,2021-05-10,False
16/17,Lesão no tornozelo,2017-03-03,2017-03-15,13.0,2.0,315169,luciano-acosta,2017-03-15,False
24/25,Problemas na tibiotársica,2025-02-25,2025-03-06,10.0,1.0,654766,santiago-moreno,2025-03-06,False
23/24,Lesão no tornozelo,2023-08-18,2023-08-25,8.0,1.0,654766,santiago-moreno,2023-08-25,False
23/24,Lesão desconhecida,2023-07-13,2023-07-20,8.0,1.0,654766,santiago-moreno,2023-07-20,False
25/26,Rotura de ligamentos no joelho,2025-10-16,,161.0,27.0,732899,guzman-rodriguez,2026-03-26,True
25/26,Lesão na coxa,2025-07-27,2025-08-08,13.0,3.0,732899,guzman-rodriguez,2025-08-08,False
25/26,Lesão na coxa,2026-02-13,,41.0,6.0,400661,agustin-santanna,2026-03-26,False
25/26,Lesão na coxa,2025-11-10,2025-12-10,31.0,5.0,400661,agustin-santanna,2025-12-10,False
25/26,Problemas físicos,2025-08-04,2025-10-25,83.0,12.0,400661,agustin-santanna,2025-10-25,True
24/25,Lesão na coxa,2025-05-19,2025-07-12,55.0,4.0,400661,agustin-santanna,2025-07-12,False
24/25,Problemas musculares na coxa,2025-02-21,2025-04-15,54.0,7.0,400661,agustin-santanna,2025-04-15,False
24/25,Rotura muscular na coxa,2024-11-27,2024-12-18,22.0,4.0,400661,agustin-santanna,2024-12-18,False
24/25,Problemas no Joelho,2024-10-04,2024-11-15,43.0,8.0,400661,agustin-santanna,2024-11-15,False
24/25,Rotura do menisco lateral,2024-07-10,2024-09-06,59.0,10.0,400661,agustin-santanna,2024-09-06,False
23/24,Muskelbündelriss,2024-06-03,2024-06-24,22.0,1.0,400661,agustin-santanna,2024-06-24,False
23/24,Problemas musculares,2023-10-05,2023-10-27,23.0,4.0,400661,agustin-santanna,2023-10-27,False
23/24,Lesão desconhecida,2023-09-27,2023-09-29,3.0,1.0,400661,agustin-santanna,2023-09-29,False
20/21,Coronavírus,2021-01-16,2021-01-28,13.0,2.0,400661,agustin-santanna,2021-01-28,False
16/17,Lesão no tornozelo,2017-05-23,2017-06-06,15.0,2.0,400661,agustin-santanna,2017-06-06,False
16/17,Problemas físicos,2017-02-16,2017-03-06,19.0,3.0,400661,agustin-santanna,2017-03-06,False
15/16,Lesão desconhecida,2016-05-16,2016-06-03,19.0,4.0,400661,agustin-santanna,2016-06-03,False
15/16,Lesão na coxa,2015-11-20,2015-11-23,4.0,1.0,400661,agustin-santanna,2015-11-23,False
25/26,Estiramento do ligamento colateral interno do joelho,2025-09-13,2025-10-25,43.0,,1222308,davi-gomes,2025-10-25,False
23/24,Lesão muscular,2023-12-01,2024-04-06,128.0,13.0,344676,alan-benitez,2024-04-06,True
25/26,Lesão na coxa,2026-01-19,,66.0,,1312046,benjamin,2026-03-26,True
25/26,Fascite plantar,2026-01-06,2026-02-06,32.0,8.0,465817,alan-rodriguez,2026-02-06,False
25/26,Lesão na coxa,2025-10-20,2025-11-07,19.0,4.0,465817,alan-rodriguez,2025-11-07,False
25/26,Lesão na coxa,2025-09-22,2025-10-14,23.0,3.0,465817,alan-rodriguez,2025-10-14,False
24/25,Lesão muscular,2025-04-27,2025-05-15,19.0,2.0,465817,alan-rodriguez,2025-05-15,False
24/25,Lesão ocular,2025-02-13,2025-02-19,7.0,1.0,465817,alan-rodriguez,2025-02-19,False
24/25,Problemas de Ligamento,2024-10-21,2024-12-23,64.0,9.0,465817,alan-rodriguez,2024-12-23,True
24/25,Problemas musculares,2024-08-04,2024-08-11,8.0,1.0,465817,alan-rodriguez,2024-08-11,False
23/24,Problemas no Joelho,2024-05-06,2024-06-03,29.0,7.0,465817,alan-rodriguez,2024-06-03,False
23/24,Problemas no Joelho,2024-04-13,2024-04-17,5.0,1.0,465817,alan-rodriguez,2024-04-17,False
23/24,Lesão meniscal,2024-02-05,2024-03-24,49.0,10.0,465817,alan-rodriguez,2024-03-24,False
23/24,Lesão muscular,2023-09-23,2023-09-30,8.0,1.0,465817,alan-rodriguez,2023-09-30,False
22/23,Fratura no tornozelo,2023-04-10,2023-04-27,18.0,4.0,465817,alan-rodriguez,2023-04-27,False
22/23,Lesão muscular,2023-03-08,2023-04-03,27.0,4.0,465817,alan-rodriguez,2023-04-03,False
24/25,Lesão na coxa,2025-02-06,2025-03-18,41.0,2.0,1116614,gustavo,2025-03-18,False
25/26,Lesão na coxa,2025-08-07,2025-08-19,13.0,3.0,572042,johan-carbonero,2025-08-19,False
24/25,Lesão na coxa,2025-04-14,2025-07-11,89.0,15.0,572042,johan-carbonero,2025-07-11,True
24/25,Amigdalite,2024-10-18,2024-10-21,4.0,1.0,572042,johan-carbonero,2024-10-21,False
23/24,Muskelkater,2024-03-22,2024-04-13,23.0,4.0,572042,johan-carbonero,2024-04-13,False
23/24,Lesão muscular,2024-01-29,2024-02-20,23.0,5.0,572042,johan-carbonero,2024-02-20,False
23/24,Recuperação ritmo competitivo,2023-10-11,2023-11-03,24.0,3.0,572042,johan-carbonero,2023-11-03,False
23/24,Muskelbündelriss,2023-10-08,2023-12-08,62.0,7.0,572042,johan-carbonero,2023-12-08,True
22/23,Rotura parcial de ligamento,2023-03-18,2023-10-10,207.0,39.0,572042,johan-carbonero,2023-10-10,True
22/23,Choque,2023-02-02,2023-02-08,7.0,1.0,572042,johan-carbonero,2023-02-08,False
22/23,Muskelbündelriss,2022-08-16,2022-09-07,23.0,4.0,572042,johan-carbonero,2022-09-07,False
21/22,Muskelbündelriss,2021-07-18,2021-08-11,25.0,4.0,572042,johan-carbonero,2021-08-11,False
20/21,Coronavírus,2021-04-08,2021-04-16,9.0,1.0,572042,johan-carbonero,2021-04-16,False
25/26,Problemas na zona lombar,2025-11-27,2025-12-08,12.0,3.0,175383,helton-leite,2025-12-08,False
23/24,Lesão no ombro,2023-12-01,2023-12-29,29.0,4.0,175383,helton-leite,2023-12-29,False
20/21,Coronavírus,2021-01-22,2021-02-03,13.0,3.0,175383,helton-leite,2021-02-03,False
18/19,Rotura dos ligamentos cruzados,2019-02-12,2019-09-04,205.0,18.0,175383,helton-leite,2019-09-04,True
25/26,Entorse do tornozelo,2026-01-14,2026-02-04,22.0,3.0,748601,gaston-avila,2026-02-04,False
24/25,Lesão na mão,2025-04-30,2025-05-09,10.0,2.0,748601,gaston-avila,2025-05-09,False
24/25,Recuperação ritmo competitivo,2025-01-01,2025-02-09,40.0,9.0,748601,gaston-avila,2025-02-09,False
23/24,Rotura parcial de ligamento,2024-01-19,2024-12-31,348.0,51.0,748601,gaston-avila,2024-12-31,True
21/22,Lesão nos adutores,2022-04-18,2022-05-02,15.0,4.0,748601,gaston-avila,2022-05-02,False
20/21,Lesão no ombro,2021-03-09,2021-03-27,19.0,2.0,748601,gaston-avila,2021-03-27,False
25/26,Lesão no cotovelo,2025-07-14,2025-07-25,12.0,1.0,1082582,gustavo-mancha,2025-07-25,False
25/26,Lesão na coxa,2025-10-26,2025-12-06,42.0,8.0,869477,rodrigo-santos,2025-12-06,False
24/25,Recuperação ritmo competitivo,2025-04-09,2025-05-31,53.0,15.0,869477,rodrigo-santos,2025-05-31,False
23/24,Entorse do tornozelo,2024-02-15,2024-03-26,41.0,6.0,220647,pol-fernandez,2024-03-26,False
22/23,Problemas musculares na coxa,2023-05-25,2023-06-04,11.0,2.0,220647,pol-fernandez,2023-06-04,False
21/22,Problemas na panturrilha,2022-03-31,2022-04-07,8.0,2.0,220647,pol-fernandez,2022-04-07,False
25/26,Pubalgia,2025-11-10,2026-01-10,62.0,6.0,1082523,lucca-prior,2026-01-10,True
25/26,Lesão no púbis,2025-09-28,2025-10-18,21.0,3.0,1082523,lucca-prior,2025-10-18,False
25/26,Estiramento do ligamento colateral interno do joelho,2025-08-20,2025-09-26,38.0,4.0,668953,jose-herrera,2025-09-26,False
24/25,Lesão muscular,2024-11-30,2024-12-23,24.0,3.0,668953,jose-herrera,2024-12-23,False
23/24,Muskelbündelriss,2024-05-26,2024-07-25,61.0,6.0,668953,jose-herrera,2024-07-25,True
24/25,Entorse do tornozelo,2024-12-06,2024-12-27,22.0,2.0,514120,adam-bareiro,2024-12-27,False
22/23,Problemas de calcanhares,2023-04-22,2023-04-25,4.0,1.0,514120,adam-bareiro,2023-04-25,False
22/23,Distensão dos adutores,2023-03-24,2023-04-06,14.0,2.0,514120,adam-bareiro,2023-04-06,False
21/22,Muskelbündelriss,2022-04-27,2022-05-11,15.0,2.0,514120,adam-bareiro,2022-05-11,False
18/19,Lesão ligamentar,2019-01-12,2019-02-24,44.0,6.0,514120,adam-bareiro,2019-02-24,False
23/24,Lesão no joelho,2023-09-28,,910.0,143.0,75102,denis,2026-03-26,True
22/23,Rotura de ligamentos no joelho,2022-08-25,2023-05-31,280.0,48.0,75102,denis,2023-05-31,True
20/21,Coronavírus,2020-12-30,2021-01-08,10.0,1.0,75102,denis,2021-01-08,False
14/15,Lesão no ombro,2015-02-25,2015-06-30,126.0,27.0,75102,denis,2015-06-30,True
25/26,Entorse do tornozelo,2025-11-02,2025-11-14,13.0,2.0,461903,joao-silva,2025-11-14,False
25/26,Lesão do ligamento cruzado,2025-10-17,,160.0,,1459871,victor-hugo,2026-03-26,True
23/24,Lesão muscular,2023-11-18,2023-12-18,31.0,1.0,621793,fabricio-dominguez,2023-12-18,False
21/22,Lesão desconhecida,2021-10-05,2021-10-27,23.0,4.0,621793,fabricio-dominguez,2021-10-27,False
21/22,Febre,2021-07-22,2021-07-28,7.0,2.0,621793,fabricio-dominguez,2021-07-28,False
20/21,Lesão muscular,2021-04-25,2021-05-10,16.0,4.0,621793,fabricio-dominguez,2021-05-10,False
19/20,Lesão muscular,2020-02-05,2020-03-08,33.0,4.0,621793,fabricio-dominguez,2020-03-08,False
25/26,Lesão no púbis,2025-07-10,2025-12-02,146.0,25.0,634139,hereda,2025-12-02,True
25/26,Lesão no tornozelo,2025-07-21,2025-10-04,76.0,11.0,112465,sergio-oliveira,2025-10-04,True
24/25,Problemas musculares na coxa,2025-04-20,2025-05-08,19.0,2.0,112465,sergio-oliveira,2025-05-08,False
24/25,Lesão na coxa,2025-04-13,2025-04-18,6.0,1.0,112465,sergio-oliveira,2025-04-18,False
23/24,Lesão no peito,2023-12-15,2024-02-13,61.0,12.0,112465,sergio-oliveira,2024-02-13,True
23/24,Lesão desconhecida,2023-08-29,2023-09-12,15.0,1.0,112465,sergio-oliveira,2023-09-12,False
22/23,Recuperação ritmo competitivo,2022-12-19,2022-12-23,5.0,1.0,112465,sergio-oliveira,2022-12-23,False
22/23,Fissura da banda lateral do tarso,2022-11-26,2022-12-19,24.0,,112465,sergio-oliveira,2022-12-19,False
21/22,Problemas de calcanhares,2022-02-25,2022-03-05,9.0,1.0,112465,sergio-oliveira,2022-03-05,False
20/21,Coronavírus,2021-01-17,2021-01-27,11.0,2.0,112465,sergio-oliveira,2021-01-27,False
19/20,Lesão muscular,2020-07-10,2020-07-22,13.0,2.0,112465,sergio-oliveira,2020-07-22,False
19/20,Lesão muscular,2019-11-01,2019-11-21,21.0,5.0,112465,sergio-oliveira,2019-11-21,False
19/20,Lesão no tornozelo,2019-08-14,2019-10-19,67.0,13.0,112465,sergio-oliveira,2019-10-19,True
16/17,Lesão no joelho,2017-02-23,2017-03-17,23.0,4.0,112465,sergio-oliveira,2017-03-17,False
16/17,Problemas físicos,2016-08-15,2016-08-23,9.0,1.0,112465,sergio-oliveira,2016-08-23,False
14/15,Luxation der Kniescheibe,2015-02-09,2015-03-12,32.0,4.0,112465,sergio-oliveira,2015-03-12,False
24/25,Lesão na panturrilha,2025-02-23,2025-04-01,38.0,8.0,126239,christian-ortiz,2025-04-01,False
24/25,Fratura de um dedo do pé,2025-03-03,2025-04-11,40.0,9.0,1013922,rodrigo-atencio,2025-04-11,False
22/23,Problemas no Joelho,2023-03-19,2023-04-05,18.0,2.0,402079,ignacio-ramirez,2023-04-05,False
21/22,Muskelbündelriss,2022-03-03,2022-04-05,34.0,3.0,402079,ignacio-ramirez,2022-04-05,False
21/22,Coronavírus,2021-12-30,2022-01-16,18.0,2.0,402079,ignacio-ramirez,2022-01-16,False
21/22,Lesão muscular,2021-07-13,2021-08-10,29.0,3.0,402079,ignacio-ramirez,2021-08-10,False
18/19,Lesão na cabeça,2019-05-29,2019-06-04,7.0,1.0,402079,ignacio-ramirez,2019-06-04,False
24/25,Problema nos flexores do quadril,2025-04-27,2025-07-08,73.0,5.0,181547,goncalo-paciencia,2025-07-08,True
24/25,Problemas musculares,2025-03-27,2025-04-18,23.0,5.0,181547,goncalo-paciencia,2025-04-18,False
23/24,Problemas na panturrilha,2023-08-18,2023-09-15,29.0,3.0,181547,goncalo-paciencia,2023-09-15,False
21/22,Distensão muscular,2022-02-15,2022-02-22,8.0,1.0,181547,goncalo-paciencia,2022-02-22,False
21/22,Coronavírus,2021-12-30,2022-01-04,6.0,,181547,goncalo-paciencia,2022-01-04,False
21/22,Lesão muscular,2021-10-25,2021-11-24,31.0,4.0,181547,goncalo-paciencia,2021-11-24,False
20/21,Lesão no joelho,2020-11-25,2021-04-02,129.0,20.0,181547,goncalo-paciencia,2021-04-02,True
19/20,Recuperação ritmo competitivo,2020-06-12,2020-06-22,11.0,3.0,181547,goncalo-paciencia,2020-06-22,False
19/20,Lesão muscular,2020-05-05,2020-06-12,39.0,7.0,181547,goncalo-paciencia,2020-06-12,False
19/20,Quarentena,2020-03-19,2020-04-02,15.0,,181547,goncalo-paciencia,2020-04-02,False
19/20,Problemas musculares,2019-12-19,2019-12-23,5.0,1.0,181547,goncalo-paciencia,2019-12-23,False
18/19,Recuperação ritmo competitivo,2018-12-03,2018-12-31,29.0,5.0,181547,goncalo-paciencia,2018-12-31,False
18/19,Rotura do menisco,2018-09-10,2018-12-02,84.0,20.0,181547,goncalo-paciencia,2018-12-02,True
16/17,Problemas físicos,2017-03-01,2017-03-07,7.0,1.0,181547,goncalo-paciencia,2017-03-07,False
14/15,Entorse dos ligamentos,2014-09-05,2014-11-06,63.0,12.0,181547,goncalo-paciencia,2014-11-06,True
13/14,Lesão no joelho,2013-06-15,2014-01-10,210.0,23.0,181547,goncalo-paciencia,2014-01-10,True
25/26,Artroscopia,2025-08-04,,234.0,38.0,468332,ruben-ismael,2026-03-26,True
24/25,Lesão desconhecida,2025-05-01,2025-05-26,26.0,,468332,ruben-ismael,2025-05-26,False
23/24,Lesão num dedo do pé,2023-09-24,2023-10-03,10.0,3.0,323740,aitor-cantalapiedra,2023-10-03,False
23/24,Recuperação ritmo competitivo,2023-06-26,2023-08-21,57.0,4.0,323740,aitor-cantalapiedra,2023-08-21,False
22/23,Rotura dos ligamentos cruzados,2022-10-23,2023-06-26,247.0,31.0,323740,aitor-cantalapiedra,2023-06-26,True
19/20,Problemas físicos,2020-02-06,2020-06-30,146.0,5.0,323740,aitor-cantalapiedra,2020-06-30,True
24/25,Entorse,2025-01-11,2025-01-24,14.0,1.0,388519,kike-saverio,2025-01-24,False
23/24,Entorse do tornozelo,2023-08-03,2023-11-06,96.0,12.0,388519,kike-saverio,2023-11-06,True
22/23,Recuperação ritmo competitivo,2022-11-08,2023-01-23,77.0,8.0,388519,kike-saverio,2023-01-23,True
21/22,Rotura do tendão de Aquiles,2022-05-08,2022-11-08,185.0,17.0,388519,kike-saverio,2022-11-08,True
19/20,Lesão muscular,2020-02-27,2020-03-27,30.0,2.0,388519,kike-saverio,2020-03-27,False
19/20,lesão na perna,2019-12-12,2020-01-02,22.0,2.0,388519,kike-saverio,2020-01-02,False
19/20,Lesão na coxa,2019-10-04,2019-10-11,8.0,1.0,388519,kike-saverio,2019-10-11,False
19/20,Lesão na coxa,2019-08-13,2019-08-23,11.0,,388519,kike-saverio,2019-08-23,False
18/19,Lesão na coxa,2018-10-07,2019-02-13,130.0,17.0,388519,kike-saverio,2019-02-13,True
25/26,Lesão na panturrilha,2025-08-10,2025-09-12,34.0,3.0,193925,romarinho,2025-09-12,False
23/24,Lesão desconhecida,2023-11-10,2023-12-08,29.0,5.0,193925,romarinho,2023-12-08,False
22/23,Lesão muscular,2022-09-15,2022-10-07,23.0,1.0,193925,romarinho,2022-10-07,False
25/26,Lesão na coluna,2026-01-09,2026-03-10,61.0,14.0,248030,renzo-lopez,2026-03-10,True
25/26,Problemas musculares na coxa,2025-08-17,2025-09-12,27.0,2.0,248030,renzo-lopez,2025-09-12,False
24/25,Lesão desconhecida,2025-03-15,2025-03-31,17.0,,248030,renzo-lopez,2025-03-31,False
23/24,Problemas na zona lombar,2023-11-08,2023-12-08,31.0,2.0,248030,renzo-lopez,2023-12-08,False
23/24,Lesão muscular,2023-09-21,2023-10-05,15.0,2.0,248030,renzo-lopez,2023-10-05,False
23/24,Muskelbündelriss,2023-08-21,2023-09-17,28.0,3.0,248030,renzo-lopez,2023-09-17,False
24/25,Problema nos flexores do quadril,2025-04-16,2025-05-31,46.0,6.0,214701,bruno,2025-05-31,False
23/24,Lesão desconhecida,2024-01-09,2024-02-20,43.0,6.0,657387,fabiano,2024-02-20,False
23/24,Lesão muscular,2023-12-14,2023-12-28,15.0,2.0,657387,fabiano,2023-12-28,False
24/25,Lesão muscular,2024-08-16,2024-09-04,20.0,4.0,729356,alejandro-martinez,2024-09-04,False
17/18,Problemas físicos,2017-09-06,2017-10-01,26.0,2.0,266070,gaston-guruceaga,2017-10-01,False
24/25,Lesão na cabeça,2025-04-13,2025-04-19,7.0,1.0,185246,daniel-giraldo,2025-04-19,False
22/23,Problemas físicos,2022-08-16,2022-08-30,15.0,3.0,654384,vitor-pernambuco,2022-08-30,False
20/21,Quarentena,2021-03-01,2021-04-01,32.0,2.0,654384,vitor-pernambuco,2021-04-01,False
25/26,Lesão no tornozelo,2025-05-06,2026-01-09,249.0,31.0,1047465,emerson-galego,2026-01-09,True
25/26,Fadiga muscular,2026-02-22,2026-02-26,5.0,1.0,292731,danielzinho,2026-02-26,False
25/26,Problemas na panturrilha,2026-01-10,2026-01-23,14.0,4.0,680681,negueba,2026-01-23,False
24/25,Lesão desconhecida,2025-02-24,2025-04-15,51.0,4.0,680681,negueba,2025-04-15,False
25/26,Lesão na coxa,2026-02-02,2026-03-07,34.0,7.0,559602,chico-da-costa,2026-03-07,False
25/26,Problemas musculares na coxa,2025-09-22,2025-09-30,9.0,1.0,559602,chico-da-costa,2025-09-30,False
25/26,Lesão nos adutores,2025-09-12,2025-09-16,5.0,1.0,559602,chico-da-costa,2025-09-16,False
22/23,Ferida aberta,2023-01-21,2023-01-30,10.0,2.0,559602,chico-da-costa,2023-01-30,False
25/26,Edema do osso,2026-02-13,2026-02-17,5.0,1.0,1182665,neiser-villarreal,2026-02-17,False
25/26,Rotura muscular na coxa,2025-08-28,2025-09-04,8.0,1.0,149498,gabriel-paulista,2025-09-04,False
24/25,Lesão desconhecida,2025-04-28,2025-05-02,5.0,,149498,gabriel-paulista,2025-05-02,False
24/25,Recuperação ritmo competitivo,2025-02-18,2025-03-02,13.0,3.0,149498,gabriel-paulista,2025-03-02,False
24/25,Rotura num tendão,2024-11-28,2025-02-18,83.0,15.0,149498,gabriel-paulista,2025-02-18,True
24/25,Fissura parcial muscular,2024-10-06,2024-11-03,29.0,4.0,149498,gabriel-paulista,2024-11-03,False
21/22,Lesão no joelho,2021-10-05,2022-02-20,139.0,18.0,149498,gabriel-paulista,2022-02-20,True
20/21,Lesão na coxa,2020-09-20,2020-10-14,25.0,3.0,149498,gabriel-paulista,2020-10-14,False
19/20,Entorse do tornozelo,2020-02-15,2020-02-29,15.0,2.0,149498,gabriel-paulista,2020-02-29,False
18/19,Lesão muscular,2019-02-08,2019-02-22,15.0,4.0,149498,gabriel-paulista,2019-02-22,False
18/19,Lesão muscular,2018-12-16,2018-12-30,15.0,1.0,149498,gabriel-paulista,2018-12-30,False
18/19,Lesão muscular,2018-12-09,2018-12-14,6.0,1.0,149498,gabriel-paulista,2018-12-14,False
16/17,Lesão no joelho,2017-05-21,2017-09-06,109.0,5.0,149498,gabriel-paulista,2017-09-06,True
16/17,Lesão no tornozelo,2016-08-08,2016-09-19,43.0,6.0,149498,gabriel-paulista,2016-09-19,False
14/15,Lesão na coxa,2015-03-05,2015-03-16,12.0,2.0,149498,gabriel-paulista,2015-03-16,False
14/15,Lesão no tornozelo,2014-08-21,2014-08-21,1.0,,149498,gabriel-paulista,2014-08-21,False
25/26,Problemas físicos,2025-08-01,2025-08-18,18.0,4.0,657743,pedro-milans,2025-08-18,False
22/23,Lesão desconhecida,2023-06-16,2023-07-06,21.0,4.0,657743,pedro-milans,2023-07-06,False
23/24,Lesão na coxa,2024-07-13,2024-08-13,32.0,4.0,141660,jesse-lingard,2024-08-13,False
23/24,Lesão no joelho,2024-03-26,2024-05-13,49.0,10.0,141660,jesse-lingard,2024-05-13,False
22/23,Lesão na coxa,2022-12-27,2023-01-16,21.0,5.0,141660,jesse-lingard,2023-01-16,False
20/21,Traumatismo,2020-10-17,2020-12-01,46.0,13.0,141660,jesse-lingard,2020-12-01,False
19/20,Doente,2020-01-09,2020-01-14,6.0,1.0,141660,jesse-lingard,2020-01-14,False
19/20,Lesão na coxa,2019-10-04,2019-10-23,20.0,4.0,141660,jesse-lingard,2019-10-23,False
19/20,Doente,2019-09-07,2019-09-18,12.0,3.0,141660,jesse-lingard,2019-09-18,False
18/19,Lesão no joelho,2019-04-26,2019-05-11,16.0,2.0,141660,jesse-lingard,2019-05-11,False
18/19,Lesão na coxa,2019-02-13,2019-03-16,32.0,5.0,141660,jesse-lingard,2019-03-16,False
18/19,Problemas na virilha,2018-09-25,2018-10-27,33.0,7.0,141660,jesse-lingard,2018-10-27,False
18/19,Traumatismo,2018-08-01,2018-08-18,18.0,1.0,141660,jesse-lingard,2018-08-18,False
16/17,Lesão tornozelo,2016-08-07,2016-09-09,34.0,3.0,141660,jesse-lingard,2016-09-09,False
14/15,Lesão no joelho,2014-08-16,2014-12-08,115.0,20.0,141660,jesse-lingard,2014-12-08,True
23/24,Doente,2024-01-03,2024-01-17,15.0,1.0,123349,zakaria-labyad,2024-01-17,False
23/24,Lesão desconhecida,2023-12-14,2023-12-18,5.0,1.0,123349,zakaria-labyad,2023-12-18,False
23/24,Doente,2023-11-24,2023-11-28,5.0,1.0,123349,zakaria-labyad,2023-11-28,False
22/23,Doente,2023-04-05,2023-04-10,6.0,1.0,123349,zakaria-labyad,2023-04-10,False
21/22,Lesão no joelho,2022-04-08,2022-06-30,84.0,7.0,123349,zakaria-labyad,2022-06-30,True
21/22,Lesão desconhecida,2021-12-10,2022-03-05,86.0,14.0,123349,zakaria-labyad,2022-03-05,True
21/22,Doente,2021-10-29,2021-11-02,5.0,1.0,123349,zakaria-labyad,2021-11-02,False
21/22,Doente,2021-09-13,2021-09-20,8.0,2.0,123349,zakaria-labyad,2021-09-20,False
21/22,Lesão nas costas,2021-07-28,2021-08-13,17.0,1.0,123349,zakaria-labyad,2021-08-13,False
20/21,Problemas físicos,2021-04-03,2021-04-17,15.0,4.0,123349,zakaria-labyad,2021-04-17,False
20/21,Lesão no tornozelo,2021-02-25,2021-03-06,10.0,2.0,123349,zakaria-labyad,2021-03-06,False
20/21,Problemas físicos,2020-12-11,2020-12-15,5.0,1.0,123349,zakaria-labyad,2020-12-15,False
19/20,Recuperação ritmo competitivo,2020-03-01,2020-03-15,15.0,3.0,123349,zakaria-labyad,2020-03-15,False
19/20,Lesão no joelho,2019-11-27,2020-02-29,95.0,15.0,123349,zakaria-labyad,2020-02-29,True
19/20,Doente,2019-09-27,2019-10-03,7.0,2.0,123349,zakaria-labyad,2019-10-03,False
19/20,Lesão na coxa,2019-08-05,2019-08-29,25.0,6.0,123349,zakaria-labyad,2019-08-29,False
17/18,Lesão na virilha,2018-05-11,2018-05-14,4.0,1.0,123349,zakaria-labyad,2018-05-14,False
16/17,Recuperação ritmo competitivo,2017-01-05,2017-01-19,15.0,3.0,123349,zakaria-labyad,2017-01-19,False
15/16,Lesão na coxa,2015-07-18,2015-08-08,22.0,,123349,zakaria-labyad,2015-08-08,False
14/15,Lesão na coxa,2014-09-22,2014-11-02,42.0,8.0,123349,zakaria-labyad,2014-11-02,False
12/13,Problemas no Joelho,2013-04-29,2013-06-30,63.0,5.0,123349,zakaria-labyad,2013-06-30,True
12/13,Lesão no tornozelo,2013-01-31,2013-02-08,9.0,1.0,123349,zakaria-labyad,2013-02-08,False
12/13,Problemas musculares na coxa,2012-10-19,2012-10-21,3.0,,123349,zakaria-labyad,2012-10-21,False
12/13,Problemas musculares na coxa,2012-09-02,2012-09-14,13.0,1.0,123349,zakaria-labyad,2012-09-14,False
11/12,Problemas na virilha,2012-02-13,2012-02-17,5.0,1.0,123349,zakaria-labyad,2012-02-17,False
11/12,Lesão no joelho,2011-08-03,2011-08-12,10.0,1.0,123349,zakaria-labyad,2011-08-12,False
24/25,Distensão muscular,2025-02-06,2025-02-12,7.0,2.0,661133,cristian-medina,2025-02-12,False
24/25,Problemas musculares,2024-09-29,2024-10-21,23.0,1.0,661133,cristian-medina,2024-10-21,False
23/24,Choque,2024-05-16,2024-05-21,6.0,1.0,661133,cristian-medina,2024-05-21,False
21/22,Quarentena,2021-07-22,2021-07-29,8.0,2.0,661133,cristian-medina,2021-07-29,False
20/21,Coronavírus,2021-05-22,2021-06-05,15.0,2.0,661133,cristian-medina,2021-06-05,False
24/25,Lesão muscular,2024-11-04,2024-12-01,28.0,6.0,495689,julian-millan,2024-12-01,False
25/26,Problemas musculares,2026-02-10,2026-02-17,8.0,1.0,984416,rodrigo-castillo,2026-02-17,False
24/25,Problemas musculares,2024-09-05,2024-09-10,6.0,,1241022,roman-gomez,2024-09-10,False
25/26,Rotura muscular na coxa,2026-01-24,2026-02-04,12.0,2.0,839031,leonel-perez,2026-02-04,False
25/26,Ruptura muscular,2025-09-20,2025-10-08,19.0,2.0,839031,leonel-perez,2025-10-08,False
25/26,Problemas musculares,2025-07-30,2025-08-05,7.0,1.0,839031,leonel-perez,2025-08-05,False
25/26,Ruptura muscular,2025-09-24,2025-10-19,26.0,5.0,689211,juan-nardoni,2025-10-19,False
24/25,Ruptura muscular,2025-04-07,2025-04-25,19.0,4.0,689211,juan-nardoni,2025-04-25,False
24/25,Problemas no Joelho,2025-02-01,2025-02-05,5.0,1.0,689211,juan-nardoni,2025-02-05,False
24/25,Entorse do tornozelo,2024-08-04,2024-08-18,15.0,3.0,689211,juan-nardoni,2024-08-18,False
23/24,Distensão muscular,2024-06-02,2024-06-18,17.0,3.0,689211,juan-nardoni,2024-06-18,False
23/24,Ruptura muscular,2024-04-08,2024-05-05,28.0,4.0,689211,juan-nardoni,2024-05-05,False
23/24,Ruptura muscular,2024-02-12,2024-03-04,22.0,4.0,689211,juan-nardoni,2024-03-04,False
23/24,Ruptura muscular,2023-08-04,2023-08-28,25.0,4.0,689211,juan-nardoni,2023-08-28,False
25/26,Lesão na coxa,2026-02-16,2026-02-28,13.0,2.0,371256,tete,2026-02-28,False
25/26,Queixas adutores,2025-09-12,2025-09-15,4.0,1.0,371256,tete,2025-09-15,False
24/25,Gestão de esforço,2024-07-24,2024-07-26,3.0,1.0,371256,tete,2024-07-26,False
25/26,Problemas na panturrilha,2025-10-30,2025-11-13,15.0,2.0,989455,alan-saldivia,2025-11-13,False
25/26,Pubalgia,2025-08-17,2025-10-28,73.0,6.0,989455,alan-saldivia,2025-10-28,True
25/26,Problemas na virilha,2025-07-31,2025-08-14,15.0,2.0,989455,alan-saldivia,2025-08-14,False
24/25,Meniskuseinriss,2024-08-03,2024-09-09,38.0,8.0,989455,alan-saldivia,2024-09-09,False
23/24,Problemas musculares,2024-04-28,2024-05-06,9.0,2.0,989455,alan-saldivia,2024-05-06,False
21/22,Lesão muscular,2022-02-10,2022-03-20,39.0,2.0,504882,claudio-spinelli,2022-03-20,False
20/21,Lesão muscular,2020-08-20,2020-09-30,42.0,2.0,504882,claudio-spinelli,2020-09-30,False
19/20,Lesão tornozelo,2019-11-05,2020-03-10,127.0,12.0,504882,claudio-spinelli,2020-03-10,True
19/20,Lesão muscular,2019-10-02,2019-10-22,21.0,2.0,504882,claudio-spinelli,2019-10-22,False
25/26,Problemas musculares,2025-10-01,2025-10-15,15.0,2.0,563812,christian-oliva,2025-10-15,False
22/23,Lesão desconhecida,2023-05-29,2023-06-05,8.0,1.0,563812,christian-oliva,2023-06-05,False
22/23,Lesão muscular,2023-04-12,2023-04-26,15.0,3.0,563812,christian-oliva,2023-04-26,False
21/22,Problemas físicos,2022-05-01,2022-06-19,50.0,8.0,563812,christian-oliva,2022-06-19,False
21/22,Coronavírus,2022-01-11,2022-01-24,14.0,4.0,563812,christian-oliva,2022-01-24,False
19/20,Distorção do tornozelo,2020-06-11,2020-08-02,53.0,13.0,563812,christian-oliva,2020-08-02,False
19/20,Febre,2020-02-08,2020-02-12,5.0,1.0,563812,christian-oliva,2020-02-12,False
25/26,Distensão muscular,2025-09-28,2025-10-10,13.0,1.0,881645,ignacio-sosa,2025-10-10,False
23/24,Muskelbündelriss,2024-08-07,2024-08-27,21.0,3.0,881645,ignacio-sosa,2024-08-27,False
25/26,Entorse do tornozelo,2026-01-26,2026-01-31,6.0,1.0,450241,angelo-preciado,2026-01-31,False
25/26,Lesão desconhecida,2025-10-01,2025-10-03,3.0,1.0,450241,angelo-preciado,2025-10-03,False
25/26,Problemas na tibiotársica,2025-09-21,2025-09-25,5.0,1.0,450241,angelo-preciado,2025-09-25,False
25/26,lesão na perna,2025-08-15,2025-08-20,6.0,1.0,450241,angelo-preciado,2025-08-20,False
25/26,Lesão na coxa,2025-08-01,2025-08-13,13.0,3.0,450241,angelo-preciado,2025-08-13,False
24/25,Lesão meniscal,2024-10-26,2025-04-21,178.0,31.0,450241,angelo-preciado,2025-04-21,True
24/25,Gestão de esforço,2024-10-18,2024-10-20,3.0,1.0,450241,angelo-preciado,2024-10-20,False
24/25,Gestão de esforço,2024-09-21,2024-09-23,3.0,1.0,450241,angelo-preciado,2024-09-23,False
24/25,Gestão de esforço,2024-07-15,2024-07-24,10.0,2.0,450241,angelo-preciado,2024-07-24,False
23/24,Lesão desconhecida,2023-12-14,2023-12-22,9.0,1.0,450241,angelo-preciado,2023-12-22,False
23/24,Lesão desconhecida,2023-10-26,2023-11-03,9.0,2.0,450241,angelo-preciado,2023-11-03,False
23/24,Gestão de esforço,2023-09-26,2023-09-28,3.0,1.0,450241,angelo-preciado,2023-09-28,False
23/24,Dor de dentes,2023-07-28,2023-08-01,5.0,1.0,450241,angelo-preciado,2023-08-01,False
22/23,Doente,2022-08-04,2022-08-08,5.0,1.0,450241,angelo-preciado,2022-08-08,False
20/21,Problemas no Joelho,2021-02-20,2021-03-03,12.0,2.0,450241,angelo-preciado,2021-03-03,False
19/20,Fratura do Metatarso,2019-09-26,2019-11-04,40.0,6.0,450241,angelo-preciado,2019-11-04,False
18/19,Lesão meniscal,2019-05-13,2019-05-22,10.0,2.0,450241,angelo-preciado,2019-05-22,False
25/26,Lesão muscular,2025-12-26,2026-02-18,55.0,11.0,1152154,tomas-perez,2026-02-18,False
24/25,Entorse do tornozelo,2024-12-12,2025-02-01,52.0,6.0,1152154,tomas-perez,2025-02-01,False
25/26,Lesão no pé,2026-03-09,,17.0,4.0,1410674,mamady-cisse,2026-03-26,False
24/25,Lesão muscular,2025-03-09,2025-04-09,32.0,6.0,897051,alan-minda,2025-04-09,False
24/25,Gestão de esforço,2024-10-20,2024-10-25,6.0,1.0,897051,alan-minda,2024-10-25,False
24/25,Lesão muscular,2024-09-01,2024-09-24,24.0,4.0,897051,alan-minda,2024-09-24,False
21/22,Rotura dos ligamentos cruzados,2021-10-30,2022-07-11,255.0,32.0,897051,alan-minda,2022-07-11,True
25/26,Recuperação ritmo competitivo,2026-01-24,2026-02-06,14.0,4.0,362667,mateo-cassierra,2026-02-06,False
25/26,lesão na perna,2025-10-20,2025-11-27,39.0,6.0,362667,mateo-cassierra,2025-11-27,False
23/24,Lesão desconhecida,2023-11-12,2023-11-28,17.0,3.0,362667,mateo-cassierra,2023-11-28,False
22/23,Lesão na coxa,2022-10-10,2022-10-31,22.0,4.0,362667,mateo-cassierra,2022-10-31,False
21/22,Lesão muscular,2022-04-30,2022-05-10,11.0,1.0,362667,mateo-cassierra,2022-05-10,False
21/22,Doente,2021-08-17,2021-09-01,16.0,2.0,362667,mateo-cassierra,2021-09-01,False
23/24,Problemas na anca,2021-07-23,2021-08-03,12.0,,362667,mateo-cassierra,2021-08-03,False
20/21,Lesão desconhecida,2021-04-27,2021-05-02,6.0,1.0,362667,mateo-cassierra,2021-05-02,False
18/19,Lesão desconhecida,2018-08-09,2018-08-24,16.0,2.0,362667,mateo-cassierra,2018-08-24,False
23/24,Equimose no Osso,2023-10-01,2023-10-29,29.0,3.0,213841,matheus-doria,2023-10-29,False
22/23,Lesão no tornozelo,2022-07-28,2022-10-05,70.0,13.0,213841,matheus-doria,2022-10-05,True
25/26,Problemas musculares,2026-03-09,2026-03-14,6.0,1.0,657220,rodrigo-villagra,2026-03-14,False
25/26,Recuperação ritmo competitivo,2025-08-21,2025-09-15,26.0,4.0,657220,rodrigo-villagra,2025-09-15,False
25/26,Ferimento da banda lateral,2025-07-05,2025-08-20,47.0,8.0,657220,rodrigo-villagra,2025-08-20,False
24/25,Recuperação ritmo competitivo,2025-03-07,2025-06-02,88.0,15.0,657220,rodrigo-villagra,2025-06-02,True
24/25,Distensão muscular,2025-01-16,2025-01-26,11.0,,657220,rodrigo-villagra,2025-01-26,False
24/25,Febre,2024-08-03,2024-08-05,3.0,1.0,657220,rodrigo-villagra,2024-08-05,False
20/21,Coronavírus,2021-01-08,2021-01-18,11.0,2.0,657220,rodrigo-villagra,2021-01-18,False
25/26,Lesão tornozelo,2026-03-17,,9.0,2.0,649184,carlos-teran,2026-03-26,False
24/25,Lesão na coxa,2025-04-21,2025-07-25,96.0,17.0,649184,carlos-teran,2025-07-25,True
24/25,lesão na perna,2025-03-01,2025-03-20,20.0,3.0,649184,carlos-teran,2025-03-20,False
24/25,lesão na perna,2024-09-16,2024-10-02,17.0,3.0,649184,carlos-teran,2024-10-02,False
24/25,lesão na perna,2024-07-01,2024-08-15,46.0,7.0,649184,carlos-teran,2024-08-15,False
23/24,Operado ao joelho,2024-01-29,2024-03-08,40.0,2.0,649184,carlos-teran,2024-03-08,False
22/23,Lesão na coxa,2023-05-14,2023-06-23,41.0,9.0,649184,carlos-teran,2023-06-23,False
22/23,Problemas físicos,2023-05-01,2023-05-11,11.0,2.0,649184,carlos-teran,2023-05-11,False
21/22,Lesão na coxa,2022-02-21,2022-03-31,39.0,4.0,649184,carlos-teran,2022-03-31,False
21/22,Problemas musculares na coxa,2021-08-23,2021-08-27,5.0,,649184,carlos-teran,2021-08-27,False
21/22,lesão na perna,2021-06-25,2021-08-03,40.0,7.0,649184,carlos-teran,2021-08-03,False
20/21,Lesão na coxa,2021-04-30,2021-05-20,21.0,3.0,649184,carlos-teran,2021-05-20,False
20/21,Lesão na coxa,2021-04-10,2021-04-23,14.0,1.0,649184,carlos-teran,2021-04-23,False
24/25,Lesão muscular,2024-10-13,2024-10-23,11.0,2.0,570521,juan-felipe-aguirre,2024-10-23,False
20/21,Lesão muscular,2021-06-01,2021-06-21,21.0,3.0,570521,juan-felipe-aguirre,2021-06-21,False
24/25,Entorse do tornozelo,2025-05-09,2025-05-24,16.0,1.0,696719,gaston-benavidez,2025-05-24,False
24/25,Distensão muscular,2025-03-11,2025-03-20,10.0,2.0,696719,gaston-benavidez,2025-03-20,False
22/23,Coronavírus,2022-02-09,2022-02-17,9.0,1.0,696719,gaston-benavidez,2022-02-17,False
22/23,Coronavírus,2021-03-20,2021-04-06,18.0,3.0,696719,gaston-benavidez,2021-04-06,False
24/25,Distensão muscular,2025-04-23,2025-05-01,9.0,1.0,585747,juan-portilla,2025-05-01,False
23/24,Gripe,2024-05-31,2024-06-04,5.0,1.0,585747,juan-portilla,2024-06-04,False
25/26,Lesão no púbis,2026-01-15,,70.0,14.0,632246,alejandro-garcia,2026-03-26,True
21/22,Lesão meniscal,2022-02-10,2022-07-01,142.0,20.0,632246,alejandro-garcia,2022-07-01,True
24/25,Traumatismo no joelho,2025-04-15,2025-05-01,17.0,4.0,580461,kevin-viveros,2025-05-01,False
25/26,Problemas musculares,2026-01-18,2026-03-14,56.0,9.0,883623,renan-peixoto,2026-03-14,False
23/24,Problema nos flexores do quadril,2024-04-19,2024-05-24,36.0,6.0,883623,renan-peixoto,2024-05-24,False
22/23,Lesão na tíbia,2023-01-01,2024-03-08,433.0,41.0,883623,renan-peixoto,2024-03-08,True
22/23,Lesão na coxa,2022-10-29,2022-11-13,16.0,2.0,883623,renan-peixoto,2022-11-13,False
21/22,Doente,2022-04-29,2022-05-02,4.0,1.0,883623,renan-peixoto,2022-05-02,False
23/24,Lesão desconhecida,2023-12-04,2024-01-02,30.0,3.0,646677,riccieli,2024-01-02,False
22/23,Lesão desconhecida,2022-08-01,2022-08-23,23.0,3.0,646677,riccieli,2022-08-23,False
21/22,Coronavírus,2021-07-20,2021-07-30,11.0,1.0,646677,riccieli,2021-07-30,False
20/21,Lesão desconhecida,2020-10-28,2020-12-22,56.0,7.0,608943,lucas-silva,2020-12-22,False
25/26,Recuperação ritmo competitivo,2026-01-31,,52.0,12.0,531916,pedro-henrique,2026-03-24,False
18/19,Lesão meniscal,2018-10-01,2018-12-16,77.0,9.0,531916,pedro-henrique,2018-12-16,True
25/26,Fratura de um dedo do pé,2026-02-09,,43.0,8.0,1095547,benassi,2026-03-24,False
25/26,Lesão na cabeça,2026-03-12,2026-03-17,6.0,1.0,593382,jacy,2026-03-17,False
18/19,Lesão desconhecida,2018-11-27,2018-11-30,4.0,1.0,72772,josue,2018-11-30,False
17/18,Lesão desconhecida,2017-11-25,2017-12-26,32.0,6.0,72772,josue,2017-12-26,False
15/16,Lesão na coxa,2016-03-21,2016-04-07,18.0,1.0,72772,josue,2016-04-07,False
15/16,Pequena lesão,2016-03-03,2016-03-07,5.0,1.0,72772,josue,2016-03-07,False
15/16,Problemas físicos,2016-01-07,2016-01-25,19.0,5.0,72772,josue,2016-01-25,False
24/25,Rotura de ligamentos do tornozelo,2025-11-03,,141.0,21.0,638262,rodrigo-rodrigues,2026-03-24,True
25/26,Problemas musculares na coxa,2025-09-13,2025-10-30,48.0,8.0,638262,rodrigo-rodrigues,2025-10-30,False
24/25,Lesão muscular,2025-02-03,2025-03-24,50.0,9.0,638262,rodrigo-rodrigues,2025-03-24,False
24/25,Lesão muscular,2024-12-22,2025-01-19,29.0,5.0,638262,rodrigo-rodrigues,2025-01-19,False
24/25,Lesão na coxa,2024-08-20,2024-09-30,42.0,5.0,638262,rodrigo-rodrigues,2024-09-30,False
25/26,Problemas musculares na coxa,2026-01-22,2026-03-09,47.0,7.0,539203,andre-luis,2026-03-09,False
25/26,Problemas na zona lombar,2025-09-08,2025-10-16,39.0,5.0,539203,andre-luis,2025-10-16,False
24/25,Lesão muscular,2025-05-03,2025-05-16,14.0,2.0,539203,andre-luis,2025-05-16,False
24/25,Lesão muscular,2025-03-02,2025-03-13,12.0,2.0,539203,andre-luis,2025-03-13,False
20/21,Lesão desconhecida,2020-12-17,2021-02-02,48.0,8.0,539203,andre-luis,2021-02-02,False
20/21,Lesão muscular,2020-10-02,2020-11-18,48.0,4.0,539203,andre-luis,2020-11-18,False
18/19,Gripe,2019-04-25,2019-04-30,6.0,1.0,539203,andre-luis,2019-04-30,False
24/25,Lesão no ombro,2025-04-09,2025-05-07,29.0,4.0,490760,tchamba,2025-05-07,False
24/25,Lesão muscular,2024-09-23,2024-11-15,54.0,6.0,490760,tchamba,2024-11-15,False
23/24,Lesão muscular,2024-04-01,2024-04-10,10.0,1.0,490760,tchamba,2024-04-10,False
23/24,Lesão muscular,2023-12-29,2024-01-09,12.0,2.0,490760,tchamba,2024-01-09,False
23/24,Lesão muscular,2023-08-07,2023-10-03,58.0,8.0,490760,tchamba,2023-10-03,False
22/23,Lesão desconhecida,2022-07-01,2023-02-13,228.0,31.0,490760,tchamba,2023-02-13,True
21/22,Coronavírus,2021-08-10,2021-08-23,14.0,3.0,358738,cristian-tassano,2021-08-23,False
20/21,Lesão desconhecida,2020-12-15,2021-03-31,107.0,17.0,358738,cristian-tassano,2021-03-31,True
19/20,Lesão muscular,2019-10-06,2019-11-06,32.0,4.0,358738,cristian-tassano,2019-11-06,False
17/18,Lesão no joelho,2017-08-09,2017-11-09,93.0,13.0,358738,cristian-tassano,2017-11-09,True
16/17,Problemas no tendão de Aquiles,2016-09-03,2016-10-01,29.0,4.0,358738,cristian-tassano,2016-10-01,False
24/25,Lesão desconhecida,2025-03-11,2025-05-06,57.0,8.0,539135,leo-andrade,2025-05-06,False
24/25,Entorse,2024-10-19,2024-11-01,14.0,1.0,539135,leo-andrade,2024-11-01,False
23/24,Lesão nos adutores,2024-03-12,2024-03-31,20.0,2.0,401521,braian-cufre,2024-03-31,False
23/24,Lesão nos adutores,2023-12-27,2024-02-29,65.0,13.0,401521,braian-cufre,2024-02-29,True
25/26,Abcesso,2025-08-04,2025-09-17,45.0,4.0,663077,leonel-picco,2025-09-17,False
24/25,Lesão na panturrilha,2024-11-05,2024-11-09,5.0,1.0,663077,leonel-picco,2024-11-09,False
24/25,Lesão muscular,2024-07-26,2024-08-14,20.0,3.0,663077,leonel-picco,2024-08-14,False
23/24,Problemas musculares,2023-10-06,2023-11-01,27.0,3.0,62415,panagiotis-tachtsidis,2023-11-01,False
20/21,Coronavírus,2020-08-24,2020-09-18,26.0,,62415,panagiotis-tachtsidis,2020-09-18,False
19/20,Lesão no joelho,2020-01-27,2020-02-10,15.0,2.0,62415,panagiotis-tachtsidis,2020-02-10,False
19/20,Problemas musculares na coxa,2019-09-23,2019-09-27,5.0,1.0,62415,panagiotis-tachtsidis,2019-09-27,False
16/17,Distensão muscular,2016-11-10,2016-12-04,25.0,4.0,62415,panagiotis-tachtsidis,2016-12-04,False
15/16,Lesão desconhecida,2016-01-22,2016-01-29,8.0,1.0,62415,panagiotis-tachtsidis,2016-01-29,False
15/16,Lesão desconhecida,2015-12-05,2015-12-07,3.0,1.0,62415,panagiotis-tachtsidis,2015-12-07,False
12/13,Problemas musculares na coxa,2012-11-16,2012-12-01,16.0,1.0,62415,panagiotis-tachtsidis,2012-12-01,False
25/26,Ruptura muscular,2025-09-09,2025-09-12,4.0,1.0,833886,franco-catarozzi,2025-09-12,False
21/22,Lesão desconhecida,2021-09-20,2021-10-28,39.0,6.0,833886,franco-catarozzi,2021-10-28,False
23/24,Rotura dos ligamentos,2023-10-14,2023-11-11,29.0,2.0,726092,jaja,2023-11-11,False
23/24,Meniskusreizung,2024-03-23,2024-04-12,21.0,2.0,298410,joao-pedro,2024-04-12,False
23/24,Lesão no joelho,2023-07-31,2023-08-21,22.0,,298410,joao-pedro,2023-08-21,False
25/26,Rotura dos ligamentos cruzados,2025-09-17,,188.0,12.0,671292,bruno-matias,2026-03-24,True
25/26,Lesão no joelho,2026-01-02,2026-02-21,51.0,12.0,639751,neto-pessoa,2026-02-21,False
20/21,Coronavírus,2021-01-16,2021-02-01,17.0,3.0,284701,samuel-portugal,2021-02-01,False
19/20,Lesão desconhecida,2019-10-06,2019-11-11,37.0,5.0,375820,henrique-gelain,2019-11-11,False
23/24,Lesão desconhecida,2024-04-08,2024-05-10,33.0,3.0,554993,marcos-moser,2024-05-10,False
25/26,Lesão desconhecida,2026-01-26,,57.0,9.0,553062,vitor-carvalho,2026-03-24,False
25/26,Lesão desconhecida,2025-10-15,2025-11-05,22.0,5.0,553062,vitor-carvalho,2025-11-05,False
24/25,Lesão desconhecida,2025-02-01,2025-03-27,55.0,8.0,553062,vitor-carvalho,2025-03-27,False
24/25,Lesão muscular,2024-07-22,2024-07-29,8.0,1.0,553062,vitor-carvalho,2024-07-29,False
21/22,Lesão desconhecida,2022-02-01,2022-02-03,3.0,1.0,553062,vitor-carvalho,2022-02-03,False
19/20,Lesão desconhecida,2020-02-23,2020-06-01,100.0,2.0,553062,vitor-carvalho,2020-06-01,True
19/20,Problemas musculares na coxa,2019-08-13,2019-08-23,11.0,2.0,104850,chiquinho,2019-08-23,False
25/26,Lesão desconhecida,2025-11-05,2026-01-26,83.0,11.0,484873,kady-borges,2026-01-26,True
22/23,Fratura terço médio da face,2023-04-25,2023-06-09,46.0,8.0,484873,kady-borges,2023-06-09,False
22/23,Lesão desconhecida,2022-10-13,2022-10-18,6.0,1.0,484873,kady-borges,2022-10-18,False
22/23,Lesão desconhecida,2022-10-30,2022-11-09,11.0,1.0,383637,evandro,2022-11-09,False
20/21,Lesão no joelho,2020-11-02,2021-03-11,130.0,19.0,383637,evandro,2021-03-11,True
18/19,Rotura muscular,2019-02-24,2019-03-07,12.0,1.0,383637,evandro,2019-03-07,False
21/22,Rotura parcial de ligamento,2022-02-15,2022-10-15,243.0,6.0,381430,fabricio-alvarenga,2022-10-15,True
11/12,Problemas na panturrilha,2012-03-26,2012-06-01,68.0,14.0,15880,kleber,2012-06-01,True
25/26,Rotura muscular na coxa,2025-10-17,2025-11-04,19.0,2.0,348260,edson-mardden,2025-11-04,False
19/20,Lesão no joelho,2019-07-30,2019-11-10,104.0,21.0,348260,edson-mardden,2019-11-10,True
21/22,Lesão tornozelo,2021-05-22,2021-12-10,203.0,40.0,211300,rafael-bonfim,2021-12-10,True
19/20,Fratura do nariz,2019-09-12,2019-09-21,10.0,,225639,wellington-carvalho,2019-09-21,False
18/19,Lesão desconhecida,2019-05-01,2019-06-05,36.0,7.0,225639,wellington-carvalho,2019-06-05,False
12/13,Problemas musculares,2012-11-09,2012-11-25,17.0,2.0,76092,willians,2012-11-25,False
18/19,Rotura de ligamentos no joelho,2019-05-15,2020-02-01,263.0,,53757,felipe-menezes,2020-02-01,True
21/22,Lesão dos ligamentos laterais do joelho,2022-02-13,2022-12-31,322.0,26.0,68845,willians-santana,2022-12-31,True
19/20,Lesão na coxa,2019-08-11,2019-10-01,52.0,10.0,68845,willians-santana,2019-10-01,False
15/16,Problemas no tendão de Aquiles,2016-03-27,2016-04-28,33.0,4.0,68845,willians-santana,2016-04-28,False
19/20,Lesão muscular,2019-08-22,2019-10-10,50.0,6.0,84654,mazola,2019-10-10,False
14/15,Teilschädigung am Kreuzband,2014-11-22,2015-07-17,238.0,27.0,26231,tiago-cardoso,2015-07-17,True
09/10,Fibra muscular rasgado,2009-09-20,2009-10-20,31.0,5.0,93178,victor-ramos,2009-10-20,False
24/25,Lesão desconhecida,2024-10-31,2024-11-19,20.0,2.0,280283,raphael-silva,2024-11-19,False
18/19,Lesão desconhecida,2018-10-01,2018-10-17,17.0,1.0,280283,raphael-silva,2018-10-17,False
21/22,Lesão na anca,2022-05-01,2022-05-31,31.0,5.0,520459,william,2022-05-31,False
19/20,Reação de estresse do osso,2020-05-12,2020-08-01,82.0,10.0,520459,william,2020-08-01,True
14/15,Problemas no Joelho,2015-06-09,2015-07-16,38.0,,363774,everton,2015-07-16,False
13/14,Lesão desconhecida,2014-05-05,2014-05-18,14.0,2.0,55489,renato-caja,2014-05-18,False
13/14,Lesão desconhecida,2014-03-08,2014-03-18,11.0,1.0,55489,renato-caja,2014-03-18,False
17/18,Ligamento intra-articular rasgado do joelho,2017-07-02,2017-08-13,43.0,5.0,98511,felipe-garcia,2017-08-13,False
23/24,Lesão desconhecida,2024-04-16,2024-04-26,11.0,2.0,593206,robson-duarte,2024-04-26,False
21/22,Quarentena,2021-12-27,2022-01-10,15.0,,593206,robson-duarte,2022-01-10,False
20/21,Lesão desconhecida,2021-08-01,2021-08-10,10.0,1.0,593206,robson-duarte,2021-08-10,False
18/19,Lesão desconhecida,2019-04-12,2019-04-29,18.0,4.0,593206,robson-duarte,2019-04-29,False
14/15,Lesão na coxa,2015-05-01,2015-05-30,30.0,4.0,147404,junior-vicosa,2015-05-30,False
21/22,Lesão tornozelo,2021-09-19,2021-10-09,21.0,2.0,132060,jorge-fellipe,2021-10-09,False
09/10,Lesão desconhecida,2009-07-04,2009-09-27,86.0,18.0,7336,juan,2009-09-27,True
16/17,Lesão no joelho,2017-04-08,2017-08-05,120.0,26.0,99500,wellington-silva,2017-08-05,True
15/16,Lesão muscular,2015-08-21,2015-09-04,15.0,4.0,99500,wellington-silva,2015-09-04,False
07/08,Rotura parcial de ligamento,2008-04-15,2008-12-01,231.0,37.0,68723,dick,2008-12-01,True
24/25,Lesão desconhecida,2025-04-19,2025-05-04,16.0,3.0,594220,da-silva,2025-05-04,False
19/20,Lesão no ombro,2019-10-07,2020-09-05,335.0,18.0,155351,ferrugem,2020-09-05,True
19/20,Problemas musculares na coxa,2019-08-30,2019-09-27,29.0,5.0,155351,ferrugem,2019-09-27,False
19/20,Problemas musculares na coxa,2019-08-01,2019-08-21,21.0,3.0,155351,ferrugem,2019-08-21,False
09/10,Lesão no ombro,2010-02-08,2010-03-07,28.0,4.0,123708,marcos-antonio,2010-03-07,False
16/17,Lesão desconhecida,2017-01-09,2017-02-10,33.0,5.0,141850,daniel-costa,2017-02-10,False
22/23,Entorse no joelho,2023-05-28,2024-07-06,406.0,55.0,109652,neto-berola,2024-07-06,True
22/23,Lesão no joelho,2022-07-25,2023-04-13,263.0,35.0,109652,neto-berola,2023-04-13,True
21/22,Lesão desconhecida,2022-03-07,2022-06-12,98.0,17.0,109652,neto-berola,2022-06-12,True
24/25,Fissura da banda do joelho,2024-11-10,2025-02-14,97.0,7.0,271353,niltinho,2025-02-14,True
19/20,Lesão desconhecida,2019-07-19,2019-12-10,145.0,18.0,271353,niltinho,2019-12-10,True
18/19,Lesão desconhecida,2018-10-18,2018-10-30,13.0,2.0,271353,niltinho,2018-10-30,False
15/16,Lesão desconhecida,2015-08-22,2015-09-15,25.0,3.0,271353,niltinho,2015-09-15,False
20/21,Fibra muscular rasgado,2020-09-09,2020-09-27,19.0,3.0,243185,daniel-angulo,2020-09-27,False
16/17,lesão na perna,2017-02-02,2017-03-20,47.0,10.0,243185,daniel-angulo,2017-03-20,False
15/16,Choque,2015-10-20,2015-11-14,26.0,6.0,243185,daniel-angulo,2015-11-14,False
15/16,Lesão no joelho,2015-09-25,2015-10-09,15.0,4.0,243185,daniel-angulo,2015-10-09,False
21/22,Fadiga muscular,2021-09-17,2021-09-29,13.0,1.0,68542,german-pacheco,2021-09-29,False
15/16,Lesão no joelho,2015-06-01,2015-09-01,93.0,12.0,52850,wilson,2015-09-01,True
19/20,Lesão no joelho,2019-10-28,2019-11-06,10.0,2.0,446043,getterson-alves,2019-11-06,False
19/20,Problemas musculares,2019-08-12,2019-08-20,9.0,1.0,124183,renan-fonseca,2019-08-20,False
24/25,Cirurgia Ligamento Cruzado,2025-05-27,2026-04-03,312.0,37.0,688686,heitor-roca,2026-04-03,True
21/22,Lesão desconhecida,2022-03-10,2022-04-22,44.0,6.0,689818,vitinho,2022-04-22,False
21/22,Lesão desconhecida,2021-07-12,2021-09-28,79.0,7.0,689818,vitinho,2021-09-28,True
19/20,Braço fraturado,2020-08-20,2020-09-10,22.0,1.0,689818,vitinho,2020-09-10,False
19/20,Problemas musculares na coxa,2019-10-10,2019-10-25,16.0,3.0,95274,paulinho,2019-10-25,False
21/22,Lesão no tornozelo,2022-03-03,2022-06-05,95.0,13.0,333857,murilo-henrique,2022-06-05,True
21/22,Recuperação ritmo competitivo,2022-02-01,2022-02-17,17.0,,333857,murilo-henrique,2022-02-17,False
20/21,Lesão desconhecida,2021-08-23,2021-08-31,9.0,2.0,333857,murilo-henrique,2021-08-31,False
14/15,Lesão do ligamento cruzado,2014-09-04,2015-09-01,363.0,70.0,296912,daniel,2015-09-01,True
11/12,Operado ao joelho,2011-06-15,2011-09-30,108.0,32.0,19082,luis-fabiano,2011-09-30,True
10/11,Ligamento Esticado,2011-03-06,2011-04-15,41.0,9.0,19082,luis-fabiano,2011-04-15,False
10/11,Problemas musculares,2010-11-22,2010-12-13,22.0,4.0,19082,luis-fabiano,2010-12-13,False
09/10,Lesão no tornozelo,2009-12-05,2010-01-13,40.0,6.0,19082,luis-fabiano,2010-01-13,False
08/09,Problemas no Joelho,2009-01-29,2009-02-26,29.0,6.0,19082,luis-fabiano,2009-02-26,False
08/09,Lesão nos adutores,2008-09-20,2008-10-12,23.0,2.0,19082,luis-fabiano,2008-10-12,False
25/26,Rotura do tendão de Aquiles,2026-01-20,2026-07-20,182.0,4.0,514298,yuri-tanque,2026-07-20,True
23/24,Lesão no tornozelo,2024-05-20,2024-07-11,53.0,10.0,514298,yuri-tanque,2024-07-11,False
18/19,Lesão nos adutores,2019-03-18,2019-07-01,106.0,13.0,514298,yuri-tanque,2019-07-01,True
23/24,Teilschädigung am Kreuzband,2024-06-24,2025-05-20,331.0,50.0,202959,neto-volpi,2025-05-20,True
22/23,Gripe gastrointestinal,2022-07-14,2022-08-25,43.0,7.0,202959,neto-volpi,2022-08-25,False
14/15,Problemas físicos,2015-05-06,2015-05-13,8.0,1.0,179020,alemao,2015-05-13,False
24/25,Lesão na panturrilha,2025-05-26,2025-07-21,57.0,9.0,374090,henrique-trevisan,2025-07-21,False
24/25,Lesão na panturrilha,2024-09-15,2024-10-27,43.0,4.0,374090,henrique-trevisan,2024-10-27,False
22/23,Lesão no ombro,2022-07-05,2023-02-01,212.0,15.0,374090,henrique-trevisan,2023-02-01,True
21/22,Explosão acromioclavicular,2022-04-30,2022-06-11,43.0,8.0,374090,henrique-trevisan,2022-06-11,False
20/21,Lesão na anca,2021-02-23,2021-04-26,63.0,13.0,374090,henrique-trevisan,2021-04-26,True
20/21,Coronavírus,2021-01-15,2021-02-12,29.0,6.0,374090,henrique-trevisan,2021-02-12,False
12/13,Rotura dos ligamentos cruzados,2013-04-14,2013-10-14,184.0,40.0,75059,diego-renan,2013-10-14,True
17/18,Lesão desconhecida,2017-12-25,2017-12-29,5.0,1.0,54275,andre-santos,2017-12-29,False
15/16,Lesão na coxa,2016-05-07,2016-05-31,25.0,4.0,54275,andre-santos,2016-05-31,False
12/13,Rotura muscular,2013-01-09,2013-01-20,12.0,,54275,andre-santos,2013-01-20,False
12/13,Distensão abdominal,2012-11-17,2013-01-04,49.0,12.0,54275,andre-santos,2013-01-04,False
11/12,Operação ao tornozelo,2011-12-14,2012-03-12,90.0,18.0,54275,andre-santos,2012-03-12,True
11/12,Entorse na tibiotársica,2011-12-07,2011-12-13,7.0,1.0,54275,andre-santos,2011-12-13,False
10/11,Problemas na virilha,2010-11-09,2010-11-15,7.0,1.0,54275,andre-santos,2010-11-15,False
09/10,Lesão desconhecida,2010-01-10,2010-01-15,6.0,1.0,54275,andre-santos,2010-01-15,False
19/20,Lesão tornozelo,2019-08-01,2019-09-20,51.0,9.0,214699,guilherme-lazaroni,2019-09-20,False
18/19,Lesão na cabeça,2018-10-03,2018-11-01,30.0,3.0,214699,guilherme-lazaroni,2018-11-01,False
19/20,Fratura na face,2019-09-16,2019-09-24,9.0,1.0,49141,ze-antonio,2019-09-24,False
25/26,Contra,2026-02-15,2026-03-07,21.0,2.0,178893,victor-cedron,2026-03-07,False
25/26,Operado ao joelho,2025-08-25,2025-12-31,129.0,11.0,178893,victor-cedron,2025-12-31,True
25/26,Lesão meniscal,2025-08-17,2025-08-25,9.0,1.0,178893,victor-cedron,2025-08-25,False
24/25,Muskelbündelriss,2025-06-21,2025-07-18,28.0,3.0,178893,victor-cedron,2025-07-18,False
24/25,Muskelbündelriss,2024-09-15,2024-10-30,46.0,4.0,178893,victor-cedron,2024-10-30,False
21/22,Fadiga muscular,2021-08-02,2021-08-07,6.0,1.0,178893,victor-cedron,2021-08-07,False
21/22,Distensão dos adutores,2022-01-29,2022-05-01,93.0,13.0,333602,juninho,2022-05-01,True
08/09,Problemas no Joelho,2008-08-18,2009-04-26,252.0,43.0,77389,maikon-leite,2009-04-26,True
23/24,Lesão do ligamento cruzado,2023-10-23,2024-09-01,315.0,27.0,432976,gustavo-ermel,2024-09-01,True
17/18,Lesão desconhecida,2017-08-18,2017-09-26,40.0,5.0,432976,gustavo-ermel,2017-09-26,False
17/18,Lesão desconhecida,2017-10-03,2017-10-24,22.0,4.0,61379,henan,2017-10-24,False
16/17,Lesão desconhecida,2017-05-13,2017-06-04,23.0,3.0,269866,roni,2017-06-04,False
22/23,Recuperação ritmo competitivo,2023-07-07,2023-07-18,12.0,3.0,516127,walterson-silva,2023-07-18,False
21/22,Coronavírus,2022-01-29,2022-02-04,7.0,1.0,516127,walterson-silva,2022-02-04,False
21/22,Lesão desconhecida,2021-08-09,2021-08-30,22.0,3.0,516127,walterson-silva,2021-08-30,False
18/19,Problemas no tendão de Aquiles,2019-03-30,2019-04-11,13.0,1.0,186459,bruno-nunes,2019-04-11,False
20/21,Lesão muscular,2021-01-07,2021-03-15,68.0,11.0,269467,cesar-martins,2021-03-15,True
20/21,Lesão desconhecida,2020-12-01,2020-12-30,30.0,3.0,269467,cesar-martins,2020-12-30,False
20/21,Lesão desconhecida,2020-10-27,2020-11-15,20.0,2.0,269467,cesar-martins,2020-11-15,False
17/18,Lesão desconhecida,2017-10-17,2017-10-31,15.0,3.0,269467,cesar-martins,2017-10-31,False
14/15,Problemas musculares na coxa,2015-01-14,2015-03-20,66.0,11.0,269467,cesar-martins,2015-03-20,True
13/14,Rotura muscular na coxa,2014-04-10,2014-05-10,31.0,4.0,52432,felipe-mattioni,2014-05-10,False
11/12,Rotura dos ligamentos cruzados,2011-09-01,2012-06-01,275.0,43.0,52432,felipe-mattioni,2012-06-01,True
10/11,Rotura dos ligamentos cruzados,2010-08-18,2011-02-18,185.0,27.0,52432,felipe-mattioni,2011-02-18,True
14/15,Lesão na panturrilha,2015-02-09,2015-09-24,228.0,56.0,335698,matheus-bertotto,2015-09-24,True
17/18,Problemas físicos,2018-04-10,2018-05-01,22.0,3.0,125521,gustavo-aprile,2018-05-01,False
12/13,Rotura dos ligamentos cruzados,2013-01-01,2013-09-01,244.0,15.0,42764,gui-finkler,2013-09-01,True
22/23,Contusão pulmonar,2022-09-20,2023-01-01,104.0,8.0,112060,tony,2023-01-01,True
22/23,Lesão na coxa,2023-06-12,2023-07-24,43.0,7.0,520090,caprini,2023-07-24,False
16/17,Problemas musculares,2017-04-21,2017-04-30,10.0,1.0,37598,rubinho,2017-04-30,False
13/14,Problemas físicos,2013-09-13,2013-10-03,21.0,6.0,37598,rubinho,2013-10-03,False
11/12,Lesão no dedo,2011-09-09,2011-09-20,12.0,2.0,37598,rubinho,2011-09-20,False
10/11,Gripe,2011-04-06,2011-04-15,10.0,1.0,19695,gustavo,2011-04-15,False
24/25,Fissura da banda lateral,2024-07-02,2024-08-18,48.0,6.0,391497,lucas-lovat,2024-08-18,False
22/23,Pequena lesão,2022-07-01,2022-07-10,10.0,1.0,391497,lucas-lovat,2022-07-10,False
21/22,Lesão muscular,2022-03-07,2022-03-30,24.0,3.0,391497,lucas-lovat,2022-03-30,False
21/22,Muskelquetschung,2022-02-01,2022-02-22,22.0,2.0,391497,lucas-lovat,2022-02-22,False
21/22,Lesão desconhecida,2021-07-01,2021-12-31,184.0,36.0,391497,lucas-lovat,2021-12-31,True
20/21,Lesão desconhecida,2021-03-02,2021-04-26,56.0,9.0,391497,lucas-lovat,2021-04-26,False
19/20,Problemas musculares,2019-12-04,2019-12-27,24.0,1.0,391497,lucas-lovat,2019-12-27,False
22/23,Lesão desconhecida,2022-08-20,2022-10-05,47.0,5.0,261452,tiago-cameta,2022-10-05,False
19/20,Lesão desconhecida,2020-06-12,2020-06-20,9.0,1.0,261452,tiago-cameta,2020-06-20,False
23/24,Operado ao joelho,2023-08-02,2023-09-15,45.0,5.0,349744,judson,2023-09-15,False
23/24,Lesão no joelho,2023-07-20,2023-08-01,13.0,2.0,349744,judson,2023-08-01,False
22/23,Problemas no Joelho,2023-02-20,2023-03-24,33.0,4.0,349744,judson,2023-03-24,False
18/19,lesão na perna,2019-04-01,2019-04-18,18.0,2.0,349744,judson,2019-04-18,False
20/21,Quarentena,2020-07-29,2020-08-11,14.0,1.0,68558,alejandro-martinuccio,2020-08-11,False
16/17,Lesão no joelho,2016-10-14,2016-12-31,79.0,14.0,68558,alejandro-martinuccio,2016-12-31,True
22/23,Fissura da banda,2022-04-01,2022-10-01,184.0,,100242,guillermo-beltran,2022-10-01,True
16/17,Fibra muscular rasgado,2016-10-30,2016-12-11,43.0,5.0,53532,dirceu,2016-12-11,False
16/17,Lesão muscular,2016-09-16,2016-10-07,22.0,2.0,53532,dirceu,2016-10-07,False
24/25,Lesão do ligamento cruzado,2024-07-30,,604.0,77.0,437777,marcondes,2026-03-26,True
23/24,Rotura de ligamentos no joelho,2023-08-23,2024-06-09,292.0,45.0,437777,marcondes,2024-06-09,True
19/20,Rotura do menisco,2019-08-08,2020-02-01,178.0,27.0,437777,marcondes,2020-02-01,True
22/23,Lesão desconhecida,2023-02-01,2023-05-01,90.0,13.0,597087,lucas-africo,2023-05-01,True
21/22,Lesão no joelho,2021-11-18,2022-09-13,300.0,31.0,597087,lucas-africo,2022-09-13,True
19/20,Problemas musculares na coxa,2019-09-05,2019-10-28,54.0,,634738,pedro-cacho,2019-10-28,False
17/18,Lesão na coxa,2017-10-19,2017-11-05,18.0,3.0,225392,thiago-primao,2017-11-05,False
21/22,Lesão desconhecida,2021-07-20,2021-08-31,43.0,5.0,211094,higor-leite,2021-08-31,False
14/15,Edema do osso,2015-03-22,2015-04-11,21.0,5.0,26266,dagoberto,2015-04-11,False
11/12,Operado ao joelho,2011-12-06,2013-03-06,457.0,78.0,68821,keirrison,2013-03-06,True
14/15,Traumatismo,2015-05-08,2015-05-23,16.0,2.0,75363,luiz,2015-05-23,False
20/21,Ferimento na musculatura da barriga,2020-08-14,2020-10-15,63.0,15.0,53356,sandro,2020-10-15,True
11/12,Lesão no tornozelo,2012-04-04,2012-05-04,31.0,6.0,195604,sueliton,2012-05-04,False
23/24,Lesão no joelho,2024-04-15,2024-07-31,108.0,11.0,604929,gabriel-honorio,2024-07-31,True
22/23,Lesão desconhecida,2022-12-08,2023-01-15,39.0,5.0,294823,joanderson,2023-01-15,False
19/20,Lesão no bíceps femoral,2020-07-13,2020-08-03,22.0,4.0,294823,joanderson,2020-08-03,False
23/24,Fratura do tornozelo,2023-10-03,2024-01-01,91.0,10.0,178942,bruno-brigido,2024-01-01,True
18/19,Pneumonia,2019-01-19,2019-02-18,31.0,5.0,178942,bruno-brigido,2019-02-18,False
16/17,Lesão na virilha,2016-11-24,2016-12-05,12.0,3.0,86917,fabricio,2016-12-05,False
15/16,Problemas na virilha,2015-11-19,2015-11-26,8.0,1.0,86917,fabricio,2015-11-26,False
12/13,Problemas na anca,2013-04-07,2013-04-22,16.0,2.0,42853,ferreira,2013-04-22,False
19/20,Problemas musculares na coxa,2019-09-30,2019-10-10,11.0,2.0,154981,baraka,2019-10-10,False
25/26,Fadiga muscular,2025-09-18,2025-10-01,14.0,3.0,593945,luan-silva,2025-10-01,False
21/22,Lesão na coxa,2022-05-07,2022-05-26,20.0,4.0,216131,bruno-mendes,2022-05-26,False
19/20,Lesão na panturrilha,2019-10-19,2019-12-08,51.0,5.0,216131,bruno-mendes,2019-12-08,False
24/25,Lesão desconhecida,2025-08-01,2025-09-01,32.0,5.0,685803,nicolas-gianini-dantas,2025-09-01,False
24/25,Lesão desconhecida,2025-07-01,2025-07-10,10.0,2.0,685803,nicolas-gianini-dantas,2025-07-10,False
24/25,Lesão desconhecida,2025-05-08,2025-05-17,10.0,2.0,685803,nicolas-gianini-dantas,2025-05-17,False
22/23,Lesão desconhecida,2023-06-01,2023-09-25,117.0,7.0,85308,washington,2023-09-25,True
17/18,Edema do osso,2018-03-06,2018-04-03,29.0,2.0,85308,washington,2018-04-03,False
17/18,Problemas musculares,2017-08-07,2017-08-14,8.0,1.0,85308,washington,2017-08-14,False
24/25,Lesão desconhecida,2025-01-15,2025-03-26,71.0,10.0,585346,baltazar,2025-03-26,True
23/24,Lesão desconhecida,2023-09-27,2023-10-18,22.0,2.0,585346,baltazar,2023-10-18,False
21/22,Lesão desconhecida,2021-08-25,2021-10-13,50.0,6.0,585346,baltazar,2021-10-13,False
18/19,Lesão meniscal,2018-11-21,2019-03-27,127.0,12.0,585346,baltazar,2019-03-27,True
25/26,Rotura do tendão de Aquiles,2025-07-16,2025-12-01,139.0,4.0,404199,keke,2025-12-01,True
24/25,Lesão na coxa,2025-06-01,2025-06-29,29.0,2.0,404199,keke,2025-06-29,False
25/26,Lesão do ligamento cruzado,2025-10-23,,154.0,5.0,687347,emerson-deocleciano,2026-03-26,True
24/25,lesão na perna,2024-09-10,2024-11-11,63.0,15.0,687347,emerson-deocleciano,2024-11-11,True
24/25,lesão na perna,2024-07-23,2024-08-15,24.0,5.0,687347,emerson-deocleciano,2024-08-15,False
24/25,Lesão desconhecida,2025-02-05,2025-03-10,34.0,6.0,232296,ramon-machado,2025-03-10,False
22/23,Muskelquetschung,2023-01-24,2023-02-03,11.0,1.0,232296,ramon-machado,2023-02-03,False
17/18,Lesão na coxa,2017-09-10,2017-10-19,40.0,7.0,232296,ramon-machado,2017-10-19,False
12/13,Fibra muscular rasgado,2013-04-20,2013-05-14,25.0,3.0,232296,ramon-machado,2013-05-14,False
15/16,Lesão desconhecida,2016-02-01,2016-05-31,121.0,15.0,100329,alex-henrique,2016-05-31,True
20/21,Lesão desconhecida,2021-05-17,2021-06-30,45.0,4.0,592377,felipe-silva,2021-06-30,False
20/21,Lesão na coxa,2021-02-22,2021-03-12,19.0,2.0,592377,felipe-silva,2021-03-12,False
18/19,Lesão desconhecida,2019-05-14,2019-05-28,15.0,3.0,592377,felipe-silva,2019-05-28,False
14/15,Problemas no Joelho,2015-06-24,2015-08-11,49.0,10.0,107317,luis-caceres,2015-08-11,False
19/20,Problemas no Joelho,2019-11-01,2019-11-19,19.0,4.0,55480,pedro-carmona,2019-11-19,False
15/16,Problemas musculares,2015-08-01,2015-09-01,32.0,5.0,55480,pedro-carmona,2015-09-01,False
15/16,Problemas musculares,2015-07-03,2015-07-19,17.0,5.0,55480,pedro-carmona,2015-07-19,False
17/18,Fratura na face,2017-11-05,2017-11-12,8.0,2.0,413297,moises-brito,2017-11-12,False
24/25,Lesão na coxa,2025-06-01,2025-06-13,13.0,1.0,113389,caion,2025-06-13,False
24/25,Lesão na panturrilha,2025-01-08,2025-01-18,11.0,1.0,113389,caion,2025-01-18,False
17/18,Lesão desconhecida,2018-04-08,2018-05-31,54.0,9.0,113389,caion,2018-05-31,False
10/11,Rotura dos ligamentos cruzados,2010-08-01,2011-03-01,213.0,39.0,152922,andre-vinicius,2011-03-01,True
19/20,Lesão dos ligamentos laterais do joelho,2019-09-08,,2391.0,60.0,436832,bruno-lima,2026-03-26,True
23/24,Lesão desconhecida,2024-04-12,2024-04-22,11.0,2.0,614325,cassio,2024-04-22,False
23/24,Rotura dos ligamentos cruzados,2023-10-02,2024-06-30,273.0,24.0,514674,conrado,2024-06-30,True
22/23,Lesão desconhecida,2023-02-19,2023-03-20,30.0,4.0,514674,conrado,2023-03-20,False
20/21,Problemas musculares,2021-04-17,2021-04-30,14.0,3.0,271368,william-cordeiro,2021-04-30,False
18/19,Lesão na coxa,2019-05-04,2019-05-18,15.0,1.0,380885,henrique,2019-05-18,False
13/14,Lesão desconhecida,2013-11-10,2014-01-01,53.0,6.0,30505,ze-love,2014-01-01,False
12/13,Rotura muscular,2012-12-08,2012-12-30,23.0,4.0,30505,ze-love,2012-12-30,False
12/13,Queixas adutores,2012-11-06,2012-11-27,22.0,3.0,30505,ze-love,2012-11-27,False
11/12,Lesão no tornozelo,2011-08-10,2011-12-01,114.0,13.0,30505,ze-love,2011-12-01,True
14/15,Rotura muscular na coxa,2015-06-30,2015-07-30,31.0,,283167,bruno-lopes,2015-07-30,False
22/23,Problemas físicos,2022-08-22,2023-01-14,146.0,13.0,345401,nicolas-careca,2023-01-14,True
16/17,Problemas físicos,2017-04-16,2017-05-01,16.0,2.0,83757,william-alves,2017-05-01,False
22/23,Lesão na panturrilha,2023-11-15,2023-11-27,13.0,1.0,377576,hugo-gomes,2023-11-27,False
20/21,Problemas físicos,2021-04-06,2021-04-11,6.0,1.0,435169,roger,2021-04-11,False
20/21,Lesão no joelho,2020-11-08,2020-12-25,48.0,2.0,435169,roger,2020-12-25,False
24/25,Rotura dos ligamentos cruzados,2025-03-02,,389.0,41.0,281437,elder-santana,2026-03-26,True
21/22,Lesão desconhecida,2022-10-08,2022-10-20,13.0,3.0,419146,alex-ruan,2022-10-20,False
20/21,Lesão desconhecida,2021-09-17,2021-11-28,73.0,14.0,419146,alex-ruan,2021-11-28,True
20/21,Lesão desconhecida,2021-06-30,2021-07-18,19.0,5.0,419146,alex-ruan,2021-07-18,False
20/21,Lesão desconhecida,2021-06-20,2021-06-22,3.0,,419146,alex-ruan,2021-06-22,False
19/20,Lesão no joelho,2019-07-21,2019-09-20,62.0,,592341,ze-augusto,2019-09-20,True
23/24,Lesão no joelho,2024-04-10,2024-06-09,61.0,11.0,262002,welinton-junior,2024-06-09,True
22/23,Lesão desconhecida,2022-09-29,2022-10-25,27.0,4.0,262002,welinton-junior,2022-10-25,False
19/20,Lesão nos adutores,2019-10-09,2019-10-16,8.0,,262002,welinton-junior,2019-10-16,False
24/25,Lesão no cotovelo,2025-01-26,2025-03-27,61.0,7.0,136574,gustavo-busatto,2025-03-27,True
24/25,Fratura do nariz,2024-10-24,2024-11-23,31.0,4.0,136574,gustavo-busatto,2024-11-23,False
23/24,Lesão desconhecida,2024-05-04,2024-05-31,28.0,2.0,373187,maracas,2024-05-31,False
21/22,Lesão desconhecida,2022-05-01,2022-05-30,30.0,3.0,373187,maracas,2022-05-30,False
21/22,Lesão desconhecida,2021-08-10,2021-08-24,15.0,4.0,373187,maracas,2021-08-24,False
14/15,Rotura do ligamento externo do joelho,2015-05-16,2015-11-16,185.0,,325123,romulo-silva,2015-11-16,True
23/24,Lesão desconhecida,2023-08-24,2023-09-15,23.0,2.0,554291,james,2023-09-15,False
19/20,Fratura do perónio,2020-06-06,2021-06-30,390.0,48.0,520469,junio,2021-06-30,True
18/19,lesão na perna,2018-06-15,2018-08-01,48.0,11.0,546804,bruninho,2018-08-01,False
22/23,Lesão desconhecida,2022-08-24,2022-09-26,34.0,4.0,430121,everton,2022-09-26,False
18/19,Lesão desconhecida,2018-07-01,2018-08-15,46.0,2.0,430121,everton,2018-08-15,False
19/20,Lesão muscular,2019-07-16,2019-09-26,73.0,15.0,547009,uilliam,2019-09-26,True
11/12,Problemas na anca,2011-08-18,2012-04-07,234.0,22.0,67834,darley,2012-04-07,True
24/25,Lesão desconhecida,2024-08-15,2024-10-04,51.0,9.0,510782,rodrigao,2024-10-04,False
24/25,Lesão desconhecida,2024-07-14,2024-08-12,30.0,5.0,510782,rodrigao,2024-08-12,False
22/23,Rotura no tendão do adutor,2023-05-14,2023-09-18,128.0,15.0,510782,rodrigao,2023-09-18,True
22/23,Ferimento na musculatura da barriga,2022-11-01,2022-11-26,26.0,3.0,510782,rodrigao,2022-11-26,False
19/20,Lesão desconhecida,2020-02-06,2020-06-11,127.0,7.0,510782,rodrigao,2020-06-11,True
19/20,Lesão desconhecida,2019-10-15,2020-01-14,92.0,13.0,510782,rodrigao,2020-01-14,True
17/18,Lesão no tornozelo,2017-10-30,2017-11-08,10.0,2.0,520489,renato-justi,2017-11-08,False
22/23,Lesão desconhecida,2022-08-13,2022-10-03,52.0,6.0,553684,rafael-jansen,2022-10-03,False
20/21,Lesão na coxa,2020-07-13,2020-09-21,71.0,1.0,520593,kaio-cristian,2020-09-21,True
25/26,Entorse da banda lateral,2025-07-11,2025-07-21,11.0,2.0,639754,tsunami,2025-07-21,False
24/25,Lesão desconhecida,2025-03-03,2025-03-11,9.0,1.0,639754,tsunami,2025-03-11,False
23/24,Lesão na anca,2023-11-12,2023-11-28,17.0,1.0,639754,tsunami,2023-11-28,False
22/23,Lesão no joelho,2022-07-10,2022-07-24,15.0,2.0,639754,tsunami,2022-07-24,False
20/21,Fratura do Metatarso,2021-03-02,2021-05-16,76.0,13.0,641507,tito,2021-05-16,True
25/26,Lesão ligamentar,2025-07-24,2026-03-24,244.0,27.0,387928,lucas-taylor,2026-03-24,True
24/25,Lesão desconhecida,2024-10-07,2024-11-09,34.0,4.0,387928,lucas-taylor,2024-11-09,False
21/22,Lesão na coxa,2021-12-09,2021-12-27,19.0,4.0,387928,lucas-taylor,2021-12-27,False
20/21,Coronavírus,2020-12-06,2020-12-20,15.0,2.0,387928,lucas-taylor,2020-12-20,False
18/19,Lesão desconhecida,2019-02-15,2019-09-02,200.0,25.0,387928,lucas-taylor,2019-09-02,True
13/14,Lesão no tornozelo,2013-10-11,2013-10-21,11.0,1.0,225408,franca,2013-10-21,False
12/13,Tuberculose,2013-02-18,2013-08-22,186.0,16.0,225408,franca,2013-08-22,True
12/13,Problemas no Joelho,2013-01-30,2013-02-15,17.0,3.0,225408,franca,2013-02-15,False
19/20,Lesão nos adutores,2019-07-10,2019-07-24,15.0,2.0,45710,sammir,2019-07-24,False
13/14,Ferimento da banda lateral,2013-07-02,2013-08-02,32.0,7.0,45710,sammir,2013-08-02,False
21/22,Lesão no joelho,2022-04-23,2023-04-28,371.0,38.0,628522,victor-souza,2023-04-28,True
14/15,Operado ao joelho,2015-03-18,2015-04-20,34.0,7.0,153950,guilherme-mattis,2015-04-20,False
20/21,Coronavírus,2020-12-18,2020-12-30,13.0,2.0,644160,polaco,2020-12-30,False
24/25,Doente,2024-11-23,2024-11-25,3.0,1.0,343794,gustavo-santos,2024-11-25,False
23/24,Fibra muscular rasgado,2024-03-30,2024-04-21,23.0,3.0,343794,gustavo-santos,2024-04-21,False
23/24,Operado ao joelho,2023-09-22,2023-11-04,44.0,7.0,343794,gustavo-santos,2023-11-04,False
19/20,Rotura dos ligamentos cruzados,2020-01-26,2020-11-02,282.0,39.0,127829,martin-rodriguez,2020-11-02,True
15/16,Lesão desconhecida,2016-02-08,2017-01-01,329.0,12.0,362831,gabriel-silva,2017-01-01,True
22/23,Lesão desconhecida,2023-04-15,2023-05-15,31.0,5.0,645601,ruan-levine,2023-05-15,False
18/19,Lesão do ligamento cruzado,2019-06-14,2020-02-01,233.0,,645601,ruan-levine,2020-02-01,True
17/18,Lesão na coxa,2017-09-20,2017-12-31,103.0,13.0,116420,giovanni,2017-12-31,True
17/18,Problemas físicos,2017-11-20,2017-12-14,25.0,3.0,100009,xandao,2017-12-14,False
17/18,Fratura no pé,2018-01-23,2018-03-20,57.0,10.0,460125,inacio,2018-03-20,False
17/18,Lesão muscular,2017-08-12,2017-11-15,96.0,13.0,460125,inacio,2017-11-15,True
23/24,Lesão num dedo do pé,2024-02-17,2024-03-01,14.0,1.0,245778,fernando-viana,2024-03-01,False
19/20,Lesão desconhecida,2019-11-25,2019-11-30,6.0,,245778,fernando-viana,2019-11-30,False
18/19,Lesão desconhecida,2019-04-02,2019-04-04,3.0,1.0,52976,serginho,2019-04-04,False
18/19,Lesão meniscal,2018-09-23,2018-11-12,51.0,9.0,52976,serginho,2018-11-12,False
17/18,Lesão desconhecida,2018-04-16,2018-05-07,22.0,4.0,52976,serginho,2018-05-07,False
17/18,Lesão desconhecida,2017-11-13,2017-12-11,29.0,5.0,52976,serginho,2017-12-11,False
25/26,Fratura da clavícula,2025-09-25,2025-12-31,98.0,7.0,324046,francisco-arancibia,2025-12-31,True
25/26,Entorse do tornozelo,2025-07-03,2025-07-24,22.0,2.0,324046,francisco-arancibia,2025-07-24,False
17/18,Fratura no tornozelo,2018-06-29,2018-07-23,25.0,4.0,324046,francisco-arancibia,2018-07-23,False
17/18,Fratura no tornozelo,2018-05-03,2018-05-21,19.0,4.0,324046,francisco-arancibia,2018-05-21,False
17/18,Fratura no tornozelo,2018-02-12,2018-03-21,38.0,5.0,324046,francisco-arancibia,2018-03-21,False
25/26,Lesão desconhecida,2025-11-02,2025-11-08,7.0,1.0,665602,lucas-tocantins,2025-11-08,False
25/26,Lesão desconhecida,2025-08-23,2025-09-22,31.0,4.0,665602,lucas-tocantins,2025-09-22,False
23/24,ferimento facial,2023-09-23,2023-10-03,11.0,1.0,296748,elton,2023-10-03,False
23/24,Lesão desconhecida,2023-09-02,2023-11-10,70.0,8.0,296748,elton,2023-11-10,True
23/24,Lesão no tornozelo,2023-08-06,2023-08-31,26.0,5.0,296748,elton,2023-08-31,False
15/16,Perna fraturada,2015-08-01,2015-11-01,93.0,17.0,112147,marcos-martins,2015-11-01,True
15/16,Lesão desconhecida,2016-03-02,2016-04-02,32.0,3.0,149946,raphael-martinho,2016-04-02,False
15/16,Lesão desconhecida,2015-12-18,2015-12-21,4.0,1.0,149946,raphael-martinho,2015-12-21,False
15/16,Lesão muscular,2015-10-10,2015-11-22,44.0,5.0,149946,raphael-martinho,2015-11-22,False
14/15,Dilata,2014-11-16,2014-12-10,25.0,3.0,149946,raphael-martinho,2014-12-10,False
13/14,Lesão na panturrilha,2014-05-08,2014-06-30,54.0,2.0,149946,raphael-martinho,2014-06-30,False
13/14,Lesão desconhecida,2013-09-20,2013-09-28,9.0,2.0,149946,raphael-martinho,2013-09-28,False
11/12,Dilata,2012-04-18,2012-04-28,11.0,2.0,149946,raphael-martinho,2012-04-28,False
11/12,Lesão desconhecida,2011-12-08,2012-01-16,40.0,6.0,149946,raphael-martinho,2012-01-16,False
11/12,Lesão desconhecida,2011-10-19,2011-11-10,23.0,4.0,149946,raphael-martinho,2011-11-10,False
11/12,Lesão desconhecida,2011-08-20,2011-09-20,32.0,2.0,149946,raphael-martinho,2011-09-20,False
10/11,Problemas no Joelho,2011-02-23,2011-05-06,73.0,9.0,149946,raphael-martinho,2011-05-06,True
22/23,Lesão dos ligamentos laterais do joelho,2023-05-04,2024-01-01,243.0,34.0,676511,jean-carlos,2024-01-01,True
21/22,Lesão no tornozelo,2022-05-15,2023-01-01,232.0,31.0,520088,tiago-marques,2023-01-01,True
19/20,Entorse do tornozelo,2019-08-17,2019-10-11,56.0,11.0,520088,tiago-marques,2019-10-11,False
22/23,Rotura dos ligamentos cruzados,2023-01-02,2023-08-01,212.0,20.0,542597,marlyson,2023-08-01,True
18/19,Lesão desconhecida,2018-09-28,2018-10-04,7.0,1.0,577260,facundo-batista,2018-10-04,False
10/11,Lesão num dedo do pé,2011-03-30,2011-04-09,11.0,1.0,42352,denilson,2011-04-09,False
09/10,Problemas na virilha,2010-04-29,2010-05-10,12.0,2.0,42352,denilson,2010-05-10,False
09/10,Problemas nas costas,2009-09-28,2009-11-28,62.0,9.0,42352,denilson,2009-11-28,True
07/08,Sehnenanriss,2008-01-08,2008-02-08,32.0,5.0,42352,denilson,2008-02-08,False
24/25,Lesão do ligamento cruzado,2025-04-29,2026-02-22,300.0,9.0,535417,pablo-oliveira,2026-02-22,True
25/26,Lesão desconhecida,2026-01-10,2026-01-30,21.0,1.0,645327,gledson,2026-01-30,False
19/20,Rotura dos ligamentos cruzados,2020-01-15,2020-12-01,322.0,26.0,314197,facundo-bone,2020-12-01,True
20/21,Lesão desconhecida,2021-01-15,2021-01-26,12.0,3.0,515639,alan-carius,2021-01-26,False
18/19,Distensão muscular,2019-05-25,2019-06-30,37.0,3.0,515639,alan-carius,2019-06-30,False
09/10,Lesão ligamentar,2009-07-26,2010-05-14,293.0,31.0,86217,gilsinho,2010-05-14,True
24/25,Lesão na coxa,2024-07-11,2024-08-22,43.0,4.0,659732,anderson-chaves,2024-08-22,False
23/24,Ligamento intra-articular rasgado do joelho,2024-02-11,2024-04-21,71.0,12.0,659732,anderson-chaves,2024-04-21,True
24/25,Fratura na grelha costal,2025-04-27,2025-05-16,20.0,2.0,527556,leo-rigo,2025-05-16,False
19/20,Estiramento do ligamento colateral interno do joelho,2019-08-15,2019-09-19,36.0,7.0,411663,augusto,2019-09-19,False
23/24,Lesão desconhecida,2024-01-17,2024-02-29,44.0,3.0,647074,willian-correia,2024-02-29,False
23/24,Contusão da tíbia,2023-11-30,2023-12-10,11.0,1.0,647074,willian-correia,2023-12-10,False
22/23,Problemas na panturrilha,2023-01-30,2023-02-23,25.0,4.0,647074,willian-correia,2023-02-23,False
22/23,Contusão da tíbia,2022-11-01,2022-11-13,13.0,1.0,647074,willian-correia,2022-11-13,False
20/21,Lesão desconhecida,2020-11-01,2021-02-06,98.0,16.0,671882,diogo-silva,2021-02-06,True
19/20,Lesão desconhecida,2019-08-01,2019-08-16,16.0,1.0,651205,luquinha,2019-08-16,False
23/24,Lesão desconhecida,2024-04-21,2024-09-26,159.0,6.0,647075,devid,2024-09-26,True
23/24,Lesão desconhecida,2024-03-01,2024-04-15,46.0,4.0,647075,devid,2024-04-15,False
23/24,Lesão desconhecida,2024-02-22,2024-03-08,16.0,2.0,670696,pedro,2024-03-08,False
21/22,Problemas musculares,2021-12-05,2022-01-13,40.0,4.0,670696,pedro,2022-01-13,False
24/25,Lesão desconhecida,2025-05-02,2025-05-08,7.0,1.0,676115,heliton,2025-05-08,False
21/22,Lesão na cabeça,2021-09-23,2021-11-15,54.0,6.0,642983,mateus-brunetti,2021-11-15,False
15/16,Fadiga muscular,2015-09-17,2015-09-21,5.0,1.0,181779,wallace-oliveira,2015-09-21,False
14/15,Lesão desconhecida,2015-04-17,2015-04-23,7.0,1.0,181779,wallace-oliveira,2015-04-23,False
14/15,Lesão na cabeça,2014-12-19,2015-01-05,18.0,1.0,181779,wallace-oliveira,2015-01-05,False
14/15,Fratura da mão,2014-10-26,2014-11-07,13.0,2.0,181779,wallace-oliveira,2014-11-07,False
14/15,Lesão no pé,2014-08-21,2014-09-12,23.0,2.0,181779,wallace-oliveira,2014-09-12,False
18/19,Lesão desconhecida,2019-02-15,2019-03-01,15.0,1.0,52820,everton-santos,2019-03-01,False
20/21,Recuperação ritmo competitivo,2020-11-03,2020-11-13,11.0,2.0,553666,junior-goiano,2020-11-13,False
22/23,Lesão desconhecida,2022-10-06,2022-10-16,11.0,2.0,163710,rafael-chorao,2022-10-16,False
19/20,Problemas musculares,2019-07-16,2019-08-20,36.0,7.0,163710,rafael-chorao,2019-08-20,False
23/24,Lesão desconhecida,2024-04-23,2024-06-18,57.0,9.0,654236,galego,2024-06-18,False
21/22,Lesão desconhecida,2021-08-10,2021-12-20,133.0,15.0,654236,galego,2021-12-20,True
24/25,Ruptura muscular na coxa,2024-07-11,2024-10-07,89.0,11.0,524520,rodrigo-angelotti,2024-10-07,True
23/24,Lesão na coxa,2024-02-15,2024-03-04,19.0,2.0,524520,rodrigo-angelotti,2024-03-04,False
22/23,Rotura muscular na coxa,2023-04-02,2023-04-25,24.0,4.0,524520,rodrigo-angelotti,2023-04-25,False
17/18,Lesão desconhecida,2018-03-02,2018-03-15,14.0,2.0,524520,rodrigo-angelotti,2018-03-15,False
25/26,Lesão na coxa,2025-08-23,2025-09-26,35.0,5.0,541197,jardel,2025-09-26,False
18/19,Lesão no joelho,2018-07-21,2019-09-02,409.0,46.0,177538,willian-rocha,2019-09-02,True
17/18,Problemas na tibiotársica,2018-04-04,2018-04-16,13.0,4.0,177538,willian-rocha,2018-04-16,False
17/18,Lesão tornozelo,2018-03-11,2018-03-27,17.0,2.0,177538,willian-rocha,2018-03-27,False
12/13,Problemas no tendão de Aquiles,2013-01-22,2013-04-15,84.0,10.0,177538,willian-rocha,2013-04-15,True
23/24,Lesão desconhecida,2023-06-08,2023-09-01,86.0,13.0,519885,gustavo-salomao,2023-09-01,True
13/14,Lesão do ligamento cruzado,2013-06-01,2014-03-01,274.0,39.0,99632,cicinho,2014-03-01,True
25/26,Recuperação ritmo competitivo,2026-01-31,2026-03-06,35.0,6.0,669870,bruno-paraiba,2026-03-06,False
21/22,Außenbandanriss Sprunggelenk,2022-05-26,2022-07-04,40.0,8.0,669870,bruno-paraiba,2022-07-04,False
18/19,Problemas físicos,2018-07-16,2018-10-01,78.0,8.0,181593,federico-platero,2018-10-01,True
16/17,Gripe,2017-05-25,2017-05-29,5.0,1.0,181593,federico-platero,2017-05-29,False
15/16,inflamação no joelho,2016-01-14,2016-01-28,15.0,2.0,18301,maicon,2016-01-28,False
15/16,Lesão na coxa,2015-11-04,2015-11-07,4.0,,18301,maicon,2015-11-07,False
15/16,Entorse no joelho,2015-08-17,2015-08-31,15.0,2.0,18301,maicon,2015-08-31,False
14/15,Problemas no Joelho,2015-02-13,2015-05-25,102.0,18.0,18301,maicon,2015-05-25,True
14/15,Problemas físicos,2014-10-21,2014-11-30,41.0,8.0,18301,maicon,2014-11-30,False
14/15,Problemas físicos,2014-08-18,2014-09-01,15.0,1.0,18301,maicon,2014-09-01,False
13/14,Problemas musculares,2014-02-19,2014-03-05,15.0,2.0,18301,maicon,2014-03-05,False
13/14,Lesão no bíceps femoral,2013-09-25,2013-10-15,21.0,3.0,18301,maicon,2013-10-15,False
12/13,Operado ao joelho,2013-02-26,2013-03-30,33.0,5.0,18301,maicon,2013-03-30,False
12/13,Lesão no joelho,2012-12-12,2013-02-01,52.0,10.0,18301,maicon,2013-02-01,False
12/13,Lesão no tornozelo,2012-09-18,2012-11-06,50.0,12.0,18301,maicon,2012-11-06,False
11/12,Problemas no Joelho,2012-03-30,2012-04-21,23.0,3.0,18301,maicon,2012-04-21,False
11/12,Problemas físicos,2012-02-15,2012-03-04,19.0,2.0,18301,maicon,2012-03-04,False
11/12,Dilata,2011-10-30,2011-12-09,41.0,8.0,18301,maicon,2011-12-09,False
11/12,Lesão meniscal,2011-08-16,2011-09-30,46.0,9.0,18301,maicon,2011-09-30,False
10/11,Problemas musculares,2010-11-07,2010-12-04,28.0,7.0,18301,maicon,2010-12-04,False
10/11,Problemas no Joelho,2010-08-28,2010-09-14,18.0,2.0,18301,maicon,2010-09-14,False
08/09,Ruptura muscular,2009-03-29,2009-05-27,60.0,10.0,18301,maicon,2009-05-27,True
07/08,Lesão desconhecida,2008-01-14,2008-02-10,28.0,6.0,18301,maicon,2008-02-10,False
16/17,Lesão no ombro,2017-02-15,2017-03-13,27.0,3.0,251918,agustin-gutierrez,2017-03-13,False
14/15,Fratura do Metatarso,2014-08-31,2014-11-25,87.0,11.0,251918,agustin-gutierrez,2014-11-25,True
23/24,Lesão no joelho,2023-08-13,2024-02-01,173.0,13.0,663087,jefinho,2024-02-01,True
17/18,Fratura do Metatarso,2018-01-24,2018-04-01,68.0,6.0,374089,carlos-jatoba,2018-04-01,True
18/19,Lesão desconhecida,2018-10-01,2018-10-15,15.0,1.0,468874,alexandre-talento,2018-10-15,False
25/26,Rotura do menisco,2025-09-21,2026-01-31,133.0,12.0,681497,ari-moura,2026-01-31,True
21/22,Lesão na coxa,2022-01-14,2022-02-04,22.0,3.0,681497,ari-moura,2022-02-04,False
21/22,Lesão na coxa,2021-12-01,2022-01-01,32.0,5.0,681497,ari-moura,2022-01-01,False
19/20,Problemas no tendão de Aquiles,2019-07-01,2020-03-01,245.0,34.0,20400,thiago-braga,2020-03-01,True
19/20,Contusão pulmonar,2019-07-12,2020-02-01,205.0,30.0,538262,juan-sosa,2020-02-01,True
19/20,Contusão no tornozelo,2019-07-28,2019-12-31,157.0,26.0,530386,robinho,2019-12-31,True
13/14,Lesão desconhecida,2013-11-11,2013-12-02,22.0,2.0,44662,schumacher-santos,2013-12-02,False
10/11,Lesão desconhecida,2011-04-14,2011-05-12,29.0,6.0,44662,schumacher-santos,2011-05-12,False
10/11,Angina,2011-01-10,2011-01-25,16.0,,44662,schumacher-santos,2011-01-25,False
10/11,Lesão desconhecida,2010-09-11,2010-09-13,3.0,1.0,44662,schumacher-santos,2010-09-13,False
10/11,Problemas musculares,2010-08-04,2010-08-16,13.0,3.0,44662,schumacher-santos,2010-08-16,False
10/11,Lesão no tornozelo,2010-07-24,2010-07-28,5.0,1.0,44662,schumacher-santos,2010-07-28,False
08/09,Problemas musculares,2009-04-01,2009-04-06,6.0,1.0,44662,schumacher-santos,2009-04-06,False
08/09,Problemas musculares,2009-01-15,2009-03-01,46.0,2.0,44662,schumacher-santos,2009-03-01,False
08/09,Fibra muscular rasgado,2008-11-02,2008-12-15,44.0,6.0,44662,schumacher-santos,2008-12-15,False
25/26,Lesão na virilha,2025-11-09,,137.0,15.0,739438,matheus-pereira,2026-03-26,True
24/25,Lesão desconhecida,2024-12-10,2024-12-17,8.0,1.0,739438,matheus-pereira,2024-12-17,False
23/24,Lesão desconhecida,2024-04-01,2024-04-07,7.0,1.0,739438,matheus-pereira,2024-04-07,False
22/23,lesão na perna,2023-02-01,2023-02-15,15.0,2.0,740376,valdir,2023-02-15,False
24/25,Rotura de ligamentos no joelho,2024-09-21,2025-05-31,253.0,33.0,739442,guilherme-liberato,2025-05-31,True
20/21,Coronavírus,2021-06-12,2021-06-22,11.0,5.0,54162,marcelo-martins,2021-06-22,False
10/11,Febre,2010-11-08,2010-11-12,5.0,1.0,54162,marcelo-martins,2010-11-12,False
09/10,Fratura do osso malar,2009-10-29,2009-11-11,14.0,3.0,54162,marcelo-martins,2009-11-11,False
24/25,Lesão no joelho,2024-12-07,2025-05-02,147.0,21.0,739443,igor-thiago,2025-05-02,True
24/25,Lesão meniscal,2024-07-21,2024-11-23,126.0,14.0,739443,igor-thiago,2024-11-23,True
23/24,Lesão no joelho,2024-05-13,2024-06-30,49.0,2.0,739443,igor-thiago,2024-06-30,False
23/24,Dilata,2024-03-01,2024-03-13,13.0,3.0,739443,igor-thiago,2024-03-13,False
20/21,Coronavírus,2021-01-16,2021-01-24,9.0,2.0,739443,igor-thiago,2021-01-24,False
19/20,Gripe,2020-01-08,2020-01-13,6.0,1.0,229854,leandrinho,2020-01-13,False
18/19,Lesão no tornozelo,2019-03-20,2019-09-03,168.0,12.0,229854,leandrinho,2019-09-03,True
18/19,Lesão no tornozelo,2019-02-06,2019-02-13,8.0,1.0,229854,leandrinho,2019-02-13,False
17/18,Lesão desconhecida,2018-02-05,2018-03-07,31.0,4.0,229854,leandrinho,2018-03-07,False
16/17,Rotura de ligamentos no joelho,2016-08-01,2017-02-28,212.0,28.0,229854,leandrinho,2017-02-28,True
21/22,Lesão desconhecida,2022-02-18,2022-03-04,15.0,3.0,174835,adryan,2022-03-04,False
21/22,Lesão desconhecida,2021-08-25,2021-09-08,15.0,1.0,174835,adryan,2021-09-08,False
19/20,Lesão desconhecida,2019-10-31,2019-11-04,5.0,1.0,174835,adryan,2019-11-04,False
18/19,Lesão desconhecida,2019-02-28,2019-04-01,33.0,4.0,174835,adryan,2019-04-01,False
18/19,Lesão desconhecida,2018-10-18,2018-11-08,22.0,4.0,174835,adryan,2018-11-08,False
18/19,Lesão desconhecida,2018-07-26,2018-08-29,35.0,5.0,174835,adryan,2018-08-29,False
17/18,Lesão desconhecida,2018-05-11,2018-05-25,15.0,2.0,174835,adryan,2018-05-25,False
17/18,Lesão desconhecida,2018-04-05,2018-04-20,16.0,3.0,174835,adryan,2018-04-20,False
17/18,Lesão nos adutores,2017-08-28,2017-12-06,101.0,11.0,174835,adryan,2017-12-06,True
13/14,Ferimento da banda lateral,2014-03-02,2014-05-18,78.0,11.0,174835,adryan,2014-05-18,True
19/20,Lesão muscular,2019-07-28,2019-08-20,24.0,3.0,199877,gaston-rodriguez,2019-08-20,False
18/19,Lesão muscular,2019-05-24,2019-07-01,39.0,3.0,199877,gaston-rodriguez,2019-07-01,False
15/16,Lesão na virilha,2015-12-02,2015-12-31,30.0,1.0,199877,gaston-rodriguez,2015-12-31,False
25/26,Rotura do menisco,2025-06-15,,284.0,2.0,109131,magno-cruz,2026-03-26,True
17/18,Lesão desconhecida,2018-04-03,2018-04-12,10.0,2.0,109131,magno-cruz,2018-04-12,False
14/15,Problemas gástricos,2015-02-17,2015-02-20,4.0,1.0,109131,magno-cruz,2015-02-20,False
25/26,Traumatismo grade costal,2025-08-01,2025-08-18,18.0,1.0,825379,ramon-tanque,2025-08-18,False
23/24,Lesão desconhecida,2023-10-20,2023-11-24,36.0,4.0,825379,ramon-tanque,2023-11-24,False
15/16,Lesão no tornozelo,2016-01-28,2016-04-13,77.0,10.0,288502,gustavo-hebling,2016-04-13,True
15/16,lesão na perna,2015-12-10,2015-12-18,9.0,1.0,288502,gustavo-hebling,2015-12-18,False
21/22,Quarentena,2022-01-21,2022-01-31,11.0,1.0,138141,diego-mauricio,2022-01-31,False
23/24,Lesão meniscal,2024-05-16,2024-08-08,85.0,11.0,739415,mateus-moraes,2024-08-08,True
25/26,Lesão dos ligamentos laterais do joelho,2025-07-01,2025-12-31,184.0,19.0,677346,maykon-douglas,2025-12-31,True
11/12,Distensão muscular,2012-03-14,2012-03-25,12.0,2.0,153999,marcelinho,2012-03-25,False
23/24,Achillessehnenanriss,2024-01-17,2024-11-11,300.0,42.0,752725,samuel,2024-11-11,True
22/23,Problemas musculares,2022-10-06,2022-11-06,32.0,5.0,140553,wellington,2022-11-06,False
18/19,Lesão desconhecida,2019-01-22,2019-02-25,35.0,5.0,140553,wellington,2019-02-25,False
24/25,Lesão no tornozelo,2025-01-15,2025-03-10,55.0,8.0,291968,neto,2025-03-10,False
22/23,Lesão desconhecida,2023-01-08,2023-01-30,23.0,4.0,291968,neto,2023-01-30,False
16/17,Lesão no joelho,2016-08-05,2016-08-11,7.0,1.0,265916,lucas-ontivero,2016-08-11,False
18/19,Lesão desconhecida,2018-07-23,2018-09-17,57.0,5.0,288498,matheus-indio,2018-09-17,False
10/11,Problemas na panturrilha,2010-11-03,2010-11-17,15.0,2.0,67207,wellington-tanque,2010-11-17,False
10/11,Fibra muscular rasgado,2010-10-13,2010-11-01,20.0,2.0,67207,wellington-tanque,2010-11-01,False
08/09,Rotura de ligamentos do tornozelo,2008-09-30,2008-10-21,22.0,2.0,67207,wellington-tanque,2008-10-21,False
08/09,Fibra muscular rasgado,2008-08-12,2008-08-28,17.0,2.0,67207,wellington-tanque,2008-08-28,False
20/21,Lesão desconhecida,2021-03-10,2021-06-30,113.0,7.0,269441,diego-jardel,2021-06-30,True
14/15,Pancada na coxa,2015-06-27,2015-07-10,14.0,2.0,269441,diego-jardel,2015-07-10,False
17/18,Lesão desconhecida,2017-11-22,2017-12-14,23.0,2.0,256696,perdigao,2017-12-14,False
16/17,Lesão desconhecida,2016-08-17,2016-09-26,41.0,5.0,68443,renan-foguinho,2016-09-26,False
15/16,Operação,2016-02-26,2016-04-03,38.0,5.0,68443,renan-foguinho,2016-04-03,False
15/16,Lesão no ombro,2016-01-17,2016-02-14,29.0,5.0,68443,renan-foguinho,2016-02-14,False
18/19,Lesão no joelho,2019-04-01,2019-05-18,48.0,5.0,655411,antonio-bustamante,2019-05-18,False
22/23,Problemas musculares,2022-10-06,2022-10-20,15.0,1.0,638304,julio-rodrigues,2022-10-20,False
17/18,Rotura de ligamentos no joelho,2017-10-02,2018-03-01,151.0,11.0,210120,rafael-oliveira,2018-03-01,True
23/24,Fratura no tornozelo,2024-04-24,2024-05-08,15.0,2.0,480422,guillermo-paiva,2024-05-08,False
20/21,Lesão muscular,2021-05-01,2021-05-10,10.0,3.0,242522,elacio-cordoba,2021-05-10,False
20/21,Recuperação ritmo competitivo,2021-03-05,2021-03-15,11.0,2.0,242522,elacio-cordoba,2021-03-15,False
20/21,Lesão tornozelo,2020-09-10,2021-02-01,145.0,16.0,242522,elacio-cordoba,2021-02-01,True
20/21,Lesão muscular,2020-08-05,2020-09-03,30.0,,242522,elacio-cordoba,2020-09-03,False
19/20,Recuperação ritmo competitivo,2020-01-20,2020-01-30,11.0,2.0,242522,elacio-cordoba,2020-01-30,False
19/20,Lesão muscular,2019-10-01,2019-10-20,20.0,4.0,242522,elacio-cordoba,2019-10-20,False
19/20,Lesão muscular,2019-08-10,2019-09-15,37.0,7.0,242522,elacio-cordoba,2019-09-15,False
18/19,Lesão muscular,2019-03-25,2019-04-10,17.0,3.0,242522,elacio-cordoba,2019-04-10,False
20/21,Lesão desconhecida,2021-07-24,2021-08-03,11.0,1.0,534024,gabriel-barbosa,2021-08-03,False
20/21,Quarentena,2021-06-26,2021-07-09,14.0,1.0,534024,gabriel-barbosa,2021-07-09,False
18/19,Lesão desconhecida,2018-07-29,2019-01-31,187.0,25.0,346923,waguininho,2019-01-31,True
19/20,Lesão desconhecida,2019-10-01,2019-11-24,55.0,4.0,37944,bobo,2019-11-24,False
14/15,Lesão desconhecida,2015-02-11,2015-03-16,34.0,5.0,37944,bobo,2015-03-16,False
14/15,Lesão desconhecida,2014-12-20,2015-02-01,44.0,7.0,37944,bobo,2015-02-01,False
13/14,Lesão no tornozelo,2014-04-12,2014-05-17,36.0,4.0,37944,bobo,2014-05-17,False
13/14,Lesão desconhecida,2014-03-02,2014-03-10,9.0,1.0,37944,bobo,2014-03-10,False
13/14,Lesão na coxa,2013-07-31,2013-11-10,103.0,13.0,37944,bobo,2013-11-10,True
12/13,Lesão desconhecida,2012-12-02,2012-12-10,9.0,1.0,37944,bobo,2012-12-10,False
10/11,Problemas na virilha,2011-04-23,2011-04-30,8.0,1.0,37944,bobo,2011-04-30,False
08/09,Lesão na panturrilha,2009-01-07,2009-01-25,19.0,1.0,37944,bobo,2009-01-25,False
07/08,Edema no joelho,2008-02-09,2008-03-04,25.0,4.0,37944,bobo,2008-03-04,False
07/08,Lesão nas costas,2007-10-03,2007-10-15,13.0,1.0,37944,bobo,2007-10-15,False
07/08,Lesão desconhecida,2007-08-15,2007-08-26,12.0,2.0,37944,bobo,2007-08-26,False
06/07,Recuperação ritmo competitivo,2007-03-30,2007-04-04,6.0,1.0,37944,bobo,2007-04-04,False
06/07,Rotura do menisco,2007-03-17,2007-03-30,14.0,1.0,37944,bobo,2007-03-30,False
06/07,Operado ao joelho,2007-03-17,2007-03-17,1.0,,37944,bobo,2007-03-17,False
06/07,Lesão tornozelo,2006-11-11,2006-11-26,16.0,2.0,37944,bobo,2006-11-26,False
24/25,Lesão desconhecida,2024-10-05,2025-05-31,239.0,28.0,644908,lucas-santana,2025-05-31,True
21/22,Lesão desconhecida,2022-02-11,2022-09-01,203.0,13.0,790290,haiderson-hurtado,2022-09-01,True
21/22,Lesão desconhecida,2021-11-29,2021-12-31,33.0,3.0,790290,haiderson-hurtado,2021-12-31,False
24/25,Operado ao joelho,2024-02-01,2025-02-12,378.0,2.0,738527,carlos-dias,2025-02-12,True
22/23,Problemas musculares,2022-10-15,2022-10-25,11.0,1.0,120237,renie,2022-10-25,False
22/23,Lesão desconhecida,2022-10-02,2023-01-15,106.0,6.0,733338,matheus-nogueira,2023-01-15,True
24/25,Lesão ligamentar,2025-02-17,2025-11-18,275.0,38.0,520457,gustavo-cazonatti,2025-11-18,True
23/24,Entorse do tornozelo,2024-02-05,2024-02-19,15.0,2.0,520457,gustavo-cazonatti,2024-02-19,False
21/22,Lesão no joelho,2021-07-20,2022-01-01,166.0,19.0,502527,juninho-rocha,2022-01-01,True
24/25,Rotura dos ligamentos cruzados,2025-03-03,2025-10-03,215.0,14.0,555672,djalma-silva,2025-10-03,True
24/25,Lesão desconhecida,2024-11-18,2024-11-27,10.0,1.0,555672,djalma-silva,2024-11-27,False
25/26,Lesão do ligamento cruzado,2025-09-25,2026-03-01,158.0,11.0,644711,moises-lucas,2026-03-01,True
25/26,Lesão desconhecida,2025-10-17,2025-11-15,30.0,4.0,681814,allan-godoi,2025-11-15,False
25/26,Lesão desconhecida,2025-08-16,2025-09-09,25.0,2.0,681814,allan-godoi,2025-09-09,False
15/16,Lesão nas costas,2015-08-26,2015-10-26,62.0,10.0,265640,ricardo-capanema,2015-10-26,True
25/26,Rotura dos ligamentos cruzados,2025-12-22,,94.0,12.0,808475,mttm,2026-03-26,True
25/26,Lesão desconhecida,2025-10-20,2025-11-25,37.0,5.0,808475,mttm,2025-11-25,False
22/23,Lesão desconhecida,2022-10-30,2022-11-20,22.0,2.0,808475,mttm,2022-11-20,False
23/24,Lesão desconhecida,2024-01-01,2024-01-15,15.0,2.0,468260,leo-jaba,2024-01-15,False
21/22,Lesão no ombro,2022-04-21,2022-05-12,22.0,5.0,468260,leo-jaba,2022-05-12,False
21/22,Coronavírus,2022-02-01,2022-02-10,10.0,3.0,468260,leo-jaba,2022-02-10,False
19/20,Rotura do menisco,2019-11-13,2020-02-10,90.0,16.0,468260,leo-jaba,2020-02-10,True
19/20,Lesão muscular,2019-10-25,2019-10-31,7.0,1.0,468260,leo-jaba,2019-10-31,False
18/19,Rotura muscular na coxa,2019-02-24,2019-03-02,7.0,1.0,468260,leo-jaba,2019-03-02,False
25/26,lesão na perna,2025-08-19,2025-09-11,24.0,2.0,384741,vitor-costa,2025-09-11,False
25/26,Lesão desconhecida,2025-07-18,2025-07-31,14.0,2.0,384741,vitor-costa,2025-07-31,False
24/25,lesão na perna,2025-03-20,2025-04-03,15.0,2.0,384741,vitor-costa,2025-04-03,False
18/19,Lesão desconhecida,2018-10-15,2018-11-06,23.0,3.0,384741,vitor-costa,2018-11-06,False
18/19,Lesão desconhecida,2019-04-23,2019-05-03,11.0,2.0,373302,silas,2019-05-03,False
25/26,Lesão desconhecida,,,,,638310,gabriel-tonini,,False
16/17,Lesão desconhecida,2016-09-22,2016-11-06,46.0,7.0,369283,bruno-mota,2016-11-06,False
22/23,Fratura do nariz,2023-01-16,2023-02-17,33.0,5.0,151736,nilson,2023-02-17,False
22/23,Lesão desconhecida,2022-10-23,2022-11-18,27.0,4.0,151736,nilson,2022-11-18,False
20/21,Choque,2021-02-18,2021-02-22,5.0,1.0,151736,nilson,2021-02-22,False
20/21,Recuperação ritmo competitivo,2020-11-03,2020-11-13,11.0,2.0,151736,nilson,2020-11-13,False
23/24,Rotura dos ligamentos cruzados,2023-09-13,,925.0,93.0,867483,geovane-jesus,2026-03-26,True
23/24,Problemas musculares na coxa,2023-07-03,2023-07-10,8.0,2.0,867483,geovane-jesus,2023-07-10,False
22/23,Lesão muscular,2023-05-04,2023-05-31,28.0,4.0,867483,geovane-jesus,2023-05-31,False
19/20,Pancada na coxa,2020-02-08,2020-02-25,18.0,3.0,121756,romulo,2020-02-25,False
17/18,Lesão desconhecida,2018-03-08,2018-03-25,18.0,1.0,121756,romulo,2018-03-25,False
15/16,Fadiga muscular,2016-03-12,2016-04-08,28.0,3.0,121756,romulo,2016-04-08,False
15/16,Pubalgia,2015-09-19,2016-01-29,133.0,20.0,121756,romulo,2016-01-29,True
14/15,Lesão no nariz,2015-05-18,2015-06-30,44.0,3.0,121756,romulo,2015-06-30,False
14/15,Queixas adutores,2014-12-04,2015-04-30,148.0,30.0,121756,romulo,2015-04-30,True
14/15,Fratura da virilha,2014-09-30,2014-10-26,27.0,4.0,121756,romulo,2014-10-26,False
17/18,Lesão muscular,2017-09-30,2017-12-15,77.0,8.0,153207,william,2017-12-15,True
16/17,Lesão desconhecida,2017-02-27,2017-03-27,29.0,4.0,153207,william,2017-03-27,False
16/17,Lesão muscular,2016-09-02,2016-09-19,18.0,3.0,153207,william,2016-09-19,False
22/23,Pubalgia,2021-09-01,2023-01-05,492.0,5.0,606470,anderson-felippe,2023-01-05,True
13/14,Rotura muscular na coxa,2013-08-16,2013-09-13,29.0,4.0,68804,renatinho,2013-09-13,False
12/13,Lesão muscular,2013-04-22,2013-05-01,10.0,2.0,68804,renatinho,2013-05-01,False
24/25,Lesão na panturrilha,2025-03-06,2025-04-03,29.0,4.0,743769,joao-victor,2025-04-03,False
24/25,Rotura parcial de ligamento,2024-09-30,2025-05-26,239.0,23.0,458602,ricardo-lima,2025-05-26,True
24/25,Lesão do ligamento cruzado,2025-04-24,,336.0,51.0,347285,renato-palm,2026-03-26,True
24/25,Problemas nas costas,2024-10-06,2024-10-16,11.0,1.0,104544,saimon,2024-10-16,False
24/25,Choque,2025-06-01,2025-07-12,42.0,4.0,631808,danilo-belao,2025-07-12,False
24/25,Problemas físicos,2025-05-17,2025-05-25,9.0,1.0,631808,danilo-belao,2025-05-25,False
24/25,Lesão na virilha,2024-10-21,2024-11-01,12.0,1.0,753320,matheus-porto,2024-11-01,False
24/25,Lesão desconhecida,2024-08-31,2024-09-15,16.0,1.0,753320,matheus-porto,2024-09-15,False
13/14,Rotura dos ligamentos cruzados,2014-03-31,2014-11-06,221.0,25.0,120266,jacob-murillo,2014-11-06,True
16/17,Lesão desconhecida,2017-01-28,2017-03-08,40.0,6.0,52893,carlao,2017-03-08,False
15/16,Problemas físicos,2015-12-11,2016-01-11,32.0,5.0,52893,carlao,2016-01-11,False
15/16,Pequena lesão,2015-07-17,2015-07-27,11.0,1.0,52893,carlao,2015-07-27,False
09/10,Pubalgia,2009-07-02,2009-10-29,120.0,11.0,52893,carlao,2009-10-29,True
16/17,Recuperação ritmo competitivo,2017-01-13,2017-01-23,11.0,3.0,45593,welliton,2017-01-23,False
15/16,Lesão desconhecida,2016-04-18,2016-05-19,32.0,5.0,45593,welliton,2016-05-19,False
15/16,Lesão desconhecida,2016-02-06,2016-02-28,23.0,4.0,45593,welliton,2016-02-28,False
15/16,Lesão desconhecida,2016-01-21,2016-01-29,9.0,2.0,45593,welliton,2016-01-29,False
15/16,Lesão desconhecida,2015-11-30,2015-12-03,4.0,1.0,45593,welliton,2015-12-03,False
15/16,Lesão desconhecida,2015-09-13,2015-09-19,7.0,1.0,45593,welliton,2015-09-19,False
14/15,Lesão desconhecida,2015-04-06,2015-04-17,12.0,1.0,45593,welliton,2015-04-17,False
14/15,Lesão desconhecida,2015-01-24,2015-01-28,5.0,1.0,45593,welliton,2015-01-28,False
12/13,Problemas musculares na coxa,2012-08-25,2012-10-06,43.0,8.0,45593,welliton,2012-10-06,False
11/12,Fratura da clavícula,2012-03-19,2012-05-19,62.0,9.0,45593,welliton,2012-05-19,True
11/12,Problemas nas costas,2011-10-23,2011-11-06,15.0,2.0,45593,welliton,2011-11-06,False
10/11,Problemas musculares na coxa,2011-04-30,2011-06-16,48.0,7.0,45593,welliton,2011-06-16,False
10/11,Lesão no tornozelo,2010-07-13,2010-08-13,32.0,3.0,45593,welliton,2010-08-13,False
07/08,Operação na virilha,2008-05-11,2008-12-11,215.0,29.0,45593,welliton,2008-12-11,True
21/22,Lesão na anca,2021-09-09,2021-09-22,14.0,2.0,791409,kevem,2021-09-22,False
18/19,Operado ao joelho,2019-01-10,2019-12-09,334.0,36.0,346879,marcel,2019-12-09,True
18/19,Entorse no joelho,2018-10-16,2019-01-01,78.0,7.0,346879,marcel,2019-01-01,True
18/19,Lesão desconhecida,2018-08-06,2018-09-24,50.0,5.0,346879,marcel,2018-09-24,False
17/18,Ruptura muscular na coxa,2018-04-30,2018-05-10,11.0,1.0,346879,marcel,2018-05-10,False
17/18,Lesão na coxa,2017-11-23,2017-12-22,30.0,5.0,346879,marcel,2017-12-22,False
17/18,Problemas físicos,2017-08-01,2017-11-02,94.0,13.0,346879,marcel,2017-11-02,True
18/19,Lesão na coxa,2019-04-19,2019-04-27,9.0,1.0,340113,marcelo-freitas,2019-04-27,False
18/19,Recuperação ritmo competitivo,2019-01-04,2019-01-30,27.0,1.0,340113,marcelo-freitas,2019-01-30,False
18/19,Innenbandanriss Knie,2018-11-10,2019-01-04,56.0,6.0,340113,marcelo-freitas,2019-01-04,False
22/23,Fratura na face,2022-10-23,2022-11-03,12.0,1.0,555564,luiz-daniel,2022-11-03,False
15/16,Rotura muscular na coxa,2015-07-21,2015-08-21,32.0,6.0,137225,rodrigo-andrade,2015-08-21,False
25/26,Lesão desconhecida,2026-01-18,2026-02-11,25.0,4.0,183440,weslley-smith,2026-02-11,False
23/24,Rotura de ligamentos no joelho,2024-03-09,,746.0,1.0,175070,lucas-mendes,2026-03-25,True
25/26,Fratura do antebraço,2025-07-03,2025-09-17,77.0,9.0,862924,joao-pedro,2025-09-17,True
18/19,Lesão desconhecida,2018-10-10,2018-11-17,39.0,5.0,55453,dinei,2018-11-17,False
17/18,Lesão meniscal,2018-05-10,2018-07-11,63.0,13.0,55453,dinei,2018-07-11,True
14/15,Lesão do ligamento cruzado,2015-06-24,2015-12-31,191.0,25.0,55453,dinei,2015-12-31,True
14/15,Lesão num dedo do pé,2015-05-31,2015-06-17,18.0,2.0,55453,dinei,2015-06-17,False
25/26,Lesão desconhecida,2025-07-12,2025-12-31,173.0,24.0,869463,gustavo-marins,2025-12-31,True
24/25,Lesão desconhecida,2025-01-25,2025-02-16,23.0,5.0,869463,gustavo-marins,2025-02-16,False
22/23,Problemas cardíacos,2022-12-01,2023-03-17,107.0,12.0,41414,lucas-leiva,2023-03-17,True
20/21,Problemas musculares,2020-12-14,2020-12-29,16.0,3.0,41414,lucas-leiva,2020-12-29,False
20/21,Quarentena,2020-11-03,2020-11-16,14.0,2.0,41414,lucas-leiva,2020-11-16,False
20/21,Quarentena,2020-10-27,2020-10-31,5.0,1.0,41414,lucas-leiva,2020-10-31,False
19/20,Problemas no Joelho,2020-07-13,2020-08-31,50.0,6.0,41414,lucas-leiva,2020-08-31,False
19/20,Problemas no Joelho,2020-06-19,2020-07-02,14.0,3.0,41414,lucas-leiva,2020-07-02,False
19/20,Operado ao joelho,2020-04-04,2020-05-31,58.0,,41414,lucas-leiva,2020-05-31,False
19/20,Lesão na coxa,2019-07-17,2019-08-06,21.0,,41414,lucas-leiva,2019-08-06,False
18/19,Queixas adutores,2018-11-19,2018-12-22,34.0,6.0,41414,lucas-leiva,2018-12-22,False
18/19,Lesão nos adutores,2018-10-25,2018-11-11,18.0,3.0,41414,lucas-leiva,2018-11-11,False
17/18,Fadiga muscular,2017-08-15,2017-08-22,8.0,1.0,41414,lucas-leiva,2017-08-22,False
16/17,Lesão na coxa,2016-07-20,2016-08-23,35.0,2.0,41414,lucas-leiva,2016-08-23,False
15/16,Problemas musculares na coxa,2016-04-04,2016-04-07,4.0,,41414,lucas-leiva,2016-04-07,False
15/16,Lesão na coxa,2016-02-11,2016-02-15,5.0,1.0,41414,lucas-leiva,2016-02-15,False
14/15,Problemas na virilha,2015-04-16,2015-04-30,15.0,3.0,41414,lucas-leiva,2015-04-30,False
14/15,Lesão na virilha,2015-02-09,2015-03-19,39.0,9.0,41414,lucas-leiva,2015-03-19,False
13/14,Lesão ligamentar,2014-01-20,2014-02-27,39.0,7.0,41414,lucas-leiva,2014-02-27,False
12/13,Lesão na coxa,2012-08-27,2012-11-29,95.0,27.0,41414,lucas-leiva,2012-11-29,True
11/12,Rotura dos ligamentos cruzados,2011-12-01,2012-06-14,197.0,39.0,41414,lucas-leiva,2012-06-14,True
25/26,Rompimento do ligamento interior,2025-09-03,,203.0,,798448,emerson,2026-03-25,True
22/23,Inflamação,2023-02-06,2023-02-14,9.0,1.0,980446,kevin-quejada,2023-02-14,False
16/17,Lesão meniscal,2016-07-04,2016-07-25,22.0,4.0,189470,luis-canga,2016-07-25,False
21/22,Lesão desconhecida,2021-08-11,2021-09-17,38.0,5.0,700680,luis-felipe,2021-09-17,False
20/21,Coronavírus,2021-04-18,2021-05-16,29.0,5.0,700680,luis-felipe,2021-05-16,False
25/26,Muskelbündelriss,2026-02-21,2026-05-21,90.0,4.0,978150,ageu,2026-05-21,True
25/26,Lesão na coxa,2025-11-10,2026-01-19,71.0,11.0,978150,ageu,2026-01-19,True
25/26,Lesão na coxa,2025-09-09,2025-10-20,42.0,4.0,978150,ageu,2025-10-20,False
20/21,Coronavírus,2021-03-09,2021-03-23,15.0,3.0,189443,leonardo-pais,2021-03-23,False
23/24,Problemas físicos,2023-11-03,2023-11-20,18.0,3.0,192701,luvannor,2023-11-20,False
21/22,Problemas físicos,2021-08-03,2021-08-06,4.0,1.0,192701,luvannor,2021-08-06,False
23/24,Lesão do ligamento cruzado,2023-11-19,2024-07-22,247.0,19.0,1003451,breno,2024-07-22,True
25/26,Lesão na coxa,2025-09-22,2025-09-30,9.0,1.0,973703,brenner,2025-09-30,False
18/19,Lesão desconhecida,2018-10-06,2018-10-21,16.0,1.0,54214,leandrinho,2018-10-21,False
15/16,Lesão desconhecida,2016-02-07,2016-02-28,22.0,3.0,54214,leandrinho,2016-02-28,False
15/16,Lesão no tornozelo,2015-11-06,2015-11-08,3.0,1.0,54214,leandrinho,2015-11-08,False
13/14,Rotura dos ligamentos cruzados,2013-04-15,2013-10-15,184.0,26.0,54214,leandrinho,2013-10-15,True
07/08,Rotura dos ligamentos cruzados,2008-02-24,2008-06-01,99.0,11.0,54214,leandrinho,2008-06-01,True
22/23,Lesão na coxa,2023-04-12,2023-05-02,21.0,4.0,255977,ray-vanegas,2023-05-02,False
18/19,Lesão muscular,2018-07-01,2018-08-31,62.0,8.0,255977,ray-vanegas,2018-08-31,True
21/22,Innenbandzerrung,2021-08-29,2022-02-26,182.0,24.0,265822,wanderson,2022-02-26,True
20/21,Operado ao joelho,2020-07-27,2021-02-10,199.0,26.0,265822,wanderson,2021-02-10,True
19/20,Lesão desconhecida,2019-07-01,2019-07-19,19.0,4.0,265822,wanderson,2019-07-19,False
22/23,Problemas no Joelho,2023-04-23,2023-07-03,72.0,18.0,486211,facundo-labandeira,2023-07-03,True
21/22,Distensão dos adutores,2021-09-19,2021-11-07,50.0,1.0,486211,facundo-labandeira,2021-11-07,False
20/21,Lesão desconhecida,2021-02-16,2021-02-20,5.0,1.0,486211,facundo-labandeira,2021-02-20,False
24/25,Rotura da fibra muscular,2024-08-01,2024-08-21,21.0,3.0,181558,javier-parraguez,2024-08-21,False
18/19,Queixas adutores,2019-05-19,2019-05-29,11.0,1.0,181558,javier-parraguez,2019-05-29,False
18/19,Gripe,2019-03-29,2019-04-01,4.0,1.0,181558,javier-parraguez,2019-04-01,False
18/19,Problemas na panturrilha,2019-03-08,2019-03-21,14.0,2.0,181558,javier-parraguez,2019-03-21,False
22/23,Problemas musculares,2022-09-20,2022-11-06,48.0,8.0,67864,mauricio,2022-11-06,False
18/19,Lesão desconhecida,2019-05-22,2019-06-12,22.0,,67864,mauricio,2019-06-12,False
15/16,Lesão na coxa,2016-01-20,2016-01-29,10.0,1.0,67864,mauricio,2016-01-29,False
15/16,Lesão na zona pélvica,2016-01-06,2016-01-09,4.0,,67864,mauricio,2016-01-09,False
14/15,Lesão no nariz,2014-10-05,2014-10-07,3.0,,67864,mauricio,2014-10-07,False
14/15,Traumatismo craniano,2014-10-01,2014-10-04,4.0,,67864,mauricio,2014-10-04,False
14/15,Lesão ocular,2014-09-27,2014-09-29,3.0,,67864,mauricio,2014-09-29,False
14/15,Problemas na virilha,2014-07-19,2014-08-08,21.0,,67864,mauricio,2014-08-08,False
13/14,Problemas musculares,2013-10-28,2013-11-11,15.0,,67864,mauricio,2013-11-11,False
18/19,Lesão desconhecida,2018-09-05,2018-11-08,65.0,8.0,283863,ailton,2018-11-08,True
17/18,Lesão desconhecida,2018-02-19,2018-03-26,36.0,5.0,283863,ailton,2018-03-26,False
17/18,Problemas na tibiotársica,2018-01-03,2018-01-25,23.0,2.0,283863,ailton,2018-01-25,False
17/18,Fissura da banda,2017-09-29,2017-10-14,16.0,2.0,283863,ailton,2017-10-14,False
17/18,Problemas musculares,2017-08-10,2017-08-14,5.0,1.0,283863,ailton,2017-08-14,False
18/19,Lesão na virilha,2019-05-23,2019-07-21,60.0,11.0,107259,souza,2019-07-21,True
17/18,Recuperação ritmo competitivo,2018-05-03,2018-06-05,34.0,2.0,107259,souza,2018-06-05,False
17/18,Lesão na coxa,2018-03-27,2018-05-02,37.0,9.0,107259,souza,2018-05-02,False
14/15,Problemas na panturrilha,2015-05-29,2015-06-14,17.0,3.0,220722,eduardo,2015-06-14,False
20/21,Lesão no joelho,2020-07-21,2020-12-31,164.0,22.0,605326,pedro-vitor,2020-12-31,True
25/26,Pubalgia,2026-02-19,,35.0,3.0,797813,luizinho,2026-03-26,False
22/23,Lesão desconhecida,2022-09-10,2022-10-09,30.0,5.0,911994,alexis-alvarino,2022-10-09,False
17/18,Lesão no joelho,2018-03-30,2018-04-27,29.0,4.0,431065,bruno-miranda,2018-04-27,False
17/18,Lesão na coxa,2017-08-22,2017-09-13,23.0,5.0,431065,bruno-miranda,2017-09-13,False
24/25,Operado ao joelho,2024-07-01,2024-12-31,184.0,27.0,401932,christian-ebere,2024-12-31,True
22/23,Cirurgia Ligamento Cruzado,2022-07-10,2023-05-01,296.0,28.0,606729,kadu,2023-05-01,True
24/25,Lesão desconhecida,2025-02-24,2025-03-28,33.0,2.0,1044157,rodrigo-souza,2025-03-28,False
23/24,Inflamação,2024-03-24,2024-05-15,53.0,4.0,552255,arilson,2024-05-15,False
25/26,Lesão desconhecida,2025-10-04,2025-10-17,14.0,1.0,164997,negueba,2025-10-17,False
25/26,Lesão no pé,2025-09-07,2025-09-12,6.0,,164997,negueba,2025-09-12,False
18/19,Lesão no joelho,2019-05-29,2019-12-31,217.0,8.0,164997,negueba,2019-12-31,True
18/19,Pequena lesão,2019-05-15,2019-05-17,3.0,,164997,negueba,2019-05-17,False
18/19,Problemas no tendão de Aquiles,2019-03-30,2019-04-07,9.0,2.0,164997,negueba,2019-04-07,False
21/22,Lesão no joelho,2022-06-30,2023-07-01,367.0,40.0,271608,pacheco,2023-07-01,True
23/24,Rotura de ligamentos no joelho,2024-04-01,2025-03-18,352.0,38.0,981271,ze-carlos,2025-03-18,True
19/20,Lesão no cotovelo,2019-08-18,2019-09-15,29.0,3.0,271861,crislan,2019-09-15,False
18/19,Lesão do ligamento cruzado,2018-10-21,2019-06-30,253.0,28.0,271861,crislan,2019-06-30,True
18/19,Entorse do tornozelo,2018-08-29,2018-09-14,17.0,1.0,271861,crislan,2018-09-14,False
18/19,Traumatismo no joelho,2018-07-23,2018-08-06,15.0,2.0,271861,crislan,2018-08-06,False
17/18,Lesão no joelho,2018-05-04,2018-05-08,5.0,1.0,271861,crislan,2018-05-08,False
16/17,Fibra muscular rasgado,2017-02-05,2017-03-05,29.0,2.0,271861,crislan,2017-03-05,False
15/16,Problemas musculares na coxa,2016-04-30,2016-05-30,31.0,4.0,271861,crislan,2016-05-30,False
15/16,Problemas musculares na coxa,2016-03-21,2016-04-01,12.0,,271861,crislan,2016-04-01,False
15/16,Pequena lesão,2015-12-14,2015-12-17,4.0,1.0,271861,crislan,2015-12-17,False
25/26,Lesão no pé,2026-01-11,,74.0,10.0,158038,lucas-silva,2026-03-26,True
25/26,Entorse na tibiotársica,2025-08-31,2025-09-12,13.0,2.0,158038,lucas-silva,2025-09-12,False
24/25,Lesão no pé,2025-03-24,2025-04-05,13.0,1.0,158038,lucas-silva,2025-04-05,False
24/25,Lesão no pé,2025-02-27,2025-03-03,5.0,1.0,158038,lucas-silva,2025-03-03,False
24/25,Lesão desconhecida,2024-12-01,2024-12-20,20.0,2.0,158038,lucas-silva,2024-12-20,False
20/21,Rotura muscular na coxa,2021-04-17,2021-04-29,13.0,1.0,158038,lucas-silva,2021-04-29,False
20/21,Lesão desconhecida,2021-03-16,2021-03-26,11.0,1.0,158038,lucas-silva,2021-03-26,False
18/19,Lesão desconhecida,2019-03-24,2019-04-05,13.0,2.0,158038,lucas-silva,2019-04-05,False
17/18,Rotura muscular,2018-04-22,2018-05-31,40.0,5.0,158038,lucas-silva,2018-05-31,False
17/18,Lesão desconhecida,2017-11-20,2017-12-22,33.0,4.0,158038,lucas-silva,2017-12-22,False
18/19,Lesão desconhecida,2018-11-22,2018-11-29,8.0,1.0,598251,patrick-carvalho,2018-11-29,False
18/19,Lesão desconhecida,2018-10-18,2018-10-30,13.0,2.0,598251,patrick-carvalho,2018-10-30,False
24/25,lesão na perna,2025-04-07,2025-04-09,3.0,,694495,joao-maistro,2025-04-09,False
24/25,lesão na perna,2024-09-07,2024-09-15,9.0,2.0,694495,joao-maistro,2024-09-15,False
19/20,Lesão desconhecida,2019-09-15,2019-09-30,16.0,3.0,694495,joao-maistro,2019-09-30,False
22/23,Lesão na coxa,2023-04-29,2023-05-30,32.0,6.0,644780,santiago-patino,2023-05-30,False
18/19,Lesão muscular,2019-04-14,2019-05-02,19.0,3.0,49500,roberto-rosales,2019-05-02,False
16/17,Lesão no joelho,2017-04-23,2017-06-05,44.0,6.0,49500,roberto-rosales,2017-06-05,False
15/16,Pequena lesão,2016-06-13,2016-06-13,1.0,,49500,roberto-rosales,2016-06-13,False
15/16,Lesão no tornozelo,2016-05-02,2016-05-23,22.0,2.0,49500,roberto-rosales,2016-05-23,False
14/15,Lesão na virilha,2014-11-06,2014-11-20,15.0,3.0,49500,roberto-rosales,2014-11-20,False
13/14,Lesão na virilha,2014-03-31,2014-04-24,25.0,3.0,49500,roberto-rosales,2014-04-24,False
12/13,Lesão na virilha,2013-03-07,2013-04-11,36.0,6.0,49500,roberto-rosales,2013-04-11,False
08/09,Meniskusschaden,2009-04-30,2009-08-13,106.0,15.0,49500,roberto-rosales,2009-08-13,True
24/25,Lesão desconhecida,2025-02-01,2025-02-11,11.0,2.0,190442,alan-ruiz,2025-02-11,False
24/25,Gripe,2024-12-15,2024-12-18,4.0,1.0,190442,alan-ruiz,2024-12-18,False
24/25,Lesão muscular,2024-10-01,2024-10-24,24.0,2.0,190442,alan-ruiz,2024-10-24,False
17/18,Lesão nos adutores,2017-10-06,2017-11-03,29.0,5.0,190442,alan-ruiz,2017-11-03,False
17/18,Problemas no Joelho,2017-08-01,2017-08-14,14.0,2.0,190442,alan-ruiz,2017-08-14,False
16/17,Lesão no joelho,2017-05-01,2017-06-20,51.0,3.0,190442,alan-ruiz,2017-06-20,False
25/26,Lesão no joelho,2025-10-10,,167.0,20.0,292715,gerardo-gordillo,2026-03-26,True
24/25,Entorse do tornozelo,2025-02-16,2025-03-15,28.0,5.0,292715,gerardo-gordillo,2025-03-15,False
24/25,Rotura parcial da banda plantar,2025-01-20,2025-02-07,19.0,4.0,292715,gerardo-gordillo,2025-02-07,False
21/22,Lesão desconhecida,2021-09-11,2021-10-15,35.0,6.0,292715,gerardo-gordillo,2021-10-15,False
20/21,Muskelbündelriss,2021-06-15,2021-06-22,8.0,1.0,292715,gerardo-gordillo,2021-06-22,False
20/21,Lesão desconhecida,2021-05-19,2021-06-08,21.0,1.0,356685,felipe-carvalho,2021-06-08,False
20/21,Problemas musculares,2021-05-04,2021-05-10,7.0,2.0,356685,felipe-carvalho,2021-05-10,False
19/20,Lesão muscular,2019-12-07,2019-12-13,7.0,,356685,felipe-carvalho,2019-12-13,False
16/17,Rotura do tendão de Aquiles,2017-06-22,2017-12-31,193.0,21.0,356685,felipe-carvalho,2017-12-31,True
16/17,Lesão na virilha,2017-05-12,2017-05-15,4.0,1.0,356685,felipe-carvalho,2017-05-15,False
22/23,Lesão desconhecida,2022-09-01,2022-10-03,33.0,1.0,144752,fernando-boldrin,2022-10-03,False
20/21,Lesão desconhecida,2021-04-28,2021-05-16,19.0,4.0,144752,fernando-boldrin,2021-05-16,False
20/21,Problemas no Joelho,2021-04-20,2021-04-24,5.0,1.0,144752,fernando-boldrin,2021-04-24,False
20/21,Lesão desconhecida,2021-02-15,2021-02-24,10.0,1.0,144752,fernando-boldrin,2021-02-24,False
20/21,Coronavírus,2021-01-14,2021-01-25,12.0,3.0,144752,fernando-boldrin,2021-01-25,False
20/21,Lesão na coxa,2020-12-19,2021-01-07,20.0,4.0,144752,fernando-boldrin,2021-01-07,False
19/20,Lesão desconhecida,2019-11-18,2019-12-10,23.0,4.0,144752,fernando-boldrin,2019-12-10,False
17/18,Lesão desconhecida,2017-12-19,2017-12-28,10.0,2.0,144752,fernando-boldrin,2017-12-28,False
17/18,Lesão no joelho,2018-03-06,2018-10-16,225.0,21.0,442424,murilo,2018-10-16,True
22/23,Lesão na coxa,2022-07-07,2022-08-08,33.0,4.0,285020,gabriel-xavier,2022-08-08,False
20/21,Lesão no bíceps femoral,2020-10-15,2020-11-01,18.0,4.0,285020,gabriel-xavier,2020-11-01,False
20/21,Lesão desconhecida,2020-07-23,2020-08-06,15.0,2.0,285020,gabriel-xavier,2020-08-06,False
18/19,Lesão na coxa,2019-04-21,2019-04-29,9.0,2.0,285020,gabriel-xavier,2019-04-29,False
18/19,Lesão no pé,2018-09-01,2018-10-06,36.0,2.0,285020,gabriel-xavier,2018-10-06,False
17/18,Problemas musculares na coxa,2018-04-06,2018-04-15,10.0,3.0,285020,gabriel-xavier,2018-04-15,False
14/15,Lesão na coxa,2015-06-07,2015-07-11,35.0,6.0,285020,gabriel-xavier,2015-07-11,False
23/24,Lesão na coxa,2024-05-15,2024-05-21,7.0,1.0,896879,danrlei,2024-05-21,False
25/26,Lesão desconhecida,2025-11-10,2026-02-27,110.0,8.0,1001686,arthur,2026-02-27,True
21/22,Rotura de ligamentos do tornozelo,2022-01-30,2022-04-03,64.0,10.0,576449,daiki-matsuoka,2022-04-03,True
25/26,Rompimento dos adutores,2026-03-12,,14.0,1.0,160217,bryan-rabello,2026-03-26,False
24/25,Entorse do tornozelo,2025-03-22,2025-04-23,33.0,4.0,160217,bryan-rabello,2025-04-23,False
20/21,Lesão muscular,2021-03-19,2021-04-28,41.0,5.0,73783,joaozinho,2021-04-28,False
16/17,Entzündung im Wadenbeinköpfchen,2017-01-05,2017-02-13,40.0,,73783,joaozinho,2017-02-13,False
16/17,Pequena lesão,2016-10-24,2016-10-27,4.0,,73783,joaozinho,2016-10-27,False
14/15,Fratura do perónio,2015-03-12,2015-08-13,155.0,17.0,73783,joaozinho,2015-08-13,True
22/23,Lesão desconhecida,2022-08-25,2022-09-02,9.0,2.0,114340,gabriel-silva,2022-09-02,False
18/19,Achillessehnenanriss,2019-02-22,2019-09-01,192.0,15.0,114340,gabriel-silva,2019-09-01,True
16/17,Fratura de um dedo,2016-08-29,2016-10-01,34.0,4.0,114340,gabriel-silva,2016-10-01,False
14/15,Lesão na coxa,2014-08-25,2014-12-07,105.0,14.0,114340,gabriel-silva,2014-12-07,True
13/14,Lesão desconhecida,2014-03-09,2014-03-21,13.0,1.0,114340,gabriel-silva,2014-03-21,False
13/14,Lesão desconhecida,2014-01-27,2014-02-02,7.0,1.0,114340,gabriel-silva,2014-02-02,False
12/13,Lesão desconhecida,2012-11-02,2012-11-25,24.0,5.0,114340,gabriel-silva,2012-11-25,False
11/12,Distorção do tornozelo,2012-03-22,2012-04-29,39.0,6.0,114340,gabriel-silva,2012-04-29,False
25/26,Lesão desconhecida,2026-02-08,2026-02-19,12.0,1.0,1108966,jehtm,2026-02-19,False
24/25,Fratura na face,2025-04-18,2025-05-27,40.0,5.0,791720,carlos-alexandre,2025-05-27,False
16/17,Lesão desconhecida,2017-02-27,2017-03-12,14.0,2.0,218352,marquinhos-pedroso,2017-03-12,False
25/26,Lesão desconhecida,2026-01-26,2026-02-05,11.0,1.0,897924,agustin-rodriguez,2026-02-05,False
25/26,Lesão na cabeça,2025-07-13,2025-09-08,58.0,9.0,897924,agustin-rodriguez,2025-09-08,False
21/22,Entorse no joelho,2022-04-08,2022-05-05,28.0,4.0,686150,anderson-cordeiro,2022-05-05,False
20/21,Coronavírus,2020-11-03,2020-11-17,15.0,,686150,anderson-cordeiro,2020-11-17,False
24/25,Lesão no joelho,2025-05-03,2025-05-12,10.0,1.0,691861,fabio-lima,2025-05-12,False
24/25,Problemas musculares na coxa,2025-02-15,2025-02-19,5.0,1.0,691861,fabio-lima,2025-02-19,False
24/25,Lesão muscular,2024-09-07,2024-09-30,24.0,3.0,691861,fabio-lima,2024-09-30,False
24/25,Lesão muscular,2024-07-24,2024-08-20,28.0,4.0,691861,fabio-lima,2024-08-20,False
23/24,Rotura muscular,2024-03-23,2024-04-19,28.0,4.0,691861,fabio-lima,2024-04-19,False
17/18,Fibra muscular rasgado,2017-09-16,2017-10-25,40.0,7.0,256053,fabio-aguiar,2017-10-25,False
17/18,Queixas adutores,2017-08-09,2017-08-13,5.0,1.0,256053,fabio-aguiar,2017-08-13,False
19/20,Lesão no joelho,2019-07-06,2020-02-14,224.0,28.0,226141,henrique,2020-02-14,True
18/19,Fratura da clavícula,2018-07-19,2018-10-31,105.0,19.0,226141,henrique,2018-10-31,True
14/15,Rotura muscular na coxa,2015-06-11,2015-07-02,22.0,2.0,226141,henrique,2015-07-02,False
21/22,Lesão na panturrilha,2022-01-16,2022-01-31,16.0,2.0,535975,arthur-felix,2022-01-31,False
21/22,Lesão na coxa,2021-09-29,2021-10-07,9.0,1.0,535975,arthur-felix,2021-10-07,False
25/26,Lesão desconhecida,2025-10-27,2025-12-11,46.0,5.0,1083068,pablo-ruan,2025-12-11,False
24/25,lesão na perna,2024-11-18,2024-11-25,8.0,2.0,1152257,rafinha,2024-11-25,False
24/25,Traumatismo no pé,2024-10-18,2024-10-24,7.0,2.0,1152257,rafinha,2024-10-24,False
24/25,Traumatismo no pé,2024-09-21,2024-09-23,3.0,1.0,1152257,rafinha,2024-09-23,False
24/25,lesão na perna,2024-08-23,2024-09-09,18.0,3.0,1152257,rafinha,2024-09-09,False
23/24,Traumatismo no pé,2024-07-15,2024-07-18,4.0,1.0,1152257,rafinha,2024-07-18,False
20/21,Lesão desconhecida,2021-04-16,2021-05-01,16.0,5.0,344627,rafael-silva,2021-05-01,False
21/22,Lesão no bíceps femoral,2021-09-27,2021-10-25,29.0,4.0,140547,serginho,2021-10-25,False
19/20,Rompimento de ligamento interno,2019-10-19,2019-12-08,51.0,5.0,140547,serginho,2019-12-08,False
18/19,lesão na perna,2018-10-22,2018-11-02,12.0,1.0,140547,serginho,2018-11-02,False
17/18,Fibra muscular rasgado,2017-08-20,2017-10-01,43.0,7.0,140547,serginho,2017-10-01,False
21/22,Braço fraturado,2021-07-18,2021-10-04,79.0,12.0,450237,billy-arce,2021-10-04,True
22/23,Lesão desconhecida,2022-08-21,2022-09-28,39.0,5.0,177964,yusupha-njie,2022-09-28,False
21/22,Coronavírus,2022-01-01,2022-01-06,6.0,,177964,yusupha-njie,2022-01-06,False
20/21,Lesão desconhecida,2020-09-21,2020-10-20,30.0,4.0,177964,yusupha-njie,2020-10-20,False
18/19,Rotura do menisco,2018-08-01,2019-02-20,204.0,29.0,177964,yusupha-njie,2019-02-20,True
17/18,Traumatismo no joelho,2018-03-19,2018-04-10,23.0,3.0,177964,yusupha-njie,2018-04-10,False
17/18,Rotura do ligamento externo do joelho,2017-11-05,2018-01-16,73.0,7.0,177964,yusupha-njie,2018-01-16,True
25/26,Lesão muscular,2025-08-19,2025-09-16,29.0,3.0,1210697,alejandro-villarreal,2025-09-16,False
23/24,Lesão muscular,2024-05-01,2024-05-31,31.0,3.0,477161,aloisio,2024-05-31,False
23/24,Lesão desconhecida,2023-12-01,2024-01-08,39.0,5.0,477161,aloisio,2024-01-08,False
21/22,Problemas musculares,2021-10-01,2021-11-10,41.0,6.0,477161,aloisio,2021-11-10,False
19/20,Lesão no tornozelo,2019-07-15,2019-07-25,11.0,1.0,178116,angelo-rodriguez,2019-07-25,False
25/26,Lesão muscular,2026-02-18,2026-03-17,28.0,5.0,318843,facundo-castro,2026-03-17,False
16/17,Lesão no pé,2016-09-30,2016-10-12,13.0,2.0,318843,facundo-castro,2016-10-12,False
16/17,Problemas físicos,2016-08-29,2016-09-07,10.0,2.0,318843,facundo-castro,2016-09-07,False
22/23,Lesão muscular,2022-04-02,2022-05-15,44.0,4.0,259911,facundo-barcelo,2022-05-15,False
20/21,Lesão muscular,2021-04-30,2021-05-09,10.0,2.0,259911,facundo-barcelo,2021-05-09,False
22/23,Lesão desconhecida,2023-03-07,2023-03-27,21.0,3.0,223024,fernando-elizari,2023-03-27,False
21/22,Muskelbündelriss,2021-09-29,2021-10-16,18.0,2.0,223024,fernando-elizari,2021-10-16,False
24/25,Lesão no tornozelo,2025-04-21,2025-04-27,7.0,1.0,1193867,pedro-lima,2025-04-27,False
22/23,Lesão muscular,2023-04-10,2023-04-29,20.0,3.0,275319,julian-fernandez,2023-04-29,False
22/23,Lesão no joelho,2022-08-14,2022-09-21,39.0,8.0,275319,julian-fernandez,2022-09-21,False
25/26,Lesão desconhecida,2026-02-01,2026-06-30,150.0,5.0,523364,daniel-dos-anjos,2026-06-30,True
20/21,Recuperação ritmo competitivo,2021-04-01,2021-05-17,47.0,7.0,523364,daniel-dos-anjos,2021-05-17,False
20/21,Problemas cardíacos,2020-12-12,2021-03-31,110.0,,523364,daniel-dos-anjos,2021-03-31,True
20/21,Coronavírus,2020-11-29,2020-12-11,13.0,2.0,523364,daniel-dos-anjos,2020-12-11,False
20/21,Lesão desconhecida,2021-10-06,2021-12-07,63.0,5.0,187208,ademilson,2021-12-07,True
20/21,Rotura muscular na coxa,2021-08-16,2021-09-17,33.0,4.0,187208,ademilson,2021-09-17,False
19/20,Lesão na virilha,2019-10-16,2019-10-30,15.0,1.0,187208,ademilson,2019-10-30,False
17/18,Lesão na virilha,2018-03-18,2018-07-11,116.0,19.0,187208,ademilson,2018-07-11,True
17/18,Lesão na virilha,2017-09-16,2017-12-02,78.0,11.0,187208,ademilson,2017-12-02,True
16/17,Lesão nos adutores,2017-04-09,2017-04-24,16.0,3.0,187208,ademilson,2017-04-24,False
15/16,Lesão no tornozelo,2016-03-06,2016-03-18,13.0,3.0,187208,ademilson,2016-03-18,False
24/25,Rotura dos ligamentos cruzados,2024-09-04,,568.0,31.0,936180,phtm,2026-03-26,True
21/22,Lesão muscular,2022-05-22,2022-06-10,20.0,2.0,454256,yeferson-quintana,2022-06-10,False
21/22,Lesão muscular,2021-09-06,2021-10-12,37.0,5.0,454256,yeferson-quintana,2021-10-12,False
17/18,Lesão desconhecida,2018-04-30,2018-05-28,29.0,5.0,454256,yeferson-quintana,2018-05-28,False
16/17,Queixas adutores,2017-05-23,2017-06-01,10.0,2.0,454256,yeferson-quintana,2017-06-01,False
22/23,Queixas adutores,2023-04-17,2023-06-01,46.0,4.0,360314,geferson,2023-06-01,False
18/19,Operação,2018-08-09,2018-10-31,84.0,13.0,360314,geferson,2018-10-31,True
21/22,Lesão na panturrilha,2022-02-28,2022-04-25,57.0,13.0,179373,leandro-moura,2022-04-25,False
17/18,Operado ao joelho,2018-05-03,2018-11-18,200.0,35.0,179373,leandro-moura,2018-11-18,True
17/18,Problemas no Joelho,2018-04-24,2018-05-02,9.0,2.0,179373,leandro-moura,2018-05-02,False
17/18,Patellasehnenanriss,2018-02-07,2018-03-27,49.0,8.0,179373,leandro-moura,2018-03-27,False
25/26,Problemas musculares na coxa,2025-10-02,2025-11-02,32.0,4.0,347823,caio-cesar,2025-11-02,False
25/26,Lesão no joelho,2026-02-03,2026-02-23,21.0,4.0,618986,alexander-diaz,2026-02-23,False
19/20,Rotura do menisco,2020-01-10,2020-06-10,153.0,9.0,537928,rodrigo-rodrigues,2020-06-10,True
24/25,Lesão no joelho,2024-10-25,2025-05-27,215.0,43.0,121791,eric-davis,2025-05-27,True
24/25,Problemas no Joelho,2024-09-30,2024-10-20,21.0,5.0,121791,eric-davis,2024-10-20,False
22/23,Problemas no Joelho,2024-09-03,2024-09-15,13.0,2.0,121791,eric-davis,2024-09-15,False
22/23,Problemas na tibiotársica,2022-08-15,2022-11-12,90.0,16.0,121791,eric-davis,2022-11-12,True
21/22,Doente,2022-07-12,2022-07-31,20.0,5.0,121791,eric-davis,2022-07-31,False
21/22,Lesão desconhecida,2022-03-16,2022-03-31,16.0,2.0,121791,eric-davis,2022-03-31,False
20/21,Lesão no joelho,2021-07-27,2021-08-10,15.0,3.0,121791,eric-davis,2021-08-10,False
20/21,Coronavírus,2020-12-09,2021-02-24,78.0,5.0,121791,eric-davis,2021-02-24,True
20/21,Coronavírus,2020-11-06,2020-11-19,14.0,3.0,121791,eric-davis,2020-11-19,False
23/24,Lesão desconhecida,2024-05-19,2024-06-12,25.0,3.0,203018,alex-silva,2024-06-12,False
20/21,Coronavírus,2021-05-17,2021-06-07,22.0,3.0,203018,alex-silva,2021-06-07,False
17/18,Problemas físicos,2018-02-01,2018-02-08,8.0,,203018,alex-silva,2018-02-08,False
17/18,Contra,2017-11-01,2017-11-17,17.0,4.0,203018,alex-silva,2017-11-17,False
17/18,Lesão muscular,2017-08-18,2017-10-09,53.0,6.0,203018,alex-silva,2017-10-09,False
16/17,Lesão no tornozelo,2016-08-18,2016-09-01,15.0,1.0,203018,alex-silva,2016-09-01,False
21/22,Reação de estresse do osso,2021-10-22,2021-12-23,63.0,10.0,236952,ronaldo-mendes,2021-12-23,True
21/22,Lesão no tornozelo,2021-08-23,2021-10-22,61.0,7.0,236952,ronaldo-mendes,2021-10-22,True
24/25,Lesão desconhecida,2024-07-01,2024-10-25,117.0,12.0,1093907,joao-araujo,2024-10-25,True
14/15,Lesão no joelho,2014-12-09,2015-04-20,133.0,16.0,189490,jonny-uchuari,2015-04-20,True
14/15,Lesão no joelho,2014-10-28,2014-11-25,29.0,6.0,189490,jonny-uchuari,2014-11-25,False
13/14,Lesão no joelho,2014-04-22,2014-04-30,9.0,1.0,189490,jonny-uchuari,2014-04-30,False
22/23,Lesão desconhecida,2022-09-05,2022-10-05,31.0,3.0,513346,matheus-costa,2022-10-05,False
21/22,Lesão desconhecida,2021-09-01,2021-10-24,54.0,6.0,513346,matheus-costa,2021-10-24,False
21/22,Rotura dos ligamentos cruzados,2021-07-28,2022-05-31,308.0,,648812,sabit-abdulai,2022-05-31,True
19/20,Rotura parcial de ligamento,2019-07-01,2020-01-01,185.0,25.0,481192,luis-haquin,2020-01-01,True
24/25,Rompimento dos adutores,2025-03-21,2025-05-07,48.0,8.0,438000,agustin-gonzalez,2025-05-07,False
24/25,Lesão nos adutores,2025-02-10,2025-03-03,22.0,2.0,438000,agustin-gonzalez,2025-03-03,False
23/24,Lesão desconhecida,2023-12-14,2024-01-01,19.0,1.0,438000,agustin-gonzalez,2024-01-01,False
23/24,Lesão desconhecida,2023-07-19,2023-08-23,36.0,4.0,438000,agustin-gonzalez,2023-08-23,False
22/23,Lesão desconhecida,2023-05-03,2023-05-25,23.0,4.0,438000,agustin-gonzalez,2023-05-25,False
22/23,Apendicectomia,2022-10-08,2022-11-06,30.0,6.0,438000,agustin-gonzalez,2022-11-06,False
22/23,Lesão desconhecida,2023-02-23,2023-03-08,14.0,2.0,657748,matias-ocampo,2023-03-08,False
22/23,Lesão desconhecida,2023-02-03,2023-02-16,14.0,2.0,657748,matias-ocampo,2023-02-16,False
23/24,Lesão desconhecida,2023-10-18,2023-10-25,8.0,1.0,431784,rodrigo-pollero,2023-10-25,False
21/22,Lesão desconhecida,2022-04-13,2022-04-21,9.0,1.0,431784,rodrigo-pollero,2022-04-21,False
20/21,Lesão desconhecida,2021-02-03,2021-02-12,10.0,1.0,431784,rodrigo-pollero,2021-02-12,False
20/21,Lesão na coxa,2020-12-21,2021-01-01,12.0,1.0,431784,rodrigo-pollero,2021-01-01,False
20/21,Lesão desconhecida,2020-11-18,2020-11-23,6.0,1.0,431784,rodrigo-pollero,2020-11-23,False
19/20,Lesão desconhecida,2020-02-12,2020-02-29,18.0,2.0,431784,rodrigo-pollero,2020-02-29,False
19/20,Fratura do Metatarso,2019-08-21,2019-10-16,57.0,6.0,431784,rodrigo-pollero,2019-10-16,False
19/20,Lesão desconhecida,2019-07-31,2019-08-06,7.0,1.0,431784,rodrigo-pollero,2019-08-06,False
18/19,Lesão desconhecida,2019-04-24,2019-05-14,21.0,3.0,431784,rodrigo-pollero,2019-05-14,False
18/19,Lesão desconhecida,2019-04-05,2019-04-18,14.0,2.0,431784,rodrigo-pollero,2019-04-18,False
18/19,Lesão desconhecida,2019-03-07,2019-03-27,21.0,2.0,431784,rodrigo-pollero,2019-03-27,False
23/24,Lesão do ligamento cruzado,2022-08-09,2023-09-15,403.0,56.0,582982,hayen-palacios,2023-09-15,True
25/26,Lesão no joelho,2026-02-07,2026-03-10,32.0,7.0,1007972,elan-ricardo,2026-03-10,False
24/25,Lesão desconhecida,2025-05-22,2025-06-02,12.0,2.0,1007972,elan-ricardo,2025-06-02,False
24/25,Rotura muscular na coxa,2025-04-01,2025-05-14,44.0,7.0,1007972,elan-ricardo,2025-05-14,False
21/22,Lesão desconhecida,2022-01-14,2022-01-26,13.0,1.0,225335,wallace,2022-01-26,False
21/22,Lesão desconhecida,2021-12-26,2022-01-11,17.0,2.0,225335,wallace,2022-01-11,False
21/22,Ruptura muscular na coxa,2021-11-05,2021-11-26,22.0,2.0,225335,wallace,2021-11-26,False
21/22,Quarentena,2021-07-10,2021-07-24,15.0,,225335,wallace,2021-07-24,False
20/21,Ruptura muscular na coxa,2021-04-21,2021-04-26,6.0,2.0,225335,wallace,2021-04-26,False
20/21,Lesão desconhecida,2020-12-05,2020-12-13,9.0,2.0,225335,wallace,2020-12-13,False
19/20,Lesão muscular,2020-02-21,2020-07-12,143.0,11.0,225335,wallace,2020-07-12,True
19/20,Lesão muscular,2019-09-14,2019-10-21,38.0,6.0,225335,wallace,2019-10-21,False
18/19,Lesão na coxa,2019-01-31,2019-03-17,46.0,8.0,225335,wallace,2019-03-17,False
18/19,Problemas no Joelho,2019-01-12,2019-01-15,4.0,1.0,225335,wallace,2019-01-15,False
17/18,Lesão na tíbia,2018-03-28,2018-04-02,6.0,1.0,225335,wallace,2018-04-02,False
17/18,Lesão na tíbia,2018-02-05,2018-02-08,4.0,1.0,225335,wallace,2018-02-08,False
17/18,Problemas musculares na coxa,2017-11-29,2017-12-06,8.0,1.0,225335,wallace,2017-12-06,False
17/18,Ruptura muscular do músculo do perônio,2017-09-11,2017-11-24,75.0,14.0,225335,wallace,2017-11-24,True
24/25,Lesão muscular,2025-03-25,2025-03-30,6.0,1.0,321612,ezequiel-ham,2025-03-30,False
21/22,Lesão muscular,2021-09-22,2022-07-11,293.0,25.0,321612,ezequiel-ham,2022-07-11,True
15/16,Fratura da tíbia e do perónio,2015-09-19,2016-11-01,410.0,32.0,321612,ezequiel-ham,2016-11-01,True
22/23,Lesão muscular,2023-02-25,2023-03-17,21.0,3.0,411433,federico-martinez,2023-03-17,False
22/23,Muskelbündelriss,2023-01-10,2023-01-28,19.0,,411433,federico-martinez,2023-01-28,False
25/26,Lesão nos adutores,2026-02-26,,27.0,1.0,1022058,luciano-cosentino,2026-03-25,False
24/25,Problemas com o tendão rotuliano,2025-02-07,2025-05-07,90.0,14.0,1022058,luciano-cosentino,2025-05-07,True
19/20,Lesão desconhecida,2019-09-25,2019-11-06,43.0,7.0,190543,dener,2019-11-06,False
19/20,Lesão muscular,2019-08-01,2019-08-17,17.0,2.0,190543,dener,2019-08-17,False
18/19,Lesão muscular,2019-02-28,2019-03-28,29.0,3.0,190543,dener,2019-03-28,False
18/19,Lesão muscular,2019-02-05,2019-02-21,17.0,2.0,190543,dener,2019-02-21,False
17/18,Lesão desconhecida,2016-01-04,2017-04-03,456.0,61.0,190543,dener,2017-04-03,True
22/23,Lesão no bíceps femoral,2023-06-12,2023-07-10,29.0,4.0,101253,adailton,2023-07-10,False
18/19,Recuperação ritmo competitivo,2018-10-04,2018-11-28,56.0,7.0,101253,adailton,2018-11-28,False
17/18,Rotura dos ligamentos cruzados,2018-03-18,2018-10-03,200.0,32.0,101253,adailton,2018-10-03,True
17/18,Lesão meniscal,2018-03-18,2018-09-18,185.0,30.0,101253,adailton,2018-09-18,True
25/26,Lesão desconhecida,2025-10-25,2025-12-10,47.0,5.0,1095335,jhonnatan-silva,2025-12-10,False
22/23,Lesão muscular,2023-03-09,2023-03-31,23.0,3.0,150601,heber,2023-03-31,False
20/21,Rotura dos ligamentos cruzados,2020-09-25,2021-09-13,354.0,35.0,150601,heber,2021-09-13,True
18/19,Lesão muscular,2019-06-28,2019-07-10,13.0,3.0,150601,heber,2019-07-10,False
23/24,Problemas na anca,2024-04-23,2024-06-18,57.0,12.0,339711,nathan-pelae,2024-06-18,False
23/24,Lesão na anca,2024-04-01,2024-04-21,21.0,2.0,339711,nathan-pelae,2024-04-21,False
22/23,Lesão do ligamento cruzado,2023-02-04,2023-12-31,331.0,38.0,339711,nathan-pelae,2023-12-31,True
21/22,Rotura do menisco,2022-02-26,2022-04-14,48.0,5.0,339711,nathan-pelae,2022-04-14,False
20/21,Lesão desconhecida,2021-04-09,2021-04-16,8.0,1.0,339711,nathan-pelae,2021-04-16,False
19/20,Quarentena,2020-07-11,2020-07-21,11.0,2.0,339711,nathan-pelae,2020-07-21,False
19/20,Lesão desconhecida,2019-07-31,2019-08-06,7.0,1.0,339711,nathan-pelae,2019-08-06,False
18/19,Lesão meniscal,2019-04-15,2019-07-01,78.0,7.0,339711,nathan-pelae,2019-07-01,True
18/19,Lesão meniscal,2018-09-05,2019-03-05,182.0,18.0,339711,nathan-pelae,2019-03-05,True
17/18,Fibra muscular rasgado,2018-04-17,2018-04-26,10.0,2.0,339711,nathan-pelae,2018-04-26,False
24/25,Fissura da banda do joelho,2025-02-24,2025-11-15,265.0,40.0,266600,yamil-asad,2025-11-15,True
24/25,Lesão no joelho,2024-08-11,2024-09-11,32.0,3.0,266600,yamil-asad,2024-09-11,False
18/19,Lesão no tornozelo,2018-08-28,2018-09-14,18.0,4.0,266600,yamil-asad,2018-09-14,False
14/15,Meniskusschaden,2015-05-13,2015-08-01,81.0,2.0,68442,vagner,2015-08-01,True
23/24,Fissura da banda,2023-08-02,2024-01-01,153.0,4.0,555431,jefferson-luis,2024-01-01,True
23/24,Problemas musculares,2023-11-07,2023-11-20,14.0,1.0,415845,fernando-martinez,2023-11-20,False
20/21,Lesão desconhecida,2021-01-12,2021-02-18,38.0,6.0,512127,fabricio-isidoro,2021-02-18,False
19/20,Lesão desconhecida,2020-01-01,2020-02-24,55.0,5.0,512127,fabricio-isidoro,2020-02-24,False
18/19,Lesão desconhecida,2018-12-01,2018-12-25,25.0,4.0,512127,fabricio-isidoro,2018-12-25,False
18/19,Lesão desconhecida,2018-10-25,2018-11-12,19.0,3.0,512127,fabricio-isidoro,2018-11-12,False
24/25,Meniskuseinriss,2025-04-01,2025-06-30,91.0,6.0,257456,chico-geraldes,2025-06-30,True
18/19,Traumatismo,2018-12-11,2018-12-17,7.0,2.0,257456,chico-geraldes,2018-12-17,False
18/19,Recuperação ritmo competitivo,2018-11-09,2018-12-03,25.0,4.0,257456,chico-geraldes,2018-12-03,False
18/19,Lesão nas costas,2018-09-06,2018-11-09,65.0,12.0,257456,chico-geraldes,2018-11-09,True
16/17,lesão na perna,2017-03-12,2017-03-20,9.0,1.0,257456,chico-geraldes,2017-03-20,False
25/26,Lesão muscular,2026-03-09,,16.0,,337670,alessio-da-cruz,2026-03-25,False
24/25,Operação ao pé,2024-07-01,2024-10-19,111.0,12.0,337670,alessio-da-cruz,2024-10-19,True
23/24,Lesão desconhecida,2024-02-21,2024-02-29,9.0,1.0,337670,alessio-da-cruz,2024-02-29,False
23/24,Operação ao tornozelo,2023-09-14,2023-11-19,67.0,12.0,337670,alessio-da-cruz,2023-11-19,True
22/23,Lesão muscular,2022-07-24,2022-08-11,19.0,2.0,337670,alessio-da-cruz,2022-08-11,False
21/22,Lesão muscular,2021-10-26,2021-12-01,37.0,6.0,337670,alessio-da-cruz,2021-12-01,False
20/21,Lesão desconhecida,2020-11-03,2021-01-07,66.0,7.0,337670,alessio-da-cruz,2021-01-07,True
19/20,Lesão desconhecida,2019-12-13,2019-12-15,3.0,1.0,337670,alessio-da-cruz,2019-12-15,False
18/19,Lesão nos adutores,2018-03-28,2018-05-15,49.0,10.0,337670,alessio-da-cruz,2018-05-15,False
22/23,Problemas musculares,2023-04-13,2023-05-07,25.0,5.0,375688,leo-coelho,2023-05-07,False
22/23,Lesão muscular,2023-03-20,2023-03-27,8.0,1.0,375688,leo-coelho,2023-03-27,False
22/23,Síndrome gripal,2022-08-19,2022-08-23,5.0,1.0,375688,leo-coelho,2022-08-23,False
20/21,Lesão no joelho,2021-05-23,2021-07-27,66.0,7.0,375688,leo-coelho,2021-07-27,True
25/26,Doente,2025-07-24,2025-08-06,14.0,2.0,135208,riza-durmisi,2025-08-06,False
23/24,Doente,2024-03-28,2024-04-03,7.0,1.0,135208,riza-durmisi,2024-04-03,False
22/23,Rotura do menisco lateral,2023-03-01,2023-05-31,92.0,13.0,135208,riza-durmisi,2023-05-31,True
20/21,Lesão desconhecida,2021-02-02,2021-02-12,11.0,2.0,135208,riza-durmisi,2021-02-12,False
19/20,Lesão na coxa,2019-07-13,2019-09-24,74.0,5.0,135208,riza-durmisi,2019-09-24,True
18/19,Problemas musculares,2019-04-26,2019-05-03,8.0,1.0,135208,riza-durmisi,2019-05-03,False
18/19,Problemas musculares na coxa,2019-02-16,2019-02-19,4.0,1.0,135208,riza-durmisi,2019-02-19,False
18/19,Problemas nas costas,2018-12-25,2019-01-07,14.0,2.0,135208,riza-durmisi,2019-01-07,False
18/19,Lesão no cotovelo,2018-10-04,2018-11-04,32.0,6.0,135208,riza-durmisi,2018-11-04,False
17/18,Lesão muscular,2017-10-17,2017-11-07,22.0,4.0,135208,riza-durmisi,2017-11-07,False
16/17,Lesão no joelho,2016-10-17,2016-11-23,38.0,4.0,135208,riza-durmisi,2016-11-23,False
23/24,lesão na perna,2024-06-21,2024-09-10,82.0,15.0,225015,carlos-akapo,2024-09-10,True
23/24,Lesão no pé,2024-03-04,2024-03-28,25.0,5.0,225015,carlos-akapo,2024-03-28,False
22/23,Lesão muscular,2023-05-01,2023-06-02,33.0,5.0,225015,carlos-akapo,2023-06-02,False
21/22,Lesão desconhecida,2021-11-22,2021-12-04,13.0,1.0,225015,carlos-akapo,2021-12-04,False
21/22,Lesão desconhecida,2021-09-27,2021-10-17,21.0,1.0,225015,carlos-akapo,2021-10-17,False
20/21,Lesão no joelho,2021-01-17,2021-03-15,58.0,9.0,225015,carlos-akapo,2021-03-15,False
18/19,Lesão no joelho,2019-02-26,2019-12-03,281.0,36.0,225015,carlos-akapo,2019-12-03,True
18/19,Lesão no joelho,2019-02-13,2019-02-20,8.0,1.0,225015,carlos-akapo,2019-02-20,False
18/19,Lesão na coxa,2018-12-02,2018-12-22,21.0,3.0,225015,carlos-akapo,2018-12-22,False
17/18,Lesão meniscal,2017-12-07,2018-04-19,134.0,21.0,225015,carlos-akapo,2018-04-19,True
16/17,Problemas físicos,2016-10-10,2016-10-26,17.0,3.0,225015,carlos-akapo,2016-10-26,False
22/23,Problemas na anca,2023-04-11,2023-05-07,27.0,5.0,339760,nilson-castrillon,2023-05-07,False
22/23,Probleme im Fußgewölbe,2023-03-18,2023-03-20,3.0,1.0,339760,nilson-castrillon,2023-03-20,False
22/23,Probleme im Fußgewölbe,2023-02-24,2023-02-26,3.0,1.0,339760,nilson-castrillon,2023-02-26,False
22/23,Doente,2023-01-29,2023-01-31,3.0,1.0,339760,nilson-castrillon,2023-01-31,False
22/23,Lesão no joelho,2022-09-15,2023-01-01,109.0,17.0,339760,nilson-castrillon,2023-01-01,True
21/22,Problemas na tibiotársica,2022-04-10,2022-04-24,15.0,4.0,339760,nilson-castrillon,2022-04-24,False
21/22,Problemas na tibiotársica,2022-02-21,2022-03-11,19.0,2.0,339760,nilson-castrillon,2022-03-11,False
21/22,Lesão desconhecida,2021-12-02,2021-12-22,21.0,3.0,339760,nilson-castrillon,2021-12-22,False
21/22,Calcanhar de Aquiles,2021-11-08,2021-12-01,24.0,3.0,339760,nilson-castrillon,2021-12-01,False
21/22,Probleme im Fußgewölbe,2021-11-07,2021-11-09,3.0,1.0,339760,nilson-castrillon,2021-11-09,False
21/22,Probleme im Fußgewölbe,2021-10-28,2021-10-31,4.0,1.0,339760,nilson-castrillon,2021-10-31,False
21/22,Lesão muscular,2021-09-19,2021-10-29,41.0,9.0,339760,nilson-castrillon,2021-10-29,False
21/22,Lesão desconhecida,2021-08-30,2021-09-14,16.0,2.0,339760,nilson-castrillon,2021-09-14,False
21/22,Lesão no pé,2021-07-31,2021-08-26,27.0,5.0,339760,nilson-castrillon,2021-08-26,False
20/21,Problemas na anca,2021-05-26,2021-05-31,6.0,1.0,339760,nilson-castrillon,2021-05-31,False
20/21,Lesão na anca,2021-03-05,2021-04-04,31.0,8.0,339760,nilson-castrillon,2021-04-04,False
20/21,Doente,2021-02-01,2021-02-03,3.0,,339760,nilson-castrillon,2021-02-03,False
20/21,Doente,2021-01-17,2021-01-19,3.0,1.0,339760,nilson-castrillon,2021-01-19,False
23/24,Problemas na tibiotársica,2023-10-30,2023-12-09,41.0,3.0,534616,nicolas-linares,2023-12-09,False
23/24,Problemas no Joelho,2023-07-24,2023-08-06,14.0,2.0,534616,nicolas-linares,2023-08-06,False
20/21,Coronavírus,2020-08-09,2020-08-23,15.0,,534616,nicolas-linares,2020-08-23,False
16/17,Doente,2017-02-23,2017-02-27,5.0,1.0,421190,santiago-viera,2017-02-27,False
16/17,Lesão meniscal,2016-08-15,2016-11-22,100.0,17.0,421190,santiago-viera,2016-11-22,True
16/17,Lesão no tornozelo,2017-05-25,2017-06-13,20.0,3.0,311182,kevin-ramirez,2017-06-13,False
16/17,Lesão no tornozelo,2017-03-20,2017-03-31,12.0,2.0,311182,kevin-ramirez,2017-03-31,False
16/17,Problemas gástricos,2016-10-20,2016-10-25,6.0,1.0,311182,kevin-ramirez,2016-10-25,False
16/17,Problemas gástricos,2016-09-27,2016-10-04,8.0,1.0,311182,kevin-ramirez,2016-10-04,False
15/16,Queixas adutores,2016-05-14,2016-06-01,19.0,4.0,311182,kevin-ramirez,2016-06-01,False
15/16,Queixas adutores,2016-03-18,2016-04-05,19.0,2.0,311182,kevin-ramirez,2016-04-05,False
24/25,Lesão desconhecida,2024-08-10,2024-10-16,68.0,8.0,353211,vagner-dias,2024-10-16,True
20/21,Lesão no tornozelo,2020-09-15,2020-10-19,35.0,7.0,353211,vagner-dias,2020-10-19,False
19/20,Lesão no tornozelo,2019-11-30,2020-03-31,123.0,15.0,353211,vagner-dias,2020-03-31,True
22/23,Lesão muscular,2023-06-10,2023-07-19,40.0,1.0,177562,diego-zabala,2023-07-19,False
11/12,Fratura da clavícula,2011-08-28,2011-10-30,64.0,7.0,177562,diego-zabala,2011-10-30,True
25/26,Lesão desconhecida,2026-02-15,2026-03-13,27.0,3.0,249975,aldair-rodriguez,2026-03-13,False
21/22,Rotura muscular,2021-09-23,2021-10-01,9.0,1.0,249975,aldair-rodriguez,2021-10-01,False
23/24,Muskelbündelriss,2023-09-03,2023-09-22,20.0,2.0,160139,jorge-benitez,2023-09-22,False
22/23,Lesão ligamentar,2023-04-25,2023-05-30,36.0,6.0,160139,jorge-benitez,2023-05-30,False
22/23,Muskelbündelriss,2023-03-21,2023-04-19,30.0,4.0,160139,jorge-benitez,2023-04-19,False
24/25,Lesão desconhecida,2024-08-20,2024-11-01,74.0,8.0,530032,quaresma,2024-11-01,True
23/24,Operado ao joelho,2023-08-28,2024-03-04,190.0,26.0,530032,quaresma,2024-03-04,True
21/22,Lesão desconhecida,2021-09-19,2021-10-03,15.0,2.0,530032,quaresma,2021-10-03,False
16/17,Lesão desconhecida,2017-05-12,2017-06-22,42.0,8.0,276925,robert-burbano,2017-06-22,False
16/17,Lesão muscular,2017-01-01,2017-03-15,74.0,7.0,276925,robert-burbano,2017-03-15,True
14/15,Acidente de viação,2015-04-10,2015-05-22,43.0,10.0,276925,robert-burbano,2015-05-22,False
14/15,Fibra muscular rasgado,2014-10-12,2014-11-20,40.0,11.0,276925,robert-burbano,2014-11-20,False
21/22,Fibra muscular rasgado,2022-04-16,2022-05-25,40.0,5.0,172142,hernani,2022-05-25,False
19/20,Lesão no joelho,2020-02-07,2020-05-07,91.0,5.0,172142,hernani,2020-05-07,True
18/19,Lesão nos adutores,2018-10-04,2018-10-22,19.0,2.0,172142,hernani,2018-10-22,False
16/17,Problemas físicos,2016-10-25,2016-11-03,10.0,1.0,172142,hernani,2016-11-03,False
15/16,Lesão do ligamento cruzado,2016-01-13,2016-02-24,43.0,9.0,172142,hernani,2016-02-24,False
22/23,Rotura dos ligamentos,2022-10-20,2023-07-01,255.0,33.0,752713,luis-caceres,2023-07-01,True
21/22,Lesão desconhecida,2022-03-26,2022-10-01,190.0,35.0,752713,luis-caceres,2022-10-01,True
25/26,Lesão desconhecida,2025-09-16,2025-10-02,17.0,2.0,1093626,robinho,2025-10-02,False
25/26,Lesão desconhecida,2025-08-12,2025-08-24,13.0,1.0,1093626,robinho,2025-08-24,False
25/26,Lesão muscular,2026-01-05,2026-02-25,52.0,6.0,1114322,matheus-costa,2026-02-25,False
23/24,Lesão muscular,2023-11-12,2023-12-01,20.0,1.0,728200,juan-miritello,2023-12-01,False
24/25,Lesão do ligamento cruzado,2024-07-08,2025-07-01,359.0,37.0,335984,manuel-castro,2025-07-01,True
22/23,Rotura dos ligamentos cruzados,2022-12-17,2023-12-31,380.0,37.0,335984,manuel-castro,2023-12-31,True
19/20,Rotura dos ligamentos cruzados,2020-01-28,2021-03-01,399.0,47.0,240578,luiz-phellype,2021-03-01,True
19/20,Lesão tornozelo,2019-09-12,2019-09-24,13.0,3.0,240578,luiz-phellype,2019-09-24,False
15/16,Fratura da clavícula,2015-07-07,2015-08-31,56.0,3.0,240578,luiz-phellype,2015-08-31,False
24/25,Entorse do tornozelo,2025-03-02,2025-03-28,27.0,1.0,740464,jhilmar-lora,2025-03-28,False
24/25,Lesão na coxa,2024-08-26,2024-09-28,34.0,3.0,740464,jhilmar-lora,2024-09-28,False
23/24,Distensão muscular,2024-03-12,2024-03-15,4.0,1.0,740464,jhilmar-lora,2024-03-15,False
23/24,Traumatismo,2023-09-01,2023-09-09,9.0,,740464,jhilmar-lora,2023-09-09,False
23/24,Lesão na coxa,2023-07-10,2023-08-05,27.0,4.0,740464,jhilmar-lora,2023-08-05,False
22/23,Lesão no tornozelo,2022-08-22,2022-09-17,27.0,3.0,740464,jhilmar-lora,2022-09-17,False
23/24,Lesão desconhecida,2023-08-01,2023-09-20,51.0,5.0,212216,jhonatan,2023-09-20,False
20/21,Lesão desconhecida,2021-02-10,2021-03-02,21.0,4.0,212216,jhonatan,2021-03-02,False
20/21,Coronavírus,2021-01-27,2021-02-09,14.0,3.0,212216,jhonatan,2021-02-09,False
18/19,Braço fraturado,2019-03-11,2020-02-26,353.0,49.0,212216,jhonatan,2020-02-26,True
23/24,Lesão desconhecida,2024-09-28,2025-03-14,168.0,21.0,796476,hernandes,2025-03-14,True
23/24,lesão na perna,2024-02-14,2024-06-24,132.0,20.0,796476,hernandes,2024-06-24,True
21/22,Rotura de ligamentos do tornozelo,2022-08-27,2022-12-31,127.0,10.0,796476,hernandes,2022-12-31,True
20/21,Recuperação ritmo competitivo,2021-08-07,2021-08-23,17.0,3.0,796476,hernandes,2021-08-23,False
20/21,Quarentena,2021-07-23,2021-08-06,15.0,2.0,796476,hernandes,2021-08-06,False
20/21,Pequena lesão,2021-07-19,2021-07-21,3.0,,796476,hernandes,2021-07-21,False
24/25,Problemas no Joelho,2025-02-23,2025-03-18,24.0,3.0,981666,junior-barreto,2025-03-18,False
25/26,Lesão desconhecida,2025-06-23,2025-07-01,9.0,1.0,665978,nicolas-cabral,2025-07-01,False
24/25,Lesão nos adutores,2025-04-06,2025-05-27,52.0,10.0,216375,felipe-avenatti,2025-05-27,False
21/22,Lesão desconhecida,2021-08-25,2021-09-08,15.0,1.0,216375,felipe-avenatti,2021-09-08,False
20/21,Coronavírus,2021-04-29,2021-05-12,14.0,2.0,216375,felipe-avenatti,2021-05-12,False
20/21,Lesão desconhecida,2021-02-10,2021-02-16,7.0,1.0,216375,felipe-avenatti,2021-02-16,False
19/20,Lesão desconhecida,2019-07-22,2019-09-09,50.0,6.0,216375,felipe-avenatti,2019-09-09,False
17/18,Problemas cardíacos,2017-07-01,2017-12-07,160.0,19.0,216375,felipe-avenatti,2017-12-07,True
14/15,Distorção do tornozelo,2015-03-03,2015-03-12,10.0,1.0,216375,felipe-avenatti,2015-03-12,False
20/21,Coronavírus,2020-07-29,2020-08-20,23.0,,290384,berto,2020-08-20,False
19/20,Gripe,2020-01-08,2020-01-13,6.0,1.0,290384,berto,2020-01-13,False
19/20,Lesão desconhecida,2019-11-25,2019-12-04,10.0,1.0,290384,berto,2019-12-04,False
18/19,Lesão desconhecida,2018-10-22,2018-11-28,38.0,5.0,290384,berto,2018-11-28,False
25/26,Entorse do tornozelo,2025-11-13,2025-11-27,15.0,1.0,750753,rodrigo-saravia,2025-11-27,False
22/23,Febre,2023-06-23,2023-06-28,6.0,1.0,750753,rodrigo-saravia,2023-06-28,False
22/23,Entorse,2022-10-09,2022-10-14,6.0,1.0,750753,rodrigo-saravia,2022-10-14,False
