season_label,injury,from_date,to_date,days_out,games_missed,player_id,player_slug
25/26,Lesão no dedo,2025-10-16,2026-01-09,86,14,69400,weverton
16/17,Fratura cubital,2016-08-01,2016-11-01,93,20,31315,fernando-prass
18/19,Lesão dos ligamentos laterais do joelho,2019-04-23,2020-12-02,590,81,200455,vagner
20/21,Coronavírus,2020-11-20,2020-12-04,15,4,112940,jailson
21/22,Coronavírus,2022-01-03,2022-01-12,10,2,438682,daniel-fuzato
22/23,Rotura muscular na coxa,2023-04-24,2023-05-29,36,7,598975,matheus-teixeira
24/25,Entorse no joelho,2025-03-12,2025-04-02,22,5,215390,gustavo-gomez
24/25,Lesão na coxa,2025-02-17,2025-03-09,21,3,215390,gustavo-gomez
23/24,Fratura no pé,2024-02-19,2024-03-27,38,5,215390,gustavo-gomez
16/17,Fadiga muscular,2017-03-25,2017-04-02,9,1,215390,gustavo-gomez
25/26,Lesão na coxa,2025-10-14,2025-10-18,5,1,383638,juninho
24/25,Lesão na coxa,2025-04-04,2025-04-18,15,4,383638,juninho
24/25,Problemas no Joelho,2025-02-09,2025-02-25,17,2,346922,thiago-santos
23/24,Lesão na coxa,2024-04-12,2024-05-21,40,10,346922,thiago-santos
09/10,Innenbandanriss Knie,2009-07-06,2009-08-31,57,6,52960,leandro-almeida
25/26,Lesão nos adutores,2025-10-19,2025-11-17,30,4,271335,fabiano
24/25,Traumatismo,2024-11-03,2024-11-29,27,2,271335,fabiano
24/25,Rotura muscular,2024-09-15,2024-09-30,16,3,271335,fabiano
23/24,Lesão desconhecida,2024-01-29,2024-03-01,33,7,271335,fabiano
20/21,Lesão desconhecida,2021-03-06,2021-03-18,13,1,271335,fabiano
25/26,Operado ao joelho,2025-07-24,2025-08-21,29,5.0,277318,thiago-martins
24/25,Lesão na panturrilha,2025-02-20,2025-02-27,8,1.0,277318,thiago-martins
22/23,Lesão no tornozelo,2023-05-29,2023-07-04,37,7.0,277318,thiago-martins
21/22,Hematoma,2021-08-20,2021-08-29,10,3.0,277318,thiago-martins
19/20,Fratura do Metatarso,2020-03-09,2020-06-21,105,,277318,thiago-martins
25/26,Lesão muscular,2025-10-01,2025-10-15,15,2,266809,nicolas-freire
25/26,Ruptura muscular,2025-08-14,2025-09-04,22,3,266809,nicolas-freire
23/24,Rotura parcial de ligamento,2024-05-20,2025-03-30,315,38,266809,nicolas-freire
23/24,Lesão muscular,2024-03-17,2024-04-02,17,2,266809,nicolas-freire
23/24,Lesão muscular,2023-10-03,2023-12-31,90,13,266809,nicolas-freire
24/25,Lesão na coxa,2025-03-30,2025-04-18,20,4,207446,antonio-carlos
23/24,lesão na perna,2023-08-17,2023-10-03,48,8,207446,antonio-carlos
22/23,lesão na perna,2023-02-20,2023-03-09,18,3,207446,antonio-carlos
21/22,Ruptura muscular,2022-04-04,2022-06-20,78,13,207446,antonio-carlos
12/13,Rotura dos ligamentos cruzados,2012-07-20,2013-01-20,185,31,15419,edu-dracena
08/09,Rotura dos ligamentos cruzados,2009-04-06,2009-10-01,179,23,15419,edu-dracena
08/09,Problemas no Joelho,2009-01-27,2009-02-20,25,5,15419,edu-dracena
08/09,Lesão desconhecida,2008-09-10,2008-09-30,21,3,15419,edu-dracena
06/07,Distensão da panturrilha,2007-02-25,2007-03-06,10,2,15419,edu-dracena
25/26,Lesão no joelho,2025-10-23,2025-11-01,10,1,428783,vitao
24/25,Lesão na coxa,2024-07-16,2024-08-03,19,3,428783,vitao
23/24,Lesão na coxa,2023-08-28,2023-09-25,29,4,428783,vitao
22/23,Entorse no joelho,2023-05-15,2023-05-24,10,2,428783,vitao
21/22,Lesão desconhecida,2021-10-02,2021-10-14,13,1,428783,vitao
20/21,Lesão desconhecida,2020-12-09,2021-01-01,24,1,428783,vitao
24/25,Rotura do menisco,2025-04-22,,332,36,585264,pedrao
24/25,Entorse da banda lateral,2025-03-04,2025-03-28,25,2,585264,pedrao
24/25,Lesão dos ligamentos laterais,2024-12-28,2025-02-26,61,11,585264,pedrao
23/24,Lesão desconhecida,2023-08-17,2023-08-31,15,2,585264,pedrao
21/22,Lesão na coxa,2022-03-01,2022-03-15,15,2,585264,pedrao
25/26,Lesão muscular,2025-08-29,2025-09-09,12,1,520626,gabriel-furtado
25/26,Lesão na cabeça,2025-11-20,2025-11-27,8,1,234538,victor-luis
24/25,Problemas musculares,2024-10-14,2024-11-04,22,4,234538,victor-luis
24/25,Entorse do tornozelo,2025-04-27,2025-05-20,24,6,167724,diogo-barbosa
24/25,Lesão muscular,2024-12-02,2025-01-22,52,2,167724,diogo-barbosa
24/25,Artroscopia,2024-08-11,2024-09-17,38,6,167724,diogo-barbosa
24/25,Entorse do tornozelo,2024-08-26,2024-10-18,54,5,432166,luan-candido
22/23,lesão na perna,2023-02-27,2023-06-26,120,22,432166,luan-candido
25/26,Lesão na coxa,2025-10-20,2025-11-18,30,4,75435,marcos-rocha
25/26,Queixas adutores,2025-09-29,2025-10-15,17,2,75435,marcos-rocha
25/26,Problemas musculares,2025-09-12,2025-09-20,9,1,75435,marcos-rocha
24/25,Lesão na panturrilha,2025-04-13,2025-05-06,24,6,75435,marcos-rocha
24/25,Lesão na coxa,2025-03-17,2025-04-11,26,5,75435,marcos-rocha
24/25,Lesão na coxa,2024-09-16,2024-10-04,19,2,75435,marcos-rocha
22/23,Lesão na coxa,2023-04-24,2023-05-19,26,6,75435,marcos-rocha
14/15,Problemas na panturrilha,2015-05-10,2015-07-22,74,19,75435,marcos-rocha
14/15,Pancada na coxa,2015-02-14,2015-03-09,24,5,75435,marcos-rocha
25/26,inflamação no joelho,2025-10-27,2025-11-05,10,1.0,147361,mayke
25/26,Fadiga muscular,2025-10-02,2025-10-14,13,1.0,147361,mayke
24/25,Lesão na coxa,2025-04-04,2025-05-03,30,8.0,147361,mayke
24/25,Lesão na panturrilha,2024-08-25,2024-10-19,56,5.0,147361,mayke
24/25,Lesão na panturrilha,2024-08-08,2024-08-20,13,3.0,147361,mayke
24/25,Problemas musculares,2024-07-22,2024-08-06,16,3.0,147361,mayke
23/24,Lesão na coxa,2024-02-04,2024-03-02,28,6.0,147361,mayke
19/20,Lesão na coxa,2019-08-19,2019-10-26,69,14.0,147361,mayke
13/14,Lesão desconhecida,2013-08-13,2013-08-15,3,,147361,mayke
23/24,Lesão na panturrilha,2024-06-20,2024-08-03,45,11,35537,felipe-melo
20/21,Lesão no tornozelo,2020-11-08,2021-01-17,71,19,35537,felipe-melo
16/17,Traumatismo no joelho,2016-10-07,2016-10-31,25,5,35537,felipe-melo
14/15,Operação,2015-02-23,2015-04-13,50,6,35537,felipe-melo
14/15,Lesão no tornozelo,2015-02-16,2015-02-22,7,1,35537,felipe-melo
14/15,Lesão desconhecida,2014-10-26,2014-11-01,7,1,35537,felipe-melo
12/13,Problemas de Ligamento,2012-10-23,2012-10-30,8,1,35537,felipe-melo
10/11,Lesão desconhecida,2011-03-07,2011-03-25,19,2,35537,felipe-melo
10/11,Problemas musculares na coxa,2010-11-08,2010-11-12,5,1,35537,felipe-melo
09/10,Lesão tornozelo,2010-06-26,2010-07-01,6,1,35537,felipe-melo
24/25,Lesão na coxa,2025-02-12,2025-04-23,71,12,232096,renato-augusto
20/21,danos na cartilagem,2021-04-14,2023-03-19,705,86,232096,renato-augusto
19/20,Recuperação ritmo competitivo,2020-05-18,2020-07-09,53,2,232096,renato-augusto
19/20,Fratura do antebraço,2019-12-01,2020-05-17,169,4,232096,renato-augusto
19/20,Lesão no tornozelo,2019-09-30,2019-11-13,45,5,232096,renato-augusto
18/19,Lesão na coxa,2019-05-04,2019-06-12,40,6,232096,renato-augusto
24/25,Lesão desconhecida,2025-02-05,,408,43,407654,matheus-sales
20/21,Lesão no joelho,2020-12-26,2021-03-28,93,12,407654,matheus-sales
25/26,Problemas musculares na coxa,2025-08-25,2025-09-30,37,6,364261,tche-tche
24/25,Lesão no joelho,2025-02-24,2025-03-29,34,3,364261,tche-tche
25/26,lesão na perna,2025-07-31,2025-08-05,6,1,277335,bruno-henrique
18/19,Lesão muscular,2018-11-29,2018-12-10,12,1,12142,michel-bastos
18/19,Lesão muscular,2018-08-05,2018-08-13,9,2,12142,michel-bastos
13/14,Lesão na mão,2014-01-22,2014-02-02,12,1,12142,michel-bastos
12/13,Lesão na coluna,2012-09-17,2012-11-25,70,13,12142,michel-bastos
11/12,Lesão nas costas,2012-04-18,2012-08-12,117,9,12142,michel-bastos
11/12,Rotura muscular na coxa,2011-10-28,2011-11-07,11,3,12142,michel-bastos
10/11,Operado ao joelho,2011-03-19,2011-04-30,43,5,12142,michel-bastos
25/26,Lesão na coxa,2025-10-02,2025-10-07,6,1.0,232847,lucas-lima
25/26,Entorse do tornozelo,2025-08-26,2025-08-30,5,,232847,lucas-lima
16/17,Lesão na coxa,2017-05-21,2017-06-13,24,5.0,232847,lucas-lima
24/25,Problemas no Joelho,2024-11-17,2024-11-25,9,2,330085,gustavo-scarpa
23/24,Lesão desconhecida,2023-11-24,2024-01-01,39,6,330085,gustavo-scarpa
22/23,Lesão no joelho,2023-04-06,2023-05-08,33,5,330085,gustavo-scarpa
20/21,Coronavírus,2020-11-20,2020-11-28,9,2,330085,gustavo-scarpa
25/26,Lesão na coxa,2025-10-09,2025-10-24,16,2,338861,hyoran
24/25,Problema nos flexores do quadril,2025-05-18,2025-07-19,63,4,338861,hyoran
23/24,Lesão na coxa,2024-04-13,2024-05-28,46,5,338861,hyoran
22/23,Lesão no tornozelo,2023-06-28,2023-07-28,31,4,338861,hyoran
22/23,Problemas musculares na coxa,2022-11-06,2022-11-11,6,1,338861,hyoran
22/23,Doente,2022-10-10,2022-10-19,10,1,338861,hyoran
16/17,Lesão no joelho,2016-11-10,2017-01-10,62,7,338861,hyoran
17/18,Lesão na coxa,2018-02-09,2018-02-27,19,3,323944,vitinho
17/18,Lesão no púbis,2017-12-14,2017-12-19,6,1,323944,vitinho
24/25,Lesão desconhecida,2024-11-29,2024-12-01,3,1,428786,alan
24/25,Lesão desconhecida,2024-08-19,2024-08-27,9,1,428786,alan
20/21,Perna fraturada,2020-10-03,2021-04-01,181,43,428786,alan
24/25,Lesão na panturrilha,2024-08-08,2024-08-31,24,5,114937,dudu
23/24,Rotura dos ligamentos cruzados,2023-08-28,2024-06-13,291,52,114937,dudu
25/26,Entorse do tornozelo,2025-10-09,2025-10-19,11,1,346065,keno
24/25,Lesão na coxa,2024-11-27,2024-12-04,8,1,346065,keno
23/24,Lesão desconhecida,2024-06-10,2024-06-14,5,1,346065,keno
23/24,Entorse do tornozelo,2024-03-20,2024-05-12,54,9,346065,keno
22/23,Problemas musculares na coxa,2023-05-04,2023-06-22,50,10,346065,keno
20/21,Lesão no cotovelo,2021-01-26,2021-02-18,24,4,346065,keno
25/26,Lesão desconhecida,2025-10-31,2025-11-08,9,1,323945,yan-matheus
21/22,Lesão desconhecida,2021-12-13,2021-12-20,8,1,323945,yan-matheus
20/21,Lesão desconhecida,2020-10-28,2020-12-03,37,4,323945,yan-matheus
19/20,Lesão na coxa,2019-10-10,2019-10-22,13,3,323945,yan-matheus
25/26,Problemas musculares,2026-03-01,2026-03-09,9,2,440658,artur
25/26,Lesão muscular,2025-09-12,2025-09-23,12,3,440658,artur
25/26,Gripe,2025-07-21,2025-07-28,8,1,440658,artur
24/25,Lesão na coxa,2025-05-15,2025-05-26,12,2,440658,artur
24/25,Lesão muscular,2025-02-07,2025-02-26,20,5,440658,artur
23/24,Lesão muscular,2024-05-15,2024-05-23,9,1,440658,artur
23/24,Lesão na coxa,2024-03-08,2024-05-05,59,7,55338,willian-bigode
23/24,Problemas musculares na coxa,2023-07-17,2023-08-28,43,8,55338,willian-bigode
20/21,Coronavírus,2020-11-20,2020-12-04,15,3,55338,willian-bigode
18/19,Rotura de ligamentos no joelho,2018-11-26,2019-06-04,191,32,55338,willian-bigode
14/15,Hematoma,2015-04-08,2015-05-05,28,4.0,243541,deyverson
14/15,Pancada na coxa,2015-03-23,2015-04-01,10,,243541,deyverson
24/25,Queixas adutores,2025-04-19,2025-04-25,7,1.0,211397,miguel-borja
24/25,Muskelbündelriss,2024-08-08,2024-08-19,12,3.0,211397,miguel-borja
23/24,Distensão muscular,2024-04-14,2024-04-19,6,1.0,211397,miguel-borja
23/24,Queixas adutores,2024-02-16,2024-02-23,8,1.0,211397,miguel-borja
23/24,Muskelbündelriss,2023-11-27,2023-12-12,16,3.0,211397,miguel-borja
22/23,Gripe,2023-06-11,2023-06-15,5,1.0,211397,miguel-borja
19/20,Doente,2019-12-08,2019-12-08,1,,211397,miguel-borja
19/20,Edema no joelho,2019-11-28,2019-11-28,1,,211397,miguel-borja
19/20,Traumatismo grade costal,2019-10-27,2019-11-02,7,2.0,211397,miguel-borja
19/20,Traumatismo,2019-10-17,2019-10-17,1,1.0,211397,miguel-borja
19/20,Contusão nas costas,2019-09-22,2019-09-22,1,,211397,miguel-borja
19/20,Problemas no Joelho,2019-07-21,2019-08-05,16,2.0,211397,miguel-borja
18/19,Problemas musculares na coxa,2019-06-08,2019-06-08,1,,211397,miguel-borja
18/19,Problemas de calcanhares,2019-05-12,2019-05-12,1,,211397,miguel-borja
18/19,Doente,2019-04-29,2019-05-01,3,,211397,miguel-borja
18/19,Problemas no Joelho,2018-09-09,2018-09-09,1,,211397,miguel-borja
18/19,Problemas na anca,2018-08-26,2018-08-26,1,,211397,miguel-borja
18/19,Probleme im Fußgewölbe,2018-08-13,2018-08-13,1,,211397,miguel-borja
18/19,Problemas no Joelho,2018-06-30,2018-07-30,31,5.0,211397,miguel-borja
17/18,Traumatismo na anca,2018-06-07,2018-06-14,8,3.0,211397,miguel-borja
17/18,Doente,2018-05-27,2018-05-27,1,,211397,miguel-borja
17/18,Problemas de calcanhares,2018-04-17,2018-04-17,1,,211397,miguel-borja
21/22,Lesão dos ligamentos laterais do joelho,2022-06-12,2023-06-29,383,26,528004,leo-passos
25/26,Entorse do tornozelo,2026-02-26,,22,3,550495,fernando
24/25,Tendinite,2025-03-03,2025-08-29,180,25,550495,fernando
23/24,Lesão na coxa,2024-04-07,2025-02-14,314,45,550495,fernando
23/24,Queixas adutores,2023-11-11,2023-12-08,28,4,550495,fernando
23/24,Queixas adutores,2023-09-02,2023-11-07,67,13,550495,fernando
22/23,Problemas musculares na coxa,2023-02-22,2023-08-19,179,19,550495,fernando
22/23,Lesão muscular,2022-09-14,2022-12-31,109,14,550495,fernando
21/22,Lesão desconhecida,2021-11-27,2021-12-06,10,2,550495,fernando
21/22,Lesão desconhecida,2021-09-17,2021-10-14,28,5,550495,fernando
21/22,Lesão no joelho,2021-07-06,2021-08-30,56,9,550495,fernando
20/21,Lesão desconhecida,2020-10-16,2020-11-05,21,6,550495,fernando
19/20,Problemas físicos,2019-09-01,2019-11-28,89,13,550495,fernando
18/19,Entorse do tornozelo,2018-10-31,2018-12-31,62,8,550495,fernando
23/24,lesão no braço,2024-01-24,2024-02-14,22,4,587328,rafael-elias
23/24,Lesão dos ligamentos laterais do joelho,2023-09-04,2023-10-16,43,4,587328,rafael-elias
18/19,Lesão no tornozelo,2019-01-24,2019-02-09,17,5,587328,rafael-elias
22/23,Fratura de um dedo,2022-10-15,2022-11-21,38,3,68727,vanderlei
22/23,Problemas musculares,2022-11-10,2023-01-15,67,1,98930,vladimir
22/23,Problemas no Joelho,2022-09-04,2022-09-27,24,3,98930,vladimir
25/26,Operado ao joelho,2026-01-04,,75,16,432914,john-victor
23/24,Lesão na coxa,2024-02-06,2024-04-02,57,13,432914,john-victor
23/24,Problemas musculares,2023-10-30,2023-11-15,17,3,432914,john-victor
21/22,Lesão meniscal,2021-08-03,2021-12-01,121,27,432914,john-victor
20/21,Coronavírus,2021-01-10,2021-01-17,8,2,432914,john-victor
25/26,Lesão no joelho,2025-09-14,2025-11-01,49,10,275412,joao-paulo
23/24,Rotura do tendão de Aquiles,2024-05-25,2024-11-16,176,29,275412,joao-paulo
25/26,Fadiga muscular,2025-07-14,2025-07-18,5,1,208681,gustavo-henrique
24/25,Problemas na virilha,2025-04-28,2025-07-12,76,11,208681,gustavo-henrique
24/25,Lesão na coxa,2025-04-03,2025-04-15,13,3,208681,gustavo-henrique
24/25,Problemas musculares na coxa,2025-01-15,2025-02-22,39,12,208681,gustavo-henrique
23/24,Doente,2024-04-19,2024-05-10,22,5,208681,gustavo-henrique
23/24,Problemas musculares,2024-01-20,2024-02-10,22,6,208681,gustavo-henrique
22/23,Lesão na coxa,2022-10-27,2022-11-25,30,4,208681,gustavo-henrique
20/21,Doente,2020-10-21,2020-10-23,3,1,208681,gustavo-henrique
20/21,Doente,2020-09-27,2020-10-04,8,2,208681,gustavo-henrique
16/17,Rotura dos ligamentos cruzados,2016-09-26,2017-08-08,317,57,208681,gustavo-henrique
24/25,Lesão desconhecida,2025-03-03,,382,23,53226,david-braz
16/17,Problemas no Joelho,2016-11-14,2016-12-31,48,6.0,226009,cleber-reis
15/16,Lesão no pescoço,2015-08-12,2015-08-24,13,2.0,226009,cleber-reis
14/15,Rotura capsular,2015-04-20,2015-05-11,22,3.0,226009,cleber-reis
14/15,Recuperação ritmo competitivo,2015-02-14,2015-03-02,17,3.0,226009,cleber-reis
14/15,Fibra muscular rasgado,2015-01-27,2015-02-14,19,4.0,226009,cleber-reis
14/15,Lesão no ombro,2014-12-13,2014-12-15,3,,226009,cleber-reis
23/24,Lesão no joelho,2024-05-02,2024-06-18,48,6,373150,luiz-felipe
25/26,Lesão nas costas,2025-08-11,2025-08-25,15,2,411662,lucas-verissimo
22/23,Doente,2022-11-19,2022-11-22,4,1,411662,lucas-verissimo
21/22,Rotura parcial de ligamento,2021-11-08,2022-09-24,321,47,411662,lucas-verissimo
20/21,Lesão muscular,2021-05-20,2021-05-31,12,1,411662,lucas-verissimo
24/25,Lesão na coxa,2024-11-10,2024-12-04,25,4,633377,kaique-rocha
24/25,Lesão muscular,2024-08-30,2024-11-04,67,12,458715,robson-bambu
24/25,Lesão muscular,2024-07-10,2024-08-13,35,4,458715,robson-bambu
23/24,Lesão desconhecida,2024-03-02,2024-04-01,31,3,458715,robson-bambu
21/22,Operação ao tornozelo,2021-11-19,2022-02-01,75,11,458715,robson-bambu
17/18,Braço fraturado,2017-08-15,2017-10-12,59,6,109038,dodo
16/17,Lesão desconhecida,2016-10-21,2016-10-30,10,2,109038,dodo
14/15,Meniskuseinriss,2015-03-15,2015-09-24,194,17,109038,dodo
13/14,Problemas musculares na coxa,2014-02-04,2014-03-05,30,6,109038,dodo
12/13,Lesão desconhecida,2013-04-27,2013-05-04,8,1,109038,dodo
12/13,Problemas nas costas,2013-02-12,2013-02-24,13,1,109038,dodo
12/13,Problemas no Joelho,2012-08-20,2012-10-27,69,8,109038,dodo
11/12,Rotura dos ligamentos cruzados,2011-11-16,2012-05-16,183,31,109038,dodo
24/25,Traumatismo no pé,2025-06-30,2025-07-07,8,,342843,caju
24/25,Lesão muscular,2024-12-21,2025-03-08,78,10.0,342843,caju
19/20,Lesão na coxa,2019-11-17,2019-12-06,20,4,525472,orinho
23/24,Lesão do ligamento cruzado,2023-06-15,2024-06-02,354,52,167825,alison
20/21,Coronavírus,2021-01-18,2021-01-28,11,3,167825,alison
14/15,Rotura dos ligamentos,2015-02-12,2015-10-22,253,57,167825,alison
24/25,Problemas musculares,2024-07-25,2024-08-02,9,1,215212,jean-mota
23/24,Lesão na virilha,2024-05-16,2024-05-31,16,1,215212,jean-mota
23/24,Problemas no Joelho,2023-08-24,2023-09-30,38,8,215212,jean-mota
22/23,Rotura do ligamento lateral,2023-04-30,2023-08-22,115,23,215212,jean-mota
09/10,Problemas na panturrilha,2009-10-18,2009-10-24,7,1,15445,renato
25/26,Lesão no joelho,2025-09-26,2025-10-29,34,6,187210,leo-cittadini
24/25,Problemas musculares,2024-11-24,2024-12-04,11,2,187210,leo-cittadini
22/23,Lesão na coxa,2023-04-23,2023-06-30,69,10,187210,leo-cittadini
22/23,Problemas no Joelho,2022-11-03,2023-01-14,73,3,187210,leo-cittadini
24/25,Problemas no tendão de Aquiles,2025-05-13,2025-05-31,19,3,546000,diego-pituca
21/22,Lesão desconhecida,2021-08-17,2021-08-23,7,2,39642,bryan-ruiz
20/21,Coronavírus,2020-10-05,2020-10-18,14,2,39642,bryan-ruiz
17/18,Lesão muscular,2017-11-06,2017-11-13,8,1,39642,bryan-ruiz
13/14,Problemas musculares na coxa,2014-02-01,2014-02-07,7,1,39642,bryan-ruiz
12/13,Problemas musculares na coxa,2012-11-19,2012-12-25,37,6,39642,bryan-ruiz
12/13,Problemas musculares na coxa,2012-09-01,2012-09-20,20,3,39642,bryan-ruiz
11/12,Fratura do Metatarso,2012-04-07,2012-06-18,73,11,39642,bryan-ruiz
11/12,Problemas musculares na coxa,2011-07-21,2011-07-28,8,1,39642,bryan-ruiz
24/25,Lesão nos adutores,2025-04-25,2025-05-19,25,5,390368,vitor-bueno
25/26,Distensão muscular,2025-08-25,2025-09-09,16,3.0,74373,carlos-sanchez
24/25,Lesão desconhecida,2024-10-25,2024-11-04,11,1.0,74373,carlos-sanchez
22/23,Muskelbündelriss,2023-03-06,2023-04-10,36,7.0,74373,carlos-sanchez
22/23,Muskelbündelriss,2023-02-06,2023-02-14,9,,74373,carlos-sanchez
21/22,Lesão no tornozelo,2021-09-16,2021-09-22,7,1.0,74373,carlos-sanchez
20/21,Recuperação ritmo competitivo,2021-04-11,2021-06-22,73,22.0,74373,carlos-sanchez
20/21,Rotura dos ligamentos cruzados,2020-10-02,2021-04-10,191,43.0,74373,carlos-sanchez
19/20,Problemas musculares na coxa,2019-10-04,2019-10-09,6,1.0,74373,carlos-sanchez
18/19,Lesão muscular,2018-09-05,2018-09-12,8,3.0,74373,carlos-sanchez
18/19,Problemas musculares na coxa,2018-08-10,2018-08-16,7,2.0,74373,carlos-sanchez
12/13,Pubalgia,2013-05-31,2013-06-13,14,2.0,74373,carlos-sanchez
11/12,Fratura da clavícula,2012-06-12,2012-08-08,58,3.0,74373,carlos-sanchez
23/24,Recuperação ritmo competitivo,2023-08-14,2023-10-10,58,11,75728,emiliano-vecchio
22/23,Rotura parcial de ligamento,2022-10-14,2023-08-13,304,42,75728,emiliano-vecchio
22/23,Muskelbündelriss,2022-07-11,2022-08-30,51,9,75728,emiliano-vecchio
21/22,Muskelbündelriss,2021-09-19,2021-10-10,22,4,75728,emiliano-vecchio
13/14,Muskelbündelriss,2014-02-15,2014-03-05,19,2,75728,emiliano-vecchio
24/25,Achillessehnenanriss,2025-04-12,2026-02-02,297,34,401534,arthur-gomes
24/25,Lesão no ombro,2025-03-15,2025-04-04,21,1,401534,arthur-gomes
23/24,Problemas musculares na coxa,2024-05-27,2024-06-19,24,4,401534,arthur-gomes
25/26,Rotura dos ligamentos cruzados,2026-03-03,2026-09-30,212,4,412363,rodrygo
25/26,Tendinite,2026-02-06,2026-02-27,22,5,412363,rodrygo
24/25,Febre,2025-05-03,2025-05-05,3,1,412363,rodrygo
24/25,Lesão muscular,2024-11-09,2024-11-29,21,4,412363,rodrygo
24/25,Lesão na coxa,2024-10-22,2024-11-04,14,1,412363,rodrygo
22/23,Gestão de esforço,2023-05-12,2023-05-15,4,1,412363,rodrygo
22/23,Problemas no flexor esquerdo da anca,2023-02-23,2023-03-01,7,1,412363,rodrygo
22/23,Fadiga muscular,2022-08-09,2022-08-23,15,2,412363,rodrygo
21/22,Coronavírus,2021-12-16,2021-12-26,11,2,412363,rodrygo
21/22,Gripe gastrointestinal,2021-11-28,2021-11-30,3,1,412363,rodrygo
21/22,Lesão na coxa,2021-10-31,2021-11-19,20,4,412363,rodrygo
20/21,Lesão na coxa,2020-12-24,2021-02-27,66,12,412363,rodrygo
19/20,Lesão na coxa,2019-08-14,2019-09-09,27,3,412363,rodrygo
25/26,inflamação no joelho,2025-08-25,,207,23.0,182577,derlis-gonzalez
22/23,Lesão no joelho,2023-03-20,2023-07-04,107,22.0,182577,derlis-gonzalez
20/21,Rotura dos ligamentos cruzados,2020-11-02,2021-05-01,181,27.0,182577,derlis-gonzalez
20/21,Lesão no ligamento interno,2020-11-02,2021-05-01,181,27.0,182577,derlis-gonzalez
14/15,Fibra muscular rasgado,2015-07-02,2015-08-28,58,7.0,182577,derlis-gonzalez
14/15,Doente,2015-04-02,2015-04-08,7,1.0,182577,derlis-gonzalez
14/15,Problemas físicos,2015-02-19,2015-03-06,16,,182577,derlis-gonzalez
24/25,Problemas musculares na coxa,2025-05-05,2025-05-10,6,1,244275,gabriel-barbosa
24/25,Problemas musculares na coxa,2024-09-16,2024-09-25,10,2,244275,gabriel-barbosa
24/25,Lesão na coxa,2024-08-16,2024-09-12,28,5,244275,gabriel-barbosa
25/26,Lesão no calcanhar,2026-02-05,2026-02-20,16,3,162883,eduardo-sasha
25/26,Lesão na coxa,2025-09-29,2025-10-14,16,2,162883,eduardo-sasha
24/25,Entorse do tornozelo,2025-02-21,2025-03-30,38,3,162883,eduardo-sasha
24/25,Lesão na coxa,2024-07-18,2024-08-06,20,5,162883,eduardo-sasha
23/24,Lesão na coxa,2024-05-11,2024-06-03,24,5,162883,eduardo-sasha
22/23,Problemas musculares,2022-11-03,2022-12-01,29,3,162883,eduardo-sasha
14/15,Lesão no tornozelo,2015-05-29,2015-07-08,41,8,162883,eduardo-sasha
25/26,Pubalgia,2026-02-27,,21,4.0,353108,bruno-henrique
25/26,Fadiga muscular,2025-08-04,2025-08-08,5,1.0,353108,bruno-henrique
24/25,Lesão na coxa,2025-03-09,2025-03-28,20,2.0,353108,bruno-henrique
24/25,Lesão no tornozelo,2024-07-06,2024-08-02,28,5.0,353108,bruno-henrique
23/24,Entorse,2024-05-10,2024-06-01,23,3.0,353108,bruno-henrique
21/22,Rotura dos ligamentos cruzados,2022-06-17,2023-04-06,294,61.0,353108,bruno-henrique
16/17,Infeção,2016-12-14,2016-12-18,5,1.0,353108,bruno-henrique
16/17,Traumatismo no pé,2016-11-22,2016-11-24,3,,353108,bruno-henrique
16/17,Kreuzbanddehnung,2016-10-27,2016-11-20,25,3.0,353108,bruno-henrique
15/16,Edema do osso,2016-04-21,2016-08-08,110,4.0,353108,bruno-henrique
15/16,Traumatismo craniano,2016-04-14,2016-04-14,1,,353108,bruno-henrique
15/16,Bronquite,2016-02-22,2016-02-29,8,1.0,353108,bruno-henrique
25/26,Traumatismo no pé,2026-03-09,,11,3.0,620477,kaio-jorge
24/25,Lesão na coxa,2024-11-27,2024-12-31,35,4.0,620477,kaio-jorge
23/24,Lesão desconhecida,2024-05-24,2024-05-29,6,1.0,620477,kaio-jorge
23/24,Lesão desconhecida,2024-03-30,2024-04-07,9,1.0,620477,kaio-jorge
23/24,Lesão desconhecida,2023-09-26,2023-10-22,27,3.0,620477,kaio-jorge
22/23,Recuperação ritmo competitivo,2023-02-15,2023-06-14,120,26.0,620477,kaio-jorge
21/22,Rotura do tendão rotuliano,2022-02-24,2023-02-14,356,46.0,620477,kaio-jorge
21/22,Síndrome gripal,2022-01-06,2022-01-06,1,,620477,kaio-jorge
21/22,Problemas musculares,2021-08-23,2021-09-30,39,7.0,620477,kaio-jorge
20/21,Problemas musculares,2021-02-15,2021-04-08,53,10.0,620477,kaio-jorge
24/25,lesão na perna,2024-09-28,2024-10-21,24,3,596067,felippe-cardoso
21/22,Rotura de ligamentos do tornozelo,2022-05-26,2022-07-25,61,12,596067,felippe-cardoso
25/26,Lesão na coxa,2026-02-13,,35,6,489893,yuri-alberto
25/26,Problemas na virilha,2025-12-01,2025-12-13,13,2,489893,yuri-alberto
25/26,Operação na virilha,2025-08-12,2025-09-09,29,4,489893,yuri-alberto
24/25,Fratura da vertebra lombar,2025-05-25,2025-07-25,62,7,489893,yuri-alberto
24/25,Lesão na coxa,2024-11-21,2024-11-29,9,1,489893,yuri-alberto
24/25,Pedra nos rins OP,2024-08-01,2024-08-24,24,6,489893,yuri-alberto
23/24,Tendinite,2024-04-27,2024-05-10,14,3,489893,yuri-alberto
23/24,Fratura no tornozelo,2024-01-11,2024-01-20,10,,371231,jean
25/26,lesão no braço,2025-09-12,2025-10-13,32,4,352041,lucas-perri
24/25,Problemas musculares,2024-07-17,2024-08-06,21,5,172054,rodrigo-caio
22/23,Lesão no joelho,2022-07-10,2022-12-31,175,34,172054,rodrigo-caio
21/22,Problemas no Joelho,2021-12-07,2022-04-04,119,17,172054,rodrigo-caio
19/20,Lesão na coxa,2019-07-28,2019-08-21,25,4,172054,rodrigo-caio
14/15,Rotura parcial de ligamento,2014-08-04,2015-02-11,192,37,172054,rodrigo-caio
24/25,Lesão desconhecida,2025-03-03,2025-04-10,39,4,159142,aderllan-santos
16/17,Problemas musculares,2016-12-30,2017-01-09,11,1,159142,aderllan-santos
17/18,Lesão desconhecida,2018-03-05,2018-06-01,89,9,270191,lucao
17/18,Lesão muscular,2018-01-06,2018-02-22,48,7,270191,lucao
17/18,Lesão desconhecida,2017-11-20,2017-12-18,29,4,270191,lucao
25/26,Lesão na coxa,2025-11-19,2025-12-01,13,3.0,139867,robert-arboleda
25/26,Lesão na coxa,2025-08-07,2025-09-13,38,6.0,139867,robert-arboleda
24/25,Problemas musculares,2025-04-17,2025-05-05,19,5.0,139867,robert-arboleda
24/25,lesão na perna,2024-11-06,2024-11-22,17,2.0,139867,robert-arboleda
22/23,Tendinite,2023-01-29,2023-03-09,40,7.0,139867,robert-arboleda
21/22,Fratura do tornozelo,2022-06-25,2022-10-25,123,34.0,139867,robert-arboleda
21/22,Coronavírus,2022-01-16,2022-01-21,6,,139867,robert-arboleda
18/19,Contra,2019-05-04,2019-05-24,21,4.0,139867,robert-arboleda
17/18,Lesão na coxa,2017-11-06,2017-11-20,15,4,68832,anderson-martins
22/23,Problemas musculares na coxa,2022-07-17,2022-07-25,9,2,403296,leotm
20/21,Coronavírus,2021-03-09,2021-03-22,14,1,403296,leotm
25/26,Fibra muscular rasgado,2025-12-08,2026-03-31,114,23,401530,eder-militao
25/26,Lesão muscular,2025-11-19,2025-11-28,10,2,401530,eder-militao
24/25,Rotura parcial de ligamento,2024-11-09,2025-06-30,234,54,401530,eder-militao
24/25,Lesão muscular,2024-10-08,2024-10-18,11,2,401530,eder-militao
24/25,Problemas musculares,2024-09-06,2024-09-13,8,2,401530,eder-militao
23/24,Recuperação ritmo competitivo,2024-03-13,2024-03-30,18,3,401530,eder-militao
23/24,Rotura dos ligamentos cruzados,2023-08-13,2024-03-13,214,45,401530,eder-militao
22/23,Lesão muscular,2023-02-03,2023-02-09,7,2,401530,eder-militao
22/23,Lesão na coxa,2022-09-06,2022-09-16,11,2,401530,eder-militao
21/22,Gripe,2022-03-14,2022-03-18,5,1,401530,eder-militao
20/21,Problemas físicos,2021-02-07,2021-03-05,27,5,401530,eder-militao
20/21,Coronavírus,2020-11-02,2020-11-17,16,3,401530,eder-militao
20/21,Problemas físicos,2020-09-16,2020-10-16,31,6,401530,eder-militao
17/18,Rotura muscular na coxa,2017-10-31,2017-11-05,6,1,401530,eder-militao
25/26,Lesão desconhecida,2025-08-17,,215,38,546213,tuta
24/25,Problemas musculares,2025-05-11,2025-06-30,51,1,546213,tuta
24/25,Problemas na panturrilha,2024-12-13,2025-01-07,26,2,546213,tuta
23/24,Lesão no ombro,2023-11-06,2023-11-10,5,1,546213,tuta
22/23,Lesão no ombro,2023-05-04,2023-05-12,9,1,546213,tuta
22/23,Lesão tornozelo,2023-01-13,2023-01-23,11,1,546213,tuta
20/21,Problemas musculares,2021-03-04,2021-03-13,10,1,546213,tuta
20/21,Problemas musculares na coxa,2020-10-25,2020-11-04,11,1,546213,tuta
25/26,Lesão na coxa,2026-01-30,2026-02-03,5,1,225617,reinaldo
23/24,Lesão ligamentar,2024-03-06,2024-05-28,84,13,225617,reinaldo
22/23,Lesão na coxa,2022-07-10,2022-08-03,25,6,225617,reinaldo
14/15,Lesão na coxa,2015-06-15,2015-07-04,20,3,225617,reinaldo
24/25,Lesão no joelho,2024-11-07,,498,25,362835,junior-tavares
19/20,Lesão desconhecida,2019-10-20,2019-12-19,61,7,362835,junior-tavares
25/26,Doente,2026-01-12,2026-01-16,5,1,569805,marquinhos-cipriano
24/25,Lesão desconhecida,2025-02-19,2025-03-26,36,4,569805,marquinhos-cipriano
23/24,Lesão muscular,2024-01-13,2024-02-01,20,4,569805,marquinhos-cipriano
22/23,Problemas musculares,2023-04-18,2023-04-30,13,1.0,148751,bruno-peres
22/23,Lesão no ombro,2023-01-28,2023-02-13,17,2.0,148751,bruno-peres
22/23,Recuperação ritmo competitivo,2022-09-27,2022-11-12,47,10.0,148751,bruno-peres
21/22,Rotura do tendão de Aquiles,2022-04-23,2022-09-27,158,17.0,148751,bruno-peres
21/22,Ligamento intra-articular rasgado do joelho,2021-10-17,2021-11-14,29,3.0,148751,bruno-peres
21/22,Lesão na virilha,2021-08-26,2021-09-08,14,1.0,148751,bruno-peres
20/21,Quarentena,2020-08-28,2020-09-20,24,1.0,148751,bruno-peres
17/18,Lesão no bíceps femoral,2018-05-06,2018-07-31,87,5.0,148751,bruno-peres
17/18,Rotura muscular,2017-10-28,2017-11-13,17,2.0,148751,bruno-peres
17/18,Lesão nos adutores,2017-08-20,2017-09-06,18,1.0,148751,bruno-peres
16/17,Fadiga muscular,2017-03-13,2017-03-15,3,,148751,bruno-peres
16/17,Distorção do tornozelo,2016-12-12,2016-12-16,5,,148751,bruno-peres
16/17,Lesão nos adutores,2016-10-14,2016-10-28,15,4.0,148751,bruno-peres
15/16,Lesão desconhecida,2016-01-19,2016-01-25,7,2.0,148751,bruno-peres
15/16,Queixas adutores,2015-09-24,2015-10-25,32,3.0,148751,bruno-peres
24/25,Problemas na zona lombar,2025-04-27,2025-07-15,80,11,552240,igor-vinicius
24/25,Problemas físicos,2024-07-31,2024-09-11,43,9,552240,igor-vinicius
23/24,Lesão na coxa,2024-01-27,2024-02-25,30,6,552240,igor-vinicius
22/23,Pubalgia,2023-01-20,2023-07-28,190,40,552240,igor-vinicius
22/23,Pubalgia,2022-10-19,2022-12-01,44,7,552240,igor-vinicius
21/22,Lesão ocular,2021-09-20,2021-10-22,33,7,552240,igor-vinicius
20/21,Contra,2020-10-16,2020-10-31,16,4,552240,igor-vinicius
21/22,Lesão no joelho,2022-01-08,2022-07-01,175,23,435484,felipe-araruna
20/21,Lesão no ligamento interno,2020-09-27,2021-10-24,393,59,435484,felipe-araruna
19/20,Problemas musculares na coxa,2019-08-18,2019-09-06,20,2,435484,felipe-araruna
24/25,Lesão no joelho,2025-04-23,2025-06-30,69,5.0,200558,petros
15/16,Lesão na anca,2016-02-07,2016-02-11,5,,200558,petros
10/11,Fratura do Metatarso,2011-06-16,2011-08-01,47,6,110326,jucilei
10/11,Lesão nos adutores,2011-04-24,2011-05-16,23,4,110326,jucilei
17/18,Lesão na coxa,2017-10-28,2018-02-12,108,11,54257,hudson
17/18,Lesão desconhecida,2017-07-09,2017-08-12,35,8,54257,hudson
24/25,Lesão desconhecida,2025-01-13,2025-01-20,8,2,631786,paulo-henrique
24/25,Lesão desconhecida,2024-11-11,2024-11-18,8,1,631786,paulo-henrique
19/20,Rotura dos ligamentos cruzados,2020-06-24,2021-04-06,287,38,631786,paulo-henrique
19/20,Lesão desconhecida,2019-10-18,2019-10-22,5,1,631786,paulo-henrique
25/26,Lesão nos adutores,2025-09-22,2026-02-03,135,22,574904,luan
24/25,Lesão na coxa,2024-07-22,2024-08-02,12,2,574904,luan
21/22,Lesão na coxa,2022-06-12,2022-08-08,58,16,574904,luan
22/23,Lesão na cabeça,2022-10-08,2022-10-20,13,2,435489,lucas-kal
20/21,Lesão desconhecida,2021-02-01,2021-03-07,35,6,435489,lucas-kal
25/26,Estiramento do ligamento colateral interno do joelho,2026-01-12,2026-01-20,9,2,553469,gabriel-sara
24/25,Pequena lesão,2025-02-26,2025-02-28,3,1,553469,gabriel-sara
24/25,Estiramento do ligamento colateral interno do joelho,2025-01-08,2025-01-24,17,3,553469,gabriel-sara
19/20,Fratura do Metatarso,2020-01-10,2020-05-12,124,12,553469,gabriel-sara
25/26,Problema nos flexores do quadril,2025-11-02,2025-12-02,31,6,594105,pedro-augusto
24/25,Pubalgia,2024-11-01,2025-01-22,83,7,594105,pedro-augusto
23/24,Lesão no cotovelo,2024-03-15,2024-04-02,19,5,594105,pedro-augusto
24/25,Lesão no tornozelo,2024-11-10,2025-01-01,53,5,401526,liziero
24/25,Problemas musculares na coxa,2024-09-02,2024-09-21,20,2,401526,liziero
24/25,Lesão muscular,2024-08-12,2024-08-31,20,5,401526,liziero
22/23,Lesão ligamentar,2023-06-13,2023-07-23,41,5,401526,liziero
22/23,Lesão desconhecida,2022-10-24,2022-12-20,58,5,401526,liziero
20/21,Coronavírus,2021-01-17,2021-01-31,15,2,255685,valdivia
15/16,Rotura dos ligamentos cruzados,2015-11-16,2016-05-15,182,26,255685,valdivia
14/15,Lesão na coxa,2015-06-12,2015-06-25,14,2,255685,valdivia
23/24,Contra,2024-06-05,2024-06-24,20,1.0,95280,christian-cueva
23/24,Fadiga muscular,2023-09-01,2023-09-06,6,,95280,christian-cueva
22/23,Problemas no Joelho,2023-04-06,2023-04-14,9,1.0,95280,christian-cueva
13/14,Lesão desconhecida,2014-05-01,2014-07-22,83,3,54183,maicosuel
13/14,Lesão desconhecida,2013-11-02,2013-11-22,21,2,54183,maicosuel
10/11,Rotura dos ligamentos cruzados,2010-09-24,2011-05-15,234,37,54183,maicosuel
09/10,Ligamento Esticado,2010-01-24,2010-01-30,7,1,54183,maicosuel
24/25,Lesão na panturrilha,2025-05-08,2025-05-17,10,1,29091,nene
23/24,Lesão no pé,2023-10-31,2024-03-01,123,14,29091,nene
12/13,Fratura na face,2012-10-22,2012-11-10,20,5,29091,nene
25/26,Lesão desconhecida,2025-07-12,2025-08-08,28,3.0,92729,joao-rojas
24/25,Lesão desconhecida,2025-05-01,2025-05-03,3,,92729,joao-rojas
24/25,danos na cartilagem,2025-02-10,2025-03-03,22,3.0,92729,joao-rojas
23/24,Lesão desconhecida,2024-02-18,2024-02-29,12,1.0,92729,joao-rojas
22/23,Lesão no pé,2023-04-24,2023-05-19,26,3.0,92729,joao-rojas
19/20,Rotura num tendão,2019-08-14,2020-11-23,468,69.0,92729,joao-rojas
18/19,Rotura do tendão rotuliano,2018-10-28,2019-08-13,290,42.0,92729,joao-rojas
21/22,Problemas no Joelho,2022-06-05,2022-07-20,46,9,419420,everton-felipe
17/18,Rotura de ligamentos no joelho,2017-09-11,2018-03-17,188,32,419420,everton-felipe
25/26,Problemas musculares,2025-11-24,,116,3,430761,lucas-fernandes
25/26,Problemas musculares,2025-10-06,2025-11-04,30,5,430761,lucas-fernandes
25/26,Lesão na panturrilha,2025-07-28,2025-09-13,48,6,430761,lucas-fernandes
24/25,Problemas musculares,2024-07-20,2024-08-02,14,3,430761,lucas-fernandes
23/24,Problemas musculares na coxa,2024-05-16,2024-06-15,31,6,430761,lucas-fernandes
23/24,Lesão na panturrilha,2024-03-24,2024-04-02,10,2,430761,lucas-fernandes
22/23,Lesão desconhecida,2022-10-10,2022-10-30,21,3,430761,lucas-fernandes
20/21,Rotura dos ligamentos cruzados,2020-11-09,2021-06-30,234,28,430761,lucas-fernandes
19/20,Lesão desconhecida,2020-01-05,2020-02-04,31,4,430761,lucas-fernandes
15/16,Lesão no joelho,2016-06-13,2016-12-31,202,35,430761,lucas-fernandes
25/26,Lesão desconhecida,2025-11-20,2025-11-28,9,1,480274,shaylon
24/25,Problemas musculares na coxa,2025-04-10,2025-05-26,47,7,480274,shaylon
23/24,Entorse do tornozelo,2023-09-03,2023-09-20,18,1,553459,igor-gomes
19/20,Lesão do ligamento cruzado,2019-09-25,2020-02-01,130,17,76120,everton
09/10,Lesão no ombro,2010-03-13,2010-07-01,111,7,76120,everton
16/17,Rotura de ligamentos no joelho,2016-12-12,2017-10-01,294,52,234208,lucas-farias
23/24,Lesão desconhecida,2024-01-29,2024-02-02,5,,172857,morato
21/22,Lesão na coxa,2021-08-10,2021-09-03,25,4.0,172857,morato
21/22,Coronavírus,2021-07-02,2021-07-17,16,3.0,172857,morato
18/19,Lesão muscular,2018-11-16,2018-12-10,25,4.0,172857,morato
18/19,Lesão no tornozelo,2018-09-29,2018-10-07,9,2.0,172857,morato
24/25,Lesão na coxa,2024-10-17,2024-11-08,23,5,412365,helinho
24/25,Distensão da panturrilha,2024-08-18,2024-08-31,14,3,412365,helinho
23/24,Lesão no pé,2024-04-02,2024-04-27,26,6,412365,helinho
22/23,Problemas no Joelho,2023-06-05,2023-07-28,54,9,412365,helinho
22/23,Estiramento do ligamento colateral interno do joelho,2022-11-06,2023-04-10,156,19,412365,helinho
22/23,lesão na perna,2023-02-05,2023-02-20,16,4,602105,antony
22/23,Lesão desconhecida,2022-10-28,2022-11-23,27,5,602105,antony
21/22,Lesão no tornozelo,2022-03-30,2022-07-22,115,10,602105,antony
21/22,Lesão desconhecida,2021-11-23,2021-12-01,9,2,602105,antony
20/21,Problemas físicos,2021-03-19,2021-04-03,16,1,602105,antony
20/21,Problemas musculares,2020-11-09,2020-11-24,16,3,602105,antony
20/21,Problemas físicos,2020-10-20,2020-10-23,4,1,602105,antony
22/23,Artroscopia,2023-03-27,2023-08-01,128,16,33315,diego-souza
13/14,Lesão desconhecida,2014-04-21,2014-06-01,42,6,33315,diego-souza
25/26,Infeção da sola do pé,2025-08-16,2025-09-03,19,4,403014,gonzalo-carneiro
24/25,Recuperação ritmo competitivo,2025-06-12,2025-06-20,9,2,403014,gonzalo-carneiro
24/25,Rotura parcial de ligamento,2024-07-14,2025-06-11,333,50,403014,gonzalo-carneiro
23/24,Tendinite,2024-03-01,2024-03-09,9,2,403014,gonzalo-carneiro
22/23,Fratura do perónio,2023-08-01,2023-09-15,46,5,403014,gonzalo-carneiro
20/21,Problemas na anca,2021-02-21,2021-03-01,9,3,403014,gonzalo-carneiro
18/19,Lesão na coxa,2018-11-11,2019-01-07,58,5,403014,gonzalo-carneiro
17/18,Recuperação ritmo competitivo,2018-04-03,2018-06-30,89,16,403014,gonzalo-carneiro
17/18,Pubalgia,2018-01-01,2018-04-02,92,12,403014,gonzalo-carneiro
17/18,Pubalgia,2017-11-20,2017-12-31,42,5,403014,gonzalo-carneiro
17/18,Problemas físicos,2017-11-01,2017-11-07,7,1,403014,gonzalo-carneiro
17/18,Problemas físicos,2017-09-08,2017-09-12,5,1,403014,gonzalo-carneiro
16/17,Problemas físicos,2016-08-29,2016-09-07,10,2,403014,gonzalo-carneiro
21/22,Problemas físicos,2022-03-07,2022-04-09,34,4,435486,pedro-bortoluzo
22/23,Problema nos flexores do quadril,2022-11-06,2023-05-01,177,26,553458,bissoli
23/24,Lesão na coxa,2023-08-08,2024-01-13,159,21.0,412366,brenner
23/24,Problemas musculares,2023-07-23,2023-08-07,16,,412366,brenner
22/23,Lesão no pé,2023-05-08,2023-06-22,46,10.0,412366,brenner
20/21,Coronavírus,2020-11-18,2020-11-28,11,3,67867,victor
17/18,Rotura de ligamentos no joelho,2017-11-06,,3056,119,181777,uilson
25/26,Vírus,2025-10-14,2025-10-19,6,1,468247,cleiton
24/25,Vírus,2025-04-17,2025-04-26,10,1,468247,cleiton
24/25,Lesão na coxa,2024-08-04,2024-08-24,21,4,468247,cleiton
14/15,Rotura muscular na coxa,2014-11-29,2014-12-11,13,3.0,54312,felipe-santana
14/15,Muskelbündelriss,2014-08-31,2014-11-11,73,13.0,54312,felipe-santana
13/14,Fibra muscular rasgado,2014-02-26,2014-04-08,42,8.0,54312,felipe-santana
13/14,Constipação,2013-09-12,2013-09-16,5,1.0,54312,felipe-santana
12/13,Fratura do nariz,2013-01-10,2013-01-15,6,,54312,felipe-santana
12/13,Rotura no tendão do adutor,2012-09-04,2012-09-12,9,,54312,felipe-santana
12/13,Lesão tornozelo,2012-08-02,2012-08-08,7,,54312,felipe-santana
11/12,Distensão abdominal,2012-03-24,2012-04-10,18,3.0,54312,felipe-santana
11/12,Außenbandanriss Sprunggelenk,2011-12-18,2012-01-27,41,2.0,54312,felipe-santana
15/16,Rompimento do ligamento interior,2015-10-05,2015-11-09,36,4.0,56435,roger-bernardo
10/11,Rotura do ligamento lateral do tornozelo,2011-06-21,2011-07-26,36,2.0,56435,roger-bernardo
09/10,Fratura do Metatarso,2010-03-09,2010-04-29,52,7.0,56435,roger-bernardo
09/10,Problemas musculares,2009-10-06,2009-10-14,9,,56435,roger-bernardo
09/10,Fibra muscular rasgado,2009-08-05,2009-08-25,21,3.0,56435,roger-bernardo
25/26,Ruptura muscular na coxa,2025-07-29,2026-02-15,202,18,330114,gabriel
22/23,Lesão do ligamento cruzado,2023-02-24,2023-12-04,284,40,330114,gabriel
21/22,Lesão no nariz,2022-04-18,2022-05-09,22,5,330114,gabriel
20/21,Coronavírus,2020-11-16,2020-11-28,13,3,330114,gabriel
25/26,Lesão desconhecida,2026-01-31,2026-02-13,14,1,211345,mansur
25/26,Lesão desconhecida,2025-10-25,2025-11-24,31,4,211345,mansur
24/25,Lesão na panturrilha,2024-11-24,2024-12-30,37,6,211345,mansur
23/24,Lesão muscular,2024-02-01,2024-03-04,33,5,211345,mansur
20/21,Lesão muscular,2020-12-01,2021-01-05,36,5,211345,mansur
22/23,Problemas musculares,2022-09-25,2022-12-31,98,10,371522,matheus-mancini
19/20,Fratura da mão,2020-01-23,2020-02-29,38,7,440652,nathan-silva
25/26,Problemas musculares,2026-02-18,2026-02-24,7,1.0,516716,bremer
25/26,Lesão meniscal,2025-10-13,2025-12-09,58,12.0,516716,bremer
25/26,Problemas musculares,2025-09-28,2025-10-07,10,2.0,516716,bremer
24/25,Rotura dos ligamentos cruzados,2024-10-03,2025-06-25,266,45.0,516716,bremer
22/23,Lesão muscular,2023-05-28,2023-07-01,35,3.0,516716,bremer
22/23,Fadiga muscular,2023-05-10,2023-05-13,4,1.0,516716,bremer
22/23,Problemas musculares na coxa,2023-04-20,2023-04-22,3,,516716,bremer
22/23,Lesão desconhecida,2023-03-13,2023-03-15,3,,516716,bremer
22/23,Fadiga muscular,2023-01-06,2023-01-11,6,1.0,516716,bremer
22/23,Lesão no bíceps femoral,2022-10-17,2022-11-05,20,4.0,516716,bremer
21/22,Problemas na tibiotársica,2022-05-16,2022-05-30,15,1.0,516716,bremer
21/22,Lesão no tornozelo,2021-08-26,2021-09-09,15,1.0,516716,bremer
20/21,Coronavírus,2021-02-22,2021-03-15,22,1.0,516716,bremer
11/12,Fratura da clavícula,2011-08-10,2011-09-20,42,9,13835,fabio-santos
21/22,Coronavírus,2021-06-30,2021-07-14,15,4,95087,patric
25/26,Problemas musculares na coxa,2025-08-29,2025-09-23,26,5,198250,samuel-xavier
23/24,Problemas no Joelho,2024-06-18,2024-06-23,6,1,198250,samuel-xavier
23/24,Fratura no pé,2024-04-27,2024-06-10,45,9,198250,samuel-xavier
22/23,Lesão na coxa,2023-05-08,2023-05-15,8,2,198250,samuel-xavier
17/18,Lesão no tornozelo,2017-05-15,2017-10-26,165,39,121046,carlos-cesar
17/18,Lesão meniscal,2017-10-26,2018-01-19,86,9,277713,alex-silva
14/15,Problemas musculares na coxa,2015-02-28,2015-08-31,185,30,277713,alex-silva
24/25,Lesão na panturrilha,2025-01-22,2025-05-13,112,22.0,476344,emerson-royal
24/25,Lesão desconhecida,2024-11-24,2024-11-28,5,,476344,emerson-royal
24/25,Recuperação ritmo competitivo,2024-08-16,2024-08-18,3,1.0,476344,emerson-royal
22/23,Operado ao joelho,2023-03-25,2023-05-01,38,6.0,476344,emerson-royal
21/22,Lesão desconhecida,2021-12-03,2021-12-13,11,2.0,476344,emerson-royal
20/21,Traumatismo no joelho,2020-10-04,2020-10-31,28,4.0,476344,emerson-royal
16/17,Pubalgia,2016-07-01,2016-11-05,128,14,52408,adilson
24/25,Problemas musculares na coxa,2025-05-07,2025-05-20,14,3,323452,ze-welison
23/24,Lesão na coxa,2024-06-29,2024-07-23,25,6,323452,ze-welison
14/15,Rotura dos ligamentos cruzados,2015-02-21,2015-08-21,182,35,323452,ze-welison
15/16,lesão na perna,2016-02-04,2016-04-01,58,16,74600,elias
11/12,Traumatismo,2011-10-13,2011-10-16,4,1,74600,elias
17/18,Rotura de ligamentos no joelho,2017-01-24,2018-03-10,411,84,255754,lucas-candido
14/15,Rotura dos ligamentos cruzados,2015-03-13,2015-11-17,250,50,255754,lucas-candido
18/19,Lesão no joelho,2019-01-15,2020-01-11,362,73,378975,matheus-galdezani
17/18,Problemas no tendão de Aquiles,2017-08-06,2017-10-26,82,16,374855,gustavo-blanco
25/26,Lesão no ligamento interno,2025-10-17,,154,14,146367,juan-cazares
20/21,Rotura muscular na coxa,2021-01-27,2021-02-10,15,2,146367,juan-cazares
17/18,Entorse do tornozelo,2017-11-10,2017-11-18,9,2,146367,juan-cazares
16/17,Lesão nos adutores,2016-07-10,2016-09-14,67,14,146367,juan-cazares
14/15,Lesão no pé,2015-02-08,2015-02-15,8,1,177680,romulo-otero
16/17,Lesão no joelho,2017-01-01,2017-01-19,19,1,294798,nathan
15/16,Lesão nas costas,2016-04-04,2016-06-01,59,5,294798,nathan
15/16,Lesão no joelho,2015-11-19,2016-01-01,44,5,294798,nathan
25/26,Problemas no tendão de Aquiles,2025-10-03,2026-01-03,93,11,261309,david-terans
24/25,Lesão na panturrilha,2024-07-03,2024-08-12,41,10,261309,david-terans
21/22,Problemas musculares,2022-05-11,2022-05-17,7,2,261309,david-terans
20/21,Lesão muscular,2021-02-04,2021-02-25,22,5,261309,david-terans
20/21,Gestão de esforço,2020-10-16,2020-10-19,4,1,261309,david-terans
24/25,Rotura de ligamentos no joelho,2024-09-28,2025-08-29,336,53,353279,edinho
22/23,Lesão no tornozelo,2022-08-08,2022-12-31,146,17,353279,edinho
22/23,Problemas musculares,2022-10-02,2022-10-25,24,4,351898,leandrinho
17/18,Lesão muscular,2018-02-01,2018-02-19,19,4,351898,leandrinho
16/17,lesão na perna,2017-03-06,2017-03-16,11,2,351898,leandrinho
25/26,Lesão desconhecida,2025-08-23,2025-09-12,21,2,516722,marquinhos
14/15,Rotura muscular na coxa,2015-06-08,2015-07-11,34,6,192318,luan
23/24,Rotura dos ligamentos cruzados,2023-08-20,2024-04-28,253,23,262016,erik
19/20,Hematoma,2020-02-09,2020-02-20,12,2,262016,erik
14/15,lesão na perna,2015-05-01,2015-05-11,11,2,262016,erik
23/24,Problemas musculares na coxa,2023-09-22,2023-09-26,5,1,165361,yimmi-chara
22/23,Lesão na coxa,2023-05-28,2023-07-14,48,7,165361,yimmi-chara
22/23,Lesão muscular,2023-03-01,2023-04-25,56,8,165361,yimmi-chara
25/26,Ferimento na musculatura da barriga,2026-03-10,,10,1,284000,carlos-junior
23/24,Lesão desconhecida,2023-07-01,2023-09-05,67,5,284000,carlos-junior
21/22,Lesão dos ligamentos laterais do joelho,2022-01-22,2022-09-28,250,54,250007,clayton
20/21,Rotura muscular na coxa,2021-01-25,2021-02-28,35,4,250007,clayton
17/18,Problemas no tendão de Aquiles,2017-11-02,2017-11-10,9,2,250007,clayton
16/17,Lesão no tornozelo,2017-06-05,2017-07-23,49,13,15468,ricardo-oliveira
15/16,inflamação no joelho,2016-05-09,2016-07-13,66,15,15468,ricardo-oliveira
19/20,Lesão na coxa,2019-09-16,2019-10-13,28,6,285319,hyuri
25/26,Lesão desconhecida,2025-10-04,2025-10-17,14,1,271498,denilson-junior
19/20,Traumatismo no pé,2019-10-28,2019-11-11,15,2,271498,denilson-junior
25/26,Rotura muscular na coxa,2025-10-31,2025-11-04,5,,371996,alerrandro
25/26,Lesão muscular,2025-08-09,2025-08-28,20,4.0,371996,alerrandro
22/23,Lesão muscular,2022-09-19,2022-11-03,46,8.0,371996,alerrandro
20/21,Rotura muscular na coxa,2020-10-10,2020-11-22,44,10.0,371996,alerrandro
22/23,Problemas no Joelho,2023-04-01,2023-06-01,62,2.0,42373,diego-alves
20/21,Lesão muscular,2020-12-29,2021-01-31,34,6.0,42373,diego-alves
17/18,Fratura da clavícula,2017-11-25,2018-02-19,87,12.0,42373,diego-alves
15/16,lesão na perna,2016-03-15,2016-03-22,8,,42373,diego-alves
14/15,Rotura dos ligamentos cruzados,2015-05-23,2015-12-28,220,12.0,42373,diego-alves
13/14,Rotura muscular na coxa,2014-03-23,2014-05-01,40,9.0,42373,diego-alves
17/18,Problemas nas costas,2017-11-15,2018-01-01,48,3,22412,julio-cesar
17/18,Lesão nas costas,2017-10-13,2017-10-16,4,1,22412,julio-cesar
17/18,Tendinite,2017-08-03,2017-08-22,20,4,22412,julio-cesar
16/17,Lesão no ombro,2016-12-09,2017-01-06,29,6,22412,julio-cesar
16/17,Lesão desconhecida,2016-10-14,2016-10-17,4,1,22412,julio-cesar
15/16,Lesão nos adutores,2016-03-04,2016-06-30,119,15,22412,julio-cesar
14/15,Lesão na panturrilha,2015-02-02,2015-03-05,32,5,22412,julio-cesar
14/15,Pequena lesão,2014-09-22,2014-09-29,8,1,22412,julio-cesar
13/14,Fratura de um dedo,2013-09-19,2013-10-31,43,8,22412,julio-cesar
11/12,Queixas adutores,2011-10-27,2011-11-17,22,4,22412,julio-cesar
11/12,Lumbago,2011-10-10,2011-10-17,8,2,22412,julio-cesar
10/11,Problemas físicos,2011-01-03,2011-01-31,29,7,22412,julio-cesar
10/11,Problemas musculares na coxa,2010-11-01,2010-12-13,43,9,22412,julio-cesar
23/24,Rotura dos ligamentos cruzados,2023-07-01,2024-04-15,290,32,177776,cesar
25/26,Lesão desconhecida,2026-03-13,,7,,294817,thiago-rodrigues
25/26,Pancada na coxa,2025-11-03,2025-11-29,27,4,574901,hugo-souza
25/26,Lesão no ombro,2025-10-19,2025-11-01,14,1,574901,hugo-souza
24/25,Lesão na coxa,2025-03-28,2025-04-23,27,7,574901,hugo-souza
17/18,Lesão desconhecida,2017-07-08,2017-08-04,28,7,55322,rhodolfo
16/17,Lesão no joelho,2016-11-21,2016-12-11,21,6,55322,rhodolfo
15/16,Rotura dos ligamentos cruzados,2016-02-07,2016-07-01,146,18,55322,rhodolfo
20/21,Coronavírus,2020-11-18,2020-11-28,11,3,72489,rever
17/18,Lesão dos ligamentos laterais,2017-10-26,2017-11-21,27,7,72489,rever
14/15,Problemas musculares na coxa,2015-06-01,2015-07-11,41,8,72489,rever
09/10,Problemas musculares,2010-03-07,2010-04-06,31,5,72489,rever
09/10,Fratura da mão,2010-01-28,2010-03-07,39,8,72489,rever
14/15,Problemas musculares na coxa,2015-06-16,2015-07-17,32,7,1599,juan
11/12,Lesão no joelho,2012-03-06,2012-05-13,69,11,1599,juan
11/12,Fibra muscular rasgado,2011-10-29,2011-11-17,20,1,1599,juan
11/12,Lesão desconhecida,2011-09-14,2011-09-21,8,1,1599,juan
10/11,Lesão desconhecida,2011-05-17,2011-05-30,14,1,1599,juan
10/11,Problemas musculares,2010-11-04,2010-11-19,16,3,1599,juan
08/09,Problemas musculares,2009-06-24,2009-08-25,63,5,1599,juan
08/09,Fibra muscular rasgado,2009-03-12,2009-06-01,82,12,1599,juan
08/09,Problemas musculares na coxa,2009-02-22,2009-03-05,12,2,1599,juan
07/08,Lesão desconhecida,2008-03-20,2008-03-30,11,3,1599,juan
07/08,Lesão no tornozelo,2008-01-15,2008-02-20,37,8,1599,juan
25/26,Lesão desconhecida,2025-08-21,2025-10-07,48,7.0,312678,leo-duarte
24/25,Lesão desconhecida,2025-05-23,2025-05-27,5,1.0,312678,leo-duarte
24/25,Recuperação ritmo competitivo,2025-01-24,2025-01-26,3,1.0,312678,leo-duarte
24/25,Lesão desconhecida,2025-01-04,2025-01-24,21,3.0,312678,leo-duarte
24/25,Lesão desconhecida,2024-09-18,2024-10-09,22,3.0,312678,leo-duarte
24/25,Lesão desconhecida,2024-08-28,2024-09-06,10,1.0,312678,leo-duarte
23/24,Lesão desconhecida,2024-03-05,2024-03-22,18,2.0,312678,leo-duarte
23/24,Lesão na coxa,2024-02-07,2024-02-29,23,4.0,312678,leo-duarte
23/24,Lesão desconhecida,2023-10-01,2023-10-11,11,2.0,312678,leo-duarte
22/23,Lesão desconhecida,2023-05-14,2023-05-20,7,1.0,312678,leo-duarte
22/23,Lesão desconhecida,2022-09-30,2022-10-11,12,3.0,312678,leo-duarte
21/22,Lesão desconhecida,2022-04-30,2022-05-14,15,1.0,312678,leo-duarte
20/21,Coronavírus,2021-04-07,2021-04-16,10,1.0,312678,leo-duarte
20/21,Lesão desconhecida,2021-03-24,2021-03-31,8,,312678,leo-duarte
20/21,Lesão desconhecida,2021-02-27,2021-03-13,15,3.0,312678,leo-duarte
20/21,Coronavírus,2020-09-22,2020-10-19,28,5.0,312678,leo-duarte
19/20,Lesão na coxa,2020-06-02,2020-07-23,52,10.0,312678,leo-duarte
19/20,Operação ao tornozelo,2019-11-22,2020-03-22,122,17.0,312678,leo-duarte
18/19,Cirurgia Ligamento Cruzado,2019-03-29,2020-09-01,523,40,371990,patrick
23/24,Lesão muscular,2023-08-20,2023-10-14,56,7,603137,rafael-santos
21/22,Lesão na tíbia,2021-09-19,2022-05-31,255,31,603137,rafael-santos
25/26,Lesão no calcanhar,2025-07-21,2025-08-05,16,4,212209,rene
24/25,Lesão na cabeça,2024-07-08,2024-07-15,8,2,212209,rene
23/24,Problemas físicos,2024-06-18,2024-06-22,5,1,212209,rene
23/24,Problemas musculares na coxa,2023-10-30,2023-11-30,32,4,212209,rene
22/23,Lesão muscular,2022-06-14,2022-07-29,46,9,212209,rene
22/23,Problemas físicos,2021-07-28,2021-09-17,52,10,212209,rene
24/25,Muskelbündelriss,2025-05-29,2025-07-02,35,4,177690,miguel-trauco
24/25,Problemas na zona lombar,2024-12-05,2025-01-06,33,1,177690,miguel-trauco
24/25,Lesão desconhecida,2024-09-16,2024-10-17,32,6,177690,miguel-trauco
21/22,Coronavírus,2022-01-16,2022-01-23,8,3,177690,miguel-trauco
24/25,Lesão nos adutores,2024-08-11,2024-08-30,20,2,663578,ramon
25/26,Doente,2026-01-09,2026-01-11,3,1,185966,rodinei
25/26,Lesão na panturrilha,2025-09-29,2025-10-24,26,4,185966,rodinei
24/25,Problemas físicos,2024-11-08,2024-11-19,12,1,185966,rodinei
23/24,Gestão de esforço,2023-10-29,2023-10-31,3,1,185966,rodinei
22/23,Gripe,2023-04-12,2023-04-17,6,1,185966,rodinei
25/26,Problemas nos rins,2026-01-26,2026-02-14,20,5,210747,willian-arao
25/26,Lesão na panturrilha,2025-07-20,2025-09-27,70,9,210747,willian-arao
24/25,Lesão desconhecida,2025-01-14,2025-01-17,4,1,210747,willian-arao
23/24,Gestão de esforço,2024-02-10,2024-02-12,3,1,210747,willian-arao
22/23,Lesão desconhecida,2022-10-03,2022-10-19,17,4,210747,willian-arao
15/16,Angina,2015-08-08,2015-08-13,6,1,140682,romulo
12/13,Rotura dos ligamentos cruzados,2012-09-23,2014-01-23,488,73,140682,romulo
19/20,Lesão muscular,2020-01-30,2020-04-01,63,7,346870,jonas
19/20,Lesão no tornozelo,2019-08-01,2019-12-30,152,18,346870,jonas
18/19,Lesão no tornozelo,2019-04-15,2019-05-20,36,7,346870,jonas
18/19,Lesão muscular,2019-02-20,2019-03-05,14,3,346870,jonas
15/16,Lesão no cotovelo,2015-07-16,2015-07-25,10,1,346870,jonas
25/26,Problemas musculares,2025-09-22,2025-10-15,24,4,119333,gustavo-cuellar
24/25,Lesão na coxa,2025-05-08,2025-08-09,94,15,119333,gustavo-cuellar
24/25,Problemas musculares,2025-03-17,2025-04-12,27,4,119333,gustavo-cuellar
24/25,Lesão na coxa,2025-03-02,2025-03-15,14,2,119333,gustavo-cuellar
22/23,Lesão desconhecida,2023-06-01,2023-11-07,160,21,273033,piris-da-motta
25/26,Artroscopia,2025-10-26,2026-01-10,77,8,405768,ronaldo
25/26,Problemas no Joelho,2025-10-14,2025-10-18,5,1,405768,ronaldo
25/26,Lesão no joelho,2025-08-14,2025-09-26,44,6,405768,ronaldo
24/25,Lesão no ombro,2024-09-30,2024-10-19,20,1,405768,ronaldo
21/22,Lesão no joelho,2022-05-22,2022-07-07,47,8,405768,ronaldo
17/18,Amigdalite,2017-10-28,2017-11-05,9,2,405768,ronaldo
23/24,Entorse do tornozelo,2024-05-02,2024-06-01,31,2,644157,hugo-moura
22/23,Problemas musculares na coxa,2022-11-07,2023-01-14,69,2,644157,hugo-moura
25/26,Lumbago,2025-11-21,2026-02-17,89,9,364883,jaja
24/25,Lesão desconhecida,2024-08-24,2024-10-22,60,6,364883,jaja
23/24,Rotura do Tarso,2023-08-20,2023-08-31,12,1,364883,jaja
23/24,Doente,2023-08-04,2023-08-12,9,2,364883,jaja
24/25,Entorse,2025-04-28,2025-05-17,20,4,606716,pepe
23/24,Lesão na coxa,2024-04-09,2024-04-22,14,3,606716,pepe
22/23,Problemas musculares,2022-11-07,2023-01-01,56,2,606716,pepe
21/22,Coronavírus,2021-12-30,2022-01-06,8,1,578872,jean-lucas
25/26,Lesão na coxa,2026-03-08,,12,3,52896,everton-ribeiro
25/26,Câncer,2025-10-06,2025-11-01,27,4,52896,everton-ribeiro
19/20,Lesão no pé,2019-07-21,2019-07-31,11,3,52896,everton-ribeiro
19/20,Lesão no tornozelo,2019-07-26,2019-10-19,86,19,4248,diego
17/18,Problemas musculares na coxa,2017-10-03,2017-10-11,9,2,4248,diego
15/16,Problemas físicos,2016-01-14,2016-01-28,15,4,4248,diego
15/16,Lesão na virilha,2015-09-14,2015-09-21,8,2,4248,diego
14/15,Problemas físicos,2015-03-23,2015-04-20,29,4,4248,diego
14/15,Ruptura muscular na coxa,2014-11-24,2014-12-11,18,3,4248,diego
13/14,Fibra muscular rasgado,2013-11-04,2013-11-18,15,2,4248,diego
13/14,Traumatismo grade costal,2013-11-04,2013-11-18,15,2,4248,diego
11/12,Fibra muscular rasgado,2012-02-20,2012-03-19,29,8,4248,diego
08/09,Fibra muscular rasgado,2009-05-11,2009-05-14,4,1,4248,diego
08/09,Problemas nas costas,2009-04-30,2009-05-04,5,1,4248,diego
08/09,Problemas musculares,2009-04-16,2009-04-20,5,1,4248,diego
08/09,Problemas musculares na coxa,2009-04-09,2009-04-13,5,1,4248,diego
08/09,Problemas musculares,2008-10-23,2008-10-30,8,2,4248,diego
07/08,Problemas musculares na coxa,2008-04-28,2008-05-05,8,1,4248,diego
07/08,Pubalgia,2008-02-18,2008-02-21,4,,4248,diego
07/08,Problemas na virilha,2008-01-03,2008-01-24,22,,4248,diego
14/15,Lesão nos adutores,2015-04-27,2015-07-01,66,7,29035,ederson
14/15,Lesão na coxa,2014-12-02,2015-01-21,51,7,29035,ederson
13/14,Lesão na coxa,2014-01-20,2014-09-28,252,26,29035,ederson
13/14,Problemas musculares na coxa,2013-11-09,2013-11-13,5,1,29035,ederson
12/13,Queixas adutores,2013-05-02,2013-05-19,18,3,29035,ederson
12/13,Queixas adutores,2012-12-09,2013-02-13,67,13,29035,ederson
12/13,Queixas adutores,2012-10-19,2012-11-16,29,7,29035,ederson
12/13,Lesão nos adutores,2012-10-04,2012-10-15,12,1,29035,ederson
12/13,Gripe,2012-09-22,2012-09-24,3,1,29035,ederson
12/13,Lesão no joelho,2012-07-18,2012-09-01,46,3,29035,ederson
11/12,Rotura do ligamento externo do joelho,2011-07-20,2011-10-10,83,13,29035,ederson
10/11,Muskelbündelriss,2010-08-10,2011-02-26,201,33,29035,ederson
09/10,Lesão no tornozelo,2009-08-15,2009-09-14,31,4,29035,ederson
24/25,Lesão no tornozelo,2025-02-21,2025-03-10,18,2,444523,lucas-paqueta
24/25,Lesão na anca,2025-01-30,2025-02-14,16,1,444523,lucas-paqueta
23/24,Lesão na panturrilha,2024-01-07,2024-02-21,46,6,444523,lucas-paqueta
22/23,Lesão no pé,2023-04-07,2023-04-13,7,1,444523,lucas-paqueta
22/23,Lesão no ombro,2023-02-11,2023-02-21,11,1,444523,lucas-paqueta
22/23,Lesão no ombro,2022-10-17,2022-11-05,20,5,444523,lucas-paqueta
19/20,Problemas musculares na coxa,2019-09-22,2019-09-28,7,1,444523,lucas-paqueta
18/19,Distorção do tornozelo,2019-04-02,2019-04-17,16,2,444523,lucas-paqueta
25/26,Artroscopia,2025-10-06,2025-11-19,45,6,213605,vitinho
19/20,Operado ao joelho,2019-07-21,2019-08-21,32,6,213605,vitinho
14/15,Rotura de ligamentos do tornozelo,2014-09-08,2014-10-31,54,10,213605,vitinho
23/24,Recuperação ritmo competitivo,2024-05-07,2024-05-19,13,2,345654,marlos-moreno
23/24,Rotura muscular na coxa,2024-04-24,2024-05-07,14,2,345654,marlos-moreno
16/17,Lesão tornozelo,2017-02-08,2017-03-10,31,6,345654,marlos-moreno
24/25,Entorse do tornozelo,2025-05-12,2025-05-23,12,2,371998,vinicius-junior
24/25,Lesão muscular,2024-11-25,2024-12-08,14,4,371998,vinicius-junior
24/25,Traumatismo na coluna cervical,2024-10-06,2024-10-16,11,1,371998,vinicius-junior
23/24,Ruptura muscular na coxa,2023-11-18,2024-01-01,45,8,371998,vinicius-junior
23/24,Lesão no bíceps femoral,2023-08-26,2023-09-26,32,6,371998,vinicius-junior
22/23,Problemas no Joelho,2023-05-24,2023-05-27,4,1,371998,vinicius-junior
21/22,Coronavírus,2021-12-29,2022-01-07,10,2,371998,vinicius-junior
20/21,Vírus intestinal,2020-12-19,2020-12-22,4,1,371998,vinicius-junior
18/19,Lesão dos ligamentos laterais do joelho,2019-03-06,2019-05-03,59,9,371998,vinicius-junior
24/25,Lesão desconhecida,2024-11-28,2025-02-03,68,5,644158,lucas-silva
22/23,Problemas musculares,2022-09-30,2022-10-20,21,3,177009,geuvanio
20/21,Coronavírus,2020-11-20,2020-12-05,16,4,177009,geuvanio
15/16,Lesão na coxa,2015-09-05,2015-10-17,43,10,177009,geuvanio
20/21,lesão na perna,2021-09-11,2022-01-25,137,19,119197,orlando-berrio
17/18,Rotura do tendão de Aquiles,2017-10-23,2018-09-05,318,72,119197,orlando-berrio
25/26,Problemas musculares na coxa,2025-09-15,2025-09-22,8,1.0,2989,paolo-guerrero
25/26,Ruptura muscular,2025-08-13,2025-09-03,22,3.0,2989,paolo-guerrero
25/26,Entorse do tornozelo,2025-07-23,2025-08-20,29,5.0,2989,paolo-guerrero
24/25,Problemas na tibiotársica,2025-02-05,2025-02-20,16,3.0,2989,paolo-guerrero
23/24,Ruptura muscular,2024-05-01,2024-06-06,37,7.0,2989,paolo-guerrero
23/24,Distensão muscular,2024-04-15,2024-04-28,14,2.0,2989,paolo-guerrero
23/24,Infeção da sola do pé,2024-03-11,2024-03-18,8,1.0,2989,paolo-guerrero
22/23,Gestão de esforço,2023-06-21,2023-06-23,3,1.0,2989,paolo-guerrero
22/23,Problemas no Joelho,2023-05-06,2023-05-21,16,2.0,2989,paolo-guerrero
22/23,Recuperação ritmo competitivo,2023-01-25,2023-02-10,17,2.0,2989,paolo-guerrero
22/23,Lesão no joelho,2022-10-03,2022-12-31,90,11.0,2989,paolo-guerrero
21/22,Lesão no joelho,2021-10-08,2021-12-31,85,9.0,2989,paolo-guerrero
20/21,Lesão no joelho,2021-06-10,2021-07-28,49,21.0,2989,paolo-guerrero
20/21,Rotura parcial de ligamento,2020-08-17,2021-02-17,185,47.0,2989,paolo-guerrero
18/19,Problemas na tibiotársica,2019-04-25,2019-04-30,6,1.0,2989,paolo-guerrero
17/18,Queixas adutores,2017-10-20,2017-11-03,15,4.0,2989,paolo-guerrero
17/18,Lesão na coxa,2017-08-04,2017-08-22,19,5.0,2989,paolo-guerrero
15/16,Entorse na tibiotársica,2015-08-26,2015-09-02,8,1.0,2989,paolo-guerrero
14/15,Febre,2015-04-13,2015-05-04,22,3.0,2989,paolo-guerrero
13/14,Fratura do Metatarso,2013-10-07,2013-12-31,86,15.0,2989,paolo-guerrero
11/12,Ruptura muscular,2011-08-06,2011-08-22,17,2.0,2989,paolo-guerrero
10/11,Innenbandanriss Knie,2011-05-15,2011-06-30,47,2.0,2989,paolo-guerrero
10/11,Problemas na panturrilha,2011-01-08,2011-01-21,14,1.0,2989,paolo-guerrero
10/11,Problemas na panturrilha,2010-09-20,2010-10-04,15,3.0,2989,paolo-guerrero
09/10,Rotura parcial de ligamento,2009-09-10,2010-03-23,195,37.0,2989,paolo-guerrero
08/09,Traumatismo,2009-05-04,2009-05-09,6,1.0,2989,paolo-guerrero
08/09,Traumatismo,2009-04-04,2009-04-09,6,,2989,paolo-guerrero
08/09,Traumatismo,2008-10-23,2008-10-28,6,1.0,2989,paolo-guerrero
08/09,Problemas na panturrilha,2008-07-16,2008-07-24,9,,2989,paolo-guerrero
07/08,Gripe gastrointestinal,2007-11-23,2007-11-30,8,2.0,2989,paolo-guerrero
07/08,Ruptura muscular,2007-10-10,2007-10-31,22,5.0,2989,paolo-guerrero
24/25,Traumatismo,2024-07-29,,599,6,119030,fernando-uribe
22/23,Lesão muscular,2023-01-20,2023-03-01,41,4,119030,fernando-uribe
21/22,Lesão muscular,2022-02-03,2022-02-28,26,5,119030,fernando-uribe
11/12,Distorção do tornozelo,2012-03-23,2012-04-10,19,3,119030,fernando-uribe
18/19,Perna fraturada,2019-03-03,2019-10-09,221,31,270959,henrique-dourado
24/25,Problemas na zona lombar,2024-07-25,2024-09-14,52,7,425462,felipe-vizeu
23/24,Lesão na coxa,2024-06-04,2024-07-15,42,10,425462,felipe-vizeu
23/24,Lesão no joelho,2024-04-29,2024-09-08,133,21,575373,vitor-gabriel
24/25,Doente,2024-11-23,2024-11-25,3,1,372046,lincoln
24/25,Fibra muscular rasgado,2024-07-26,2024-10-25,92,11,372046,lincoln
20/21,Lesão na coxa,2021-06-14,2021-08-30,78,12,372046,lincoln
19/20,Lesão na coxa,2019-07-28,2019-10-19,84,18,372046,lincoln
24/25,Lesão no tornozelo,2025-01-25,2025-04-10,76,10,589911,wendel
20/21,Coronavírus,2021-04-06,2021-04-21,16,4,67886,paulo-victor
25/26,Fratura de um dedo,2025-07-14,2025-09-19,68,11,555016,brenno
22/23,Corte na cabeça,2022-10-09,2022-10-17,9,1,555016,brenno
23/24,lesão no braço,2024-04-19,2024-06-12,55,7.0,32568,pedro-geromel
23/24,Problemas no Joelho,2023-08-29,2023-09-24,27,4.0,32568,pedro-geromel
22/23,Lesão no joelho,2023-01-03,2023-08-21,231,44.0,32568,pedro-geromel
11/12,Problemas na panturrilha,2012-02-24,2012-03-01,7,1.0,32568,pedro-geromel
11/12,Rotura do menisco lateral,2011-09-18,2011-11-05,49,6.0,32568,pedro-geromel
10/11,Fibra muscular rasgado,2011-02-22,2011-03-15,22,3.0,32568,pedro-geromel
10/11,Tensão muscular,2010-09-21,2010-09-23,3,,32568,pedro-geromel
10/11,Fibra muscular rasgado,2010-08-05,2010-09-05,32,3.0,32568,pedro-geromel
09/10,Fibra muscular rasgado,2009-07-20,2009-08-20,32,3.0,32568,pedro-geromel
18/19,Operado ao joelho,2019-03-28,2020-08-20,512,78,52844,marcelo-oliveira
25/26,Problemas musculares na coxa,2026-01-15,2026-02-06,23,6,145400,walter-kannemann
24/25,Problema nos flexores do quadril,2024-10-05,2025-04-15,193,29,145400,walter-kannemann
24/25,Problemas musculares,2024-08-24,2024-08-31,8,1,145400,walter-kannemann
23/24,Choque,2024-04-14,2024-04-19,6,1,145400,walter-kannemann
23/24,Fratura da mão,2023-07-26,2023-08-21,27,5,145400,walter-kannemann
21/22,Lesão desconhecida,2022-06-20,2022-09-25,98,18,145400,walter-kannemann
24/25,Traumatismo,2025-04-29,2025-05-13,15,2,256453,bressan
24/25,Lesão no joelho,2024-12-08,2024-12-17,10,1,256453,bressan
24/25,Recuperação ritmo competitivo,2024-11-18,2024-11-25,8,1,256453,bressan
24/25,Traumatismo,2024-10-19,2024-11-18,31,5,256453,bressan
24/25,Traumatismo,2024-08-24,2024-09-09,17,1,256453,bressan
23/24,Fratura do perónio,2024-02-04,2024-06-03,121,12,256453,bressan
22/23,Problemas musculares,2022-10-24,2022-11-15,23,4,256453,bressan
22/23,Problemas musculares,2022-10-08,2022-10-20,13,2,256453,bressan
21/22,Lesão nos adutores,2022-06-01,2022-06-15,15,3,256453,bressan
16/17,Lesão nos adutores,2016-09-05,2016-09-21,17,2,256453,bressan
13/14,Lesão desconhecida,2014-05-29,2014-06-29,32,1,256453,bressan
22/23,Contusão no tornozelo,2022-11-06,2023-02-04,91,6,80499,paulo-miranda
20/21,Coronavírus,2021-03-29,2021-04-14,17,4,80499,paulo-miranda
17/18,Lesão na panturrilha,2017-11-18,2017-11-25,8,2,80499,paulo-miranda
17/18,Lesão muscular,2017-10-27,2017-11-01,6,1,80499,paulo-miranda
17/18,Problemas no Joelho,2017-09-07,2017-09-11,5,1,80499,paulo-miranda
16/17,rotura da banda de sindesmose,2016-07-21,2016-09-01,43,10,80499,paulo-miranda
25/26,Lesão na coxa,2026-01-12,2026-03-07,55,12,292152,rafael-thyere
25/26,Lesão desconhecida,2025-10-26,2025-11-07,13,2,292152,rafael-thyere
24/25,Hérnia discal,2025-01-27,2025-05-16,110,25,292152,rafael-thyere
23/24,Problemas musculares na coxa,2023-08-27,2023-09-12,17,2,292152,rafael-thyere
22/23,Lesão muscular,2022-07-20,2022-09-09,52,10,292152,rafael-thyere
21/22,Problemas musculares,2021-08-09,2021-09-10,33,4,292152,rafael-thyere
19/20,Problemas musculares,2019-11-15,2019-11-18,4,1,292152,rafael-thyere
18/19,Problemas musculares,2019-06-11,2019-07-01,21,1,292152,rafael-thyere
13/14,Operado ao joelho,2013-09-20,,4564,451,216071,gabriel
24/25,Lesão desconhecida,2025-05-16,2025-05-27,12,3,445101,rodrigues
24/25,Problemas no Joelho,2025-05-21,2025-09-23,126,12.0,555015,ruan
24/25,Lesão na coxa,2025-02-17,2025-03-28,40,3.0,555015,ruan
23/24,Lesão desconhecida,2023-10-02,2023-10-06,5,,555015,ruan
25/26,Rotura do osso frontal,2026-03-04,,16,,689524,mendonca
22/23,Lesão desconhecida,2022-10-10,2023-01-15,98,7,182216,bruno-cortez
15/16,Rotura dos ligamentos cruzados,2015-09-19,2016-03-20,184,23,322781,breno-lorran
14/15,Problemas físicos,2015-03-10,2015-08-03,147,11,322781,breno-lorran
25/26,Entorse no joelho,2025-07-14,2025-09-30,79,14,406676,juninho-capixaba
24/25,Lesão na coxa,2025-06-01,2025-07-12,42,1,406676,juninho-capixaba
24/25,Lesão no joelho,2024-07-25,2024-10-18,86,16,406676,juninho-capixaba
19/20,Problemas musculares na coxa,2019-08-12,2019-09-27,47,9,552548,guilherme-guedes
10/11,Rotura dos ligamentos cruzados,2010-11-20,2011-05-20,182,35,75083,edilson
24/25,Lesão no tornozelo,2024-10-27,2025-06-13,230,38,177845,madson
22/23,Fratura da mão,2022-09-20,2022-10-08,19,3,177845,madson
19/20,Lesão na coxa,2019-08-19,2019-09-28,41,8,29368,leo-moura
19/20,Rotura dos ligamentos cruzados,2019-09-05,2020-05-01,240,35,347016,leo-gomes
24/25,Traumatismo no joelho,2025-05-09,2025-10-07,152,9,366948,jailson
24/25,Queixas adutores,2024-10-18,2025-01-15,90,11,366948,jailson
22/23,Rotura de ligamentos no joelho,2022-04-24,2023-01-10,262,48,366948,jailson
23/24,Lesão na coxa,2023-11-30,2024-01-29,61,4,520629,filipe-machado
22/23,Contusão pulmonar,2022-12-14,2023-02-11,60,4,520629,filipe-machado
24/25,Lesão na panturrilha,2025-06-12,2025-07-03,22,3,258070,ramiro
22/23,Cirurgia Ligamento Cruzado,2023-05-25,2024-01-05,226,32,258070,ramiro
20/21,Contusão no tornozelo,2020-11-14,2020-12-01,18,2,258070,ramiro
14/15,Rotura dos ligamentos cruzados,2015-04-12,2015-11-06,209,44,258070,ramiro
09/10,Problemas de Ligamento,2009-10-27,2009-11-02,7,1.0,17663,cicero
09/10,Fibra muscular rasgado,2009-09-24,2009-10-15,22,3.0,17663,cicero
09/10,Problemas musculares na coxa,2009-08-30,2009-09-09,11,,17663,cicero
08/09,Tensão muscular,2009-01-06,2009-01-09,4,,17663,cicero
15/16,Lesão na panturrilha,2015-08-23,2015-09-07,16,3,50047,maicon
08/09,Lesão desconhecida,2008-12-12,2009-05-04,144,12,50047,maicon
08/09,Fibra muscular rasgado,2008-10-09,2008-10-25,17,1,50047,maicon
25/26,Problema nos flexores do quadril,2025-08-12,2025-09-13,33,4,229736,alisson
24/25,Fratura do tornozelo,2024-07-18,2024-11-09,115,23,229736,alisson
22/23,Lesão na coxa,2022-10-15,2022-12-15,62,8,229736,alisson
21/22,Entorse no joelho,2022-06-06,2022-07-26,51,14,229736,alisson
14/15,Lesão na coxa,2015-06-07,2015-07-25,49,8,229736,alisson
14/15,Lesão na coxa,2015-04-12,2015-05-23,42,7,229736,alisson
14/15,Lesão na coxa,2014-10-23,2015-02-27,128,17,229736,alisson
25/26,Problemas musculares,2026-02-23,,25,3.0,362842,arthur-melo
25/26,Problemas físicos,2025-10-17,2025-10-25,9,1.0,362842,arthur-melo
23/24,Problemas na tibiotársica,2024-03-06,2024-03-10,5,1.0,362842,arthur-melo
23/24,Fadiga muscular,2024-02-01,2024-02-11,11,1.0,362842,arthur-melo
23/24,Queixas adutores,2023-12-13,2023-12-17,5,1.0,362842,arthur-melo
22/23,Operação,2022-10-03,2023-02-25,146,25.0,362842,arthur-melo
22/23,Problemas na tibiotársica,2022-08-08,2022-08-16,9,1.0,362842,arthur-melo
21/22,Lesão desconhecida,2022-05-15,2022-05-27,13,2.0,362842,arthur-melo
21/22,Distorção do tornozelo,2022-04-13,2022-04-30,18,3.0,362842,arthur-melo
21/22,Coronavírus,2021-12-31,2022-01-05,6,,362842,arthur-melo
21/22,Operação,2021-07-16,2021-10-01,78,10.0,362842,arthur-melo
20/21,lesão na perna,2021-02-07,2021-03-06,28,6.0,362842,arthur-melo
20/21,Lesão na coxa,2020-12-16,2020-12-21,6,1.0,362842,arthur-melo
19/20,Lesão no tornozelo,2020-07-18,2020-07-25,8,1.0,362842,arthur-melo
19/20,Amigdalite,2020-07-10,2020-07-15,6,1.0,362842,arthur-melo
19/20,Lesão no tornozelo,2020-03-05,2020-03-16,12,1.0,362842,arthur-melo
19/20,Pubalgia,2019-12-05,2020-01-18,45,7.0,362842,arthur-melo
19/20,Choque,2019-11-20,2019-11-25,6,1.0,362842,arthur-melo
19/20,Problemas físicos,2019-11-04,2019-11-08,5,1.0,362842,arthur-melo
19/20,Pequena lesão,2019-10-27,2019-10-30,4,1.0,362842,arthur-melo
19/20,Problemas no tendão de Aquiles,2019-08-10,2019-08-20,11,1.0,362842,arthur-melo
18/19,Problemas musculares,2019-05-11,2019-05-23,13,2.0,362842,arthur-melo
18/19,Lesão na coxa,2019-02-07,2019-02-26,20,4.0,362842,arthur-melo
18/19,Lesão nos adutores,2018-11-25,2018-12-10,16,4.0,362842,arthur-melo
17/18,Lesão no tornozelo,2017-12-01,2018-02-26,88,13.0,362842,arthur-melo
21/22,Lesão desconhecida,2021-09-10,2021-10-19,40,6,393839,leo-tilica
25/26,Fratura na grelha costal,2025-10-14,2025-11-19,37,6.0,552549,matheus-henrique
24/25,Lesão meniscal,2025-04-10,2025-07-26,108,20.0,552549,matheus-henrique
24/25,Fratura,2024-11-27,2024-12-31,35,4.0,552549,matheus-henrique
24/25,Problema nos flexores do quadril,2024-10-08,2024-10-22,15,1.0,552549,matheus-henrique
23/24,Gestão de esforço,2024-01-03,2024-01-05,3,1.0,552549,matheus-henrique
23/24,Lesão no bíceps femoral,2023-10-02,2023-11-24,54,6.0,552549,matheus-henrique
21/22,Problemas musculares,2022-04-10,2022-04-15,6,,552549,matheus-henrique
21/22,Problemas musculares,2021-12-20,2022-02-04,47,6.0,552549,matheus-henrique
18/19,Lesão na virilha,2019-05-25,2019-07-11,48,5.0,552549,matheus-henrique
16/17,Rotura dos ligamentos cruzados,2017-02-09,2017-08-09,182,45,34332,douglas
23/24,Lesão na coxa,2024-03-22,2024-04-27,37,6,351738,lincoln
23/24,Recuperação ritmo competitivo,2023-11-27,2024-01-08,43,7,351738,lincoln
22/23,Rotura dos ligamentos cruzados,2023-03-09,2023-11-27,264,41,351738,lincoln
22/23,Problemas na panturrilha,2022-11-05,2022-11-25,21,2,351738,lincoln
20/21,Lesão muscular,2020-09-09,2020-10-14,36,3,351738,lincoln
24/25,Lesão na coxa,2025-05-04,2025-05-23,20,5,387611,lima
24/25,Lesão na panturrilha,2025-02-27,2025-03-15,17,4,387611,lima
23/24,Lesão na coxa,2024-06-28,2024-07-23,26,5,387611,lima
25/26,Lesão na coxa,2026-01-23,2026-02-07,16,4,392487,thaciano
24/25,Problemas no tendão de Aquiles,2025-04-21,2025-05-03,13,2,392487,thaciano
24/25,Fratura do nariz,2025-01-23,2025-02-04,13,3,392487,thaciano
21/22,Lesão desconhecida,2022-01-19,2022-02-02,15,1,392487,thaciano
24/25,Ruptura muscular na coxa,2025-01-24,2025-03-21,57,5,561214,thonny-anderson
21/22,Lesão na coxa,2022-06-06,2022-06-20,15,4,351903,jean-pyerre
21/22,Lesão na coxa,2022-05-20,2022-05-31,12,2,351903,jean-pyerre
21/22,Câncer testicular,2022-02-03,2022-05-01,88,16,351903,jean-pyerre
19/20,Problemas no tendão de Aquiles,2019-08-09,2019-09-05,28,4,351903,jean-pyerre
25/26,Problema nos flexores do quadril,2025-10-16,2025-11-04,20,5,321239,everton
25/26,Tendinite,2025-07-28,2025-08-05,9,2,321239,everton
24/25,Lesão na panturrilha,2025-05-05,2025-05-09,5,1,321239,everton
24/25,Lesão na coxa,2025-02-24,2025-03-15,20,3,321239,everton
24/25,Rotura do tendão de Aquiles,2024-08-12,2025-01-29,171,32,321239,everton
24/25,Problemas musculares na coxa,2024-08-01,2024-08-06,6,1,321239,everton
23/24,Problema nos flexores do quadril,2024-06-21,2024-07-19,29,6,321239,everton
23/24,Lesão na coxa,2024-06-13,2024-06-20,8,1,321239,everton
23/24,Lesão na panturrilha,2024-04-20,2024-05-10,21,5,321239,everton
21/22,Lesão muscular,2022-05-06,2022-05-17,12,2,321239,everton
21/22,Coronavírus,2022-01-14,2022-01-20,7,1,321239,everton
20/21,Coronavírus,2021-01-24,2021-02-03,11,3,321239,everton
24/25,Lesão desconhecida,2024-09-16,2024-10-06,21,3,552547,lucas-poletto
25/26,Lesão na coxa,2026-03-15,,5,,74758,marinho
25/26,Lesão na coxa,2025-10-19,2026-02-09,114,14.0,74758,marinho
24/25,Problemas musculares na coxa,2025-04-17,2025-04-28,12,3.0,74758,marinho
24/25,Problemas musculares na coxa,2024-08-15,2024-09-10,27,4.0,74758,marinho
24/25,Lesão muscular,2024-07-18,2024-07-23,6,1.0,74758,marinho
23/24,Lesão na coxa,2024-05-24,2024-07-02,40,11.0,74758,marinho
20/21,Coronavírus,2021-02-25,2021-03-06,10,3.0,74758,marinho
25/26,Lesão ocular,2025-08-21,2025-09-05,16,2.0,520662,pepe
24/25,Lesão desconhecida,2025-02-25,2025-03-13,17,2.0,520662,pepe
21/22,Fratura na face,2022-03-21,2022-04-01,12,,520662,pepe
21/22,Coronavírus,2021-12-06,2021-12-14,9,2.0,520662,pepe
20/21,Lesão desconhecida,2021-01-25,2021-01-30,6,1,104509,andre-felipe
20/21,Fratura de um dedo,2020-10-12,2020-11-07,27,4,104509,andre-felipe
19/20,Fratura na face,2019-11-10,2019-12-31,52,4,195004,hernane
19/20,Problemas no Joelho,2019-08-29,2019-09-06,9,1,195004,hernane
18/19,Lesão no ombro,2018-09-16,2018-10-08,23,3,195004,hernane
15/16,Lesão no ligamento interno,2016-03-06,2016-04-09,35,9,195004,hernane
20/21,Problemas cardíacos,2021-04-17,2021-05-05,19,3,58516,lucas-barrios
20/21,Coronavírus,2021-04-02,2021-04-16,15,2,58516,lucas-barrios
19/20,Lesão nos adutores,2020-02-09,2020-03-15,36,6,58516,lucas-barrios
13/14,Lesão ligamentar,2013-08-29,2013-10-10,43,8,58516,lucas-barrios
12/13,Problemas musculares,2012-08-23,2012-09-06,15,1,58516,lucas-barrios
11/12,Gripe gastrointestinal,2012-03-09,2012-03-11,3,1,58516,lucas-barrios
11/12,Gripe gastrointestinal,2011-12-10,2011-12-16,7,1,58516,lucas-barrios
11/12,Tensão muscular,2011-10-17,2011-10-23,7,2,58516,lucas-barrios
11/12,Muskelbündelriss,2011-07-25,2011-09-22,60,10,58516,lucas-barrios
10/11,Fibra muscular rasgado,2011-04-10,2011-04-22,13,1,58516,lucas-barrios
10/11,Lesão na cápsula,2010-11-29,2010-12-06,8,2,58516,lucas-barrios
24/25,Lesão desconhecida,2024-12-16,2025-01-01,17,1,379877,luis-henrique
17/18,Problemas físicos,2017-10-22,2017-12-26,66,8,379877,luis-henrique
15/16,Traumatismo,2016-01-20,2016-02-12,24,5,203136,yuri-mamute
18/19,Lesão na anca,2019-05-17,2019-06-27,42,8,80815,jael
16/17,Rotura dos ligamentos cruzados,2017-02-24,2017-08-24,182,48,80815,jael
14/15,Entorse na tibiotársica,2014-09-24,2015-02-28,158,20,80815,jael
16/17,Lesão dos ligamentos laterais do joelho,2016-08-14,2017-04-15,245,42,22415,fabio
25/26,Lesão no dedo,2025-09-25,2025-11-12,49,6,418615,lucas-franca
25/26,Problemas no Joelho,2025-09-21,,180,17,113586,manoel
23/24,Lesão na coxa,2024-06-18,2024-07-27,40,9,113586,manoel
23/24,Lesão no tornozelo,2024-03-17,2024-04-15,30,3,113586,manoel
19/20,Recuperação ritmo competitivo,2020-01-31,2020-02-09,10,3,113586,manoel
22/23,Contusão nas costas,2022-10-13,,1254,3,55245,leotm
19/20,Lesão no joelho,2019-10-19,2021-03-01,500,66,113094,dede
14/15,Lesão ligamentar,2014-11-05,2015-11-01,362,80,113094,dede
25/26,Entorse do tornozelo,2026-03-09,2026-03-17,9,2,458710,murilo
24/25,Lesão na coxa,2025-06-24,2025-08-09,47,9,458710,murilo
24/25,Lesão na coxa,2025-04-13,2025-05-03,21,4,458710,murilo
24/25,lesão na perna,2024-11-21,2024-11-25,5,1,458710,murilo
24/25,Lesão na coxa,2024-10-19,2024-11-03,16,2,458710,murilo
24/25,Entorse do tornozelo,2024-07-22,2024-08-03,13,3,458710,murilo
23/24,Lesão no tornozelo,2024-06-29,2024-07-16,18,4,458710,murilo
22/23,Lesão no ombro,2023-05-05,2023-06-30,57,12,458710,murilo
21/22,Lesão muscular,2021-11-29,2021-12-31,33,3,458710,murilo
21/22,Lesão muscular,2021-09-17,2021-11-01,46,8,458710,murilo
21/22,Traumatismo,2021-07-31,2021-08-30,31,4,458710,murilo
24/25,Traumatismo,2024-10-29,2024-11-19,22,3,603122,caca
19/20,Lesão no ombro,2019-08-12,2019-08-24,13,3,435170,patrick-brey
24/25,Lesão desconhecida,2024-10-23,2024-11-10,19,1,445102,victor-luiz
24/25,Lesão no joelho,2024-12-05,2025-01-15,42,4,468249,vitinho
23/24,Lesão no joelho,2023-08-30,2023-09-25,27,3,468249,vitinho
25/26,Lesão desconhecida,2025-12-18,2025-12-22,5,1,684061,lucas-soares
22/23,Lesão desconhecida,2023-03-10,2023-04-10,32,4,684061,lucas-soares
14/15,Lesão no pé,2015-06-05,2015-06-18,14,2,54303,henrique-pacheco
16/17,Problemas cardíacos,2016-07-09,2017-01-01,177,26,218118,lucas-silva
25/26,Fratura na grelha costal,2026-03-09,,11,3,242201,lucas-romero
22/23,Muskelbündelriss,2022-09-27,2022-10-13,17,5,242201,lucas-romero
21/22,Muskelbündelriss,2021-08-09,2021-08-31,23,4,242201,lucas-romero
23/24,Lesão desconhecida,2024-02-09,2024-02-16,8,,520994,lucas-ventura
23/24,Lesão muscular,2023-11-02,2023-11-30,29,2.0,520994,lucas-ventura
24/25,Rompimento dos adutores,2024-11-06,2024-11-28,23,3.0,96313,federico-mancuello
23/24,Distensão muscular,2024-01-28,2024-02-06,10,2.0,96313,federico-mancuello
23/24,Rotura muscular na coxa,2023-11-05,2023-11-21,17,1.0,96313,federico-mancuello
15/16,Problemas na tibiotársica,2015-11-20,2015-12-03,14,1.0,96313,federico-mancuello
14/15,Tendinite,2015-08-05,2015-10-01,58,13.0,96313,federico-mancuello
14/15,Tendinite,2015-07-21,2015-07-26,6,1.0,96313,federico-mancuello
14/15,Problemas na anca,2015-05-27,2015-06-14,19,2.0,96313,federico-mancuello
14/15,Contra,2015-04-10,2015-04-17,8,,96313,federico-mancuello
23/24,Lesão na coxa,2023-08-12,2023-08-21,10,1,417634,alexis-messidoro
25/26,Gestão de esforço,2026-02-28,2026-03-12,13,4.0,607854,ederson
25/26,Lesão meniscal,2025-08-28,2025-09-26,30,4.0,607854,ederson
23/24,Problemas na tibiotársica,2023-07-27,2023-08-02,7,,607854,ederson
22/23,Lesão no bíceps femoral,2022-08-11,2022-08-27,17,2.0,607854,ederson
24/25,Lesão na coxa,2025-03-23,2025-04-05,14,3,248410,giorgian-de-arrascaeta
24/25,Artroscopia,2024-11-11,2025-01-24,75,12,248410,giorgian-de-arrascaeta
24/25,Lesão nos adutores,2024-08-19,2024-09-12,25,7,248410,giorgian-de-arrascaeta
23/24,Lesão na coxa,2024-04-29,2024-05-10,12,3,248410,giorgian-de-arrascaeta
23/24,Lesão na coxa,2023-08-27,2023-09-22,27,6,248410,giorgian-de-arrascaeta
22/23,Lesão muscular,2023-05-20,2023-05-28,9,3,248410,giorgian-de-arrascaeta
22/23,Problemas musculares,2023-03-20,2023-05-03,45,11,248410,giorgian-de-arrascaeta
22/23,Problemas físicos,2022-09-02,2022-09-05,4,1,248410,giorgian-de-arrascaeta
22/23,Problemas nas costas,2022-07-08,2022-07-12,5,1,248410,giorgian-de-arrascaeta
21/22,Problemas físicos,2022-05-31,2022-06-07,8,3,248410,giorgian-de-arrascaeta
21/22,Gestão de esforço,2022-05-23,2022-05-26,4,1,248410,giorgian-de-arrascaeta
21/22,Lesão no tornozelo,2022-03-31,2022-04-07,8,1,248410,giorgian-de-arrascaeta
21/22,Gestão de esforço,2021-12-02,2021-12-11,10,3,248410,giorgian-de-arrascaeta
21/22,Lesão muscular,2021-10-09,2021-11-19,42,17,248410,giorgian-de-arrascaeta
21/22,Recuperação ritmo competitivo,2021-09-25,2021-09-28,4,1,248410,giorgian-de-arrascaeta
21/22,Lesão na coxa,2021-09-13,2021-09-24,12,3,248410,giorgian-de-arrascaeta
21/22,Fadiga muscular,2021-08-20,2021-08-24,5,1,248410,giorgian-de-arrascaeta
20/21,Coronavírus,2021-06-01,2021-06-11,11,3,248410,giorgian-de-arrascaeta
20/21,Lesão muscular,2020-10-10,2020-11-09,31,11,248410,giorgian-de-arrascaeta
20/21,Problemas musculares,2020-09-11,2020-09-16,6,1,248410,giorgian-de-arrascaeta
19/20,Problemas no Joelho,2019-11-06,2019-11-12,7,2,248410,giorgian-de-arrascaeta
19/20,Lesão meniscal,2019-10-04,2019-10-21,18,7,248410,giorgian-de-arrascaeta
19/20,Lesão na coxa,2019-07-19,2019-07-31,13,3,248410,giorgian-de-arrascaeta
18/19,Gestão de esforço,2018-10-23,2018-10-25,3,1,248410,giorgian-de-arrascaeta
18/19,Lesão muscular,2018-09-04,2018-09-29,26,6,248410,giorgian-de-arrascaeta
17/18,Reação de estresse do osso,2017-07-28,2017-08-21,25,6,248410,giorgian-de-arrascaeta
16/17,Lesão no joelho,2017-05-29,2017-07-22,55,16,248410,giorgian-de-arrascaeta
15/16,Traumatismo craniano,2016-05-06,2016-05-20,15,2,248410,giorgian-de-arrascaeta
08/09,Distensão muscular,2008-10-20,2008-10-26,7,1,53262,thiago-neves
22/23,Entorse do tornozelo,2022-11-07,2022-11-10,4,1,75833,robinho
22/23,Lesão na coxa,2022-09-30,2022-10-25,26,5,75833,robinho
19/20,Problemas musculares na coxa,2019-07-18,2019-08-08,22,4,52894,rafinha
24/25,Rotura dos ligamentos cruzados,2024-09-30,2025-07-11,285,48,373189,david
24/25,ferimento facial,2024-08-19,2024-08-31,13,2,373189,david
22/23,Lesão no joelho,2023-04-15,2023-05-25,41,11,373189,david
22/23,Ligamento Esticado,2023-02-11,2023-03-04,22,4,373189,david
14/15,Lesão desconhecida,2014-11-01,2014-11-05,5,1,288506,caio-rangel
17/18,Rotura dos ligamentos cruzados,2018-03-25,2018-09-10,170,37,31005,fred
13/14,Lesão na coxa,2013-09-02,2013-12-02,92,26,31005,fred
09/10,Problemas musculares na coxa,2009-07-25,2009-09-25,63,18,31005,fred
07/08,Contusão da tíbia,2007-11-26,2007-12-01,6,,27376,rafael-sobis
07/08,Problemas na anca,2007-11-02,2007-11-09,8,1.0,27376,rafael-sobis
24/25,Lesão nas costas,2025-01-04,2025-01-27,24,,53847,hernan-barcos
24/25,Muskelbündelriss,2024-10-19,2024-12-01,44,3.0,53847,hernan-barcos
24/25,Muskelbündelriss,2024-08-17,2024-09-13,28,2.0,53847,hernan-barcos
17/18,Lesão na panturrilha,2017-11-13,2017-12-05,23,3.0,53847,hernan-barcos
18/19,lesão na perna,2018-07-14,2018-09-12,61,17,218353,sassa
17/18,lesão na perna,2017-10-30,2018-03-01,123,17,218353,sassa
15/16,Lesão no joelho,2015-10-31,2016-05-01,184,22,218353,sassa
19/20,Lesão muscular,2019-09-14,2019-10-12,29,6,34862,rafael-marques
09/10,Problemas musculares na coxa,2010-03-10,2010-05-04,56,10,34862,rafael-marques
06/07,Fratura do Metatarso,2007-02-03,2007-08-13,192,17,34862,rafael-marques
14/15,Rotura dos ligamentos,2015-06-12,2017-11-01,874,166,344843,judivan
24/25,Problemas musculares na coxa,2025-03-23,2025-05-09,48,12,404321,renato-kayzer
24/25,Problemas musculares,2024-12-02,2024-12-07,6,1,404321,renato-kayzer
21/22,Lesão desconhecida,2022-10-18,2022-10-31,14,2,404321,renato-kayzer
25/26,Lesão na coxa,2025-07-29,2026-02-01,188,30,349583,raniel
20/21,Lesão desconhecida,2020-10-02,2021-07-01,273,68,349583,raniel
25/26,Rotura de ligamentos no joelho,2026-03-13,2026-12-13,276,2.0,50144,cassio
25/26,Lesão na cabeça,2025-10-16,2025-10-25,10,1.0,50144,cassio
23/24,Problemas no Joelho,2023-11-12,2024-01-01,51,1.0,50144,cassio
22/23,Vírus intestinal,2023-02-10,2023-02-13,4,1.0,50144,cassio
20/21,Contra,2020-11-26,2020-12-01,6,,50144,cassio
24/25,Lesão desconhecida,2025-02-04,2025-04-05,61,8,269860,walter
22/23,Lesão muscular,2022-09-06,2022-10-14,39,6,269860,walter
17/18,Lesão na coxa,2017-11-09,2018-03-05,117,16,269860,walter
20/21,Lesão na panturrilha,2020-12-25,2021-01-05,12,2,52513,henrique
14/15,Fadiga muscular,2015-01-24,2015-02-03,11,2,52513,henrique
09/10,Meniskusschaden,2010-04-01,2010-06-01,62,9,52513,henrique
25/26,Operado ao joelho,2025-08-24,2026-01-09,139,18.0,285548,fabian-balbuena
24/25,Lesão muscular,2025-04-28,2025-06-02,36,4.0,285548,fabian-balbuena
20/21,Lesão na panturrilha,2021-02-10,2021-02-16,7,1.0,285548,fabian-balbuena
20/21,Vírus,2021-01-02,2021-01-18,17,2.0,285548,fabian-balbuena
20/21,Distensão dos adutores,2020-12-18,2020-12-21,4,,285548,fabian-balbuena
18/19,Operado ao joelho,2018-12-22,2019-03-02,71,12.0,285548,fabian-balbuena
18/19,Choque,2018-12-02,2018-12-03,2,,285548,fabian-balbuena
25/26,Problemas musculares na coxa,2025-11-27,2026-01-10,45,2,329720,pedro-henrique
25/26,Lesão na cabeça,2025-07-24,2025-07-28,5,1,329720,pedro-henrique
24/25,Lesão na coxa,2024-08-11,2024-09-14,35,6,329720,pedro-henrique
24/25,Pubalgia,2024-07-29,2024-08-06,9,2,329720,pedro-henrique
23/24,Lesão no tornozelo,2023-07-14,2023-10-02,81,13,329720,pedro-henrique
20/21,Traumatismo no joelho,2020-07-19,2021-02-06,203,13,351894,leo-santos
19/20,Operado ao joelho,2019-09-04,2020-01-01,120,23,351894,leo-santos
18/19,Inflamação do tendão,2019-03-11,2019-07-15,127,19,351894,leo-santos
22/23,Lesão desconhecida,2022-09-19,2022-10-20,32,4,625345,caetano
21/22,Lesão na coxa,2022-05-07,2022-06-03,28,7,140748,danilo-avelar
20/21,Lesão do ligamento cruzado,2020-10-07,2022-04-20,561,108,140748,danilo-avelar
16/17,Lesão muscular,2017-01-09,2017-02-08,31,5,140748,danilo-avelar
15/16,Rotura dos ligamentos cruzados,2016-02-20,2016-11-04,259,25,140748,danilo-avelar
15/16,Operado ao joelho,2015-09-14,2015-12-09,87,13,140748,danilo-avelar
14/15,Muskelquetschung,2014-11-23,2014-12-05,13,2,140748,danilo-avelar
12/13,Lesão desconhecida,2013-04-28,2013-05-06,9,1,140748,danilo-avelar
25/26,Lesão desconhecida,2025-09-14,2025-10-04,21,4,330060,sidcley
22/23,Problemas musculares na coxa,2022-10-03,2022-10-30,28,6,330060,sidcley
21/22,Muskelquetschung,2021-10-24,2021-11-20,28,3,330060,sidcley
22/23,Lesão na coxa,2022-06-30,2022-08-12,44,8,519879,guilherme-romao
19/20,Problemas musculares na coxa,2019-10-10,2019-10-25,16,3,519879,guilherme-romao
25/26,Fadiga muscular,2026-01-30,2026-02-02,4,1.0,585982,carlos-augusto
24/25,Choque,2025-02-20,2025-03-08,17,4.0,585982,carlos-augusto
24/25,Fadiga muscular,2024-11-29,2024-12-04,6,,585982,carlos-augusto
24/25,Lesão na coxa,2024-10-23,2024-11-18,27,6.0,585982,carlos-augusto
23/24,Problemas na panturrilha,2024-03-09,2024-03-19,11,2.0,585982,carlos-augusto
22/23,Fadiga muscular,2023-02-11,2023-02-23,13,2.0,585982,carlos-augusto
22/23,Problemas na tibiotársica,2022-08-15,2022-08-22,8,1.0,585982,carlos-augusto
25/26,Fratura da tíbula,2025-08-01,2025-11-28,120,21,47592,fagner
24/25,Fadiga muscular,2025-05-19,2025-05-24,6,1,47592,fagner
24/25,Fadiga muscular,2025-04-18,2025-04-25,8,1,47592,fagner
23/24,Lesão na coxa,2024-05-28,2024-07-15,49,10,47592,fagner
12/13,Vírus,2013-02-18,2013-02-27,10,1,47592,fagner
22/23,Lesão no joelho,2022-10-28,2022-11-10,14,3.0,77262,michel-macedo
17/18,Lesão muscular,2017-12-21,2018-02-01,43,6.0,77262,michel-macedo
16/17,Problemas musculares,2017-05-15,2017-05-29,15,1.0,77262,michel-macedo
16/17,Problemas no tendão de Aquiles,2017-02-07,2017-03-28,50,7.0,77262,michel-macedo
16/17,Fratura maxilar,2016-10-23,2016-11-11,20,,77262,michel-macedo
14/15,Lesão na coxa,2015-03-24,2015-05-14,52,8.0,77262,michel-macedo
14/15,Gripe,2015-01-15,2015-01-24,10,1.0,77262,michel-macedo
10/11,Lesão dos ligamentos laterais do joelho,2011-05-16,2011-06-16,32,1.0,77262,michel-macedo
10/11,Problemas musculares,2010-11-24,2011-01-01,39,5.0,77262,michel-macedo
22/23,Rotura de ligamentos no joelho,2022-10-02,2023-07-09,281,45,213606,gabriel
15/16,Rotura dos ligamentos cruzados,2015-08-03,2016-02-01,183,30,213606,gabriel
24/25,Lesão na virilha,2025-03-10,2025-03-13,4,,393621,douglas-augusto
24/25,lesão na perna,2025-01-20,2025-02-05,17,2.0,393621,douglas-augusto
23/24,Pancada na coxa,2024-04-25,2024-05-18,24,3.0,393621,douglas-augusto
23/24,Lesão no joelho,2023-10-06,2023-11-19,45,4.0,393621,douglas-augusto
22/23,Lesão desconhecida,2022-10-08,2022-10-13,6,1.0,393621,douglas-augusto
21/22,Lesão na coxa,2021-11-01,2021-12-02,32,6.0,393621,douglas-augusto
21/22,Lesão na coxa,2021-07-11,2021-08-25,46,2.0,393621,douglas-augusto
19/20,Rotura parcial de ligamento,2020-05-25,2020-10-12,141,19.0,393621,douglas-augusto
19/20,Lesão na zona pélvica,2019-08-29,2019-09-09,12,1.0,393621,douglas-augusto
25/26,Lesão na panturrilha,2026-03-02,,18,4,421935,maycon
25/26,Problemas no Joelho,2025-11-19,2025-11-29,11,2,421935,maycon
25/26,Problemas musculares na coxa,2025-07-17,2025-08-15,30,7,421935,maycon
23/24,Lesão do ligamento cruzado,2024-04-18,2025-02-08,297,62,421935,maycon
23/24,Lesão na coxa,2024-03-02,2024-04-14,44,4,421935,maycon
22/23,Fratura de um dedo do pé,2022-08-04,2022-10-06,64,14,421935,maycon
21/22,Lesão na coxa,2022-06-15,2022-07-18,34,10,421935,maycon
19/20,Lesão no joelho,2020-05-30,2020-06-11,13,2,421935,maycon
18/19,Cirurgia Ligamento Cruzado,2019-04-25,2019-11-09,199,27,421935,maycon
23/24,Lesão no ombro,2024-04-28,2024-06-22,56,8,408958,mateus-vital
23/24,Lesão desconhecida,2024-01-23,2024-02-17,26,5,408958,mateus-vital
22/23,Lesão nos adutores,2023-05-12,2023-05-24,13,3,408958,mateus-vital
22/23,Entorse do tornozelo,2023-01-21,2023-02-14,25,4,408958,mateus-vital
20/21,Artroscopia,2021-03-22,2021-05-01,41,9,408958,mateus-vital
20/21,Coronavírus,2020-11-13,2020-11-30,18,3,408958,mateus-vital
24/25,Problemas musculares na coxa,2024-09-30,2025-01-10,103,10,583064,thiaguinho
24/25,Lesão na coxa,2024-08-08,2024-09-10,34,6,583064,thiaguinho
23/24,Lesão na panturrilha,2024-06-12,2024-06-25,14,3,583064,thiaguinho
23/24,Lesão na coxa,2024-03-20,2024-03-29,10,2,100091,marquinhos-gabriel
17/18,Rotura muscular na coxa,2017-10-27,2017-11-17,22,3,100091,marquinhos-gabriel
10/11,Traumatismo,2010-10-25,2010-10-30,6,,29261,jadson
23/24,Rotura dos ligamentos cruzados,2024-02-16,2024-12-09,298,52,403148,angelo-araos
23/24,Recuperação ritmo competitivo,2024-01-01,2024-02-10,41,7,403148,angelo-araos
22/23,Rotura dos ligamentos cruzados,2023-03-16,2023-12-31,291,41,403148,angelo-araos
22/23,Lesão desconhecida,2023-03-06,2023-04-28,54,5,178940,lucca
22/23,Problemas musculares,2022-10-10,2022-10-25,16,2,178940,lucca
14/15,Entorse,2015-04-08,2015-05-08,31,3,178940,lucca
12/13,Rotura dos ligamentos cruzados,2012-10-19,2013-04-19,183,19,178940,lucca
25/26,Ruptura muscular,2026-02-25,,23,5,262262,angel-romero
24/25,Problemas musculares na coxa,2024-08-11,2024-08-24,14,3,262262,angel-romero
24/25,Hérnia discal,2024-11-10,2025-02-14,97,11,519851,andre-luis
24/25,Lesão muscular,2024-10-19,2024-11-01,14,2,519851,andre-luis
24/25,Hérnia discal,2024-09-01,2024-10-04,34,4,519851,andre-luis
22/23,Recuperação ritmo competitivo,2023-10-23,2024-01-01,71,9,519851,andre-luis
22/23,Lesão desconhecida,2023-06-03,2023-08-31,90,13,519851,andre-luis
24/25,Lesão desconhecida,2025-05-04,2025-05-19,16,2,520401,fessin
22/23,Problemas musculares,2022-09-30,2022-10-25,26,4,520401,fessin
25/26,Problemas musculares,2025-12-04,,106,3,625333,rafael-bilu
25/26,Entorse do tornozelo,2025-11-21,2025-11-27,7,1,625333,rafael-bilu
25/26,Traumatismo no joelho,2025-07-13,2025-08-15,34,6,625333,rafael-bilu
22/23,Rotura do tendão de Aquiles,2023-05-06,2024-06-19,411,63,625333,rafael-bilu
22/23,Problemas no Joelho,2022-09-27,2022-10-25,29,5,625333,rafael-bilu
22/23,Lesão dos ligamentos laterais do joelho,2022-10-28,2023-08-15,292,53,636314,gustavo-silva
24/25,Lesão desconhecida,2025-02-28,2025-03-28,29,3,515208,pedrinho
22/23,Ruptura muscular na coxa,2022-08-29,2022-12-31,125,14,515208,pedrinho
21/22,Lesão desconhecida,2021-10-23,2021-11-17,26,4,515208,pedrinho
21/22,Lesão desconhecida,2021-08-17,2021-09-02,17,3,515208,pedrinho
21/22,Problemas musculares,2021-08-10,2021-08-17,8,1,515208,pedrinho
20/21,Problemas musculares,2021-01-01,2021-01-06,6,1,515208,pedrinho
20/21,Lesão no pé,2020-11-01,2020-12-01,31,6,515208,pedrinho
24/25,Lesão desconhecida,2025-04-11,2025-05-26,46,8,340179,sergio-diaz
24/25,Problemas na panturrilha,2025-03-28,2025-03-31,4,1,340179,sergio-diaz
24/25,Rotura muscular,2024-12-06,2025-01-17,43,5,340179,sergio-diaz
24/25,Lesão desconhecida,2024-11-01,2024-11-29,29,3,340179,sergio-diaz
21/22,Rotura dos ligamentos cruzados,2022-04-20,2022-10-30,194,36,340179,sergio-diaz
18/19,Lesão no joelho,2018-10-29,2018-12-31,64,7,340179,sergio-diaz
17/18,Rotura dos ligamentos cruzados,2017-11-16,2018-07-16,243,28,340179,sergio-diaz
21/22,Lesão desconhecida,2022-01-13,2022-01-26,14,2.0,58345,jonathas
21/22,Lesão muscular,2021-12-01,2021-12-09,9,1.0,58345,jonathas
19/20,Coronavírus,2020-03-15,2020-04-15,32,,58345,jonathas
19/20,Fibra muscular rasgado,2019-08-09,2019-09-09,32,3.0,58345,jonathas
19/20,Fibra muscular rasgado,2019-07-03,2019-07-23,21,,58345,jonathas
18/19,Fibra muscular rasgado,2019-03-27,2019-04-25,30,4.0,58345,jonathas
17/18,Recuperação ritmo competitivo,2018-04-30,2018-05-21,22,2.0,58345,jonathas
17/18,Fibra muscular rasgado,2018-04-02,2018-04-30,29,4.0,58345,jonathas
17/18,Sehnenanriss,2017-11-23,2018-02-19,89,11.0,58345,jonathas
17/18,Rotura muscular na coxa,2017-09-14,2017-10-09,26,4.0,58345,jonathas
17/18,Pequena lesão,2017-07-20,2017-07-24,5,1.0,58345,jonathas
16/17,Lesão muscular,2016-09-26,2016-10-10,15,1.0,58345,jonathas
15/16,Lesão no tornozelo,2016-04-21,2016-04-28,8,1.0,58345,jonathas
15/16,Lesão na coxa,2015-11-05,2015-12-03,29,3.0,58345,jonathas
13/14,Lesão na cabeça,2014-03-16,2014-03-24,9,1.0,58345,jonathas
13/14,Problemas musculares,2013-09-15,2013-09-26,12,2.0,58345,jonathas
12/13,Pequena lesão,2012-11-26,2012-12-04,9,1.0,58345,jonathas
22/23,Lesão desconhecida,2022-09-05,2022-11-11,68,9,36802,colin-kazim-richards
21/22,Problemas no tendão de Aquiles,2021-08-15,2021-11-15,93,10,36802,colin-kazim-richards
14/15,Problemas musculares na coxa,2015-02-27,2015-03-19,21,3,36802,colin-kazim-richards
11/12,Distensão dos adutores,2011-10-16,2011-11-01,17,1,36802,colin-kazim-richards
21/22,Problemas físicos,2021-12-12,2022-03-22,101,3.0,99615,junior-dutra
21/22,Quarentena,2021-09-30,2021-10-22,23,2.0,99615,junior-dutra
19/20,Lesão na coxa,2019-10-01,2019-10-27,27,,99615,junior-dutra
17/18,Problemas musculares na coxa,2017-11-21,2017-12-01,11,1.0,99615,junior-dutra
17/18,Tumor na bacia,2017-09-30,2017-11-07,39,7,70342,roger-silva
25/26,Lesão desconhecida,2025-04-25,2025-05-05,11,2.0,333913,gustavo
25/26,Problemas musculares,2025-04-02,2025-04-10,9,,333913,gustavo
23/24,Lesão no joelho,2024-02-22,2024-03-10,18,3.0,333913,gustavo
22/23,lesão na perna,2023-11-08,2024-02-01,86,4.0,333913,gustavo
21/22,Coronavírus,2022-04-07,2022-04-21,15,2.0,333913,gustavo
21/22,Recuperação ritmo competitivo,2022-02-01,2022-02-17,17,,333913,gustavo
24/25,Lesão nos adutores,2025-04-17,2025-04-26,10,2,363173,carlinhos
24/25,Lesão nos adutores,2024-10-21,2024-11-25,36,7,363173,carlinhos
23/24,Recuperação ritmo competitivo,2024-06-01,2024-06-23,23,4,363173,carlinhos
23/24,Problemas cardíacos,2023-12-28,2024-04-26,121,,541048,matheus-matias
22/23,Lesão no joelho,2022-09-02,2023-05-19,260,43,99439,danilo-fernandes
24/25,Pubalgia,2024-08-25,2024-10-04,41,4,53015,marcelo-lomba
23/24,Artroscopia,2024-06-01,2024-06-19,19,3,417084,keiller
23/24,Lesão no joelho,2024-05-02,2024-05-11,10,1,417084,keiller
24/25,lesão na perna,2025-05-19,2025-05-30,12,3,530421,daniel
24/25,Lesão na cabeça,2025-04-14,2025-04-25,12,1,530421,daniel
24/25,lesão na perna,2024-09-20,2024-09-27,8,1,530421,daniel
23/24,Lesão muscular,2024-03-20,2024-07-25,128,23,530421,daniel
22/23,Lesão no joelho,2023-03-15,2023-04-20,37,5,530421,daniel
20/21,Coronavírus,2020-11-17,2020-12-03,17,2,530421,daniel
24/25,Problemas físicos,2024-11-21,2025-02-10,82,5,104326,victor-cuesta
24/25,Entorse do tornozelo,2024-09-02,2024-09-20,19,2,104326,victor-cuesta
24/25,Lesão no joelho,2024-05-22,2024-06-12,22,3,104326,victor-cuesta
17/18,Lesão muscular,2017-11-06,2017-11-16,11,3,104326,victor-cuesta
24/25,Problemas físicos,2025-04-01,2025-08-22,144,22,119434,rodrigo-moledo
20/21,Rotura dos ligamentos cruzados,2021-01-13,2022-03-10,422,83,119434,rodrigo-moledo
19/20,Problemas musculares na coxa,2019-09-26,2019-10-31,36,7,119434,rodrigo-moledo
19/20,Problemas musculares na coxa,2019-05-19,2019-08-04,78,9,119434,rodrigo-moledo
18/19,Lesão muscular,2018-09-19,2018-10-22,34,4,119434,rodrigo-moledo
18/19,Lesão no joelho,2018-07-05,2018-08-02,29,4,119434,rodrigo-moledo
17/18,Lesão na cabeça,2017-11-19,2017-12-04,16,3,119434,rodrigo-moledo
17/18,Lesão no cotovelo,2017-08-21,2017-09-18,29,4,119434,rodrigo-moledo
16/17,Fratura do nariz,2017-05-29,2017-07-12,45,1,119434,rodrigo-moledo
16/17,Lesão muscular,2017-01-10,2017-02-03,25,5,119434,rodrigo-moledo
14/15,Operado ao joelho,2015-05-20,2015-11-05,170,32,119434,rodrigo-moledo
13/14,Lesão na coxa,2013-11-04,2013-11-11,8,1,119434,rodrigo-moledo
22/23,Entorse do tornozelo,2022-10-19,2022-10-24,6,1,294804,eduardo-bauermann
23/24,Lesão desconhecida,2024-03-03,2024-03-11,9,1,290500,thales-lira
24/25,Lesão desconhecida,2024-12-21,2025-01-13,24,1,484599,william-klaus
23/24,Lesão na anca,2023-12-22,2024-04-09,110,13,484599,william-klaus
23/24,Problemas físicos,2023-11-29,2023-12-13,15,3,484599,william-klaus
17/18,Braço fraturado,2017-09-09,2017-11-11,64,11,484599,william-klaus
22/23,Lesão dos ligamentos laterais do joelho,2022-07-23,2023-07-01,344,53,74747,uendel
25/26,Doença de pele,2025-07-08,2025-07-14,7,2.0,520468,iago
24/25,Problemas musculares na coxa,2025-04-07,2025-04-20,14,3.0,520468,iago
24/25,Lesão muscular,2024-10-29,2025-02-21,116,19.0,520468,iago
23/24,Traumatismo no pé,2024-04-01,2024-05-06,36,5.0,520468,iago
23/24,Problemas musculares na coxa,2023-12-06,2023-12-22,17,3.0,520468,iago
22/23,Lesão muscular,2023-04-23,2023-06-30,69,5.0,520468,iago
22/23,Problemas no tendão de Aquiles,2023-01-01,2023-02-15,46,5.0,520468,iago
22/23,Problemas musculares na coxa,2022-09-19,2022-09-29,11,,520468,iago
22/23,Pequena lesão,2022-09-01,2022-09-08,8,1.0,520468,iago
21/22,Problemas musculares,2022-01-17,2022-02-03,18,1.0,520468,iago
21/22,Lesão na mão,2021-10-28,2021-11-15,19,2.0,520468,iago
21/22,Lesão no ombro,2021-09-16,2021-10-11,26,2.0,520468,iago
20/21,Problemas no Joelho,2021-05-20,2021-05-31,12,1.0,520468,iago
20/21,Lesão tornozelo,2021-02-01,2021-04-12,71,9.0,520468,iago
20/21,Lesão no pescoço,2021-01-11,2021-01-21,11,1.0,520468,iago
20/21,Traumatismo,2020-11-30,2020-12-17,18,3.0,520468,iago
20/21,Problemas musculares,2020-06-01,2020-08-17,78,5.0,520468,iago
19/20,Rotura do menisco lateral,2019-07-29,2019-09-26,60,6.0,520468,iago
20/21,Lesão muscular,2020-09-01,2020-09-30,30,5,61952,danilo-silva
18/19,Lesão muscular,2019-06-25,2019-08-10,47,8,61952,danilo-silva
18/19,Lesão muscular,2018-09-18,2018-10-04,17,2,61952,danilo-silva
18/19,Problemas musculares,2018-08-26,2018-09-14,20,1,61952,danilo-silva
16/17,Problemas no Joelho,2016-10-23,2017-05-01,191,22,61952,danilo-silva
16/17,Lesão desconhecida,2016-09-09,2016-10-07,29,5,61952,danilo-silva
13/14,Lesão desconhecida,2013-11-25,2014-01-13,50,3,61952,danilo-silva
13/14,Lesão na coxa,2013-08-05,2013-09-16,43,7,61952,danilo-silva
10/11,Operação no nariz,2010-09-11,2010-10-10,30,6,61952,danilo-silva
16/17,Lesão na panturrilha,2017-05-29,2017-07-31,64,17,325196,zeca
25/26,Lesão desconhecida,2026-01-29,2026-02-12,15,2,181783,claudio-winck
25/26,Lesão desconhecida,2025-12-04,2025-12-08,5,1,181783,claudio-winck
25/26,Lesão desconhecida,2025-08-18,2025-09-07,21,1,181783,claudio-winck
24/25,Lesão desconhecida,2025-03-29,2025-04-28,31,3,181783,claudio-winck
24/25,Lesão desconhecida,2025-03-07,2025-03-21,15,1,181783,claudio-winck
24/25,Lesão desconhecida,2024-11-23,2024-12-01,9,1,181783,claudio-winck
23/24,Lesão desconhecida,2024-05-01,2024-05-27,27,4,181783,claudio-winck
20/21,Lesão desconhecida,2021-01-28,2021-02-10,14,3,181783,claudio-winck
17/18,Lesão muscular,2018-05-28,2018-06-15,19,5,181783,claudio-winck
15/16,Lesão desconhecida,2015-10-22,2015-10-27,6,1,181783,claudio-winck
14/15,Lesão na coxa,2015-05-21,2015-07-15,56,13,181783,claudio-winck
23/24,Lesão na coxa,2023-08-23,2023-10-02,41,6,336474,gabriel-dias
22/23,Lesão muscular,2022-08-01,2023-06-30,334,43,336474,gabriel-dias
24/25,Lesão na virilha,2024-10-04,2025-01-01,90,2,520491,ruan
24/25,Problemas na anca,2024-09-05,2024-09-11,7,1,520491,ruan
22/23,Lesão na coxa,2023-05-10,2023-06-14,36,6,520491,ruan
22/23,Lesão na panturrilha,2023-04-24,2023-05-03,10,1,520491,ruan
18/19,Lesão na coxa,2019-02-01,2019-03-06,34,1,520491,ruan
23/24,Problemas no Joelho,2024-06-14,2024-06-25,12,3,476362,dudu
23/24,Problemas físicos,2024-02-23,2024-03-12,19,2,476362,dudu
22/23,Problemas musculares na coxa,2023-03-06,2023-03-25,20,5,476362,dudu
22/23,Problemas no Joelho,2023-06-12,2023-07-24,43,9,210548,fabinho
23/24,Rotura dos ligamentos cruzados,2023-07-06,2024-09-18,441,48,373301,silva
21/22,Lesão desconhecida,2022-04-27,2022-05-04,8,1,373301,silva
21/22,Lesão desconhecida,2021-12-08,2021-12-16,9,1,373301,silva
20/21,Lesão desconhecida,2021-01-20,2021-01-28,9,1,373301,silva
20/21,Lesão desconhecida,2020-09-30,2020-10-29,30,3,373301,silva
25/26,Problemas no Joelho,2025-09-11,2025-10-14,34,5,486078,charles
19/20,Problemas musculares,2019-08-04,2019-08-14,11,1,486078,charles
24/25,Problemas musculares na coxa,2025-05-06,2025-07-12,68,9,169052,edenilson
23/24,Lesão muscular,2024-04-05,2024-05-05,31,6,333159,patrick
22/23,Problemas musculares,2022-07-24,2022-08-04,12,3,333159,patrick
25/26,Lesão na coxa,2026-02-06,,42,9,546172,nonato
25/26,Tendinite,2025-09-17,2025-11-05,50,10,546172,nonato
25/26,Lesão na coxa,2025-08-10,2025-08-22,13,3,546172,nonato
24/25,Fratura do nariz,2024-09-22,2024-10-31,40,6,546172,nonato
24/25,Entorse do tornozelo,2024-08-02,2024-08-19,18,4,546172,nonato
25/26,Patellasehnenspitzensyndrom,2025-10-07,2026-01-24,110,13,520467,juan-alano
23/24,Lesão na coxa,2024-04-04,2024-06-17,75,15,520467,juan-alano
20/21,Operação no nariz,2021-05-20,2021-05-31,12,3,520467,juan-alano
21/22,Lesão muscular,2021-10-04,2021-10-25,22,1,3445,andres-dalessandro
16/17,Queixas adutores,2016-10-25,2016-11-02,9,2,3445,andres-dalessandro
16/17,Gripe gastrointestinal,2016-08-06,2016-08-08,3,1,3445,andres-dalessandro
15/16,Lesão nos adutores,2016-05-08,2016-05-30,23,2,3445,andres-dalessandro
15/16,Lesão muscular,2016-02-20,2016-03-08,18,4,3445,andres-dalessandro
14/15,Fratura de um dedo,2015-05-28,2015-06-25,29,5,3445,andres-dalessandro
02/03,Lesão desconhecida,2002-08-12,2002-09-04,24,4,3445,andres-dalessandro
21/22,Lesão no joelho,2022-01-29,2022-02-12,15,4,74286,camilo
25/26,allergische Reaktion,2025-09-21,2025-10-04,14,2,442818,fernandinho
25/26,Lesão na coxa,2025-07-28,2025-09-13,48,6,442818,fernandinho
25/26,Fadiga muscular,2025-07-17,2025-07-22,6,1,442818,fernandinho
24/25,Lesão no ombro,2025-04-06,2025-06-03,59,10,442818,fernandinho
22/23,Lesão na coxa,2023-05-18,2023-08-04,79,13,520081,marcinho
22/23,Lesão na coxa,2023-03-27,2023-05-01,36,7,520081,marcinho
24/25,Ruptura muscular,2025-05-13,2025-06-30,49,5,505002,martin-sarrafiore
24/25,Meniskuseinriss,2024-12-28,2025-01-31,35,1,505002,martin-sarrafiore
22/23,Lesão na coxa,2022-10-25,2022-12-31,68,5,199472,william-pottker
21/22,Queixas adutores,2021-08-07,2021-09-06,31,8,121990,wellington-silva
18/19,Lesão na coxa,2019-04-13,2019-05-24,42,9,121990,wellington-silva
18/19,Lesão no tornozelo,2019-04-13,2019-05-23,41,9,121990,wellington-silva
15/16,Lesão na coxa,2015-10-20,2015-12-31,73,10,121990,wellington-silva
22/23,Lesão na panturrilha,2023-05-25,2023-08-24,92,17,227462,mike
21/22,Problemas no Joelho,2022-06-18,2022-06-23,6,1,227462,mike
19/20,Apendicite,2019-07-24,2019-09-01,40,4,212114,rossi
20/21,Coronavírus,2021-01-09,2021-01-20,12,3,574949,richard-birkheun
19/20,Lesão desconhecida,2019-09-16,2019-09-29,14,2,574949,richard-birkheun
22/23,Entorse na tibiotársica,2023-06-21,2023-07-16,26,5,139449,leandro-damiao
22/23,Operação ao tornozelo,2022-12-28,2023-03-27,90,7,139449,leandro-damiao
22/23,Rotura de ligamentos do tornozelo,2022-08-21,2022-11-06,78,11,139449,leandro-damiao
17/18,Lesão muscular,2017-10-24,2017-10-29,6,1,139449,leandro-damiao
22/23,Problemas no Joelho,2022-10-04,2022-10-15,12,2.0,185593,nicolas-lopez
22/23,Lesão no joelho,2022-08-22,2022-09-19,29,7.0,185593,nicolas-lopez
21/22,Lesão desconhecida,2022-05-23,2022-06-13,22,,185593,nicolas-lopez
21/22,Apendicectomia,2021-09-24,2021-10-12,19,3.0,185593,nicolas-lopez
20/21,Lesão no pé,2021-04-26,2021-05-04,9,1.0,185593,nicolas-lopez
20/21,Coronavírus,2021-01-21,2021-02-05,16,3.0,185593,nicolas-lopez
20/21,Recuperação ritmo competitivo,2020-07-21,2020-07-27,7,1.0,185593,nicolas-lopez
20/21,Lesão no tornozelo,2020-07-04,2020-07-20,17,,185593,nicolas-lopez
19/20,Dor de dentes,2020-02-21,2020-02-28,8,2.0,185593,nicolas-lopez
19/20,Púbis inflamado,2020-02-05,2020-02-14,10,1.0,185593,nicolas-lopez
19/20,Amigdalite,2019-11-21,2019-11-25,5,1.0,185593,nicolas-lopez
16/17,Problemas físicos,2016-10-01,2016-10-31,31,8.0,185593,nicolas-lopez
15/16,Problemas no Joelho,2016-05-22,2016-06-01,11,2.0,185593,nicolas-lopez
15/16,Problemas no Joelho,2016-05-14,2016-05-18,5,1.0,185593,nicolas-lopez
15/16,Lesão num dedo do pé,2015-10-31,2015-11-21,22,2.0,185593,nicolas-lopez
12/13,Lesão no tornozelo,2013-03-29,2013-04-07,10,1.0,185593,nicolas-lopez
21/22,Problemas no Joelho,2021-10-06,2021-11-05,31,6.0,248105,jonatan-alvez
16/17,Tendinite,2016-08-14,2016-08-30,17,3.0,248105,jonatan-alvez
15/16,Tendinite,2016-06-07,2016-06-21,15,,248105,jonatan-alvez
14/15,Lesão desconhecida,2015-02-26,2015-04-01,35,4.0,248105,jonatan-alvez
13/14,Bruch der Augenhöhle,2014-05-11,2014-05-25,15,1.0,248105,jonatan-alvez
15/16,Lesão nos adutores,2016-03-18,2016-06-01,76,7,181711,carlos-luque
14/15,Entorse do tornozelo,2015-06-29,2015-08-01,34,6,181711,carlos-luque
24/25,Operação,2025-01-16,,428,14,563691,brenner
25/26,Estiramento do ligamento colateral interno do joelho,2025-08-04,2025-09-13,41,5,291963,fernando-miguel
23/24,Lesão do ligamento cruzado,2024-02-26,2025-01-17,327,50,291963,fernando-miguel
22/23,Problemas no Joelho,2023-05-10,2023-07-09,61,14,291963,fernando-miguel
18/19,Tensão muscular,2019-04-24,2019-06-14,52,7,291963,fernando-miguel
15/16,Lesão desconhecida,2016-06-27,2016-07-29,33,7,291963,fernando-miguel
14/15,Lesão desconhecida,2015-08-08,2015-10-23,77,14,291963,fernando-miguel
14/15,Lesão desconhecida,2015-07-25,2015-08-07,14,2,291963,fernando-miguel
24/25,Lesão na coxa,2025-04-18,2025-05-20,33,9.0,387925,ronaldo
24/25,Lesão no joelho,2025-01-20,2025-02-08,20,5.0,387925,ronaldo
24/25,Problemas musculares,2024-07-25,2024-08-17,24,5.0,387925,ronaldo
22/23,Lesão no ombro,2022-08-01,2022-08-03,3,,387925,ronaldo
19/20,Lesão no ligamento interno,2020-01-15,2020-02-04,21,5,68833,wallace
19/20,Lesão na coxa,2019-08-31,2019-09-16,17,1,68833,wallace
24/25,Problemas musculares na coxa,2025-03-10,2025-04-11,33,6.0,371025,ramon-menezes
22/23,Problemas no tendão de Aquiles,2022-07-11,2022-07-14,4,,371025,ramon-menezes
25/26,Fratura do perónio,2026-02-27,,21,2.0,188715,walisson-maia
23/24,Fratura da clavícula,2024-02-08,2024-03-20,42,9.0,188715,walisson-maia
19/20,Entorse no joelho,2019-08-04,2019-08-27,24,,188715,walisson-maia
22/23,Lesão dos ligamentos laterais do joelho,2022-10-07,2023-07-01,268,41,605893,lucas-ribeiro
17/18,Rotura num tendão,2017-10-03,2018-01-08,98,15,520089,ruan-renato
17/18,Lesão muscular,2017-07-24,2017-08-23,31,5,520089,ruan-renato
22/23,Muskelbündelriss,2023-06-23,2023-07-13,21,3,96432,marcelo-benitez
13/14,Fratura do tornozelo,2013-07-14,2013-12-14,154,35,54308,lucas
14/15,Problemas musculares na coxa,2015-05-21,2015-06-09,20,6,150085,leo-morais
21/22,Lesão no joelho,2022-04-27,2023-01-01,250,36,578629,cedric
22/23,Lesão no pé,2022-08-28,2022-10-30,64,10,71080,willian-farias
14/15,Lesão desconhecida,2015-05-18,2015-12-02,199,38,71080,willian-farias
22/23,Lesão dos ligamentos laterais do joelho,2023-04-30,2024-01-01,247,35,161891,filipe-soutto
23/24,Lesão na panturrilha,2024-05-31,2024-06-20,21,4,435239,rodrigo-andrade
23/24,Problemas musculares,2024-04-26,2024-05-11,16,3,435239,rodrigo-andrade
23/24,Lesão na coxa,2024-01-23,2024-02-20,29,7,435239,rodrigo-andrade
22/23,Problemas musculares,2022-10-02,2022-10-25,24,4,435239,rodrigo-andrade
19/20,Lesão no pé,2019-10-10,2019-10-17,8,2,435239,rodrigo-andrade
22/23,Problemas musculares,2023-05-19,2023-07-01,44,7,346935,yago-felipe
20/21,Lesão muscular,2020-09-21,2020-11-25,66,7,375025,lucas-marques
25/26,Lesão do ligamento cruzado,2025-09-28,,173,6,375821,lucas-fernandes
21/22,Lesão tornozelo,2022-06-06,2022-07-17,42,9,375821,lucas-fernandes
21/22,Cavidade Ocular Fraturada,2021-10-17,2021-12-05,50,6,375821,lucas-fernandes
20/21,Queixas adutores,2020-09-27,2020-10-04,8,1,375821,lucas-fernandes
22/23,Problemas na virilha,2023-06-08,2023-06-20,13,1,72653,nicolas-lodeiro
21/22,Operado ao joelho,2021-09-18,2021-12-31,105,10,72653,nicolas-lodeiro
21/22,Problemas no Joelho,2021-09-13,2021-09-18,6,1,72653,nicolas-lodeiro
20/21,Operado ao joelho,2021-05-28,2021-08-02,67,10,72653,nicolas-lodeiro
20/21,Problemas no Joelho,2021-05-04,2021-05-27,24,4,72653,nicolas-lodeiro
20/21,Problemas musculares na coxa,2021-04-07,2021-04-28,22,2,72653,nicolas-lodeiro
19/20,Lesão muscular,2020-02-20,2020-06-30,132,4,72653,nicolas-lodeiro
19/20,Problemas nas costas,2019-09-20,2019-10-01,12,2,72653,nicolas-lodeiro
17/18,Fratura de um dedo do pé,2018-05-01,2018-06-08,39,7,72653,nicolas-lodeiro
17/18,Lesão no pé,2018-03-13,2018-03-27,15,4,72653,nicolas-lodeiro
15/16,Rotura do menisco lateral,2016-04-30,2016-05-24,25,7,72653,nicolas-lodeiro
19/20,Fratura de um dedo do pé,2010-07-03,2010-11-20,141,31,72653,nicolas-lodeiro
14/15,Lesão desconhecida,2014-10-06,2014-10-23,18,2,27378,cleiton-xavier
13/14,Lesão desconhecida,2013-10-06,2013-10-31,26,3,27378,cleiton-xavier
13/14,Ruptura muscular,2013-09-16,2013-09-26,11,2,27378,cleiton-xavier
12/13,Ruptura muscular,2013-06-22,2013-08-23,63,8,27378,cleiton-xavier
09/10,Problemas musculares,2009-10-22,2009-11-22,32,5,27378,cleiton-xavier
18/19,Lesão muscular,2019-01-10,2019-02-11,33,6.0,16474,alexander-baumjohann
17/18,Fibra muscular rasgado,2017-10-27,2017-11-13,18,4.0,16474,alexander-baumjohann
17/18,Fratura da mão,2017-08-19,2017-09-09,22,2.0,16474,alexander-baumjohann
16/17,Amigdalite,2017-02-27,2017-03-16,18,2.0,16474,alexander-baumjohann
15/16,Tensão muscular,2016-02-29,2016-03-03,4,1.0,16474,alexander-baumjohann
14/15,Rotura dos ligamentos cruzados,2014-08-21,2015-06-01,285,35.0,16474,alexander-baumjohann
13/14,Rotura dos ligamentos cruzados,2013-09-02,2014-03-17,197,22.0,16474,alexander-baumjohann
11/12,Síndrome gripal,2011-10-24,2011-10-27,4,1.0,16474,alexander-baumjohann
09/10,Lesão no dedo,2010-01-18,2010-01-21,4,,16474,alexander-baumjohann
20/21,Lesão no joelho,2020-11-20,2021-04-08,140,16,99900,rhayner
19/20,Lesão na coxa,2019-08-01,2019-08-23,23,,346863,nickson
21/22,Artroscopia,2021-07-10,2022-05-01,296,45,264284,neilton
14/15,Lesão muscular,2015-06-24,2015-07-24,31,6,264284,neilton
22/23,Lesão muscular,2023-02-01,2023-04-10,69,6,447663,luan-santos
24/25,Entorse do tornozelo,2025-02-09,2025-02-12,4,1,515638,erick
24/25,Problemas musculares,2024-08-12,2024-08-21,10,2,515638,erick
20/21,Quarentena,2020-11-03,2020-11-14,12,2,515638,erick
19/20,Problemas físicos,2019-10-02,2019-10-29,28,2,515638,erick
25/26,Hematoma,2025-11-05,2025-11-11,7,1,334233,walter-bou
25/26,Lesão muscular,2025-07-30,2025-08-19,21,4,334233,walter-bou
24/25,Entorse do tornozelo,2025-04-07,2025-04-25,19,4,334233,walter-bou
24/25,Muskelkater,2024-11-21,2024-12-03,13,2,334233,walter-bou
24/25,Lesão muscular,2024-07-13,2024-08-01,20,3,334233,walter-bou
22/23,Lesão nos adutores,2023-04-10,2023-04-25,16,3,334233,walter-bou
18/19,Problemas musculares na coxa,2019-03-11,2019-03-20,10,1,334233,walter-bou
21/22,Rotura do tendão de Aquiles,2021-07-26,2022-01-01,160,24.0,112335,kieza
14/15,Rotura muscular na coxa,2015-06-08,2015-06-08,1,,112335,kieza
18/19,Lesão muscular,2018-11-07,2018-12-10,34,4,294576,bruno-gomes
08/09,Problemas musculares na coxa,2009-05-25,2009-06-25,32,4,68465,wallyson
24/25,Fratura da tíbia,2025-01-06,2025-11-05,304,39,393339,rafaelson
22/23,Lesão na coxa,2022-07-15,2022-08-04,21,3,393339,rafaelson
17/18,Fratura do Metatarso,2018-03-07,2018-06-13,99,20,393339,rafaelson
20/21,Lesão tornozelo,2020-12-04,2021-01-20,48,5,518080,junior-todinho
20/21,Lesão na coxa,2020-12-04,2021-01-20,48,5,518080,junior-todinho
23/24,Fratura na face,2024-02-27,2024-07-01,126,21,76398,martin-silva
22/23,Lesão desconhecida,2022-08-20,2022-10-10,52,7,255928,jordi
21/22,Rotura do tendão de Aquiles,2021-07-09,2022-07-01,358,43,255928,jordi
20/21,Coronavírus,2020-11-13,2020-11-30,18,2.0,54929,leandro-castan
18/19,Rotura muscular na coxa,2019-04-21,2019-06-14,55,9.0,54929,leandro-castan
17/18,Fascite plantar,2018-05-17,2018-05-21,5,,54929,leandro-castan
16/17,Fadiga muscular,2017-01-14,2017-01-31,18,2.0,54929,leandro-castan
16/17,Lesão no bíceps femoral,2017-01-13,2017-03-05,52,6.0,54929,leandro-castan
16/17,Fadiga muscular,2016-10-24,2016-10-31,8,1.0,54929,leandro-castan
15/16,Gripe,2016-03-12,2016-03-21,10,2.0,54929,leandro-castan
14/15,Inflamação,2014-09-16,2014-10-26,41,9.0,54929,leandro-castan
14/15,Câncer,2014-09-15,2015-06-30,289,48.0,54929,leandro-castan
14/15,Lesão desconhecida,2014-08-26,2014-09-10,16,1.0,54929,leandro-castan
12/13,Entorse,2013-02-12,2013-03-05,22,3.0,54929,leandro-castan
16/17,Problemas no Joelho,2017-06-27,2017-07-31,35,10,163434,frickson-erazo
16/17,Problemas no Joelho,2017-01-01,2017-04-30,120,18,163434,frickson-erazo
16/17,Lesão no joelho,2016-08-18,2016-09-13,27,7,163434,frickson-erazo
22/23,Lesão no joelho,2023-08-21,2024-07-15,330,45,128855,paulao
20/21,Coronavírus,2020-11-17,2020-12-02,16,3,128855,paulao
14/15,Púbis inflamado,2015-06-10,2015-08-04,56,12,128855,paulao
22/23,Lesão desconhecida,2022-09-20,,1277,8,75437,werley
22/23,Lesão desconhecida,2022-09-05,2022-09-20,16,2,92056,oswaldo-henriquez
25/26,Achillessehnenanriss,2026-01-17,,62,8,225640,luiz-gustavo
18/19,Operado ao joelho,2018-10-30,2019-06-14,228,40,52947,breno
17/18,Lesão meniscal,2018-01-22,2018-05-09,108,25,52947,breno
15/16,Lesão no joelho,2016-02-08,2016-12-31,328,67,52947,breno
11/12,Artroscopia,2012-02-07,2012-05-10,94,22,52947,breno
11/12,Problemas no Joelho,2012-02-01,2012-02-06,6,1,52947,breno
11/12,Gripe,2012-01-18,2012-01-27,10,1,52947,breno
11/12,Doente,2011-09-24,2011-10-08,15,3,52947,breno
10/11,Lesão meniscal,2011-05-11,2011-10-16,159,15,52947,breno
09/10,Rotura dos ligamentos cruzados,2010-03-07,2010-11-01,240,27,52947,breno
09/10,Doente,2009-10-23,2009-10-27,5,1,52947,breno
08/09,Fibra muscular rasgado,2009-04-22,2009-05-06,15,2,52947,breno
08/09,Problemas na panturrilha,2009-04-16,2009-04-21,6,1,52947,breno
13/14,Problemas na anca,2013-11-17,2013-11-25,9,2,187873,jomar
13/14,lesão na perna,2013-09-18,2013-09-24,7,2,187873,jomar
25/26,Lesão desconhecida,2025-10-16,,155,20,678991,ulisses
20/21,Coronavírus,2020-11-18,2020-12-03,16,4,678991,ulisses
20/21,Apendicite,2021-01-07,2021-01-25,19,5,524607,ricardo-graca
20/21,Rotura muscular na coxa,2020-10-09,2020-10-27,19,3,524607,ricardo-graca
20/21,Rotura muscular na coxa,2020-09-15,2020-10-03,19,4,524607,ricardo-graca
20/21,Coronavírus,2020-09-02,2020-09-12,11,3,524607,ricardo-graca
20/21,Coronavírus,2020-11-13,2020-11-30,18,2,412376,miranda
18/19,Cirurgia Ligamento Cruzado,2018-11-14,2019-06-15,214,37.0,55270,ramon
16/17,Recuperação ritmo competitivo,2017-03-24,2017-04-09,17,2.0,55270,ramon
15/16,Lesão desconhecida,2016-05-13,2016-05-20,8,1.0,55270,ramon
15/16,Lesão desconhecida,2016-05-02,2016-05-09,8,1.0,55270,ramon
14/15,Lesão desconhecida,2015-05-19,2015-05-28,10,1.0,55270,ramon
14/15,Pubalgia,2015-02-11,2015-02-12,2,,55270,ramon
14/15,Lesão no tornozelo,2014-12-14,2014-12-25,12,3.0,55270,ramon
13/14,Gripe,2013-10-01,2013-10-06,6,1.0,55270,ramon
14/15,Lesão nos adutores,2015-05-26,2015-06-29,35,7,54140,fabricio
23/24,Doente,2024-02-14,2024-02-22,9,1.0,204072,henrique-silva
23/24,Lesão desconhecida,2023-09-21,2023-09-30,10,1.0,204072,henrique-silva
22/23,Lesão no joelho,2022-12-22,2023-01-30,40,6.0,204072,henrique-silva
21/22,Lesão muscular,2021-12-13,2022-01-08,27,1.0,204072,henrique-silva
20/21,Lesão desconhecida,2021-02-11,2021-02-13,3,,204072,henrique-silva
16/17,Lesão desconhecida,2016-10-17,2017-06-01,228,37,343602,bruno-paulista
14/15,Operado ao joelho,2014-10-06,2015-06-30,268,51,74789,wellington
11/12,Operado ao joelho,2012-02-21,2012-08-21,183,41,74789,wellington
19/20,Lesão no pescoço,2019-09-27,2019-10-19,23,3,181704,leandro-desabato
18/19,Lesão na panturrilha,2019-03-18,2019-03-31,14,1,181704,leandro-desabato
21/22,Lesão dos ligamentos laterais do joelho,2022-05-28,2023-03-05,282,43,351895,andrey
23/24,Entorse do tornozelo,2024-04-25,2024-05-30,36,8,479587,raul
22/23,Lesão dos ligamentos laterais do joelho,2023-01-30,2023-09-30,244,43,479587,raul
22/23,Quarentena,2021-06-22,2021-07-02,11,2,124701,rafael-galhardo
24/25,Lesão no joelho,2025-04-03,2025-04-16,14,2,323874,evander
23/24,lesão na perna,2024-04-26,2024-05-11,16,2,323874,evander
23/24,lesão na perna,2024-02-27,2024-03-06,9,1,323874,evander
23/24,Lesão na panturrilha,2023-09-22,2023-10-03,12,2,323874,evander
23/24,lesão na perna,2023-07-04,2023-07-07,4,1,323874,evander
22/23,Lesão na anca,2023-03-11,2023-04-05,26,3,323874,evander
22/23,Rotura da fibra muscular,2022-07-19,2022-08-08,21,5,323874,evander
20/21,Coronavírus,2020-11-16,2020-12-03,18,4,323874,evander
20/21,Rotura muscular na coxa,2020-08-15,2020-09-05,22,1,323874,evander
24/25,Rotura do menisco,2024-10-30,2026-01-14,442,15,594201,dudu-sampaio
24/25,Rotura dos ligamentos cruzados,2024-10-30,2026-01-14,442,15,594201,dudu-sampaio
21/22,Rotura dos ligamentos cruzados,2022-05-10,2023-02-17,284,18,587600,matheus-moresche
19/20,Lesão na coxa,2019-09-22,2019-09-22,1,,175230,rildo
23/24,Lesão na coxa,2023-07-03,2023-08-14,43,5,165383,kelvin-oliveira
16/17,Lesão no joelho,2017-06-12,2017-12-31,203,32,165383,kelvin-oliveira
19/20,Ferida de bala,2019-07-30,2019-08-10,12,,265660,yago-pikachu
23/24,Lesão do ligamento cruzado,2023-09-27,2024-11-11,412,52,599879,marrony
22/23,Lesão no tornozelo,2022-10-18,2022-11-11,25,5,599879,marrony
25/26,Lesão na tíbia,2025-07-05,,258,55,428791,paulinho
24/25,Fissura,2024-12-01,2025-04-11,132,22,428791,paulinho
23/24,Lesão muscular,2024-10-13,2024-10-18,6,1,428791,paulinho
22/23,Constipação,2022-11-03,2022-11-13,11,3,428791,paulinho
21/22,Coronavírus,2022-01-10,2022-01-27,18,2,428791,paulinho
20/21,Rotura dos ligamentos cruzados,2020-07-02,2021-05-13,316,48,428791,paulinho
17/18,Braço fraturado,2018-04-05,2018-07-30,117,17,428791,paulinho
19/20,Lesão nos adutores,2019-08-08,2019-09-04,28,4,119229,duvier-riascos
20/21,Depressão,2021-04-04,2021-05-06,33,4,26263,maxi-lopez
20/21,Doente,2021-01-18,2021-02-26,40,7,26263,maxi-lopez
20/21,Problemas musculares,2020-11-06,2020-11-26,21,3,26263,maxi-lopez
19/20,Problemas musculares,2020-07-28,2020-08-01,5,1,26263,maxi-lopez
19/20,Problemas musculares,2020-02-27,2020-03-09,12,3,26263,maxi-lopez
19/20,Lesão muscular,2019-10-06,2020-01-08,95,12,26263,maxi-lopez
17/18,Lesão muscular,2018-11-13,2018-11-18,6,2,26263,maxi-lopez
16/17,Lesão na coxa,2016-09-15,2016-10-02,18,3,26263,maxi-lopez
15/16,Amigdalite,2016-04-19,2016-04-22,4,1,26263,maxi-lopez
13/14,Lesão no pé,2014-02-06,2014-02-20,15,2,26263,maxi-lopez
12/13,Meniskusschaden,2012-11-05,2013-01-16,73,9,26263,maxi-lopez
11/12,Traumatismo no pé,2012-03-23,2012-03-27,5,1,26263,maxi-lopez
11/12,Problemas na panturrilha,2012-02-23,2012-03-16,23,4,26263,maxi-lopez
09/10,Problemas musculares,2009-08-10,2009-09-10,32,5,26263,maxi-lopez
04/05,Fratura,2005-04-25,2005-09-22,151,11,26263,maxi-lopez
20/21,Tensão muscular,2021-01-10,2021-02-15,37,6,186399,thiago-galhardo
18/19,Operado ao joelho,2019-01-18,2019-05-22,125,29,258374,vinicius-araujo
14/15,Lesão no joelho,2015-02-12,2015-12-31,323,15,59310,andres-rios
24/25,Problemas musculares na coxa,2024-08-22,2025-02-01,164,21,140811,santos
20/21,Coronavírus,2020-11-24,2020-12-10,17,3,140811,santos
24/25,Lesão no joelho,2024-10-03,2025-01-27,117,21,477460,warleson
19/20,Lesão no tornozelo,2020-02-01,2020-08-01,183,7.0,582690,caio-alan
18/19,Recuperação ritmo competitivo,2019-05-11,2019-05-12,2,,582690,caio-alan
18/19,Lesão no tornozelo,2019-01-03,2019-04-25,113,,582690,caio-alan
24/25,Problemas musculares,2024-11-03,2024-11-15,13,1,45431,thiago-heleno
24/25,Lesão muscular,2024-08-30,2024-09-10,12,1,45431,thiago-heleno
24/25,Lesão muscular,2024-04-26,2024-06-01,37,6,45431,thiago-heleno
17/18,Problemas nas costas,2017-11-01,2017-11-07,7,1,45431,thiago-heleno
11/12,Fratura do Metatarso,2011-12-09,2012-04-09,123,21,45431,thiago-heleno
24/25,Problemas musculares na coxa,2024-12-02,2024-12-07,6,1.0,288431,leo-pereira
24/25,Problemas no Joelho,2024-08-29,2024-09-11,14,1.0,288431,leo-pereira
22/23,Lesão na coxa,2024-05-19,2024-05-29,11,2.0,288431,leo-pereira
23/24,Traumatismo grade costal,2023-10-26,2023-10-31,6,,288431,leo-pereira
23/24,Lesão na coxa,2020-02-12,2020-02-22,11,2.0,288431,leo-pereira
13/14,Perna fraturada,2014-02-02,2015-05-01,454,88,75140,emerson
25/26,Operação ao tendão de Aquiles,2025-12-23,2026-05-31,160,4,209163,cleberson
14/15,Cirurgia Ligamento Cruzado,2015-03-23,2015-11-05,228,50,209163,cleberson
25/26,Lesão na coxa,2025-12-04,2025-12-08,5,1,468302,lucas-halter
20/21,Coronavírus,2020-11-24,2020-12-10,17,3,484848,ze-ivaldo
19/20,Edema do osso,2019-07-12,2019-08-30,50,10,484848,ze-ivaldo
15/16,Lesão no joelho,2015-11-02,2017-01-16,442,58.0,55484,marcio-azevedo
15/16,Pequena lesão,2015-10-15,2015-10-22,8,2.0,55484,marcio-azevedo
15/16,Pequena lesão,2015-09-17,2015-09-24,8,2.0,55484,marcio-azevedo
15/16,Gestão de esforço,2015-08-20,2015-08-24,5,1.0,55484,marcio-azevedo
15/16,Problemas físicos,2015-07-27,2015-08-17,22,4.0,55484,marcio-azevedo
15/16,Pequena lesão,2015-07-13,2015-07-16,4,1.0,55484,marcio-azevedo
14/15,Problemas físicos,2015-03-09,2015-06-29,113,15.0,55484,marcio-azevedo
13/14,Pequena lesão,2014-04-28,2014-05-01,4,,55484,marcio-azevedo
13/14,Operado ao joelho,2013-09-02,2013-09-12,11,,55484,marcio-azevedo
12/13,Lesão meniscal,2013-05-06,2013-05-30,25,2.0,55484,marcio-azevedo
14/15,Operado ao joelho,2015-05-30,2015-06-24,26,,60982,thiago-carleto
12/13,Operado ao joelho,2013-06-13,2014-03-13,274,50.0,60982,thiago-carleto
25/26,Tendinite,2025-11-30,2025-12-09,10,2,442258,nicolas
24/25,Lesão nos adutores,2025-04-06,2025-04-25,20,3,442258,nicolas
24/25,Lesão da parede abdominal,2025-05-20,2025-05-23,4,1.0,476352,renan-lodi
24/25,Lesão desconhecida,2025-02-23,2025-03-09,15,4.0,476352,renan-lodi
24/25,Lesão desconhecida,2025-01-27,2025-02-21,26,5.0,476352,renan-lodi
23/24,Lesão no pé,2024-05-16,2024-05-19,4,1.0,476352,renan-lodi
21/22,Lumbago,2021-11-27,2021-11-29,3,1.0,476352,renan-lodi
20/21,Lesão muscular,2021-04-30,2021-05-03,4,1.0,476352,renan-lodi
20/21,Lesão nas costas,2020-12-05,2020-12-08,4,1.0,476352,renan-lodi
20/21,Problemas físicos,2020-10-15,2020-10-18,4,1.0,476352,renan-lodi
19/20,Coronavírus,2020-05-08,2020-05-15,8,,476352,renan-lodi
19/20,Lesão muscular,2020-03-05,2020-03-08,4,1.0,476352,renan-lodi
14/15,Operado ao joelho,2015-02-10,2015-06-10,121,20,54149,jonathan
14/15,Problemas no Joelho,2015-01-06,2015-02-09,35,8,54149,jonathan
14/15,Lesão desconhecida,2014-09-26,2015-01-06,103,18,54149,jonathan
14/15,Lesão desconhecida,2014-09-10,2014-09-17,8,1,54149,jonathan
13/14,Lesão desconhecida,2014-04-05,2014-05-03,29,4,54149,jonathan
13/14,Lesão desconhecida,2013-10-03,2013-10-08,6,1,54149,jonathan
12/13,Lesão no ombro,2013-05-08,2013-05-30,23,2,54149,jonathan
11/12,Problemas musculares,2011-11-25,2012-01-14,51,8,54149,jonathan
24/25,Lesão desconhecida,2025-03-08,2025-03-10,3,1,468272,gustavo-cascardo
24/25,Lesão desconhecida,2025-03-02,2025-03-04,3,1,468272,gustavo-cascardo
24/25,Lesão desconhecida,2024-07-19,2024-07-27,9,2,468272,gustavo-cascardo
24/25,Lesão desconhecida,2024-03-18,2024-05-30,74,11,468272,gustavo-cascardo
23/24,lesão na perna,2024-02-16,2024-02-27,12,2,468272,gustavo-cascardo
23/24,lesão na perna,2023-07-23,2023-07-30,8,2,468272,gustavo-cascardo
22/23,lesão na perna,2023-05-21,2023-05-26,6,2,468272,gustavo-cascardo
22/23,lesão na perna,2023-01-24,2023-02-06,14,4,468272,gustavo-cascardo
19/20,Lesão muscular,2020-06-18,2020-06-26,9,1,468272,gustavo-cascardo
14/15,Lesão na coxa,2015-05-20,2015-07-21,63,12,124546,deivid
25/26,Entorse,2026-02-05,2026-02-18,14,3,131233,esteban-pavez
24/25,Síndrome gripal,2025-05-23,2025-05-27,5,1,131233,esteban-pavez
23/24,Problemas musculares,2023-10-02,2023-10-06,5,1,131233,esteban-pavez
09/10,Problemas no Joelho,2009-09-02,2009-11-05,65,11,53275,pierre
25/26,Lesão na coxa,2025-10-21,2025-11-04,15,2,552242,baralhas
25/26,Lesão desconhecida,2025-08-04,2025-08-30,27,3,552242,baralhas
24/25,Problemas físicos,2025-05-04,2025-05-09,6,1,552242,baralhas
24/25,Lesão no joelho,2025-03-24,2025-04-01,9,2,552242,baralhas
15/16,Gripe gastrointestinal,2016-02-06,2016-02-08,3,1,26244,lucho-gonzalez
09/10,Problemas no Joelho,2009-12-23,2010-01-11,20,1,26244,lucho-gonzalez
09/10,Lesão no tornozelo,2009-11-01,2009-11-22,22,3,26244,lucho-gonzalez
09/10,Fratura da clavícula,2009-07-29,2009-09-01,35,5,26244,lucho-gonzalez
08/09,Meniskusschaden,2009-04-16,2009-06-01,47,9,26244,lucho-gonzalez
24/25,Lesão na panturrilha,2025-05-18,2025-07-08,52,4,445000,matheus-rossetto
24/25,Lesão na panturrilha,2025-01-22,2025-02-06,16,5,445000,matheus-rossetto
24/25,Lesão na panturrilha,2024-08-18,2024-09-16,30,5,445000,matheus-rossetto
23/24,Problemas musculares na coxa,2024-06-17,2024-06-29,13,3,445000,matheus-rossetto
23/24,Lesão na coxa,2024-03-28,2024-04-26,30,6,445000,matheus-rossetto
22/23,Lesão muscular,2023-03-08,2023-03-22,15,2,445000,matheus-rossetto
21/22,Lesão muscular,2022-04-04,2022-04-28,25,4,445000,matheus-rossetto
20/21,Quarentena,2021-04-01,2021-04-30,30,5,445000,matheus-rossetto
25/26,Lesão na coxa,2026-02-13,,35,10,520624,bruno-guimaraes
22/23,Lesão tornozelo,2023-02-01,2023-02-20,20,3,520624,bruno-guimaraes
22/23,Lesão na coxa,2022-08-25,2022-09-16,23,3,520624,bruno-guimaraes
20/21,Coronavírus,2021-01-01,2021-01-11,11,2,520624,bruno-guimaraes
20/21,Coronavírus,2020-09-25,2020-10-12,18,4.0,242808,felipe-gedoz
17/18,Lesão no pé,2017-11-03,2017-11-07,5,1.0,242808,felipe-gedoz
16/17,Gripe,2016-10-14,2016-10-16,3,1.0,242808,felipe-gedoz
16/17,Rotura de ligamentos do tornozelo,2016-08-29,2016-09-08,11,,242808,felipe-gedoz
14/15,Pubalgia,2015-05-08,2015-09-30,146,20.0,242808,felipe-gedoz
14/15,Lesão nos adutores,2015-04-07,2015-05-07,31,7.0,242808,felipe-gedoz
15/16,Lesão desconhecida,2015-11-21,2015-12-05,15,2,54160,guilherme
23/24,Lesão na coxa,2024-06-28,2024-07-20,23,6,149572,nikao
22/23,Lesão na coxa,2022-10-25,2022-12-15,52,5,149572,nikao
22/23,Lesão na coxa,2022-08-28,2022-10-11,45,10,149572,nikao
21/22,Contusão no tornozelo,2022-05-22,2022-07-05,45,12,149572,nikao
20/21,Coronavírus,2020-11-24,2020-12-10,17,3,149572,nikao
12/13,inflamação no joelho,2013-04-19,2013-05-04,16,2,53288,marquinho
25/26,Lesão no púbis,2025-08-07,2025-09-12,37,6,432953,raphael-veiga
24/25,Lesão no ombro,2025-04-10,2025-05-03,24,6,432953,raphael-veiga
24/25,Problemas na zona lombar,2025-03-31,2025-04-05,6,1,432953,raphael-veiga
22/23,Lesão na coxa,2023-04-10,2023-04-24,15,4,432953,raphael-veiga
22/23,Artroscopia,2022-08-30,2023-01-01,125,15,432953,raphael-veiga
21/22,Lesão muscular,2022-06-05,2022-06-26,22,5,432953,raphael-veiga
20/21,Coronavírus,2020-11-20,2020-12-04,15,3,432953,raphael-veiga
22/23,Problemas no Joelho,2022-10-29,2023-01-14,78,4,250010,bruno-nazario
18/19,Rotura dos ligamentos cruzados,2018-09-07,2019-05-15,251,49,250010,bruno-nazario
23/24,Problemas musculares na coxa,2023-04-30,2023-06-22,54,11,520623,matheus-anjos
19/20,Lesão muscular,2019-07-17,2019-10-28,104,21,520623,matheus-anjos
24/25,Lesão desconhecida,2025-05-10,2025-05-19,10,2,579401,demethryus
25/26,Lesão muscular,2025-07-21,2025-08-29,40,7,379369,giovanny
22/23,Lesão desconhecida,2023-05-08,2023-05-20,13,1,379369,giovanny
20/21,Distensão muscular,2021-06-05,2021-06-30,26,5.0,226067,felipe-dorta
20/21,Lesão muscular,2021-05-24,2021-06-05,13,,226067,felipe-dorta
20/21,Doente,2020-10-22,2020-11-02,12,,226067,felipe-dorta
20/21,Lesão muscular,2020-08-23,2020-09-14,23,2.0,226067,felipe-dorta
19/20,Problemas físicos,2020-03-07,2020-03-13,7,,226067,felipe-dorta
16/17,Fibra muscular rasgado,2017-03-20,2017-04-11,23,2.0,226067,felipe-dorta
16/17,Lesão desconhecida,2016-10-29,2017-01-01,65,1.0,226067,felipe-dorta
14/15,Rotura dos ligamentos cruzados,2014-07-24,2015-03-06,226,22.0,226067,felipe-dorta
13/14,Problemas no Joelho,2014-04-02,2014-04-07,6,1.0,226067,felipe-dorta
13/14,Queixas adutores,2014-02-24,2014-03-01,6,1.0,226067,felipe-dorta
13/14,Lesão do ligamento cruzado,2013-09-25,2013-12-31,98,9.0,226067,felipe-dorta
12/13,Rotura dos ligamentos cruzados,2012-11-29,2013-06-30,214,18.0,226067,felipe-dorta
23/24,Lesão na coxa,2024-05-17,2024-05-28,12,2,448308,yago-cesar
25/26,Lesão na coxa,2026-03-09,,11,3,406766,bruno-rodrigues
23/24,Lesão no joelho,2024-01-26,2025-09-12,596,118,406766,bruno-rodrigues
24/25,Lesão no cotovelo,2025-06-02,2025-07-26,55,4.0,670965,vitinho
24/25,Fratura de um dedo,2025-04-30,2025-05-24,25,6.0,670965,vitinho
21/22,Constipação,2022-01-23,2022-01-25,3,,670965,vitinho
22/23,Lesão dos ligamentos laterais do joelho,2022-08-01,2023-06-01,305,56,114514,marcelo-cirino
25/26,Vírus,2025-09-13,2025-09-20,8,1,148765,pablo
25/26,Lesão na panturrilha,2025-07-08,2025-07-25,18,4,148765,pablo
24/25,Lesão na panturrilha,2025-05-12,2025-05-24,13,1,148765,pablo
24/25,Problemas musculares na coxa,2025-04-13,2025-05-02,20,3,148765,pablo
24/25,Lesão no joelho,2024-09-20,2024-09-25,6,1,148765,pablo
24/25,Lesão na coxa,2024-08-12,2024-09-10,30,6,148765,pablo
25/26,Lesão na anca,2025-08-23,2026-01-31,162,9,423839,ribamar
20/21,Coronavírus,2020-11-13,2020-11-30,18,4,423839,ribamar
19/20,Fratura do tornozelo,2019-07-10,2019-09-05,58,8,423839,ribamar
18/19,Constipação,2019-05-10,2019-06-05,27,4,423839,ribamar
18/19,Lesão muscular,2019-05-10,2019-06-05,27,4,423839,ribamar
18/19,Lesão muscular,2018-12-15,2019-04-25,132,4,423839,ribamar
16/17,Recuperação ritmo competitivo,2016-11-06,2017-01-11,67,6,423839,ribamar
16/17,Rotura num tendão,2016-09-05,2016-11-05,62,9,423839,ribamar
16/17,Recuperação ritmo competitivo,2016-07-29,2016-09-01,35,4,423839,ribamar
16/17,Lesão muscular,2016-07-14,2016-07-28,15,3,423839,ribamar
18/19,Rotura de ligamentos no joelho,2019-04-05,2020-01-15,286,46,76470,ederson
22/23,Braço fraturado,2023-04-10,2023-04-25,16,4,371009,rony
20/21,Coronavírus,2020-11-20,2020-11-28,9,1,371009,rony
24/25,lesão no braço,2024-08-10,2024-08-31,22,3,373300,cryzan
21/22,Coronavírus,2021-08-10,2021-08-21,12,3,373300,cryzan
20/21,Lesão muscular,2020-10-12,2020-12-10,60,7,373300,cryzan
17/18,Lesão desconhecida,2017-05-17,2017-06-14,29,6,135061,bergson
17/18,Lesão desconhecida,2017-03-30,2017-04-08,10,2,135061,bergson
22/23,Lesão desconhecida,2022-08-03,2022-08-17,15,2,424676,juninho
21/22,Lesão desconhecida,2021-10-16,2022-01-12,89,8,424676,juninho
20/21,Lesão desconhecida,2021-01-20,2021-03-09,49,7,424676,juninho
24/25,Lesão no tornozelo,2025-04-21,2025-05-04,14,1,585876,gabriel-taliari
24/25,Entorse do tornozelo,2025-04-13,2025-04-19,7,1,585876,gabriel-taliari
24/25,Problemas no Joelho,2024-08-15,2024-10-19,66,10,585876,gabriel-taliari
23/24,Artroscopia,2024-01-18,2024-06-10,145,24,585876,gabriel-taliari
18/19,Fratura do antebraço,2018-10-15,2019-01-03,81,9,55304,magrao
17/18,Traumatismo no joelho,2018-04-08,2018-05-09,32,4,55304,magrao
14/15,Lesão no ombro,2015-05-18,2015-08-18,93,19,55304,magrao
23/24,Problemas no Joelho,2023-09-16,2023-09-25,10,1,273250,luan-polli
24/25,Lesão desconhecida,2025-02-20,2025-06-30,131,18,515496,mailson
24/25,Lesão muscular,2025-01-17,2025-02-09,24,4,515496,mailson
19/20,Edema no joelho,2019-10-16,2019-12-31,77,9,515496,mailson
18/19,Fratura no pé,2018-07-20,2018-07-31,12,3,53755,ernando
18/19,Problemas no Joelho,2019-04-14,2019-05-21,38,5,124543,ronaldo-alves
14/15,lesão na perna,2015-06-04,2015-06-25,22,3,124543,ronaldo-alves
18/19,Calcanhar de Aquiles,2018-07-15,2018-07-30,16,4,32808,durval
17/18,Problemas físicos,2018-04-14,2018-05-14,31,5,32808,durval
24/25,Pequena lesão,2025-05-24,2025-05-29,6,1,373433,adryelson
24/25,Lesão no pé,2025-04-12,2025-05-02,21,4,373433,adryelson
19/20,Pubalgia,2019-11-19,2019-12-31,43,2,373433,adryelson
19/20,Lesão no pé,2019-08-01,2019-08-03,3,1,373433,adryelson
25/26,Entorse do tornozelo,2025-10-30,2025-11-28,30,7,374136,leo-ortiz
25/26,Problemas na tibiotársica,2025-10-23,2025-10-27,5,1,374136,leo-ortiz
22/23,Rotura dos ligamentos cruzados,2022-10-03,2023-07-14,285,45,374136,leo-ortiz
19/20,Lesão na coxa,2019-10-10,2019-11-10,32,7,443611,capa
23/24,Lesão na coxa,2023-08-01,2023-10-02,63,9,353722,sander
19/20,Problemas musculares,2019-11-11,2019-11-16,6,1,353722,sander
19/20,Corte,2019-08-22,2019-09-06,16,3,353722,sander
19/20,Lesão no cotovelo,2019-07-17,2019-08-15,30,5,353722,sander
18/19,Edema do osso,2019-04-24,2019-05-15,22,3,353722,sander
18/19,Lesão no pé,2018-10-28,2018-12-10,44,7,353722,sander
22/23,Lesão no pé,2022-09-25,2022-10-15,21,4,347283,raul-prata
18/19,Entorse no joelho,2018-08-15,2018-09-07,24,5,347283,raul-prata
17/18,Doente,2018-05-06,2018-05-14,9,2,347283,raul-prata
17/18,Lesão muscular,2017-10-21,2017-11-03,14,3,347283,raul-prata
14/15,Operado ao joelho,2015-06-08,2015-07-08,31,5,347283,raul-prata
14/15,Rotura dos ligamentos cruzados,2014-07-29,2015-01-31,187,25,347283,raul-prata
25/26,Lesão na anca,2026-01-26,2026-03-12,46,6,114341,anselmo
25/26,Problemas na virilha,2025-12-21,2026-01-02,13,1,114341,anselmo
25/26,Recuperação ritmo competitivo,2025-09-06,2025-12-03,89,6,114341,anselmo
12/13,Rotura muscular,2012-11-08,2012-12-11,34,5,114341,anselmo
12/13,Fratura da rótula,2012-10-19,2012-10-30,12,2,114341,anselmo
18/19,Lesão na coxa,2019-04-29,2019-06-06,39,5,328758,ronaldo-henrique
22/23,Contusão no tornozelo,2022-09-25,2022-12-31,98,7,329843,neto-moura
25/26,Lesão do ligamento cruzado,2025-09-01,,200,38,239294,jair
23/24,Lesão do ligamento cruzado,2024-02-05,2024-10-23,262,46,239294,jair
24/25,Lesão no joelho,2024-07-05,2024-07-30,26,6,612162,jadsom
20/21,Coronavírus,2020-11-14,2020-11-30,17,4,31127,fellipe-bastos
23/24,Rotura dos ligamentos cruzados,2023-07-29,2024-06-30,338,15,520380,jean-carlos
21/22,Cirurgia Ligamento Cruzado,2022-05-22,2023-06-30,405,38,520380,jean-carlos
18/19,Lesão no pé,2018-10-28,2018-11-16,20,3,231039,marlone
25/26,Probleme im Fußgewölbe,2026-02-09,2026-03-03,23,5,174570,gabriel
25/26,Problemas musculares na coxa,2025-10-16,2025-10-31,16,2,174570,gabriel
25/26,Lesão na coxa,2025-08-10,2025-09-20,42,5,174570,gabriel
24/25,Lesão muscular,2025-04-17,2025-04-25,9,1,174570,gabriel
24/25,Lesão desconhecida,2025-03-03,2025-04-05,34,1,174570,gabriel
18/19,Lesão muscular,2018-09-07,2018-09-25,19,3,174570,gabriel
17/18,Lesão na coxa,2018-04-26,2018-04-30,5,1,174570,gabriel
18/19,Lesão muscular,2018-05-06,2018-05-21,16,3,181775,andrigo
22/23,Fratura da mão,2023-04-24,2023-08-11,110,5,635807,marlon
18/19,Lesão muscular,2018-11-17,2018-11-29,13,3,175256,rogerio
18/19,Lesão muscular,2018-09-25,2018-10-16,22,3,175256,rogerio
18/19,Lesão muscular,2018-07-28,2018-08-07,11,2,175256,rogerio
22/23,Lesão no joelho,2022-12-04,2023-01-04,32,4,268093,reinaldo-lenis
20/21,Muskelbündelriss,2021-01-25,2021-02-17,24,1,268093,reinaldo-lenis
21/22,Lesão na coxa,2021-11-17,2021-12-05,19,3,270414,leandro-pereira
21/22,Lesão na coxa,2021-09-11,2021-11-08,59,10,270414,leandro-pereira
19/20,Rotura muscular na coxa,2019-09-07,2019-10-20,44,6,270414,leandro-pereira
18/19,Lumbago,2019-02-20,2019-03-10,19,4,270414,leandro-pereira
23/24,Lesão desconhecida,2023-08-15,2023-10-13,60,8,436833,felipe-rodrigues
22/23,Lesão desconhecida,2023-05-04,2023-05-26,23,4,436833,felipe-rodrigues
20/21,Lesão muscular,2021-02-20,2021-05-10,80,14,432938,juninho
19/20,Problemas nas costas,2019-09-09,2019-10-10,32,6,432938,juninho
22/23,Entorse do tornozelo,2022-10-24,2023-02-08,108,9,642689,mikael
21/22,Lesão desconhecida,2022-05-21,2022-05-26,6,1,642689,mikael
22/23,Entorse do tornozelo,2022-09-05,2023-04-01,209,24,518361,matheus-peixoto
21/22,lesão no braço,2021-10-05,2022-05-31,239,27,584630,fernando-castro
14/15,Lesão na coxa,2015-06-09,2015-06-30,22,3,193135,jackson
19/20,Problemas físicos,2020-02-07,2020-02-17,11,2,210146,douglas-grolli
19/20,Lesão desconhecida,2019-08-01,2019-09-10,41,5,210146,douglas-grolli
17/18,Lesão na coxa,2017-11-06,2017-11-09,4,1,203060,lucas-fonseca
25/26,Lesão desconhecida,2026-02-16,2026-02-26,11,1,410158,rodrigo-becao
25/26,Recuperação ritmo competitivo,2026-01-15,2026-01-19,5,1,410158,rodrigo-becao
25/26,Recuperação ritmo competitivo,2025-08-21,2025-09-01,12,3,410158,rodrigo-becao
24/25,Rotura dos ligamentos cruzados,2024-12-15,2025-08-21,250,35,410158,rodrigo-becao
23/24,Ruptura muscular,2024-03-02,2024-03-25,24,4,410158,rodrigo-becao
23/24,Recuperação ritmo competitivo,2024-01-22,2024-02-18,28,6,410158,rodrigo-becao
23/24,Rotura num tendão,2023-10-29,2024-01-22,86,15,410158,rodrigo-becao
23/24,Lesão desconhecida,2023-08-13,2023-08-22,10,2,410158,rodrigo-becao
22/23,Problemas musculares,2022-10-16,2022-12-21,67,6,410158,rodrigo-becao
22/23,Lesão desconhecida,2022-10-09,2022-10-11,3,1,410158,rodrigo-becao
21/22,Problemas musculares,2021-12-02,2021-12-10,9,1,410158,rodrigo-becao
19/20,Fadiga muscular,2020-07-31,2020-08-10,11,1,410158,rodrigo-becao
19/20,Fadiga muscular,2019-10-02,2019-10-17,16,1,410158,rodrigo-becao
18/19,lesão na perna,2019-04-20,2019-04-27,8,1,410158,rodrigo-becao
25/26,Lesão no joelho,2025-07-24,2025-08-27,35,9,624291,ignacio
24/25,Problemas no Joelho,2024-10-27,2025-01-14,80,8,624291,ignacio
24/25,Lesão meniscal,2024-08-18,2024-10-16,60,9,624291,ignacio
24/25,Lesão no tornozelo,2025-06-24,2025-07-29,36,3,113999,eugenio-mena
24/25,Problemas no tendão de Aquiles,2025-02-13,2025-03-02,18,3,113999,eugenio-mena
23/24,Fratura da tíbia e do perónio,2023-08-26,2024-01-17,145,14,113999,eugenio-mena
21/22,Rotura muscular na coxa,2022-02-14,2022-03-17,32,5,113999,eugenio-mena
21/22,Muskelbündelriss,2021-11-17,2021-12-15,29,7,113999,eugenio-mena
21/22,Muskelbündelriss,2021-09-27,2021-10-17,21,6,113999,eugenio-mena
18/19,Operação ao pé,2019-06-08,2019-08-19,73,10,113999,eugenio-mena
18/19,Lesão no calcanhar,2019-04-03,2019-05-26,54,5,113999,eugenio-mena
18/19,Problemas de calcanhares,2019-02-17,2019-02-26,10,2,113999,eugenio-mena
18/19,Problemas na tibiotársica,2018-10-23,2018-11-09,18,2,113999,eugenio-mena
15/16,Muskelbündelriss,2016-06-08,2016-07-04,27,12,113999,eugenio-mena
12/13,Problemas musculares na coxa,2013-03-06,2013-03-14,9,2,113999,eugenio-mena
12/13,Muskelbündelriss,2013-02-02,2013-02-28,27,7,113999,eugenio-mena
25/26,Doente,2026-02-15,2026-02-16,2,1,520492,paulinho
25/26,Lesão desconhecida,2026-01-15,2026-02-07,24,2,520492,paulinho
24/25,Operação,2024-07-25,2024-10-05,73,17,520492,paulinho
19/20,lesão na perna,2019-07-21,2019-09-01,43,5,520492,paulinho
24/25,Lesão na coxa,2025-01-27,2025-06-22,147,32,603423,mayk
24/25,Problemas musculares,2024-08-05,2024-09-14,41,7,603423,mayk
23/24,Lesão muscular,2024-04-10,2024-05-31,52,7,603423,mayk
25/26,Lesão muscular,2026-02-28,,20,4,342024,joao-pedro
25/26,Lesão no ombro,2025-09-22,2026-01-09,110,15,342024,joao-pedro
24/25,Operação ao tornozelo,2025-05-26,2025-09-12,110,14,342024,joao-pedro
22/23,Problemas musculares,2023-04-29,2023-05-22,24,6,342024,joao-pedro
18/19,Lesão desconhecida,2018-12-23,2019-01-27,36,6,342024,joao-pedro
24/25,Lesão nos adutores,2024-09-02,2024-10-25,54,5,544464,willean-lepo
24/25,Problemas no Joelho,2024-07-28,2024-08-10,14,1,544464,willean-lepo
19/20,Fratura na face,2019-08-06,2019-09-20,46,6,56676,nilton
19/20,Lesão muscular,2019-08-15,2019-08-24,10,2,103146,edson
22/23,Problemas musculares na coxa,2022-11-06,2023-03-09,124,11,128823,elton
19/20,Problemas no Joelho,2019-07-16,2019-08-21,37,5,128823,elton
14/15,lesão na perna,2014-08-24,2015-07-10,321,53,128823,elton
25/26,Lesão muscular,2025-09-11,2025-09-22,12,1,546036,gregore
22/23,Fratura no pé,2023-03-13,2023-10-13,215,42,546036,gregore
25/26,Lesão na coxa,2026-03-09,,11,3,225432,ze-rafael
25/26,Tendinite,2026-02-05,2026-02-21,17,3,225432,ze-rafael
24/25,Lesão na coluna,2025-01-01,2025-05-11,131,22,225432,ze-rafael
24/25,Lesão na coxa,2024-07-03,2024-07-16,14,3,225432,ze-rafael
23/24,Problemas na zona lombar,2024-04-08,2024-05-04,27,7,225432,ze-rafael
24/25,Lesão muscular,2024-12-07,2025-06-16,192,28.0,373191,flavio
22/23,Recuperação ritmo competitivo,2023-03-26,2023-04-10,16,2.0,373191,flavio
22/23,Rotura dos ligamentos cruzados,2022-10-02,2023-03-26,176,17.0,373191,flavio
21/22,Lesão desconhecida,2022-03-14,2022-03-31,18,1.0,373191,flavio
21/22,Lesão desconhecida,2022-02-04,2022-02-11,8,,373191,flavio
20/21,Estiramento do ligamento colateral interno do joelho,2021-05-08,2021-06-19,43,2.0,373191,flavio
25/26,Lesão na coxa,2025-11-03,2025-12-02,30,5,614328,eric-ramires
24/25,Lesão na coxa,2024-10-27,2024-12-07,42,6,614328,eric-ramires
24/25,Lesão na panturrilha,2024-08-11,2024-09-28,49,9,614328,eric-ramires
23/24,Lesão na coxa,2024-01-19,2024-02-19,32,9,614328,eric-ramires
22/23,Lesão na coxa,2022-10-23,2023-02-23,124,14,614328,eric-ramires
19/20,Coronavírus,2020-08-19,2020-09-21,34,5,614328,eric-ramires
19/20,Lesão desconhecida,2020-07-23,2020-08-08,17,4,614328,eric-ramires
19/20,Lesão na coxa,2019-10-04,2020-01-29,118,15,614328,eric-ramires
14/15,Operado ao joelho,2015-04-03,2015-08-25,145,31,189411,agustin-allione
23/24,Lesão desconhecida,2024-04-22,2024-06-30,70,7,106281,vina
14/15,Lesão no pé,2015-06-29,2015-08-18,51,10,106281,vina
21/22,Lesão na virilha,2022-05-08,2022-06-02,26,6,201792,elber
14/15,Lesão meniscal,2015-06-04,2015-07-19,46,9,201792,elber
22/23,Lesão desconhecida,2022-09-30,2022-12-31,93,6,55378,kayke
12/13,Meniskusschaden,2012-06-29,2012-08-14,47,5,55378,kayke
10/11,Lesão desconhecida,2011-04-25,2011-05-11,17,2,55378,kayke
23/24,Lesão na coxa,2023-06-18,2023-10-29,134,19,189612,edigar-junio
19/20,Lesão no tornozelo,2019-07-21,2019-11-16,119,13,189612,edigar-junio
18/19,Lesão na coxa,2019-04-06,2019-05-09,34,7,189612,edigar-junio
25/26,Problemas musculares,2025-11-03,,137,9,164013,gilberto
25/26,Lesão na coxa,2025-08-12,2025-09-13,33,4,164013,gilberto
24/25,Lesão na coxa,2025-01-26,2025-04-15,80,12,164013,gilberto
24/25,Lesão na panturrilha,2024-08-12,2024-09-04,24,5,164013,gilberto
23/24,Lesão muscular,2024-04-15,2024-05-30,46,3,164013,gilberto
17/18,Recuperação ritmo competitivo,2018-01-31,2018-02-04,5,1,164013,gilberto
15/16,Distensão da panturrilha,2016-03-07,2016-03-15,9,1,164013,gilberto
15/16,Rotura muscular na coxa,2015-08-14,2015-08-20,7,1,164013,gilberto
25/26,Lesão meniscal,2026-01-31,,48,3,380146,mario-sergio
24/25,Lesão muscular,2025-05-15,2025-07-25,72,6,524590,junior-brumado
22/23,Lesão muscular,2022-08-29,2023-01-31,156,18,524590,junior-brumado
21/22,Lesão no joelho,2022-05-12,2022-06-30,50,3,524590,junior-brumado
21/22,Lesão tornozelo,2021-10-14,2021-11-18,36,6,524590,junior-brumado
20/21,Lesão tornozelo,2020-10-08,2021-03-25,169,28,524590,junior-brumado
25/26,Lesão muscular,2025-09-02,2025-10-20,49,9.0,189425,guillermo-de-amores
25/26,Problemas musculares,2025-06-27,2025-08-07,42,6.0,189425,guillermo-de-amores
24/25,Lesão muscular,2025-05-30,2025-06-16,18,3.0,189425,guillermo-de-amores
23/24,Sehnenanriss,2024-05-10,2024-07-10,62,10.0,189425,guillermo-de-amores
24/25,Problemas musculares,2024-01-31,2024-02-05,6,,189425,guillermo-de-amores
24/25,Lesão na cabeça,2024-12-04,2024-12-09,6,1,283166,marcos-felipe
22/23,Problemas no Joelho,2022-09-13,,1284,12,64870,renato-chaves
19/20,Lesão no tornozelo,2020-01-14,2020-07-01,170,12,222468,nathan-otavio
18/19,Lesão no tornozelo,2018-09-15,2018-09-26,12,2,222468,nathan-otavio
25/26,Lesão no pé,2025-08-05,2025-08-16,12,1.0,347913,luan-peres
23/24,Operado ao joelho,2023-10-04,2024-05-13,223,42.0,347913,luan-peres
23/24,Lesão desconhecida,2023-08-20,2023-09-04,16,4.0,347913,luan-peres
22/23,Recuperação ritmo competitivo,2023-04-11,2023-04-20,10,2.0,347913,luan-peres
22/23,Lesão desconhecida,2023-02-24,2023-04-11,47,8.0,347913,luan-peres
22/23,Recuperação ritmo competitivo,2022-12-16,2023-01-04,20,4.0,347913,luan-peres
22/23,Lesão no joelho,2022-09-15,2022-12-16,93,12.0,347913,luan-peres
21/22,Problemas físicos,2022-02-12,2022-02-16,5,1.0,347913,luan-peres
20/21,Coronavírus,2020-11-05,2020-11-19,15,,347913,luan-peres
22/23,Lesão no ombro,2022-07-15,2022-08-02,19,4,330031,paulo-ricardo
17/18,Lesão desconhecida,2018-02-21,2018-03-08,16,2,330031,paulo-ricardo
17/18,Lesão desconhecida,2017-09-07,2017-09-13,7,1,330031,paulo-ricardo
16/17,Lesão desconhecida,2016-11-03,2016-11-25,23,1,330031,paulo-ricardo
20/21,Coronavírus,2021-01-02,2021-01-12,11,2,187211,ygor-nogueira
19/20,Lesão desconhecida,2020-01-07,2020-02-04,29,4,187211,ygor-nogueira
22/23,Lesão no calcanhar,2023-03-05,2023-03-10,6,1,524481,roger-ibanez
22/23,Lesão desconhecida,2022-10-27,2022-10-30,4,1,524481,roger-ibanez
21/22,Ferimento da banda lateral,2022-02-08,2022-02-26,19,2,524481,roger-ibanez
20/21,Problemas musculares,2021-02-18,2021-03-10,21,5,524481,roger-ibanez
20/21,Problemas musculares,2020-11-22,2020-11-28,7,1,524481,roger-ibanez
19/20,Queixas adutores,2020-07-20,2020-07-27,8,2,524481,roger-ibanez
23/24,Fratura do tornozelo,2023-09-07,2024-04-19,226,32,628223,alex
22/23,Problemas musculares na coxa,2022-11-03,2023-01-01,60,3,628223,alex
25/26,Vírus,2026-03-13,,7,1,406675,marlon
24/25,Lesão no peito,2024-07-08,2024-07-21,14,3,406675,marlon
22/23,Rotura do menisco lateral,2022-10-23,2022-12-02,41,5,406675,marlon
22/23,Lesão desconhecida,2022-09-30,2022-10-14,15,2,406675,marlon
20/21,Coronavírus,2021-02-17,2021-02-27,11,1,406675,marlon
20/21,Lesão na coxa,2020-09-08,2020-09-22,15,2,406675,marlon
19/20,Lesão no joelho,2019-12-07,2019-12-30,24,1,406675,marlon
25/26,Pubalgia,2026-01-10,2026-01-27,18,5.0,349585,ayrton-lucas
25/26,Lesão na tíbia,2025-07-13,2025-07-30,18,4.0,349585,ayrton-lucas
23/24,Lesão na coxa,2024-05-29,2024-06-20,23,3.0,349585,ayrton-lucas
21/22,Traumatismo no metatarso,2022-03-19,2022-03-31,13,,349585,ayrton-lucas
20/21,Constipação,2020-11-09,2020-11-15,7,,349585,ayrton-lucas
17/18,lesão na perna,2018-05-16,2018-06-08,24,5.0,349585,ayrton-lucas
23/24,Gripe,2024-02-29,2024-03-05,6,1.0,503766,matheus-mascarenhas
22/23,Lesão tornozelo,2022-05-10,2022-12-20,225,14.0,503766,matheus-mascarenhas
21/22,Lesão muscular,2021-11-10,2021-12-01,22,,503766,matheus-mascarenhas
21/22,Lesão muscular,2021-06-01,2021-08-20,81,21.0,503766,matheus-mascarenhas
19/20,Operado ao joelho,2020-03-25,2021-03-01,342,34.0,503766,matheus-mascarenhas
19/20,Tendinite,2019-09-24,2019-11-30,68,15.0,503766,matheus-mascarenhas
25/26,Apendicite,2026-02-22,2026-03-23,30,6,231614,gilberto
25/26,Problemas musculares na coxa,2025-10-26,2025-11-19,25,3,231614,gilberto
25/26,Lesão muscular,2025-08-17,2025-09-02,17,4,231614,gilberto
24/25,Lesão no joelho,2025-05-01,2025-05-17,17,4,231614,gilberto
24/25,Problemas musculares na coxa,2024-08-05,2024-08-31,27,5,231614,gilberto
22/23,Gripe,2023-01-09,2023-01-12,4,1,231614,gilberto
21/22,Amigdalite,2022-02-01,2022-02-09,9,2,231614,gilberto
20/21,Lesão muscular,2021-02-12,2021-02-16,5,1,231614,gilberto
20/21,Coronavírus,2021-01-19,2021-01-27,9,2,231614,gilberto
15/16,Lesão desconhecida,2015-09-29,2015-10-25,27,4,231614,gilberto
25/26,Lesão desconhecida,2025-08-11,2025-10-26,77,8,223977,igor-juliao
24/25,Problemas musculares na coxa,2025-04-03,2025-06-30,89,7,223977,igor-juliao
23/24,Lesão na coxa,2024-04-12,2024-06-30,80,6,223977,igor-juliao
23/24,Lesão desconhecida,2024-02-02,2024-02-07,6,1,223977,igor-juliao
23/24,Lesão muscular,2022-07-21,2022-11-07,110,9,223977,igor-juliao
24/25,Lesão no tornozelo,2025-05-05,2025-05-09,5,1,373174,dodi
25/26,Lesão desconhecida,2025-07-27,2025-08-24,29,3,252900,willian-oliveira
24/25,Lesão no joelho,2025-04-17,2025-07-07,82,11,252900,willian-oliveira
24/25,Estiramento do ligamento colateral interno do joelho,2025-01-20,2025-01-31,12,2,252900,willian-oliveira
17/18,lesão na perna,2017-09-01,2017-11-01,62,10,252900,willian-oliveira
16/17,Lesão no pé,2016-09-20,2016-11-07,49,2,252900,willian-oliveira
25/26,Traumatismo craniano,2025-08-04,2025-08-13,10,1,364972,marlon-freitas
25/26,Problema nos flexores do quadril,2026-01-10,,69,18,530737,richard
25/26,Problema nos flexores do quadril,2025-09-22,2025-11-01,41,7,530737,richard
25/26,Traumatismo craniano,2025-08-07,2025-08-12,6,1,530737,richard
24/25,Lesão desconhecida,2025-02-09,2025-02-28,20,3,530737,richard
24/25,Lesão desconhecida,2025-01-03,2025-01-09,7,1,530737,richard
23/24,Lesão muscular,2023-11-24,2023-11-27,4,1,530737,richard
22/23,Lesão desconhecida,2022-10-17,2022-10-29,13,2,530737,richard
24/25,Lesão na coxa,2024-08-26,2024-12-03,100,12,565443,caio-vinicius
24/25,Lesão na coxa,2024-07-25,2024-08-18,25,3,565443,caio-vinicius
24/25,Lesão na coxa,2024-07-05,2024-07-23,19,4,565443,caio-vinicius
22/23,Lesão desconhecida,2022-11-06,2023-06-30,237,39,565443,caio-vinicius
24/25,inflamação no joelho,2025-01-22,2025-05-22,121,20,600549,ze-ricardo
13/14,Lesão desconhecida,2014-01-25,2014-01-31,7,1,205179,jadson
18/19,Lesão no joelho,2018-08-01,2018-08-20,20,3,362790,luiz-fernando
17/18,Lesão desconhecida,2018-03-01,2018-03-21,21,3,362790,luiz-fernando
20/21,Lesão no bíceps femoral,2020-09-28,2020-11-09,43,8,351899,ramon
20/21,Rotura muscular na coxa,2021-03-28,2021-04-07,11,2,218115,marcos-junior
24/25,Meniskuseinriss,2024-10-28,2025-01-13,78,6,189488,junior-sornoza
23/24,Muskelbündelriss,2024-04-11,2024-06-06,57,12,189488,junior-sornoza
22/23,Fibra muscular rasgado,2023-05-03,2023-05-19,17,2,189488,junior-sornoza
16/17,Achillessehnenanriss,2017-05-21,2017-08-25,97,24,189488,junior-sornoza
13/14,lesão na perna,2013-11-28,2014-01-08,42,2,189488,junior-sornoza
21/22,Rotura dos ligamentos cruzados,2021-11-01,2022-06-30,242,36,312735,bryan-cabezas
16/17,Lesão na coxa,2016-11-05,2016-12-09,35,5,312735,bryan-cabezas
17/18,Rotura de ligamentos no joelho,2017-08-31,2018-10-07,403,71,341120,marcos-calazans
24/25,Problemas musculares,2024-07-28,2024-08-18,22,2,388397,everaldo
23/24,Lesão na coxa,2024-02-13,2024-07-06,145,29,388397,everaldo
21/22,Problemas musculares,2021-11-09,2022-01-31,84,9,388397,everaldo
21/22,Lesão na coxa,2021-10-19,2021-11-03,16,3,388397,everaldo
23/24,Cirurgia Ligamento Cruzado,2023-09-04,2024-04-04,214,39.0,612496,marcos-paulo
21/22,Lesão muscular,2021-07-28,2021-08-12,16,,612496,marcos-paulo
20/21,Lesão desconhecida,2020-11-08,2020-11-27,20,1,165544,felipe-amorim
25/26,Problemas musculares na coxa,2025-11-24,2025-12-01,8,1,223560,luciano
23/24,Lesão na coxa,2023-07-05,2023-07-10,6,1,223560,luciano
21/22,Doente,2021-11-20,2021-12-05,16,3,223560,luciano
20/21,Lesão muscular,2021-06-21,2021-08-16,57,16,223560,luciano
20/21,Recuperação ritmo competitivo,2020-12-28,2021-01-21,25,4,223560,luciano
20/21,Lesão muscular,2020-12-13,2020-12-24,12,1,223560,luciano
20/21,Lesão na coxa,2020-08-12,2020-08-20,9,2,223560,luciano
18/19,Lesão na coxa,2018-08-18,2018-09-02,16,3,223560,luciano
17/18,Rotura parcial de ligamento,2017-09-20,2018-07-25,309,27,223560,luciano
15/16,Rotura parcial de ligamento,2015-08-19,2016-03-01,196,25,223560,luciano
14/15,Problemas musculares na coxa,2015-05-08,2015-06-19,43,8,223560,luciano
25/26,Fratura do antebraço,2025-10-23,2025-12-12,51,13,432895,pedro
24/25,Recuperação ritmo competitivo,2025-03-26,2025-04-07,13,3,432895,pedro
24/25,Rotura dos ligamentos cruzados,2024-09-04,2025-03-25,203,37,432895,pedro
24/25,Lesão na coxa,2024-08-16,2024-08-31,16,4,432895,pedro
22/23,Lesão na coxa,2023-05-12,2023-05-19,8,2,432895,pedro
19/20,Problemas musculares na coxa,2019-08-12,2019-09-20,40,5,432895,pedro
18/19,Rotura dos ligamentos cruzados,2018-08-25,2019-03-20,208,38,432895,pedro
15/16,Operado ao joelho,2016-03-05,2016-04-30,57,4,264343,pablo-dyego
25/26,Lesão desconhecida,2025-06-01,2025-08-11,72,6,518676,patrick-luan
24/25,Lesão desconhecida,2024-08-31,2025-01-09,132,14,518676,patrick-luan
22/23,Lesão desconhecida,2023-02-15,2023-03-01,15,2,518676,patrick-luan
22/23,Lesão desconhecida,2022-10-27,2023-01-26,92,6,518676,patrick-luan
20/21,Lesão desconhecida,2021-04-07,2021-04-28,22,6,518676,patrick-luan
20/21,Lesão desconhecida,2020-11-23,2021-01-01,40,8,518676,patrick-luan
19/20,Lesão desconhecida,2020-07-01,2020-07-31,31,8,518676,patrick-luan
19/20,Lesão na coxa,2019-08-01,2019-10-09,70,10,518676,patrick-luan
22/23,Lesão desconhecida,2022-09-03,2022-10-15,43,5,550179,joao-carlos
25/26,Problemas na panturrilha,2025-10-17,2025-10-31,15,2,711337,evanilson
24/25,Fratura no pé,2025-01-04,2025-02-20,48,7,711337,evanilson
23/24,Lesão no tornozelo,2023-09-16,2023-10-03,18,3,711337,evanilson
23/24,Lesão muscular,2023-08-06,2023-09-01,27,4,711337,evanilson
22/23,Lesão desconhecida,2023-03-30,2023-04-12,14,1,711337,evanilson
22/23,Lesão muscular,2023-02-23,2023-03-13,19,3,711337,evanilson
22/23,Lesão desconhecida,2023-02-10,2023-02-20,11,2,711337,evanilson
22/23,Lesão desconhecida,2022-12-22,2023-01-30,40,7,711337,evanilson
20/21,Coronavírus,2021-01-17,2021-01-27,11,2,711337,evanilson
20/21,Fadiga muscular,2020-09-25,2020-10-04,10,2,711337,evanilson
24/25,Lesão desconhecida,2024-09-20,2024-10-26,37,4,594561,dudu-teodora
21/22,Lesão no joelho,2021-06-14,2023-07-01,748,,432964,tiepo
22/23,Lesão na mão,2023-05-10,2023-06-30,52,11,512344,jandrei
22/23,Fratura,2022-07-28,2022-08-17,21,6,512344,jandrei
22/23,Problemas nas costas,2022-07-17,2022-07-26,10,2,512344,jandrei
20/21,Coronavírus,2020-11-24,2020-12-10,17,3,512344,jandrei
21/22,Fratura do Metatarso,2021-11-06,2021-12-16,41,5,101304,douglas
21/22,Lesão desconhecida,2021-09-13,2021-09-20,8,1,101304,douglas
19/20,Lesão muscular,2019-07-30,2019-08-08,10,1,101304,douglas
13/14,Lesão no joelho,2013-12-05,2014-01-04,31,1,101304,douglas
13/14,Lesão desconhecida,2013-11-08,2013-12-02,25,3,101304,douglas
13/14,Lesão desconhecida,2013-07-01,2013-08-26,57,8,101304,douglas
16/17,Lesão na cabeça,2016-11-28,2019-12-13,1111,208,131787,neto
08/09,Problemas musculares,2009-03-15,2009-06-15,93,12,58362,rafael-pereira
24/25,Lesão na panturrilha,2025-01-15,2025-08-17,215,26,381032,luizao
22/23,Problemas musculares na coxa,2022-08-30,2022-09-30,32,5,381032,luizao
23/24,Fratura do nariz,2024-03-02,2024-03-05,4,,432773,fabricio-bruno
21/22,Fratura de um dedo do pé,2022-03-30,2022-07-16,109,26.0,432773,fabricio-bruno
25/26,Fratura da mão,2025-11-21,2026-02-07,79,12,435163,bruno-pacheco
25/26,Lesão no tornozelo,2025-11-10,2025-11-19,10,1,435163,bruno-pacheco
25/26,Problemas musculares na coxa,2025-10-03,2025-10-18,16,2,435163,bruno-pacheco
25/26,Tendinite,2025-07-08,2025-07-25,18,3,435163,bruno-pacheco
24/25,Tendinite,2024-11-23,2025-01-22,61,4,435163,bruno-pacheco
24/25,Tendinite,2024-09-01,2024-09-28,28,5,435163,bruno-pacheco
23/24,Lesão na mão,2024-02-16,2024-02-23,8,2,435163,bruno-pacheco
22/23,Doente,2022-11-07,2022-11-11,5,1,435163,bruno-pacheco
22/23,Problemas musculares,2022-09-19,2022-10-07,19,3,435163,bruno-pacheco
17/18,Lesão no ombro,2017-10-30,2017-11-05,7,1,435163,bruno-pacheco
13/14,Lesão na coxa,2013-10-16,2013-11-03,19,4.0,277361,vinicius-freitas
13/14,Lesão no tornozelo,2013-08-09,2013-08-15,7,,277361,vinicius-freitas
23/24,Fratura da mão,2024-04-10,2024-04-22,13,3,75080,alan-ruschel
17/18,Problemas físicos,2017-08-08,2017-09-12,36,3,75080,alan-ruschel
16/17,Lesão na coluna,2016-11-28,2017-07-31,246,55,75080,alan-ruschel
15/16,Rotura dos ligamentos cruzados,2015-08-26,2016-08-01,342,61,75080,alan-ruschel
22/23,Problemas musculares na coxa,2023-04-21,2023-05-26,36,10,53999,eduardo
22/23,Lesão dos ligamentos laterais do joelho,2022-05-22,2023-01-01,225,30,524568,bryan-borges
25/26,Lesão na panturrilha,2026-03-02,,19,3,594006,marcos-vinicius
19/20,Lesão na coxa,2019-08-01,2019-09-09,40,8,594006,marcos-vinicius
24/25,Lesão na coxa,2024-07-28,2024-08-30,34,5,348262,gustavo-barreto
22/23,Rompimento do ligamento interior,2023-01-15,2023-03-07,52,6,348262,gustavo-barreto
08/09,Rotura dos ligamentos cruzados,2008-07-01,2008-12-31,184,30,53788,amaral
19/20,Lesão no tornozelo,2019-07-01,2019-08-22,53,6,54989,elicarlos
22/23,Lesão meniscal,2023-01-03,2023-07-01,180,22,432958,lucas-mineiro
21/22,Lesão meniscal,2022-01-20,2022-03-11,51,10,432958,lucas-mineiro
25/26,Lesão no joelho,2026-01-22,,58,6,636667,khevin-fraga
19/20,Lesão desconhecida,2019-12-14,2019-12-16,3,1,96255,hector-canteros
19/20,Lesão desconhecida,2019-09-23,2019-10-26,34,4,96255,hector-canteros
21/22,Lesão desconhecida,2021-07-23,2021-07-30,8,1,626102,regis
24/25,Lesão nos adutores,2024-07-25,2024-08-09,16,2,224481,arthur-caike
22/23,Lesão muscular,2023-06-09,2023-07-14,36,6,224481,arthur-caike
17/18,Lesão muscular,2018-03-12,2018-03-26,15,1,203323,victor-andrade
17/18,Lesão muscular,2018-01-25,2018-02-19,26,4,203323,victor-andrade
16/17,Recuperação ritmo competitivo,2017-05-02,2017-08-28,119,10,203323,victor-andrade
16/17,Rotura dos ligamentos cruzados,2016-10-26,2017-05-01,188,22,203323,victor-andrade
22/23,Lesão desconhecida,2022-11-06,2022-12-31,56,1,146020,vinicius
21/22,Lesão na coxa,2022-04-27,2022-05-27,31,4,146020,vinicius
19/20,Lesão na coxa,2019-08-01,2019-08-06,6,1,146020,vinicius
19/20,Lesão do ligamento cruzado,2019-09-25,2019-12-31,98,10,373194,osman
19/20,Lesão desconhecida,2019-09-02,2019-09-24,23,2,432960,lourency
17/18,Problemas físicos,2017-08-08,2017-08-22,15,2,432960,lourency
25/26,Lesão no tornozelo,2025-07-24,2025-08-09,17,2,444920,guilherme
24/25,Problema nos flexores do quadril,2025-05-02,2025-05-21,20,3,444920,guilherme
23/24,Problemas musculares na coxa,2024-06-28,2024-07-14,17,2,444920,guilherme
23/24,Lesão na coxa,2024-05-16,2024-06-13,29,4,444920,guilherme
18/19,Problemas na zona lombar,2019-04-24,2019-05-01,8,1,444920,guilherme
24/25,danos na cartilagem,2025-07-14,2025-10-14,93,14,564684,bruno-costa
12/13,Lesão desconhecida,2012-08-01,2012-08-31,31,6,173274,junior-santos
14/15,Entorse na tibiotársica,2015-05-06,2015-05-15,10,2,51716,wellington-paulista
20/21,Lesão no joelho,2020-12-12,2021-04-28,138,23,617445,miullen
08/09,Fibra muscular rasgado,2009-01-18,2009-03-12,54,11,27364,renan-brito
19/20,Lesão na coxa,2019-08-05,2019-08-26,22,4,53371,fernando-henrique
23/24,Fratura de um dedo,2024-06-24,2024-08-06,44,10,106032,everson
22/23,Rotura do tendão rotuliano,2023-03-19,,1101,10,190705,bruno-pirri
21/22,Lesão desconhecida,2021-08-02,2021-11-20,111,13,190705,bruno-pirri
21/22,Lesão desconhecida,2021-05-25,2021-07-26,63,6,190705,bruno-pirri
19/20,Lesão desconhecida,2019-11-10,2019-12-19,40,5,190705,bruno-pirri
25/26,Fratura na face,2025-11-16,,128,6,237621,naldo
24/25,Lesão meniscal,2025-05-01,2025-07-01,62,8,237621,naldo
15/16,Lesão no joelho,2015-09-13,2015-10-21,39,6,237621,naldo
13/14,Problemas na anca,2014-07-19,2014-08-27,40,6,237621,naldo
24/25,Rotura de ligamentos no joelho,2024-10-23,2026-02-14,480,72,265693,luiz-otavio
23/24,Rotura dos ligamentos cruzados,2024-01-14,2024-10-06,267,49,265693,luiz-otavio
19/20,Problemas musculares na coxa,2019-11-14,2020-01-01,49,5,560903,patrick-william
24/25,Problemas físicos,2025-05-04,2025-07-12,70,8,108611,ernandes
24/25,Problemas musculares,2025-04-18,2025-04-27,10,1,108611,ernandes
21/22,Lesão no joelho,2022-06-03,2023-04-03,305,28,108611,ernandes
21/22,Problemas musculares,2022-04-27,2022-05-02,6,1,108611,ernandes
22/23,Rotura de ligamentos no joelho,2023-04-22,2024-01-01,255,44,587786,felipe-jonatan
22/23,Lesão desconhecida,2022-11-06,2023-02-16,103,10,587786,felipe-jonatan
24/25,Fascite plantar,2025-02-13,2025-07-08,146,22,145573,richardson
16/17,Lesão no joelho,2016-08-01,2016-12-01,123,,225912,ricardinho
07/08,Rotura dos ligamentos cruzados,2008-06-15,2008-12-31,200,32,52514,pedro-ken
19/20,Lesão na coxa,2019-11-11,2019-11-19,9,2,425939,leandrinho
19/20,Lesão na coxa,2019-10-06,2019-10-11,6,1,425939,leandrinho
19/20,Lesão na coxa,2019-08-01,2019-08-03,3,1,425939,leandrinho
17/18,Lesão desconhecida,2018-06-04,2018-10-17,136,21,166483,wescley
24/25,Lesão desconhecida,2025-03-03,2025-03-14,12,1,617700,kendy
19/20,Febre,2019-08-06,2019-08-08,3,1,434052,luidy
16/17,Lesão desconhecida,2016-09-26,2016-10-02,7,1,386392,alex-amado
12/13,Braço fraturado,2013-02-10,2013-03-20,39,3,142136,juninho-quixada
22/23,Lesão do ligamento cruzado,2023-06-09,2024-03-13,279,40,347184,robinho
18/19,Constipação,2019-05-02,2019-05-06,5,1,437773,leandro-carvalho
17/18,Meniskusschaden,2018-04-23,2018-06-20,59,12,437773,leandro-carvalho
18/19,Problemas físicos,2019-05-22,2019-06-10,20,2,269116,douglas-coutinho
22/23,Lesão desconhecida,2022-08-24,2022-10-30,68,11,110650,ricardo-bueno
19/20,Doente,2019-08-04,2019-08-06,3,1,110650,ricardo-bueno
25/26,Problemas físicos,2026-02-16,2026-02-24,9,2.0,390638,arthur-cabral
25/26,Fratura da mão,2025-10-16,2025-10-25,10,1.0,390638,arthur-cabral
25/26,Edema do osso,2025-09-12,2025-09-23,12,3.0,390638,arthur-cabral
25/26,Problemas musculares na coxa,2025-08-15,2025-08-20,6,1.0,390638,arthur-cabral
24/25,Lesão desconhecida,2025-02-07,2025-02-10,4,1.0,390638,arthur-cabral
23/24,Problemas na zona lombar,2024-05-11,2024-06-17,38,2.0,390638,arthur-cabral
22/23,Gestão de esforço,2023-05-13,2023-05-15,3,1.0,390638,arthur-cabral
22/23,Lesão no pé,2023-05-06,2023-05-10,5,1.0,390638,arthur-cabral
22/23,Lesão desconhecida,2023-01-07,2023-01-28,22,3.0,390638,arthur-cabral
19/20,Coronavírus,2020-08-19,2020-09-02,15,2.0,390638,arthur-cabral
19/20,Lesão ligamentar,2020-01-04,2020-02-05,33,2.0,390638,arthur-cabral
18/19,Lesão tornozelo,2018-06-09,2018-06-25,17,,390638,arthur-cabral
17/18,lesão na perna,2018-05-16,2018-06-01,17,,390638,arthur-cabral
25/26,Lesão no ombro,2025-09-28,,177,28,270420,joao-ricardo
25/26,Lesão no ombro,2025-09-14,2025-09-26,13,1,270420,joao-ricardo
25/26,Fratura de um dedo,2025-07-10,2025-08-23,45,9,270420,joao-ricardo
22/23,Lesão nos adutores,2023-03-18,2023-05-18,62,15,270420,joao-ricardo
21/22,Lesão dos ligamentos laterais do joelho,2022-06-07,2023-03-31,298,44,137159,matheus-ferraz
18/19,Rotura de ligamentos no joelho,2019-06-14,2020-01-01,202,33,137159,matheus-ferraz
13/14,Rotura dos ligamentos cruzados,2014-02-22,2014-08-22,182,28,137159,matheus-ferraz
21/22,Recuperação ritmo competitivo,2022-02-20,2022-03-14,23,4,206097,ricardo-silva
08/09,Lesão no tornozelo,2009-02-14,2009-03-27,42,5,53011,lima
22/23,Problemas musculares,2022-10-24,2023-01-15,84,5,401539,messias
22/23,Problemas musculares,2022-09-30,2022-10-20,21,4,401539,messias
17/18,Lesão na coxa,2017-11-16,2017-11-20,5,1,401539,messias
21/22,Lesão dos ligamentos laterais do joelho,2022-02-05,,1508,50,55243,carlinhos
14/15,Lesão desconhecida,2015-06-15,2015-08-11,58,11,55243,carlinhos
15/16,Lesão na coxa,2015-07-19,2016-01-11,177,30,270650,giovanni
24/25,Lesão na coxa,2025-05-13,2025-06-11,30,4,101506,aderlan
24/25,Cirurgia Ligamento Cruzado,2024-07-15,2025-04-26,286,42,101506,aderlan
23/24,Luxação,2024-04-23,2024-06-02,41,6,101506,aderlan
23/24,Lesão na coxa,2024-03-08,2024-03-30,23,3,101506,aderlan
17/18,Lesão muscular,2017-10-21,2017-11-01,12,3,52929,wesley
11/12,Rotura dos ligamentos cruzados,2012-04-10,2012-10-15,189,43,52929,wesley
10/11,Sehnenanriss,2010-11-21,2011-03-07,107,14,52929,wesley
14/15,Lesão num dedo do pé,2015-04-29,2015-07-01,64,14,19206,david
10/11,Lesão desconhecida,2010-08-05,2010-11-01,89,15,27303,gerson-magrao
20/21,Lesão desconhecida,2020-10-05,2020-10-12,8,1,74198,renan-oliveira
19/20,Problemas musculares na coxa,2019-08-01,2019-08-15,15,2,71079,ruytm
21/22,Fratura do Metatarso,2021-12-13,2022-04-01,110,7,329013,serginho
21/22,Fratura do Metatarso,2021-08-15,2021-12-12,120,2,329013,serginho
19/20,Lesão na coxa,2019-10-07,2019-10-30,24,4,329013,serginho
24/25,Lesão na coxa,2024-07-16,2024-08-17,33,5,401533,matheusinho
22/23,Edema no joelho,2023-04-30,2023-07-05,67,15,401533,matheusinho
20/21,Coronavírus,2021-01-15,2021-01-29,15,2,401533,matheusinho
20/21,Lesão na coxa,2020-11-03,2021-01-14,73,12,401533,matheusinho
17/18,Lesão dos ligamentos laterais do joelho,2017-10-23,2018-07-20,271,36,401533,matheusinho
18/19,Rotura do tendão de Aquiles,2019-04-24,2020-04-01,344,51,75380,luan
09/10,Lesão no tornozelo,2009-07-23,2009-09-01,41,6,75380,luan
25/26,Lesão na coxa,2025-08-25,2025-09-27,34,8,544259,ademir
24/25,Lesão muscular,2025-05-08,2025-05-27,20,5,544259,ademir
24/25,Lesão na coxa,2024-07-22,2024-08-28,38,8,544259,ademir
21/22,Rotura dos ligamentos cruzados,2022-06-07,2022-12-31,208,32,688773,matheusinho
24/25,Lesão na coxa,2025-04-22,2025-05-16,25,4,329845,aylon
24/25,Rotura dos ligamentos cruzados,2025-06-06,,291,,476334,pilar
14/15,Artroscopia,2015-04-01,2015-05-03,33,7,32561,jefferson
06/07,Ruptura muscular do músculo do perônio,2007-03-12,2007-06-30,111,12,32561,jefferson
06/07,Lesão do punho,2006-08-08,2006-08-21,14,3,32561,jefferson
05/06,Ligamento intra-articular rasgado do joelho,2006-01-20,2006-02-15,27,3,32561,jefferson
11/12,Problemas no Joelho,2011-11-16,2012-01-19,65,5,107318,roberto-fernandez
11/12,Lesão no joelho,2011-08-08,2011-10-17,71,9,107318,roberto-fernandez
22/23,Lesão desconhecida,2022-10-13,2022-11-14,33,6,610417,andrew
19/20,Problemas musculares na coxa,2019-08-01,2019-08-06,6,2,87323,joel-carli
24/25,Lesão na coxa,2025-04-02,2025-04-19,18,4,341701,igor-rabello
23/24,Lesão na coxa,2023-08-11,2023-09-04,25,4,341701,igor-rabello
22/23,Lesão dos ligamentos laterais do joelho,2022-08-21,2023-05-15,268,41,341701,igor-rabello
25/26,Lesão desconhecida,2025-09-22,2025-11-02,42,6,423981,wellington-priori
25/26,Lesão na coxa,2025-08-23,2025-11-19,89,13,476339,marcelo-benevenuto
22/23,Lesão na coxa,2023-04-30,2023-05-23,24,5,476339,marcelo-benevenuto
22/23,Entorse do tornozelo,2022-10-08,2022-10-20,13,2,476339,marcelo-benevenuto
25/26,Lesão na coxa,2026-02-12,,40,10,524446,kanu
24/25,Lesão muscular,2025-04-14,2025-10-04,174,40,524446,kanu
25/26,Lesão muscular,2025-10-31,2025-11-15,16,2,368468,moises
23/24,Lesão muscular,2024-05-15,2024-06-10,27,2,368468,moises
23/24,Entorse na tibiotársica,2023-09-16,2023-10-03,18,3,368468,moises
22/23,Lesão desconhecida,2022-07-31,2022-12-01,124,20,186922,rodrigo-lindoso
20/21,Coronavírus,2021-01-01,2021-01-10,10,2,292160,marcelo-santos
25/26,Lesão na coxa,2025-11-07,2025-11-21,15,2,351892,matheus-fernandes
25/26,Lesão na panturrilha,2025-07-10,2025-08-15,37,9,351892,matheus-fernandes
24/25,Problemas musculares na coxa,2025-04-07,2025-04-15,9,1,351892,matheus-fernandes
24/25,Lesão na coxa,2025-01-15,2025-02-03,20,6,351892,matheus-fernandes
24/25,Lesão na coxa,2024-08-01,2024-09-14,45,9,351892,matheus-fernandes
23/24,Lesão na coxa,2024-06-21,2024-07-16,26,5,351892,matheus-fernandes
23/24,Lesão muscular,2024-04-09,2024-04-27,19,5,351892,matheus-fernandes
23/24,Lesão muscular,2024-02-18,2024-03-12,24,6,351892,matheus-fernandes
23/24,Lesão muscular,2024-02-01,2024-02-13,13,3,351892,matheus-fernandes
20/21,Problemas musculares,2020-09-14,2020-10-26,43,6,351892,matheus-fernandes
19/20,Lesão na coxa,2020-06-24,2020-07-10,17,3,351892,matheus-fernandes
25/26,Lesão na coxa,2026-01-05,2026-01-08,4,1,529609,rickson
21/22,Lesão desconhecida,2021-12-08,2022-06-30,205,,355437,jonathan-fernandes
25/26,Lesão meniscal,2025-07-03,2025-09-19,79,16,135984,joao-paulo
24/25,Lesão na panturrilha,2024-09-03,2024-10-04,32,5,135984,joao-paulo
23/24,Lesão na anca,2024-02-19,2024-04-04,46,5,135984,joao-paulo
22/23,Problemas musculares,2023-04-04,2023-04-10,7,1,135984,joao-paulo
21/22,Rotura dos ligamentos cruzados,2022-05-05,2022-12-31,241,28,135984,joao-paulo
17/18,Fratura da tíbia,2018-03-19,2018-08-07,142,25,135984,joao-paulo
10/11,Rotura do menisco lateral,2010-12-13,2011-02-01,51,8,22943,dudu-cearense
14/15,Traumatismo,2015-06-03,2015-06-26,24,4,189963,marcos-vinicius
23/24,Problemas na panturrilha,2024-03-23,2024-04-03,12,2,201318,leonardo-valencia
20/21,Lesão desconhecida,2021-06-26,2021-07-22,27,5,201318,leonardo-valencia
20/21,Muskelbündelriss,2020-10-12,2020-10-18,7,1,201318,leonardo-valencia
18/19,Ruptura muscular do músculo do perônio,2018-09-21,2018-10-22,32,6,201318,leonardo-valencia
15/16,Problemas na panturrilha,2016-01-22,2016-01-27,6,1,201318,leonardo-valencia
11/12,Fratura do perónio,2011-10-27,2011-12-09,44,4,76134,rodrigo-pimpao
24/25,Lesão muscular,2024-09-26,2024-10-02,7,1,372013,luiz-fernando
24/25,Problemas no flexor direito da anca,2024-09-02,2025-04-12,223,19,525828,ezequiel
23/24,Lesão na coxa,2024-04-01,2024-06-02,63,13,525828,ezequiel
23/24,Queixas adutores,2023-08-07,2023-09-04,29,4,525828,ezequiel
21/22,Lesão tornozelo,2022-03-24,2022-07-24,123,26,525828,ezequiel
24/25,Lesão desconhecida,2024-12-26,2025-01-30,36,4,189410,rodrigo-aguirre
23/24,Fratura do nariz,2023-10-23,2023-11-14,23,6,189410,rodrigo-aguirre
23/24,Rotura muscular na coxa,2023-07-27,2023-08-19,24,5,189410,rodrigo-aguirre
22/23,Ligamento intra-articular rasgado do joelho,2022-07-19,2022-08-03,16,3,189410,rodrigo-aguirre
21/22,Coronavírus,2022-02-17,2022-02-28,12,2,189410,rodrigo-aguirre
20/21,Lesão muscular,2021-01-30,2021-03-18,48,7,189410,rodrigo-aguirre
17/18,Recuperação ritmo competitivo,2018-02-01,2018-05-07,96,16,189410,rodrigo-aguirre
17/18,Lesão meniscal,2017-12-01,2018-01-31,62,5,189410,rodrigo-aguirre
17/18,Problemas no Joelho,2017-11-17,2017-11-24,8,2,189410,rodrigo-aguirre
17/18,Lesão no tornozelo,2017-08-20,2017-08-29,10,1,189410,rodrigo-aguirre
17/18,Problemas no Joelho,2017-06-27,2017-07-14,18,3,189410,rodrigo-aguirre
16/17,Lesão na cabeça,2017-04-29,2017-05-15,17,3,189410,rodrigo-aguirre
15/16,Ferimento na musculatura da barriga,2015-12-17,2016-01-04,19,1,189410,rodrigo-aguirre
14/15,Lesão no joelho,2014-08-04,2014-09-11,39,2,189410,rodrigo-aguirre
23/24,Muskelbündelriss,2023-07-28,2023-09-09,44,4,435046,brenner
23/24,Lesão desconhecida,2024-02-20,2024-03-25,35,4,476338,pachu
24/25,Rotura do tendão de Aquiles,2024-09-20,2025-07-15,299,44,159893,richard-costa
24/25,Lesão na coxa,2025-05-19,2025-08-02,76,10,349513,neris
23/24,Lesão no tornozelo,2024-03-01,2024-03-07,7,1,349513,neris
22/23,Lesão na coxa,2023-03-03,2023-03-20,18,3,349513,neris
19/20,Síndrome gripal,2019-12-13,2019-12-17,5,1,349513,neris
25/26,Lesão na coxa,2025-09-03,2025-10-07,35,6,363156,jesiel
24/25,Lesão na coxa,2025-04-06,2025-06-20,76,15,363156,jesiel
24/25,Lesão na coxa,2025-01-24,2025-03-17,53,9,363156,jesiel
24/25,Lesão na coxa,2024-07-03,2024-11-02,123,21,363156,jesiel
23/24,Lesão nos adutores,2024-04-08,2024-04-21,14,2,363156,jesiel
22/23,Meniskusschaden,2023-03-04,2023-10-22,233,40,363156,jesiel
22/23,Fratura da mão,2022-10-05,2022-10-19,15,2,363156,jesiel
21/22,Lesão do ligamento cruzado,2021-11-08,2022-07-10,245,33,363156,jesiel
19/20,Lesão muscular,2020-07-12,2020-07-23,12,2,363156,jesiel
19/20,Rotura muscular na coxa,2019-09-05,2019-10-27,53,9,363156,jesiel
25/26,Lesão na coxa,2026-03-06,,18,1,420064,caio-henrique
25/26,Lesão no pé,2025-10-24,2025-10-31,8,2,420064,caio-henrique
23/24,Rotura dos ligamentos cruzados,2023-09-23,2024-04-22,213,32,420064,caio-henrique
22/23,Coronavírus,2022-08-01,2022-08-08,8,2,420064,caio-henrique
20/21,Pancada na coxa,2020-09-04,2020-10-14,41,4,420064,caio-henrique
20/21,Equimose no tornozelo,2020-08-29,2020-09-05,8,1,420064,caio-henrique
25/26,Lesão na coxa,2026-02-17,,36,4,520480,igor-carius
25/26,Lesão na panturrilha,2025-08-17,2025-09-20,35,3,520480,igor-carius
24/25,Lesão na coxa,2025-04-07,2025-04-25,19,3,520480,igor-carius
24/25,Problema neurológico,2025-03-30,2025-04-05,7,1,520480,igor-carius
22/23,Contusão no tornozelo,2022-10-07,2022-10-15,9,1,520480,igor-carius
21/22,Distensão da panturrilha,2021-07-23,2021-08-18,27,6,520480,igor-carius
18/19,Fratura na grelha costal,2018-09-16,2018-10-11,26,3,520480,igor-carius
18/19,Lesão na anca,2018-07-24,2018-08-01,9,2,520480,igor-carius
17/18,lesão na perna,2018-04-15,2018-05-10,26,4,520480,igor-carius
24/25,Lesão desconhecida,2024-11-25,2025-05-31,188,19,554947,juninho
20/21,Lesão no tornozelo,2021-01-10,2021-01-22,13,2,154990,rene-santos
15/16,Lesão desconhecida,2016-04-03,2016-04-13,11,2,154990,rene-santos
12/13,Distorção do tornozelo,2012-08-08,2012-08-29,22,3,154990,rene-santos
22/23,Lesão desconhecida,2022-10-05,2022-10-10,6,1.0,347090,leandro-vilela
17/18,lesão na perna,2017-10-03,2017-11-06,35,,347090,leandro-vilela
25/26,Lesão no tornozelo,2026-01-21,2026-02-24,35,5,468167,jhony-douglas
24/25,Lesão na coxa,2024-08-05,2024-10-19,76,17.0,219835,alex-santana
23/24,Lesão no joelho,2024-01-28,2024-03-09,42,8.0,219835,alex-santana
21/22,Lesão muscular,2022-04-28,2022-05-24,27,4.0,219835,alex-santana
21/22,Pequena lesão,2021-12-11,2021-12-13,3,,219835,alex-santana
21/22,Lesão desconhecida,2021-10-31,2021-12-10,41,8.0,219835,alex-santana
21/22,Gestão de esforço,2021-07-31,2021-07-31,1,1.0,219835,alex-santana
21/22,Pequena lesão,2021-07-30,2021-08-01,3,1.0,219835,alex-santana
20/21,Lesão desconhecida,2021-06-06,2021-06-30,25,,219835,alex-santana
20/21,Pequena lesão,2021-05-25,2021-05-27,3,1.0,219835,alex-santana
20/21,Problemas físicos,2021-04-17,2021-04-19,3,1.0,219835,alex-santana
20/21,Pequena lesão,2021-02-14,2021-02-21,8,2.0,219835,alex-santana
20/21,Problemas físicos,2020-11-27,2020-11-30,4,1.0,219835,alex-santana
20/21,Problemas físicos,2020-05-19,2020-12-21,217,4.0,219835,alex-santana
18/19,Pequena lesão,2019-12-07,2019-12-10,4,1.0,219835,alex-santana
18/19,Lesão muscular,2019-09-20,2019-10-24,35,8.0,219835,alex-santana
19/20,Lesão na coxa,2019-08-07,2019-08-26,20,2.0,219835,alex-santana
18/19,Choque,2019-06-01,2019-06-03,3,1.0,219835,alex-santana
18/19,Pequena lesão,2019-04-26,2019-04-28,3,1.0,219835,alex-santana
25/26,Lesão na coxa,2026-02-09,2026-03-14,34,5.0,323934,matheus-pereira
25/26,Lesão na coxa,2025-10-16,2025-11-05,21,4.0,323934,matheus-pereira
25/26,Lesão na coxa,2025-08-10,2025-08-23,14,3.0,323934,matheus-pereira
21/22,Coronavírus,2022-01-01,2022-01-08,8,,323934,matheus-pereira
18/19,Lesão desconhecida,2018-12-24,2019-01-23,31,2.0,323934,matheus-pereira
14/15,Ruptura muscular do músculo do perônio,2015-02-01,2015-03-01,29,,52406,carlos-eduardo
12/13,Angina,2012-07-25,2012-08-25,32,4.0,52406,carlos-eduardo
11/12,Operado ao joelho,2012-01-17,2012-05-17,122,17.0,52406,carlos-eduardo
10/11,Lesão no joelho,2010-11-11,2011-09-11,305,35.0,52406,carlos-eduardo
08/09,Traumatismo,2008-09-24,2008-09-30,7,1.0,52406,carlos-eduardo
23/24,Lesão na coxa,2024-05-05,2024-05-13,9,1,212902,guilherme-biteco
11/12,Meniskuseinriss,2012-01-01,2012-05-01,122,10,72860,zezinho
17/18,Lesão desconhecida,2017-10-19,2017-10-23,5,1,519854,joao-paulo
24/25,Lesão na panturrilha,2024-11-24,2024-12-03,10,1,405720,diego-goncalves
24/25,Problemas musculares na coxa,2024-09-12,2024-10-25,44,5,405720,diego-goncalves
23/24,Lesão desconhecida,2024-03-02,2024-03-20,19,2,579354,raphael-utzig
22/23,Lesão desconhecida,2023-03-17,2023-04-11,26,2,579354,raphael-utzig
22/23,Lesão desconhecida,2022-11-20,2022-12-15,26,5,579354,raphael-utzig
22/23,Lesão desconhecida,2022-10-30,2022-11-08,10,1,579354,raphael-utzig
18/19,Lesão no tornozelo,2018-07-20,2018-09-10,53,11,385648,thiago-santos
17/18,Lesão muscular,2018-05-01,2018-06-01,32,4,385648,thiago-santos
20/21,Coronavírus,2020-11-20,2020-12-04,15,2,286772,vinicius
19/20,Lesão no dedo polegar,2019-10-07,2020-01-01,87,11,286772,vinicius
25/26,Lesão na panturrilha,2026-03-12,,13,3.0,149752,vitor-hugo
22/23,Lesão no nariz,2022-12-10,2022-12-18,9,,149752,vitor-hugo
21/22,Recuperação ritmo competitivo,2022-04-01,2022-04-04,4,1.0,149752,vitor-hugo
21/22,Fratura da tíbia,2022-03-01,2022-04-01,32,3.0,149752,vitor-hugo
21/22,Recuperação ritmo competitivo,2022-01-04,2022-01-08,5,1.0,149752,vitor-hugo
21/22,Lesão muscular,2021-12-20,2022-01-04,16,3.0,149752,vitor-hugo
20/21,Lesão na virilha,2021-04-28,2021-05-09,12,1.0,149752,vitor-hugo
20/21,Fratura do nariz,2021-02-28,2021-03-03,4,,149752,vitor-hugo
20/21,Stauchung der Wirbelsäule,2020-12-26,2021-01-07,13,2.0,149752,vitor-hugo
18/19,Operação na virilha,2019-12-04,2020-02-09,68,7.0,149752,vitor-hugo
18/19,Problemas musculares,2019-01-30,2019-02-04,6,1.0,149752,vitor-hugo
17/18,Lesão no bíceps femoral,2018-04-26,2018-05-15,20,3.0,149752,vitor-hugo
22/23,Problemas musculares na coxa,2023-02-26,2023-04-13,47,14,688668,lucas-esteves
22/23,Lesão dos ligamentos laterais do joelho,2023-04-02,2023-12-31,274,38,689737,patrick-de-lucca
15/16,Problemas musculares,2015-11-23,2015-12-08,16,3,54170,ramires
14/15,Problemas nos rins,2015-05-03,2015-06-01,30,4,54170,ramires
14/15,Lesão nos adutores,2014-09-22,2014-10-20,29,5,54170,ramires
20/21,Lesão desconhecida,2021-01-13,2021-02-24,43,7,327911,felipe-pires
16/17,Lesão no tornozelo,2017-04-07,2017-04-15,9,1,327911,felipe-pires
15/16,Lesão no joelho,2015-07-17,2015-07-19,3,1,327911,felipe-pires
24/25,Problemas musculares na coxa,2025-04-21,2025-05-09,19,3,363794,carlos-eduardo
24/25,Lesão na coxa,2025-02-05,2025-02-21,17,4,363794,carlos-eduardo
25/26,Lesão na coxa,2025-09-22,2025-10-19,28,5,627221,gabriel-veron
24/25,Lesão na coxa,2024-07-23,2024-09-05,45,10,627221,gabriel-veron
23/24,Operação ao pé,2024-01-23,2024-04-09,78,14,627221,gabriel-veron
23/24,Ruptura muscular na coxa,2023-10-11,2023-12-31,82,15,627221,gabriel-veron
23/24,Lesão nos adutores,2023-07-26,2023-10-04,71,9,627221,gabriel-veron
22/23,Lesão tornozelo,2023-01-30,2023-03-04,34,7,627221,gabriel-veron
22/23,Lesão desconhecida,2022-10-28,2022-12-04,38,6,627221,gabriel-veron
20/21,Lesão na coxa,2021-04-16,2021-07-10,86,30,627221,gabriel-veron
20/21,Coronavírus,2020-11-20,2020-11-28,9,2,627221,gabriel-veron
17/18,Lesão no joelho,2018-09-20,2019-02-15,149,14,106076,ricardo-goulart
15/16,Lesão desconhecida,2015-07-14,2015-07-21,8,2,106076,ricardo-goulart
23/24,Doente,2024-04-27,2024-05-02,6,1,48974,luiz-adriano
20/21,Coronavírus,2021-04-06,2021-04-13,8,2,48974,luiz-adriano
19/20,Problemas musculares na coxa,2019-10-11,2019-11-05,26,6,48974,luiz-adriano
18/19,Lesão no joelho,2019-04-21,2019-05-10,20,3,48974,luiz-adriano
16/17,Lesão na coxa,2017-04-09,2017-04-26,18,3,48974,luiz-adriano
16/17,Lesão na panturrilha,2017-03-06,2017-04-02,28,2,48974,luiz-adriano
15/16,Lesão da parede abdominal,2016-04-15,2016-04-23,9,2,48974,luiz-adriano
15/16,lesão na perna,2016-02-22,2016-03-08,16,4,48974,luiz-adriano
15/16,Traumatismo grade costal,2016-01-26,2016-02-12,18,3,48974,luiz-adriano
11/12,Constipação,2011-10-27,2011-11-01,6,1,48974,luiz-adriano
25/26,Lesão muscular,2025-12-19,2026-01-02,15,2.0,210178,pablo-mari
24/25,Fadiga muscular,2025-01-13,2025-02-11,30,5.0,210178,pablo-mari
23/24,Reação de estresse do osso,2023-12-08,2023-12-22,15,2.0,210178,pablo-mari
23/24,Lesão desconhecida,2023-11-11,2023-11-25,15,1.0,210178,pablo-mari
22/23,Traumatismo,2023-05-07,2023-05-12,6,,210178,pablo-mari
22/23,Operação,2022-10-27,2022-12-22,57,4.0,210178,pablo-mari
22/23,Ferimento na musculatura da barriga,2022-08-18,2022-09-05,19,3.0,210178,pablo-mari
20/21,Lesão na panturrilha,2021-01-14,2021-02-08,26,6.0,210178,pablo-mari
20/21,Lesão tornozelo,2020-06-15,2020-12-03,172,26.0,210178,pablo-mari
17/18,Lesão no tornozelo,2017-10-19,2017-11-16,29,2.0,210178,pablo-mari
15/16,Fibra muscular rasgado,2016-04-07,2016-05-23,47,6.0,210178,pablo-mari
23/24,Problemas musculares na coxa,2023-09-12,2023-09-22,11,3,21725,filipe-luis
22/23,Lesão muscular,2023-04-13,2023-05-16,34,10,21725,filipe-luis
19/20,Entorse no joelho,2019-10-03,2019-10-19,17,4,21725,filipe-luis
18/19,Lesão muscular,2019-03-04,2019-03-28,25,5,21725,filipe-luis
18/19,Lesão muscular,2018-12-16,2019-02-02,49,7,21725,filipe-luis
18/19,Lesão muscular,2018-11-29,2018-12-10,12,3,21725,filipe-luis
17/18,Fratura do perónio,2018-03-15,2018-05-02,49,12,21725,filipe-luis
17/18,Lesão na coxa,2017-12-28,2018-02-08,43,9,21725,filipe-luis
17/18,Distensão da panturrilha,2017-11-02,2017-11-16,15,3,21725,filipe-luis
17/18,Lesão muscular,2017-09-28,2017-10-12,15,3,21725,filipe-luis
17/18,Lesão muscular,2017-08-03,2017-08-24,22,1,21725,filipe-luis
16/17,Lesão muscular,2016-12-05,2017-01-02,29,4,21725,filipe-luis
16/17,Lesão na coxa,2016-11-24,2016-12-01,8,2,21725,filipe-luis
15/16,Queixas adutores,2016-05-30,2016-06-02,4,1,21725,filipe-luis
13/14,Rotura muscular na coxa,2014-01-30,2014-02-20,22,6,21725,filipe-luis
09/10,Problemas físicos,2010-01-25,2010-04-29,95,17,21725,filipe-luis
23/24,lesão na perna,2024-04-05,2024-07-05,92,21,33947,rafinha
23/24,Rotura num tendão,2024-02-04,2024-03-08,34,7,33947,rafinha
22/23,Entorse do tornozelo,2023-01-22,2023-03-31,69,10,33947,rafinha
22/23,Lesão desconhecida,2022-08-09,2022-08-16,8,2,33947,rafinha
22/23,Síndrome gripal,2022-07-02,2022-07-05,4,1,33947,rafinha
18/19,Lesão nos ligamentos do tornozelo,2018-09-16,2018-10-16,31,6,33947,rafinha
17/18,Choque,2017-11-20,2017-11-24,5,1,33947,rafinha
16/17,Queixas adutores,2016-10-27,2016-10-31,5,1,33947,rafinha
15/16,Traumatismo no joelho,2016-01-18,2016-01-28,11,1,33947,rafinha
14/15,Lesão ligamentar,2015-01-29,2015-02-09,12,3,33947,rafinha
14/15,Rotura do ligamento lateral,2014-08-11,2014-09-15,36,7,33947,rafinha
12/13,Síndrome gripal,2013-02-25,2013-03-07,11,2,33947,rafinha
12/13,Lesão na cápsula,2013-01-28,2013-02-04,8,1,33947,rafinha
12/13,Rotura de ligamentos do tarso,2012-07-19,2012-09-06,50,5,33947,rafinha
11/12,Síndrome gripal,2012-03-08,2012-03-12,5,1,33947,rafinha
09/10,Síndrome gripal,2009-12-17,2009-12-21,5,1,33947,rafinha
25/26,Rotura de ligamentos no joelho,2026-03-16,,9,2,672292,joao-lucas
25/26,Lesão muscular,2025-08-03,2025-09-30,59,8,672292,joao-lucas
24/25,Problemas musculares,2025-05-13,2025-07-25,74,10,672292,joao-lucas
24/25,Lesão na coxa,2024-07-28,2024-08-23,27,6,672292,joao-lucas
22/23,Problemas físicos,2022-10-07,2022-10-25,19,3,672292,joao-lucas
25/26,Doente,2026-02-02,2026-02-09,8,1,663581,vini-souza
25/26,Queixas adutores,2025-12-03,2025-12-10,8,1,663581,vini-souza
24/25,Lesão na coxa,2025-03-09,2025-03-31,23,3,663581,vini-souza
24/25,Lesão na coxa,2024-12-27,2025-01-22,27,6,663581,vini-souza
24/25,Lesão na coxa,2024-12-11,2024-12-23,13,2,663581,vini-souza
25/26,Fadiga muscular,2026-03-16,2026-03-21,6,1,341705,gerson
25/26,Lesão na anca,2025-08-23,2025-10-17,56,8,341705,gerson
24/25,Lesão na coxa,2025-03-22,2025-04-05,15,3,341705,gerson
24/25,Problemas nos rins,2024-02-18,2024-04-11,54,10,341705,gerson
22/23,Problemas musculares na coxa,2023-05-01,2023-05-16,16,4,341705,gerson
22/23,Problemas na tibiotársica,2022-08-21,2022-08-30,10,1,341705,gerson
21/22,Coronavírus,2022-01-06,2022-01-13,8,1,341705,gerson
23/24,Lesão na coxa,2023-12-02,2023-12-24,23,4,627226,reinier
22/23,Lesão na coxa,2022-12-20,2023-02-11,54,8,627226,reinier
22/23,Lesão no tornozelo,2022-11-01,2022-11-30,30,3,627226,reinier
22/23,Problemas musculares,2022-10-01,2022-10-22,22,4,627226,reinier
20/21,Problemas musculares,2020-12-17,2020-12-23,7,2,627226,reinier
20/21,Coronavírus,2020-11-23,2020-12-09,17,5,627226,reinier
19/20,Lesão muscular,2020-06-23,2020-07-08,16,4,627226,reinier
25/26,Lesão do punho,2025-12-03,2026-01-09,38,1,227671,tiago-volpi
25/26,Lesão muscular,2025-09-25,2025-10-25,31,5,227671,tiago-volpi
22/23,Tendinite,2022-10-05,2023-03-11,158,22,546212,diego-costa
22/23,Entorse na tibiotársica,2022-08-29,2022-10-20,53,10,673492,morato
19/20,Lesão muscular,2020-01-06,2020-01-23,18,2,673492,morato
24/25,Lesão na tíbia,2024-08-04,2024-12-06,125,21,729266,lucas-fasson
23/24,Lesão muscular,2024-04-20,2024-05-09,20,3,729266,lucas-fasson
22/23,Recuperação ritmo competitivo,2023-04-30,2023-05-25,26,4,729266,lucas-fasson
22/23,Rotura dos ligamentos cruzados,2022-07-24,2023-04-29,280,31,729266,lucas-fasson
19/20,Rotura dos ligamentos cruzados,2020-01-12,2022-06-08,879,170,574903,walce
24/25,Fratura da clavícula,2024-08-18,2024-11-19,94,15,662326,patryck
23/24,Lesão muscular,2024-04-03,2024-04-16,14,3,662326,patryck
23/24,Lesão no tornozelo,2023-07-24,2023-09-04,43,11,662326,patryck
25/26,Lesão no tornozelo,2025-08-24,2025-10-17,55,8,729264,welington
24/25,Lesão na coxa,2024-11-04,2025-01-01,59,7,729264,welington
23/24,Lesão nos ligamentos do tornozelo,2024-04-30,2024-05-12,13,3,729264,welington
22/23,Lesão no tornozelo,2023-03-13,2023-06-29,109,22,729264,welington
22/23,Ligamento Esticado,2023-02-12,2023-03-04,21,3,729264,welington
21/22,Lesão na anca,2021-08-08,2021-09-10,34,5,729264,welington
20/21,Coronavírus,2021-03-10,2021-03-27,18,1,729264,welington
18/19,Lesão na panturrilha,2018-11-22,2018-12-22,31,6,16635,juanfran-torres
18/19,Lesão muscular,2018-08-26,2018-09-13,19,1,16635,juanfran-torres
17/18,Lesão na coxa,2018-04-23,2018-05-10,18,4,16635,juanfran-torres
17/18,Lesão na coxa,2018-03-16,2018-04-04,20,2,16635,juanfran-torres
17/18,Lesão na coxa,2017-11-21,2017-12-13,23,6,16635,juanfran-torres
16/17,Lesão na coxa,2017-04-20,2017-07-20,92,8,16635,juanfran-torres
16/17,Lesão na coxa,2017-02-13,2017-03-04,20,4,16635,juanfran-torres
15/16,Queixas adutores,2015-11-09,2015-11-23,15,2,16635,juanfran-torres
12/13,Entorse,2012-08-15,2012-08-30,16,1,16635,juanfran-torres
09/10,Apendicite,2010-02-02,2010-02-18,17,2,16635,juanfran-torres
22/23,Lesão no joelho,2022-09-29,2022-10-02,4,1.0,15951,dani-alves
21/22,Coronavírus,2021-12-27,2022-01-03,8,1.0,15951,dani-alves
20/21,Lesão no joelho,2021-05-22,2021-06-22,32,13.0,15951,dani-alves
20/21,Fratura do antebraço,2020-08-27,2020-09-25,30,7.0,15951,dani-alves
18/19,Lesão no joelho,2019-03-18,2019-04-02,16,3.0,15951,dani-alves
18/19,Recuperação ritmo competitivo,2018-10-31,2018-11-01,2,,15951,dani-alves
18/19,Lesão do ligamento cruzado,2018-05-09,2018-11-21,197,33.0,15951,dani-alves
17/18,Problemas no Joelho,2018-04-02,2018-04-12,11,1.0,15951,dani-alves
16/17,Fratura do perónio,2016-11-28,2017-01-19,53,8.0,15951,dani-alves
16/17,Traumatismo,2016-09-15,2016-09-19,5,,15951,dani-alves
15/16,Lesão na virilha,2015-08-24,2015-09-18,26,5.0,15951,dani-alves
12/13,Lesão no bíceps femoral,2012-11-26,2012-12-08,13,3.0,15951,dani-alves
12/13,Muskelbündelriss,2012-10-08,2012-10-26,19,4.0,15951,dani-alves
12/13,Fratura da clavícula,2012-05-17,2012-07-16,61,5.0,15951,dani-alves
09/10,Muskelbündelriss,2010-02-08,2010-02-18,11,1.0,15951,dani-alves
09/10,Muskelbündelriss,2009-10-21,2009-11-02,13,3.0,15951,dani-alves
25/26,Lesão no cotovelo,2025-08-03,2025-08-19,17,2,468304,rodrigo-nestor
24/25,Entorse do tornozelo,2024-09-02,2024-09-21,20,2,468304,rodrigo-nestor
23/24,Lesão no joelho,2023-11-06,2024-04-08,155,22,468304,rodrigo-nestor
22/23,Lesão no joelho,2023-03-04,2023-07-07,126,26,627222,talles-costa
21/22,Entorse do tornozelo,2022-05-26,2022-07-05,41,10,627222,talles-costa
19/20,Lesão na coxa,2019-08-12,2019-09-15,35,5.0,52897,hernanes
15/16,Lesão nos adutores,2015-11-23,2015-12-18,26,5.0,52897,hernanes
14/15,Queixas adutores,2014-11-27,2014-12-18,22,4.0,52897,hernanes
14/15,Problemas no Joelho,2014-10-29,2014-11-10,13,1.0,52897,hernanes
13/14,Queixas adutores,2014-02-17,2014-02-24,8,1.0,52897,hernanes
13/14,Problemas musculares na coxa,2013-10-31,2013-11-06,7,,52897,hernanes
12/13,Problemas musculares,2013-05-14,2013-05-23,10,1.0,52897,hernanes
12/13,Traumatismo craniano,2013-01-29,2013-02-07,10,2.0,52897,hernanes
12/13,Problemas musculares,2012-11-22,2012-11-27,6,1.0,52897,hernanes
11/12,Problemas musculares na coxa,2012-04-24,2012-05-17,24,5.0,52897,hernanes
11/12,Fratura por Fadiga,2012-01-17,2012-01-19,3,,52897,hernanes
11/12,Lesão meniscal,2012-01-10,2012-01-12,3,,52897,hernanes
11/12,Problemas musculares,2012-01-03,2012-01-05,3,,52897,hernanes
23/24,Febre,2023-09-15,2023-09-17,3,1,84377,jonatan-gomez
22/23,Muskelbündelriss,2023-04-30,2023-05-21,22,3,84377,jonatan-gomez
20/21,Coronavírus,2021-01-05,2021-01-21,17,3,575375,jonas-toro
25/26,Lesão do ligamento cruzado,2025-07-05,2026-05-07,307,16,546218,danilo-gomes
23/24,Problemas musculares,2023-11-20,2023-12-31,42,5.0,37579,alexandre-pato
22/23,Operado ao joelho,2022-08-21,2023-07-07,321,21.0,37579,alexandre-pato
20/21,Operado ao joelho,2021-05-04,2021-10-15,165,26.0,37579,alexandre-pato
20/21,Lesão no joelho,2021-04-18,2021-05-03,16,2.0,37579,alexandre-pato
16/17,Gripe,2016-10-22,2016-11-02,12,2.0,37579,alexandre-pato
16/17,Lesão tornozelo,2016-08-29,2016-09-13,16,1.0,37579,alexandre-pato
15/16,Problemas na virilha,2016-03-07,2016-03-07,1,,37579,alexandre-pato
15/16,Recuperação ritmo competitivo,2016-01-30,2016-03-13,44,9.0,37579,alexandre-pato
14/15,Teilschädigung am Kreuzband,2015-03-19,2015-04-02,15,1.0,37579,alexandre-pato
14/15,Muskelbündelriss,2014-10-16,2014-11-14,30,8.0,37579,alexandre-pato
12/13,Problemas físicos,2012-11-22,2012-12-20,29,7.0,37579,alexandre-pato
12/13,Lesão nos adutores,2012-08-23,2012-10-08,47,12.0,37579,alexandre-pato
11/12,Problemas musculares,2012-04-05,2012-05-14,40,8.0,37579,alexandre-pato
11/12,Problemas musculares,2012-03-01,2012-04-02,33,8.0,37579,alexandre-pato
11/12,Fadiga muscular,2012-02-16,2012-02-23,8,1.0,37579,alexandre-pato
11/12,Lesão muscular,2012-01-19,2012-02-16,29,7.0,37579,alexandre-pato
11/12,Febre,2011-12-01,2011-12-05,5,1.0,37579,alexandre-pato
11/12,Problemas musculares,2011-09-22,2011-11-17,57,15.0,37579,alexandre-pato
10/11,Problemas musculares na coxa,2011-04-18,2011-05-02,15,3.0,37579,alexandre-pato
10/11,Entorse na tibiotársica,2011-03-21,2011-03-31,11,1.0,37579,alexandre-pato
10/11,Problemas no tendão de Aquiles,2010-11-11,2011-01-03,54,9.0,37579,alexandre-pato
10/11,Lesão nos adutores,2010-09-16,2010-09-30,15,4.0,37579,alexandre-pato
10/11,Lesão no tornozelo,2010-08-19,2010-08-23,5,,37579,alexandre-pato
07/08,Flambagem do osso,2008-02-04,2008-02-18,15,3.0,37579,alexandre-pato
25/26,Lesão desconhecida,2026-02-08,2026-02-17,10,1,662332,juan
25/26,Gestão de esforço,2025-12-01,2025-12-04,4,1,662332,juan
24/25,Lesão na coxa,2025-04-12,2025-05-31,50,8,662332,juan
24/25,Lesão desconhecida,2025-02-02,2025-02-18,17,2,662332,juan
24/25,Lesão muscular,2024-12-15,2025-01-01,18,2,662332,juan
22/23,Rotura de ligamentos do tarso,2023-05-13,2023-11-02,174,25,267420,walter-montoya
22/23,Rotura de ligamentos do tarso,2022-07-22,2023-01-01,164,19,267420,walter-montoya
24/25,Lesão no joelho,2025-04-17,2025-06-12,57,10,468320,leo-chu
24/25,Doente,2025-02-25,2025-03-06,10,1,468320,leo-chu
24/25,Lesão na virilha,2024-09-17,2024-10-31,45,6,468320,leo-chu
23/24,Lesão nos adutores,2024-05-17,2024-06-05,20,4,468320,leo-chu
23/24,Fissura da banda do joelho,2024-03-20,2024-04-10,22,3,468320,leo-chu
25/26,Problemas musculares na coxa,2025-11-23,2025-12-01,9,1,689017,ferreirinha
25/26,Lesão nos adutores,2025-09-13,2025-09-17,5,1,689017,ferreirinha
24/25,Lesão no pé,2025-05-15,2025-07-11,58,6,689017,ferreirinha
24/25,Problemas musculares na coxa,2025-02-11,2025-03-02,20,4,689017,ferreirinha
24/25,Lesão na coxa,2024-08-18,2024-10-15,59,11,689017,ferreirinha
22/23,Lesão na coxa,2023-03-26,2023-06-30,97,18,689017,ferreirinha
22/23,Lesão muscular,2022-08-23,2023-01-02,133,13,689017,ferreirinha
21/22,Lesão no joelho,2021-07-11,2021-08-23,44,11,689017,ferreirinha
23/24,Lesão no joelho,2024-02-12,2024-08-27,198,43,711338,jhonata-robert
22/23,Lesão no joelho,2022-10-03,2023-07-28,299,45,711338,jhonata-robert
21/22,Lesão do ligamento cruzado,2022-01-14,2022-09-18,248,46,711338,jhonata-robert
20/21,Lesão no tornozelo,2020-07-15,2021-01-10,180,33,37536,diego-tardelli
14/15,Lesão no joelho,2015-03-03,2015-04-16,45,8,37536,diego-tardelli
10/11,Lesão no joelho,2011-06-10,2011-07-10,31,6,37536,diego-tardelli
08/09,Braço fraturado,2008-08-03,2008-12-31,151,19,37536,diego-tardelli
23/24,Pubalgia,2024-05-18,2024-06-10,24,3,260377,felipe-aguilar
23/24,Muskelbündelriss,2024-02-08,2024-02-22,15,3,260377,felipe-aguilar
22/23,Lesão muscular,2023-04-03,2023-04-28,26,4,260377,felipe-aguilar
21/22,Entorse do tornozelo,2022-03-18,2022-06-01,76,12,260377,felipe-aguilar
21/22,Lesão muscular,2021-08-25,2021-09-25,32,8,260377,felipe-aguilar
16/17,Problemas físicos,2016-08-08,2016-09-05,29,10,260377,felipe-aguilar
24/25,Problemas musculares,2025-04-20,2025-04-26,7,1,671572,wagner-leonardo
20/21,Coronavírus,2021-01-10,2021-01-17,8,2,671572,wagner-leonardo
23/24,Problemas físicos,2024-01-01,2024-05-14,135,24,345084,jorge
22/23,Rotura dos ligamentos cruzados,2023-02-23,2023-12-31,312,62,345084,jorge
20/21,Rotura dos ligamentos cruzados,2020-12-17,2021-06-30,196,25,345084,jorge
20/21,Lesão desconhecida,2020-11-26,2020-12-15,20,4,345084,jorge
17/18,Traumatismo no joelho,2018-04-21,2018-06-29,70,9,345084,jorge
17/18,Traumatismo no joelho,2018-01-20,2018-02-26,38,6,345084,jorge
16/17,Lesão na tíbia,2016-07-21,2016-08-14,25,4,345084,jorge
23/24,Lesão do ligamento cruzado,2023-08-10,2024-05-18,283,41,574768,sandry
22/23,Fratura na face,2023-04-30,2023-06-30,62,11,574768,sandry
22/23,Fratura na face,2023-02-20,2023-03-11,20,4,574768,sandry
20/21,Lesão dos ligamentos laterais do joelho,2021-04-03,2021-11-24,236,60,574768,sandry
20/21,Rotura dos ligamentos cruzados,2021-01-18,2021-08-01,196,50,519875,jobson
10/11,Ruptura muscular,2011-04-24,2011-05-21,28,3,53359,evandro
25/26,Lesão na coxa,2025-12-13,2026-02-07,57,8.0,312294,yeferson-soteldo
25/26,Lesão na coxa,2025-07-31,2025-08-22,23,6.0,312294,yeferson-soteldo
24/25,Lesão muscular,2025-06-15,2025-06-29,15,3.0,312294,yeferson-soteldo
24/25,Lesão no bíceps femoral,2025-05-19,2025-06-06,19,3.0,312294,yeferson-soteldo
24/25,Lesão na coxa,2025-04-14,2025-05-03,20,4.0,312294,yeferson-soteldo
24/25,Lesão nos adutores,2025-03-27,2025-04-05,10,1.0,312294,yeferson-soteldo
24/25,Problemas musculares,2024-09-27,2024-10-01,5,1.0,312294,yeferson-soteldo
23/24,Problemas musculares na coxa,2024-02-01,2024-04-01,61,11.0,312294,yeferson-soteldo
22/23,Lesão muscular,2023-04-30,2023-05-22,23,6.0,312294,yeferson-soteldo
22/23,Lesão na coxa,2022-10-08,2023-01-15,100,10.0,312294,yeferson-soteldo
18/19,Problemas musculares na coxa,2018-09-19,2018-09-22,4,,312294,yeferson-soteldo
17/18,Muskelbündelriss,2018-04-30,2018-05-12,13,2.0,312294,yeferson-soteldo
16/17,Lesão no joelho,2017-03-27,2017-04-06,11,2.0,312294,yeferson-soteldo
25/26,Lesão na coxa,2025-09-14,2025-11-11,59,10,685768,allanzinho
16/17,Rotura dos ligamentos cruzados,2017-04-24,2017-11-28,219,34,327912,lucas-venuto
14/15,Lesão no joelho,2015-03-12,2015-04-02,22,3,327912,lucas-venuto
25/26,Lesão na coxa,2025-07-31,2025-08-16,17,4,563692,bruno-fuchs
22/23,Lesão na coxa,2023-06-26,2023-07-28,33,5,563692,bruno-fuchs
22/23,Inflamação do tendão,2022-10-01,2022-10-24,24,4,563692,bruno-fuchs
22/23,Recuperação ritmo competitivo,2022-07-19,2022-08-14,27,4,563692,bruno-fuchs
21/22,Tendinite,2022-06-20,2022-07-18,29,1,563692,bruno-fuchs
21/22,Inflamação do dente,2022-05-11,2022-05-16,6,1,563692,bruno-fuchs
21/22,Vírus,2022-04-02,2022-04-07,6,1,563692,bruno-fuchs
21/22,Lesão muscular,2022-03-17,2022-04-01,16,1,563692,bruno-fuchs
21/22,Recuperação ritmo competitivo,2021-10-01,2021-10-25,25,3,563692,bruno-fuchs
21/22,Problemas musculares,2021-08-27,2021-09-30,35,4,563692,bruno-fuchs
20/21,Operação ao pé,2020-12-12,2021-04-24,134,12,563692,bruno-fuchs
20/21,Lesão na anca,2020-10-14,2020-12-08,56,14,563692,bruno-fuchs
20/21,Lesão na anca,2020-08-30,2020-10-11,43,4,563692,bruno-fuchs
25/26,Lesão nos adutores,2026-03-10,2026-03-20,11,,322588,natanael
25/26,Problemas físicos,2026-01-07,2026-01-11,5,1.0,322588,natanael
25/26,Traumatismo no joelho,2025-12-02,2025-12-10,9,1,689505,johnny-cardoso
25/26,Lesão tornozelo,2025-09-16,2025-10-30,45,11,689505,johnny-cardoso
24/25,Lesão muscular,2025-03-10,2025-03-15,6,1,689505,johnny-cardoso
24/25,Lesão muscular,2024-11-15,2024-12-10,26,6,689505,johnny-cardoso
24/25,Problemas no Joelho,2024-10-07,2024-10-18,12,2,689505,johnny-cardoso
23/24,Lesão no tornozelo,2023-11-13,2023-12-07,25,3,689505,johnny-cardoso
23/24,Entorse do tornozelo,2023-08-27,2023-09-25,30,5,689505,johnny-cardoso
22/23,Problema nos flexores do quadril,2023-05-01,2023-05-18,18,4,689505,johnny-cardoso
24/25,Lesão do ligamento cruzado,2024-08-18,2025-05-16,272,35,393830,guilherme-parede
22/23,Lesão desconhecida,2022-10-06,2022-11-06,32,6,393830,guilherme-parede
21/22,Rotura dos ligamentos cruzados,2021-04-22,2021-12-15,238,37,393830,guilherme-parede
24/25,Lesão no joelho,2024-11-04,2025-09-25,326,48,641456,pedro-lucas-schwaizer
24/25,Problema nos flexores do quadril,2025-06-02,2025-07-15,44,1,101469,giltm
24/25,Lesão no joelho,2024-07-01,2024-08-09,40,9,671145,joao-victor
22/23,Lesão tornozelo,2022-07-08,2022-09-24,79,13,671145,joao-victor
23/24,Lesão desconhecida,2024-02-08,2024-02-22,15,2,552912,bruno-mendez
21/22,Lesão desconhecida,2022-06-10,2022-06-24,15,2,552912,bruno-mendez
21/22,Lesão na coxa,2021-10-11,2021-10-20,10,3,552912,bruno-mendez
19/20,Lesão na zona pélvica,2019-11-29,2020-06-01,186,3,552912,bruno-mendez
25/26,Entorse no joelho,2025-12-03,2026-01-14,43,5,670201,lucas-piton
25/26,Lesão na panturrilha,2025-09-12,2025-10-04,23,5,670201,lucas-piton
24/25,Problemas musculares,2024-07-29,2024-08-17,20,2,670201,lucas-piton
22/23,Problemas musculares,2022-11-07,2022-12-28,52,2,670201,lucas-piton
25/26,Vírus,2025-10-09,2025-10-18,10,1,617687,matheus-alexandre
24/25,Lesão no joelho,2024-08-18,2024-09-04,18,2,617687,matheus-alexandre
24/25,Lesão muscular,2024-07-03,2024-07-17,15,2,617687,matheus-alexandre
23/24,Lesão na coxa,2024-04-01,2024-04-13,13,2,617687,matheus-alexandre
20/21,Problemas no Joelho,2021-02-27,2021-05-19,82,,688690,igor-formiga
24/25,lesão na perna,2025-05-24,2025-05-27,4,1,144789,junior-urso
24/25,lesão na perna,2025-04-10,2025-04-24,15,2,144789,junior-urso
23/24,Problemas no tendão de Aquiles,2024-06-17,2024-07-31,45,8,144789,junior-urso
22/23,Lesão muscular,2023-04-24,2023-08-18,117,13,144789,junior-urso
20/21,Lebensmittelvergiftung,2021-06-17,2021-06-21,5,1,490408,fabricio-oya
23/24,Lesão muscular,2024-04-21,2024-05-31,41,4,554300,madson
23/24,Lesão muscular,2024-03-12,2024-04-18,38,4,554300,madson
23/24,Lesão desconhecida,2024-01-09,2024-01-15,7,1,554300,madson
24/25,Lesão muscular,2025-02-13,2025-02-28,16,3,582301,marquinhos
24/25,Lesão muscular,2024-12-07,2025-01-29,54,10,582301,marquinhos
22/23,Lesão muscular,2023-04-30,2023-05-13,14,2,582301,marquinhos
20/21,Fratura do tornozelo,2021-02-28,2021-05-01,63,16,582301,marquinhos
22/23,Fratura da vertebra lombar,2022-09-02,2022-10-20,49,8,670940,janderson
22/23,Problemas musculares,2023-06-24,2023-07-07,14,3,18829,vagner-love
18/19,Lesão desconhecida,2018-12-17,2018-12-24,8,1,18829,vagner-love
17/18,Ruptura muscular do músculo do perônio,2018-04-04,2018-04-20,17,2,18829,vagner-love
17/18,Lesão muscular,2017-11-19,2017-12-11,23,4,18829,vagner-love
16/17,Ruptura muscular do músculo do perônio,2017-04-18,2017-04-30,13,2,18829,vagner-love
07/08,Achillessehnenanriss,2008-04-04,2008-04-25,22,3,18829,vagner-love
23/24,Fadiga muscular,2023-10-25,2023-11-02,9,1,40822,mauro-boselli
23/24,Lesão muscular,2023-09-05,2023-09-29,25,4,40822,mauro-boselli
23/24,Muskelbündelriss,2023-07-19,2023-08-06,19,4,40822,mauro-boselli
22/23,Distensão muscular,2023-05-05,2023-05-11,7,1,40822,mauro-boselli
22/23,Lesão no pé,2022-07-08,2022-08-03,27,6,40822,mauro-boselli
21/22,Entorse do tornozelo,2022-03-14,2022-04-04,22,4,40822,mauro-boselli
12/13,Lesão desconhecida,2013-05-12,2013-05-25,14,2,40822,mauro-boselli
10/11,Lesão desconhecida,2011-01-10,2011-02-18,40,8,40822,mauro-boselli
25/26,Rotura do tendão de Aquiles,2026-03-12,,14,3,371250,edu-ribeiro
25/26,Lesão na coxa,2025-11-30,2026-02-28,91,13,371250,edu-ribeiro
25/26,Lesão na cabeça,2025-11-06,2025-11-11,6,1,371250,edu-ribeiro
25/26,Problemas musculares,2025-10-21,2025-10-31,11,1,371250,edu-ribeiro
22/23,Ligamento Esticado,2023-02-12,2023-03-02,19,3,331057,luis-orejuela
25/26,Lesão no pé,2026-03-09,2026-03-14,6,1,678439,mauricio
24/25,Lesão no ombro,2025-02-17,2025-04-08,51,9,678439,mauricio
24/25,Estiramento do ligamento colateral interno do joelho,2024-10-12,2024-10-25,14,1,678439,mauricio
23/24,Traumatismo no joelho,2024-06-07,2024-07-16,40,10,678439,mauricio
22/23,Estiramento do ligamento colateral interno do joelho,2022-10-11,2022-10-25,15,2,678439,mauricio
24/25,Entorse no joelho,2024-08-09,2024-09-28,51,8,362844,pedro-rocha
23/24,Lesão na coxa,2024-06-27,2024-07-20,24,5,362844,pedro-rocha
22/23,Rotura de ligamentos no joelho,2023-02-16,2023-10-16,243,56,362844,pedro-rocha
18/19,Lesão muscular,2018-09-27,2018-10-06,10,2,362844,pedro-rocha
17/18,Lesão na panturrilha,2017-09-20,2017-09-26,7,1,362844,pedro-rocha
24/25,Lesão desconhecida,2025-02-05,2025-02-25,21,3,184928,joel-tagueu
21/22,Lesão desconhecida,2021-08-09,2021-10-24,77,9,184928,joel-tagueu
18/19,Lesão desconhecida,2018-10-18,2018-11-02,16,3,184928,joel-tagueu
19/20,Problemas musculares na coxa,2019-07-18,2019-08-13,27,5,54323,wilson
25/26,Lesão desconhecida,2026-02-10,,44,3.0,250144,lucas-hernandez
25/26,Lesão desconhecida,2026-01-08,2026-02-03,27,1.0,250144,lucas-hernandez
23/24,Lesão na mão,2024-05-30,2024-07-01,33,4.0,250144,lucas-hernandez
22/23,Lesão muscular,2023-03-19,2023-03-28,10,1.0,250144,lucas-hernandez
18/19,Gestão de esforço,2019-05-03,2019-05-05,3,1.0,250144,lucas-hernandez
18/19,Gestão de esforço,2019-03-29,2019-04-01,4,1.0,250144,lucas-hernandez
18/19,Síndrome gripal,2018-09-21,2018-09-25,5,1.0,250144,lucas-hernandez
17/18,Lesão muscular,2018-05-04,2018-05-08,5,1.0,250144,lucas-hernandez
17/18,Problemas no Joelho,2017-10-16,2017-10-31,16,,250144,lucas-hernandez
16/17,Queixas adutores,2017-03-17,2017-03-22,6,1.0,250144,lucas-hernandez
15/16,Lesão desconhecida,2016-05-16,2016-05-25,10,1.0,250144,lucas-hernandez
24/25,Lesão na coxa,2025-04-07,2025-04-28,22,6,592344,guga
20/21,Coronavírus,2020-11-18,2020-12-03,16,3,592344,guga
24/25,Recuperação ritmo competitivo,2024-07-20,2024-07-26,7,2,726005,guilherme-castilho
23/24,Lesão desconhecida,2024-04-07,2024-06-30,85,4,468256,daniel-penha
23/24,Lesão tornozelo,2024-02-21,2024-02-28,8,1,468256,daniel-penha
22/23,Lesão desconhecida,2023-02-01,2023-09-17,229,20,468256,daniel-penha
21/22,Lesão do ligamento cruzado,2022-09-15,2022-12-31,108,7,468256,daniel-penha
18/19,Lesão desconhecida,2018-08-20,2018-09-12,24,2,70484,maicon-bolt
17/18,Lesão desconhecida,2018-04-07,2018-04-20,14,1,70484,maicon-bolt
15/16,Problemas físicos,2016-02-18,2016-08-08,173,15,70484,maicon-bolt
13/14,Problemas musculares na coxa,2014-04-14,2014-05-12,29,4,70484,maicon-bolt
12/13,Problemas musculares na coxa,2012-11-05,2012-12-03,29,4,70484,maicon-bolt
10/11,Meniskusschaden,2010-10-11,2010-11-11,32,4,70484,maicon-bolt
22/23,Problemas na panturrilha,2023-04-21,2023-04-28,8,1.0,59783,franco-di-santo
22/23,Problemas musculares,2023-01-25,2023-02-01,8,1.0,59783,franco-di-santo
21/22,Rotura muscular na coxa,2021-07-15,2021-08-11,28,5.0,59783,franco-di-santo
18/19,Patellasehnenreizung,2018-12-05,2019-02-02,60,7.0,59783,franco-di-santo
17/18,Problemas musculares,2017-11-20,2017-11-23,4,,59783,franco-di-santo
17/18,Lesão na cápsula,2017-10-02,2017-10-05,4,,59783,franco-di-santo
17/18,Traumatismo,2017-08-31,2017-09-11,12,1.0,59783,franco-di-santo
16/17,Lesão na virilha,2016-10-31,2017-03-02,123,20.0,59783,franco-di-santo
16/17,Lesão na virilha,2016-10-24,2016-10-27,4,1.0,59783,franco-di-santo
16/17,Problemas musculares,2016-09-08,2016-09-08,1,,59783,franco-di-santo
14/15,Rotura muscular na coxa,2015-02-05,2015-02-12,8,1.0,59783,franco-di-santo
14/15,Lesão dos ligamentos laterais,2014-11-20,2015-01-01,43,6.0,59783,franco-di-santo
14/15,Estiramento do ligamento colateral interno do joelho,2014-08-04,2014-08-18,15,1.0,59783,franco-di-santo
13/14,Fibra muscular rasgado,2013-10-03,2013-11-11,40,5.0,59783,franco-di-santo
09/10,Problemas musculares,2009-08-24,2009-09-10,18,2.0,59783,franco-di-santo
08/09,Fibra muscular rasgado,2008-11-13,2008-12-22,40,7.0,59783,franco-di-santo
25/26,Lesão no tornozelo,2026-01-26,,59,12,722457,fabricio
25/26,Lesão na coxa,2025-07-09,2025-08-08,31,8,722457,fabricio
20/21,Coronavírus,2020-10-23,2020-11-10,19,2,593208,matheus-silva
19/20,Lesão desconhecida,2019-11-18,2020-01-16,60,6,593208,matheus-silva
24/25,Lesão desconhecida,2025-04-25,2025-07-01,68,5,686332,edson-fernando
17/18,Lesão no joelho,2017-10-22,2017-12-09,49,8,83886,fernandao
16/17,Fratura cubital,2017-03-17,2017-09-10,178,20,83886,fernandao
16/17,Lesão tornozelo,2016-08-28,2016-10-31,65,10,83886,fernandao
14/15,Rotura muscular na coxa,2014-07-17,2014-07-28,12,1,83886,fernandao
13/14,Lesão desconhecida,2014-03-22,2014-04-01,11,2,83886,fernandao
24/25,Entorse do tornozelo,2025-04-21,2025-06-11,52,8,412372,lucao
24/25,Lesão na coxa,2024-08-11,2024-10-18,69,11,412372,lucao
25/26,Problemas musculares na coxa,2025-10-26,2025-11-18,24,,147410,raul-caceres
25/26,Lesão muscular,2025-08-04,2025-09-12,40,,147410,raul-caceres
24/25,Lesão na coxa,2025-05-15,2025-07-07,54,,147410,raul-caceres
22/23,Problemas musculares na coxa,2022-09-30,2022-10-20,21,4.0,147410,raul-caceres
24/25,Rotura dos ligamentos cruzados,2025-01-23,2025-09-30,251,47,703322,bruno-gomes
23/24,Contusão no tornozelo,2023-09-16,2023-10-16,31,4,703322,bruno-gomes
15/16,Lesão muscular,2015-08-18,2015-08-25,8,1.0,39090,fredy-guarin
14/15,Lesão na coxa,2015-05-12,2015-06-05,25,3.0,39090,fredy-guarin
14/15,Rotura muscular,2014-10-27,2014-11-06,11,2.0,39090,fredy-guarin
14/15,Lesão no tornozelo,2014-10-03,2014-10-09,7,1.0,39090,fredy-guarin
12/13,Problemas físicos,2013-04-18,2013-05-05,18,2.0,39090,fredy-guarin
12/13,Distorção do tornozelo,2013-03-03,2013-03-07,5,,39090,fredy-guarin
12/13,Dilata,2012-11-12,2012-11-26,15,3.0,39090,fredy-guarin
11/12,Tendinite,2012-01-06,2012-03-24,79,16.0,39090,fredy-guarin
11/12,Ruptura muscular do músculo do perônio,2011-11-13,2011-12-31,49,8.0,39090,fredy-guarin
10/11,Flambagem do osso,2010-08-15,2010-09-13,30,7.0,39090,fredy-guarin
09/10,Problemas musculares na coxa,2010-04-07,2010-04-11,5,1.0,39090,fredy-guarin
18/19,Recuperação ritmo competitivo,2018-08-01,2018-10-01,62,8,110074,bruno-cesar
17/18,Lesão no joelho,2018-03-13,2018-06-01,81,13,110074,bruno-cesar
16/17,Lesão muscular,2017-01-29,2017-02-07,10,1,110074,bruno-cesar
25/26,Lesão desconhecida,2025-10-25,2025-11-10,17,3,703324,figueiredo
24/25,Pneumonia,2025-04-17,2025-04-26,10,2.0,677512,talles-magno
24/25,Lesão na coxa,2024-09-22,2024-10-16,25,4.0,677512,talles-magno
24/25,Lesão desconhecida,2024-08-19,2024-08-22,4,1.0,677512,talles-magno
23/24,Lesão no joelho,2024-02-29,2024-05-01,63,9.0,677512,talles-magno
22/23,lesão na perna,2023-05-29,2023-06-02,5,1.0,677512,talles-magno
20/21,Problemas no Joelho,2021-03-28,2021-05-24,58,10.0,677512,talles-magno
20/21,Coronavírus,2020-11-20,2020-12-01,12,3.0,677512,talles-magno
20/21,Coronavírus,2020-03-31,2020-04-15,16,,677512,talles-magno
20/21,Fratura do Metatarso,2020-02-24,2020-06-24,122,5.0,677512,talles-magno
19/20,Lesão na coxa,2019-11-08,2020-01-12,66,7.0,677512,talles-magno
24/25,Lesão muscular,2024-11-22,2024-12-20,29,4,469136,yan-sasse
19/20,Lesão desconhecida,2019-12-05,2019-12-30,26,5,469136,yan-sasse
25/26,Problemas musculares,2025-10-02,2025-10-09,8,1,703321,gabriel-pec
24/25,Problemas na anca,2025-05-06,2025-05-16,11,2,703321,gabriel-pec
24/25,Problemas na anca,2025-04-03,2025-04-07,5,1,703321,gabriel-pec
20/21,Coronavírus,2020-11-18,2020-12-03,16,,539949,tiago-reis
17/18,Lesão no ombro,2017-12-17,2018-02-17,63,9,27349,muriel
25/26,Recuperação ritmo competitivo,2026-02-12,2026-02-14,3,1,175179,luccas-claro
25/26,Rotura de ligamentos do tornozelo,2025-10-25,2026-02-12,111,15,175179,luccas-claro
25/26,Fratura do perónio,2025-10-25,2026-02-12,111,15,175179,luccas-claro
18/19,Lesão desconhecida,2019-05-05,2019-05-19,15,2,175179,luccas-claro
17/18,Lesão desconhecida,2017-11-13,2018-01-25,74,11,175179,luccas-claro
17/18,Lesão desconhecida,2017-10-09,2017-10-14,6,1,175179,luccas-claro
17/18,Lesão desconhecida,2017-09-11,2017-09-18,8,1,175179,luccas-claro
21/22,Lesão desconhecida,2022-06-07,2022-11-15,162,13,312123,lucas-possignolo
20/21,Lesão desconhecida,2021-03-01,2021-03-14,14,2,312123,lucas-possignolo
19/20,Lesão desconhecida,2019-09-01,2019-10-15,45,5,312123,lucas-possignolo
19/20,Lesão desconhecida,2019-08-01,2019-08-26,26,4,312123,lucas-possignolo
18/19,Lesão desconhecida,2018-12-10,2019-01-03,25,3,312123,lucas-possignolo
17/18,Lesão desconhecida,2018-03-01,2018-03-09,9,1,312123,lucas-possignolo
17/18,Lesão desconhecida,2017-10-27,2017-11-20,25,3,312123,lucas-possignolo
17/18,Lesão desconhecida,2017-09-19,2017-10-04,16,2,312123,lucas-possignolo
25/26,Lesão muscular,2025-11-09,2025-11-20,12,,520454,nino
24/25,Lesão muscular,2024-11-02,2024-11-08,7,1.0,520454,nino
23/24,Entorse no joelho,2023-10-15,2023-11-02,19,5.0,520454,nino
22/23,Problemas musculares,2022-10-10,2022-10-20,11,1.0,520454,nino
25/26,Lesão no ombro,2025-10-01,2025-10-25,25,4,678376,luan-freitas
25/26,Lesão desconhecida,2026-02-10,2026-03-03,22,3,686597,calegari
25/26,Lesão desconhecida,2026-01-23,2026-01-27,5,1,686597,calegari
25/26,Recuperação ritmo competitivo,2026-01-12,2026-01-16,5,1,686597,calegari
25/26,Rotura do menisco,2025-11-22,2026-01-12,52,6,686597,calegari
25/26,Lesão desconhecida,2025-08-31,2025-09-17,18,1,686597,calegari
23/24,Lesão no tornozelo,2024-06-28,2024-08-05,39,6,686597,calegari
23/24,Operado ao joelho,2023-09-15,2024-04-27,226,29,686597,calegari
23/24,Lesão no joelho,2023-09-04,2023-09-14,11,1,686597,calegari
22/23,Lesão na coxa,2022-10-28,2022-12-31,65,4,686597,calegari
25/26,Fascite plantar,2025-10-14,2026-01-24,103,19.0,385271,allan
25/26,Fascite plantar,2025-07-21,2025-07-26,6,1.0,385271,allan
24/25,Lesão na coxa,2025-05-11,2025-05-27,17,4.0,385271,allan
23/24,Lesão na coxa,2024-06-03,2024-06-20,18,2.0,385271,allan
20/21,Coronavírus,2020-11-18,2020-11-28,11,3.0,385271,allan
18/19,Recuperação ritmo competitivo,2019-01-01,2019-01-20,20,1.0,385271,allan
18/19,Rotura do ligamento lateral,2018-11-22,2018-12-31,40,8.0,385271,allan
17/18,lesão no braço,2018-04-01,2018-07-05,96,10.0,385271,allan
16/17,Problemas musculares,2017-05-01,2017-05-04,4,,385271,allan
15/16,ferimento facial,2015-09-21,2015-09-21,1,,385271,allan
25/26,Problemas na panturrilha,2025-09-14,2025-11-18,66,14,67920,ganso
25/26,Lesão na coxa,2025-07-15,2025-07-22,8,2,67920,ganso
24/25,Problemas cardíacos,2025-01-01,2025-04-05,95,19,67920,ganso
16/17,Problemas físicos,2017-05-06,2017-05-20,15,1,67920,ganso
16/17,Queixas adutores,2017-03-13,2017-03-30,18,2,67920,ganso
10/11,Rotura dos ligamentos cruzados,2010-08-27,2011-02-27,185,38,67920,ganso
25/26,Lesão muscular,2026-02-13,2026-02-25,13,3,288499,ewandro-costa
22/23,Lesão ligamentar,2022-09-12,2022-10-12,31,2,288499,ewandro-costa
16/17,Fratura do Metatarso,2016-09-30,2016-12-10,72,9,288499,ewandro-costa
24/25,Lesão tornozelo,2025-03-15,2025-05-07,54,7,259460,leo-artur
21/22,Lesão desconhecida,2022-04-10,2022-05-30,51,5,121988,wellington-nem
18/19,Lesão desconhecida,2018-09-14,2018-09-27,14,3,121988,wellington-nem
17/18,Rotura dos ligamentos cruzados,2017-08-03,2018-03-26,236,28,121988,wellington-nem
17/18,Fissura da banda,2017-08-03,2018-02-01,183,21,121988,wellington-nem
15/16,Lesão desconhecida,2015-08-18,2015-08-20,3,1,121988,wellington-nem
13/14,Lesão desconhecida,2014-03-10,2014-03-31,22,4,121988,wellington-nem
13/14,Rotura do menisco lateral,2013-07-29,2013-10-06,70,12,121988,wellington-nem
23/24,Lesão na coxa,2024-05-23,2024-07-06,45,9,262474,yony-gonzalez
23/24,Lesão no ombro,2024-04-19,2024-05-11,23,3,262474,yony-gonzalez
25/26,Lesão na coxa,2025-08-16,2025-10-11,57,3,710606,lucas-barcelos
23/24,Lesão desconhecida,2024-04-17,2024-07-07,82,14,710606,lucas-barcelos
22/23,Problemas musculares na coxa,2022-10-03,2022-10-31,29,5,710606,lucas-barcelos
24/25,Lesão tornozelo,2025-01-08,2025-01-15,8,1,626724,joao-pedro
23/24,Lesão na coxa,2024-02-07,2024-04-01,55,11,626724,joao-pedro
22/23,Lesão no tornozelo,2022-12-26,2023-02-20,57,6,626724,joao-pedro
22/23,Lesão na panturrilha,2022-09-20,2022-10-10,21,3,626724,joao-pedro
19/20,Lesão no tornozelo,2019-07-21,2019-08-08,19,4,626724,joao-pedro
24/25,Distensão abdominal,2024-07-24,2024-08-07,15,,691906,bento
23/24,Problemas musculares na coxa,2023-08-27,2023-09-30,35,4.0,691906,bento
20/21,Lesão na coxa,2021-04-16,2021-06-30,76,1.0,34495,adriano
18/19,Lesão desconhecida,2019-05-18,2019-05-25,8,1.0,34495,adriano
18/19,Ruptura muscular do músculo do perônio,2019-03-16,2019-04-23,39,3.0,34495,adriano
18/19,Lesão desconhecida,2018-11-03,2018-11-25,23,3.0,34495,adriano
18/19,Edema no joelho,2018-10-13,2018-10-26,14,2.0,34495,adriano
18/19,Lesão desconhecida,2018-09-17,2018-10-11,25,5.0,34495,adriano
18/19,Lesão desconhecida,2018-08-06,2018-08-10,5,1.0,34495,adriano
17/18,Lesão desconhecida,2018-05-07,2018-05-14,8,1.0,34495,adriano
17/18,Lesão desconhecida,2017-09-18,2017-10-02,15,3.0,34495,adriano
17/18,Lesão desconhecida,2017-08-28,2017-09-11,15,1.0,34495,adriano
17/18,Lesão desconhecida,2017-08-07,2017-08-17,11,1.0,34495,adriano
16/17,Lesão desconhecida,2017-02-23,2017-02-23,1,,34495,adriano
16/17,Lesão desconhecida,2016-10-10,2016-10-13,4,,34495,adriano
16/17,Rotura muscular na coxa,2016-08-22,2016-08-25,4,,34495,adriano
15/16,Lesão na coxa,2016-03-28,2016-04-07,11,2.0,34495,adriano
15/16,Queixas adutores,2016-03-03,2016-03-10,8,1.0,34495,adriano
15/16,Lesão muscular,2016-01-14,2016-01-21,8,1.0,34495,adriano
15/16,Lesão muscular,2015-09-28,2015-10-15,18,2.0,34495,adriano
15/16,Lesão muscular,2015-08-17,2015-09-10,25,3.0,34495,adriano
14/15,Problemas cardíacos,2014-07-17,2014-08-28,43,1.0,34495,adriano
12/13,Lesão muscular,2013-03-18,2013-04-08,22,3.0,34495,adriano
11/12,Problemas musculares,2011-12-01,2011-12-08,8,2.0,34495,adriano
10/11,Fibra muscular rasgado,2011-04-21,2011-05-12,22,6.0,34495,adriano
09/10,Problemas musculares na coxa,2009-12-14,2009-12-31,18,1.0,34495,adriano
09/10,Rotura da fibra muscular,2009-10-19,2009-11-12,25,5.0,34495,adriano
25/26,Rotura parcial de ligamento,2025-11-02,,144,12,273455,felipe-abner
23/24,Queixas adutores,2024-04-10,2024-05-01,22,3,273455,felipe-abner
15/16,Rotura parcial de ligamento,2015-09-24,2016-05-01,221,30,273455,felipe-abner
14/15,Rotura dos ligamentos cruzados,2014-09-08,2015-09-07,365,38,273455,felipe-abner
13/14,Rotura dos ligamentos cruzados,2013-10-24,2014-04-24,183,27,273455,felipe-abner
25/26,Queixas adutores,2026-01-19,2026-01-28,10,2,646402,abner
25/26,Queixas adutores,2025-09-15,2025-10-15,31,5,646402,abner
23/24,Entorse do tornozelo,2024-02-04,2024-02-25,22,4,646402,abner
22/23,Lesão na coxa,2023-03-17,2023-03-31,15,1,646402,abner
20/21,Coronavírus,2020-11-24,2020-12-10,17,3,646402,abner
25/26,Traumatismo no pé,2025-09-18,2025-10-18,31,6,653348,khellven
25/26,Lesão na coluna,2026-02-11,,43,8,691811,dudu
23/24,Lesão no joelho,2024-06-07,2024-07-03,27,6,691811,dudu
23/24,Problemas de Ligamento,2024-04-15,2024-05-04,20,2,691811,dudu
24/25,Lesão na coxa,2025-05-19,2025-10-18,153,32,633212,erick
24/25,Problemas musculares,2024-11-17,2024-11-30,14,2,633212,erick
22/23,Lesão no joelho,2022-10-10,2024-01-01,449,,627216,kawan-gabriel
24/25,OP aos dentes,2025-05-05,2025-05-10,6,1,658678,christian
24/25,Lesão na coxa,2024-10-16,2024-11-15,31,5,658678,christian
23/24,Lesão na coxa,2023-07-25,2023-09-04,42,8,658678,christian
23/24,Lesão muscular,2024-05-07,2024-06-05,30,5,538978,pedrinho
25/26,Lesão desconhecida,2026-01-29,2026-02-03,6,1,653349,jaderson
18/19,Lesão no pé,2018-10-10,2018-11-19,41,3,487421,juan-manuel-boselli
18/19,Problemas físicos,2018-07-18,2018-07-25,8,1,487421,juan-manuel-boselli
17/18,Problemas físicos,2017-08-21,2017-08-29,9,1,487421,juan-manuel-boselli
24/25,Problemas musculares,2024-09-08,2024-09-26,19,2,30825,marco-ruben
24/25,Contra,2024-08-11,2024-08-28,18,4,30825,marco-ruben
21/22,Coronavírus,2021-07-18,2021-08-09,23,6,30825,marco-ruben
17/18,Muskelbündelriss,2018-01-28,2018-02-15,19,3,30825,marco-ruben
25/26,Ruptura muscular,2026-01-28,2026-02-17,21,3,357937,braian-romero
25/26,Lesão no tornozelo,2025-11-02,2025-11-20,19,2,357937,braian-romero
25/26,Problemas na tibiotársica,2025-10-12,2025-10-26,15,1,357937,braian-romero
25/26,Problemas musculares,2025-09-07,2025-09-21,15,3,357937,braian-romero
24/25,Problemas musculares,2025-05-10,2025-05-25,16,2,357937,braian-romero
23/24,Lesão no joelho,2023-09-25,2023-10-22,28,3,357937,braian-romero
21/22,Problemas na tibiotársica,2022-03-25,2022-04-06,13,1,357937,braian-romero
21/22,Lesão no joelho,2021-12-06,2021-12-31,26,2,357937,braian-romero
21/22,Queixas adutores,2021-10-04,2021-10-19,16,2,357937,braian-romero
20/21,Coronavírus,2021-04-27,2021-05-10,14,4,357937,braian-romero
14/15,Lesão muscular,2015-05-26,2015-06-30,36,7,113336,alan-santos
25/26,Lesão muscular,2025-10-15,2025-10-25,11,2,650519,lucas-barros
24/25,Fibra muscular rasgado,2025-03-15,2025-04-05,22,3,650519,lucas-barros
22/23,Lesão desconhecida,2022-08-01,2022-09-28,59,11,650519,lucas-barros
20/21,Lesão no joelho,2020-07-24,2021-01-01,162,32,650519,lucas-barros
22/23,Fratura do tornozelo,2022-09-11,2023-01-08,120,6,348264,gustavo-ferrareis
23/24,Lesão muscular,2023-07-22,2023-07-25,4,,524403,fernando-costanza
22/23,Lesão muscular,2023-04-23,2023-05-24,32,3.0,524403,fernando-costanza
22/23,Lesão muscular,2022-07-13,2022-10-24,104,17.0,524403,fernando-costanza
21/22,Lesão desconhecida,2022-04-11,2022-04-26,16,2.0,524403,fernando-costanza
25/26,Lesão na coxa,2026-03-01,2026-03-14,14,2,727751,caio-alexandre
25/26,Lesão na coxa,2025-08-21,2025-11-07,79,18,727751,caio-alexandre
21/22,Operação ao pé,2021-08-24,2022-05-27,277,30,727751,caio-alexandre
21/22,Lesão no pé,2021-08-15,2021-08-23,9,2,727751,caio-alexandre
20/21,Coronavírus,2021-01-06,2021-01-19,14,4,691316,luis-henrique
20/21,Recuperação ritmo competitivo,2020-09-25,2020-10-03,9,1,691316,luis-henrique
17/18,Lesão desconhecida,2017-08-07,2017-12-25,141,19,68803,mauricio-ramos
23/24,Lesão no joelho,2024-03-05,2024-07-16,134,24.0,103674,campanharo
22/23,Problemas musculares na coxa,2023-05-08,2023-05-15,8,2.0,103674,campanharo
21/22,Coronavírus,2022-02-07,2022-02-14,8,2.0,103674,campanharo
21/22,Edema no joelho,2022-01-08,2022-02-05,29,5.0,103674,campanharo
21/22,Recuperação ritmo competitivo,2021-09-01,2021-10-06,36,5.0,103674,campanharo
20/21,Coronavírus,2021-05-17,2021-05-30,14,,103674,campanharo
20/21,danos na cartilagem,2021-03-06,2021-09-01,180,17.0,103674,campanharo
20/21,Apendicectomia,2020-12-07,2020-12-16,10,1.0,103674,campanharo
19/20,Lesão nas costas,2019-12-01,2020-05-17,169,4,107012,augusto-cesar
19/20,Lesão desconhecida,2019-10-06,2019-10-10,5,2,107012,augusto-cesar
18/19,Lesão desconhecida,2019-06-11,2019-06-14,4,1,107012,augusto-cesar
18/19,lesão no braço,2019-02-20,2019-04-25,65,7,107012,augusto-cesar
18/19,Probleme im Fußgewölbe,2018-12-02,2019-02-05,66,9,107012,augusto-cesar
18/19,Problemas de calcanhares,2018-10-26,2018-10-29,4,1,107012,augusto-cesar
18/19,Irritação do tendão de Aquiles,2018-07-27,2018-08-30,35,4,107012,augusto-cesar
20/21,Lesão no tornozelo,2020-08-01,2021-02-25,209,25,103743,henrique-almeida
19/20,Lesão muscular,2019-12-01,2019-12-10,10,2,103743,henrique-almeida
19/20,Lesão muscular,2019-09-25,2019-10-10,16,4,103743,henrique-almeida
18/19,Fratura do antebraço,2019-02-11,2019-07-25,165,17,103743,henrique-almeida
18/19,Lesão muscular,2018-10-25,2018-11-12,19,3,103743,henrique-almeida
18/19,Recuperação ritmo competitivo,2018-08-27,2018-09-01,6,1,103743,henrique-almeida
22/23,Pubalgia,2023-05-08,2023-05-15,8,2,205041,everaldo
21/22,Lesão na virilha,2022-03-08,2022-05-30,84,18,205041,everaldo
20/21,Coronavírus,2020-11-21,2020-12-06,16,2,519891,dalberto
25/26,Lesão tornozelo,2025-11-07,2025-11-25,19,2,691310,alan-grafite
18/19,Lesão dos ligamentos laterais do joelho,2019-03-06,2020-04-30,422,49,375469,alexandre-cajuru
24/25,Lesão na tíbia,2024-08-15,2025-01-10,149,20,150479,fabricio
15/16,Lesão no ombro,2015-06-15,2015-09-08,86,8,161438,gerson
12/13,Lesão no ombro,2013-05-07,2013-06-30,55,4,161438,gerson
12/13,Doente,2012-08-25,2012-08-28,4,1,161438,gerson
11/12,Ligamento Esticado,2012-04-06,2012-04-13,8,1,161438,gerson
11/12,Ferimento da banda lateral,2012-03-07,2012-03-09,3,1,161438,gerson
18/19,Lesão dos ligamentos laterais do joelho,2019-04-09,2019-12-31,267,38,225686,amaral
24/25,Rotura muscular na coxa,2025-04-15,2025-05-01,17,2,539224,dawhan
17/18,Lesão muscular,2018-02-11,2018-02-20,10,1,187697,jean-cleber
16/17,Fadiga muscular,2016-10-18,2016-11-14,28,5,73786,pablo-armero
15/16,Fadiga muscular,2016-04-16,2016-04-24,9,3,73786,pablo-armero
19/20,Entorse do tornozelo,2019-08-02,2019-08-07,6,1,74119,madson
20/21,Rotura parcial de ligamento,2021-05-07,2021-11-07,185,24,45318,cristian-maidana
15/16,Lesão na cabeça,2016-03-15,2016-03-25,11,1,45318,cristian-maidana
18/19,Problemas musculares na coxa,2019-05-07,2019-05-21,15,2,148690,andres-escobar
25/26,Lesão desconhecida,2026-03-21,,5,,258624,euller
22/23,Lesão desconhecida,2022-09-01,2022-10-25,55,7.0,258624,euller
14/15,Problemas musculares na coxa,2015-06-24,2015-07-28,35,8,44131,alecsandro
24/25,Lesão desconhecida,2024-10-01,2024-10-20,20,2,443338,alisson-safira
21/22,Lesão desconhecida,2021-11-01,2021-12-20,50,5,443338,alisson-safira
24/25,Traumatismo grade costal,2025-02-18,2025-03-10,21,3,238367,cassiano
21/22,Lesão desconhecida,2021-08-23,2021-09-20,29,3,238367,cassiano
22/23,Lesão na coxa,2022-08-20,2022-09-20,32,5,547688,lohan
22/23,Lesão desconhecida,2022-09-20,2022-10-18,29,,112962,roger-carvalho
19/20,Lesão dos ligamentos laterais do joelho,2019-08-18,2020-02-01,168,25.0,112962,roger-carvalho
12/13,Fratura,2012-11-02,2012-12-08,37,6.0,112962,roger-carvalho
17/18,Lesão muscular,2018-03-14,2018-05-30,78,11,323838,juan-quintero
25/26,Lesão na coxa,2026-02-26,2026-03-17,20,2,273442,tinga
25/26,Problemas na virilha,2025-09-12,2025-10-18,37,6,273442,tinga
24/25,Entorse do tornozelo,2025-04-27,2025-05-09,13,3,273442,tinga
24/25,Problemas na panturrilha,2025-03-30,2025-04-19,21,5,273442,tinga
24/25,Lesão na panturrilha,2025-03-23,2025-03-28,6,1,273442,tinga
24/25,Lesão na panturrilha,2024-07-25,2024-08-13,20,3,273442,tinga
23/24,Lesão na coxa,2024-03-21,2024-04-05,16,4,273442,tinga
22/23,Lesão desconhecida,2022-09-28,2023-01-14,109,7,180271,nene-bonilha
17/18,Lesão no cotovelo,2017-12-30,2018-02-12,45,9,180271,nene-bonilha
22/23,Lesão desconhecida,2022-08-23,2022-10-30,69,11,538234,marlon
22/23,Problemas musculares,2022-09-14,2022-09-27,14,3,148608,santiago-romero
19/20,Problemas musculares na coxa,2019-08-12,2019-08-14,3,1,148608,santiago-romero
17/18,Lesão desconhecida,2017-11-15,2017-12-18,34,3,148608,santiago-romero
16/17,Operação no nariz,2017-03-27,2017-04-04,9,2,148608,santiago-romero
24/25,Operação ao tendão de Aquiles,2025-04-10,,350,2,421396,mariano-vazquez
21/22,Quarentena,2021-08-05,2021-08-20,16,3,421396,mariano-vazquez
24/25,Contusão pulmonar,2024-09-15,2025-01-21,129,13,76191,osvaldo
24/25,Lesão na coxa,2024-07-02,2024-07-10,9,2,76191,osvaldo
20/21,Coronavírus,2020-11-14,2020-11-30,17,2,76191,osvaldo
25/26,Problema nos flexores do quadril,2025-09-28,2026-02-13,139,28,592347,junior-santos
25/26,Gripe,2025-07-13,2025-07-19,7,1,592347,junior-santos
24/25,Problemas musculares na coxa,2025-04-07,2025-05-07,31,8,592347,junior-santos
24/25,Lesão na panturrilha,2025-02-13,2025-03-28,44,6,592347,junior-santos
24/25,Recuperação ritmo competitivo,2024-09-29,2024-11-04,37,5,592347,junior-santos
24/25,Fratura da tíbia,2024-07-23,2024-09-27,67,15,592347,junior-santos
17/18,Lesão muscular,2018-04-03,2018-04-24,22,5,54161,pedro-junior
17/18,Traumatismo no metatarso,2017-07-29,2017-09-29,63,12,54161,pedro-junior
16/17,Lesão na panturrilha,2016-09-30,2016-10-18,19,1,54161,pedro-junior
22/23,Lesão muscular,2023-05-09,2023-05-26,18,3,612340,gustavo-coutinho
22/23,Fratura de um dedo,2023-05-01,2023-05-19,19,3,258367,tadeu
25/26,Lesão na coxa,2026-02-06,2026-03-17,40,10,373446,david-duarte
25/26,Problemas musculares na coxa,2025-11-21,2026-01-19,60,7,373446,david-duarte
25/26,Traumatismo grade costal,2025-10-20,2025-10-24,5,1,373446,david-duarte
25/26,Lesão na coxa,2025-09-16,2025-10-04,19,4,373446,david-duarte
24/25,Lesão na coxa,2024-11-21,2025-02-05,77,11,373446,david-duarte
24/25,Gripe,2024-07-01,2024-07-12,12,3,373446,david-duarte
23/24,Lesão desconhecida,2023-09-28,2023-11-26,60,8,698743,alan-dias
24/25,Rotura de ligamentos no joelho,2024-07-11,2025-05-09,303,51,697401,heron
24/25,Lesão desconhecida,2024-08-12,2024-12-01,112,11,333025,nilson-loyola
23/24,Contusão do tendão de Aquiles,2024-04-05,2024-05-06,32,7,333025,nilson-loyola
23/24,Lesão desconhecida,2024-03-11,2024-03-16,6,1,333025,nilson-loyola
22/23,Muskelbündelriss,2023-04-01,2023-04-23,23,3,333025,nilson-loyola
22/23,Problemas musculares,2023-02-09,2023-02-20,12,2,333025,nilson-loyola
21/22,Traumatismo craniano,2022-04-28,2022-05-01,4,1,333025,nilson-loyola
21/22,Muskelbündelriss,2022-01-30,2022-02-24,26,3,333025,nilson-loyola
21/22,Lesão muscular,2021-08-13,2021-08-26,14,3,333025,nilson-loyola
20/21,Distensão muscular,2021-03-17,2021-03-28,12,1,333025,nilson-loyola
20/21,Muskelbündelriss,2020-09-28,2020-10-23,26,7,333025,nilson-loyola
23/24,Queixas adutores,2023-08-26,2023-09-17,23,3,520430,kevin
24/25,Lesão desconhecida,2025-04-18,2025-05-05,18,3.0,435213,leo-sena
23/24,Rotura muscular,2023-10-20,2023-11-10,22,1.0,435213,leo-sena
21/22,Coronavírus,2021-07-11,2021-07-28,18,,435213,leo-sena
20/21,Problemas musculares,2021-05-03,2021-05-10,8,1.0,435213,leo-sena
20/21,Lesão na panturrilha,2020-11-17,2021-01-05,50,9.0,435213,leo-sena
21/22,Rotura dos ligamentos cruzados,2021-04-15,2022-02-28,320,36,224878,joao-afonso
20/21,Coronavírus,2020-12-30,2021-01-11,13,2,224878,joao-afonso
18/19,Irritação do tendão de Aquiles,2019-06-06,2019-08-03,59,2,224878,joao-afonso
18/19,Problemas musculares,2019-05-05,2019-05-19,15,2,224878,joao-afonso
22/23,Lesão no joelho,2022-07-05,2023-05-30,330,56,697400,breno
25/26,Lesão no tornozelo,2025-07-13,2025-08-28,47,12,520392,michael
24/25,Lesão na coxa,2025-02-16,2025-03-15,28,4,520392,michael
24/25,Lesão na coxa,2024-08-29,2024-10-01,34,7,520392,michael
16/17,Rotura dos ligamentos cruzados,2017-05-24,2018-01-24,246,28,432294,dudu
22/23,Problemas musculares,2023-04-15,2023-05-01,17,3,322059,leandro-barcia
22/23,Lesão desconhecida,2023-02-01,2023-03-10,38,6,322059,leandro-barcia
21/22,Lesão muscular,2021-10-27,2022-01-01,67,10,322059,leandro-barcia
20/21,Lesão no joelho,2020-12-02,2021-08-16,258,52,322059,leandro-barcia
20/21,Quarentena,2020-11-06,2020-11-12,7,1,322059,leandro-barcia
17/18,Lesão nos adutores,2017-10-01,2017-11-20,51,6,322059,leandro-barcia
16/17,Recuperação ritmo competitivo,2017-04-29,2017-07-19,82,14,322059,leandro-barcia
16/17,Rotura dos ligamentos cruzados,2016-10-11,2017-04-28,200,24,322059,leandro-barcia
16/17,Lesão muscular,2016-09-07,2016-09-26,20,3,322059,leandro-barcia
15/16,Doente,2016-03-27,2016-04-05,10,1,322059,leandro-barcia
20/21,Lesão na coxa,2020-12-08,2021-01-19,43,8,170385,rafinha
25/26,lesão na perna,2025-11-28,2025-12-16,19,3,688881,vinicius-lopes
23/24,Lesão desconhecida,2024-03-23,2024-04-27,36,4,592351,junior-brandao
25/26,Lesão desconhecida,,,,,606966,ricardo-verza
23/24,Ligamento intra-articular rasgado do joelho,2024-01-22,2024-09-22,245,35.0,703500,zeca
21/22,Lesão na coxa,2022-06-29,2022-07-01,3,,703500,zeca
25/26,Lesão no tornozelo,2025-11-07,2025-11-28,22,3,350342,fernando-sobral
18/19,Lesão desconhecida,2018-08-22,2018-12-31,132,2,212954,willie
25/26,Fratura do tornozelo,2025-08-02,2026-01-24,176,21,363842,willian-popp
24/25,Problemas nos rins,2024-11-26,2025-05-25,181,24,363842,willian-popp
23/24,Lesão desconhecida,2023-10-07,2023-11-07,32,5,363842,willian-popp
22/23,Problemas na anca,2022-09-16,2022-09-26,11,2,363842,willian-popp
18/19,Lesão desconhecida,2018-08-13,2018-09-12,31,4,363842,willian-popp
24/25,Fratura da tíbia e do perónio,2025-03-31,2025-06-23,85,19,375016,joao-paulo
25/26,Fratura do nariz,2025-06-20,2025-07-15,26,1,645955,rick
24/25,Entorse do tornozelo,2025-04-03,2025-04-15,13,3,645955,rick
22/23,Fissura da banda do joelho,2023-01-19,2023-07-14,177,24,645955,rick
11/12,Lesão desconhecida,2012-08-17,2012-10-04,49,10,54132,marquinhos
10/11,Lesão desconhecida,2011-02-16,2011-04-01,45,6,54132,marquinhos
08/09,Lesão desconhecida,2008-10-26,2008-11-25,31,4,54132,marquinhos
07/08,Meniskusschaden,2008-04-01,2008-04-28,28,5,54132,marquinhos
24/25,Lesão muscular,2025-04-28,2025-05-13,16,3,323850,ze-marcos
24/25,Lesão na panturrilha,2024-07-06,2024-07-23,18,5,323850,ze-marcos
23/24,Lesão na coxa,2024-06-06,2024-06-19,14,2,323850,ze-marcos
23/24,Lesão muscular,2024-04-18,2024-04-27,10,1,323850,ze-marcos
22/23,Problemas musculares na coxa,2022-09-11,2022-10-25,45,7,323850,ze-marcos
25/26,Lesão desconhecida,2025-11-03,2025-11-29,27,2.0,606281,eduardo-kunde
24/25,Recuperação ritmo competitivo,2025-04-10,2025-04-24,15,2.0,606281,eduardo-kunde
24/25,Recuperação ritmo competitivo,2025-01-26,2025-01-28,3,1.0,606281,eduardo-kunde
24/25,Recuperação ritmo competitivo,2024-10-27,2024-11-18,23,1.0,606281,eduardo-kunde
24/25,Tendinite,2024-09-29,2024-10-14,16,,606281,eduardo-kunde
24/25,Lesão no dedo,2024-08-05,2024-09-03,30,3.0,606281,eduardo-kunde
23/24,Distensão muscular,2023-08-10,2023-08-28,19,5,601011,caio-paulista
13/14,Lesão desconhecida,2013-11-06,2013-11-22,17,1,132002,jonny-mosquera
18/19,Lesão na coxa,2018-11-02,2018-12-14,43,3,177545,julinho
17/18,Traumatismo no joelho,2018-05-28,2018-07-25,59,4,177545,julinho
16/17,Rotura do tendão de Aquiles,2017-06-24,2018-01-23,214,21,177545,julinho
16/17,Fibra muscular rasgado,2017-04-08,2017-05-05,28,6,177545,julinho
21/22,Estiramento do ligamento colateral interno do joelho,2022-06-28,2022-08-19,53,9.0,39711,andre-moritz
21/22,Lesão desconhecida,2022-05-23,2022-06-18,27,1.0,39711,andre-moritz
14/15,Lesão desconhecida,2014-11-20,2014-12-11,22,4.0,39711,andre-moritz
14/15,Lesão desconhecida,2014-11-10,2014-11-10,1,,39711,andre-moritz
10/11,Ruptura muscular do músculo do perônio,2011-04-03,2011-05-12,40,4.0,39711,andre-moritz
10/11,Ruptura muscular do músculo do perônio,2011-01-01,2011-02-01,32,2.0,39711,andre-moritz
25/26,Lesão desconhecida,2025-09-15,2025-10-12,28,4,527394,luan-pereira
17/18,Lesão desconhecida,2018-02-06,2018-02-08,3,1,157979,jones-carioca
14/15,Lesão desconhecida,2014-11-23,2015-05-24,183,30,157979,jones-carioca
22/23,Distensão dos adutores,2023-04-06,2023-05-04,29,6,592345,getulio
19/20,Lesão desconhecida,2019-08-01,2019-12-30,152,21,592345,getulio
19/20,Lesão muscular,2019-08-03,2021-03-01,577,54,490613,daniel-amorim
24/25,Problemas musculares,2024-09-23,2024-10-08,16,3,258254,jemerson
24/25,Recuperação ritmo competitivo,2024-07-09,2024-07-27,19,4,258254,jemerson
24/25,Lesão do punho,2024-04-16,2024-04-19,4,1,258254,jemerson
20/21,Estiramento do ligamento colateral interno do joelho,2021-01-23,2021-02-15,24,5,258254,jemerson
20/21,Coronavírus,2020-11-20,2020-12-06,17,3,258254,jemerson
17/18,Problemas musculares na coxa,2018-01-13,2018-01-27,15,3,258254,jemerson
24/25,Fratura da clavícula,2024-10-04,2024-12-01,59,10,792345,raul-gustavo
22/23,Lesão no joelho,2023-03-15,2023-07-01,109,21,792345,raul-gustavo
24/25,lesão na perna,2024-11-10,2024-11-22,13,,814269,gustavo-mantuan
23/24,Lesão desconhecida,2023-11-19,2023-12-01,13,2.0,814269,gustavo-mantuan
23/24,Lesão desconhecida,2023-10-22,2023-10-25,4,,814269,gustavo-mantuan
22/23,Lesão muscular,2023-04-03,2023-04-17,15,2.0,814269,gustavo-mantuan
22/23,Recuperação ritmo competitivo,2022-08-04,2022-08-10,7,1.0,814269,gustavo-mantuan
22/23,Lesão no joelho,2022-07-06,2022-08-03,29,5.0,814269,gustavo-mantuan
20/21,Ruptura muscular do músculo do perônio,2020-10-28,2021-05-31,216,,814269,gustavo-mantuan
19/20,Rotura dos ligamentos cruzados,2019-07-01,2020-03-01,245,,814269,gustavo-mantuan
17/18,Rotura dos ligamentos cruzados,2017-07-01,2018-03-01,244,,814269,gustavo-mantuan
24/25,Distensão muscular,2025-03-05,2025-03-21,17,3,263032,victor-cantillo
25/26,Lesão na coxa,2025-08-25,2025-09-12,19,1,725049,roni
24/25,Lesão desconhecida,2025-03-03,2025-04-12,41,2,725049,roni
24/25,inflamação no joelho,2025-01-20,2025-02-07,19,5,725049,roni
24/25,Lesão na coxa,2024-08-07,2024-08-31,25,3,725049,roni
23/24,Lesão do ligamento cruzado,2023-12-07,2025-01-28,419,73,798106,ruan-oliveira
20/21,Lesão do ligamento cruzado,2020-09-01,2023-05-24,996,195,798106,ruan-oliveira
23/24,Doente,2024-02-23,2024-02-26,4,1.0,351750,leo-natel
23/24,Doente,2023-12-01,2023-12-04,4,1.0,351750,leo-natel
21/22,Traumatismo no joelho,2022-05-08,2022-06-30,54,,351750,leo-natel
21/22,Traumatismo no joelho,2022-02-06,2022-02-13,8,1.0,351750,leo-natel
21/22,Problemas na tibiotársica,2021-10-04,2021-10-23,20,1.0,351750,leo-natel
24/25,Operação ao tornozelo,2024-11-08,2025-01-31,85,9,736954,gabriel-pereira
22/23,lesão na perna,2023-04-24,2023-05-03,10,1,736954,gabriel-pereira
20/21,Coronavírus,2020-11-13,2020-11-30,18,2,34156,jotm
19/20,Lesão no joelho,2020-01-31,2020-06-01,123,2,34156,jotm
18/19,Rotura de ligamentos do tornozelo,2019-05-23,2019-06-12,21,2,34156,jotm
14/15,Lesão na panturrilha,2015-02-22,2015-03-25,32,8,34156,jotm
09/10,Lesão no tornozelo,2010-02-03,2010-02-21,19,4,34156,jotm
24/25,Rotura do tendão de Aquiles,2025-09-07,2026-04-01,207,11,814268,caue
23/24,Lesão do ligamento cruzado,2023-11-25,2024-08-08,258,36,670522,matheus-davo
25/26,Rotura dos ligamentos cruzados,2025-12-27,,89,11,735574,gustavo
23/24,Tendinite,2023-09-01,2023-09-10,10,1,818495,otavio
24/25,Lesão muscular,2024-10-06,2024-10-18,13,,735568,natan
23/24,Lesão no ombro,2023-12-24,2024-02-01,40,6.0,735568,natan
22/23,Lesão do ligamento cruzado,2023-05-13,2023-07-05,54,10.0,735568,natan
25/26,Fratura maxilar,2025-09-21,2025-11-12,53,8,627215,gabriel-noga
22/23,Lesão no joelho,2023-01-24,2024-01-01,343,71,627215,gabriel-noga
25/26,Problemas no tendão de Aquiles,2025-07-07,2025-07-22,16,2,43722,mauricio-isla
23/24,Ruptura muscular,2023-11-23,2023-12-08,16,1,43722,mauricio-isla
22/23,Problemas musculares,2022-10-18,2022-10-28,11,2,43722,mauricio-isla
22/23,Traumatismo,2022-07-04,2022-07-13,10,1,43722,mauricio-isla
21/22,Quarentena,2021-11-06,2021-11-13,8,3,43722,mauricio-isla
20/21,Coronavírus,2020-09-19,2020-10-11,23,4,43722,mauricio-isla
19/20,Ruptura muscular na coxa,2019-08-21,2019-09-22,33,6,43722,mauricio-isla
17/18,Ruptura muscular na coxa,2017-11-04,2017-11-28,25,2,43722,mauricio-isla
15/16,Lesão na coxa,2016-04-11,2016-05-02,22,4,43722,mauricio-isla
14/15,Lesão no joelho,2015-04-26,2015-05-24,29,3,43722,mauricio-isla
13/14,Lesão no joelho,2013-11-16,2013-12-02,17,3,43722,mauricio-isla
12/13,Fadiga muscular,2013-04-27,2013-05-04,8,1,43722,mauricio-isla
12/13,Fadiga muscular,2013-03-29,2013-04-04,7,2,43722,mauricio-isla
12/13,Gripe,2013-02-08,2013-02-12,5,1,43722,mauricio-isla
11/12,Rotura dos ligamentos cruzados,2012-02-12,2012-08-24,195,27,43722,mauricio-isla
09/10,Ruptura muscular,2009-09-24,2009-10-26,33,6,43722,mauricio-isla
08/09,Lesão no tornozelo,2008-11-27,2008-12-15,19,4,43722,mauricio-isla
25/26,Lesão na coxa,2025-08-28,2025-09-09,13,1,594226,matheuzinho
24/25,Lesão na coxa,2025-05-16,2025-05-23,8,2,594226,matheuzinho
23/24,Entorse do tornozelo,2024-05-08,2024-05-27,20,3,594226,matheuzinho
22/23,lesão na perna,2023-03-15,2023-06-30,108,25,594226,matheuzinho
25/26,Lesão na coxa,2026-01-10,2026-01-30,21,6,294873,thiago-maia
25/26,Problemas na zona lombar,2025-09-14,2025-09-30,17,2,294873,thiago-maia
25/26,Lesão muscular,2025-08-21,2025-08-30,10,1,294873,thiago-maia
24/25,Problemas musculares,2024-11-09,2024-11-30,22,2,294873,thiago-maia
24/25,Lesão na coxa,2024-07-01,2024-08-10,41,9,294873,thiago-maia
23/24,Lesão no tornozelo,2024-06-18,2024-06-22,5,1,294873,thiago-maia
20/21,Rotura dos ligamentos cruzados,2020-12-01,2021-06-30,212,44,294873,thiago-maia
20/21,Coronavírus,2020-11-21,2020-11-30,10,2,294873,thiago-maia
19/20,Lesão no joelho,2020-01-05,2020-01-15,11,2,294873,thiago-maia
19/20,Lesão no pé,2019-11-27,2019-12-13,17,4,294873,thiago-maia
19/20,Recuperação ritmo competitivo,2019-10-23,2019-11-05,14,3,294873,thiago-maia
19/20,Lesão desconhecida,2019-08-25,2019-10-05,42,8,294873,thiago-maia
18/19,Lesão no tornozelo,2019-04-27,2019-05-01,5,1,294873,thiago-maia
18/19,lesão na perna,2019-01-18,2019-02-02,16,3,294873,thiago-maia
25/26,Lesão no ombro,2026-01-15,2026-02-15,32,7,735573,richard-rios
24/25,Lesão no tornozelo,2025-04-21,2025-04-26,6,1,735573,richard-rios
20/21,Coronavírus,2020-11-14,2020-11-30,17,2,663585,yuri-cesar
23/24,Lesão na coxa,2024-06-18,2024-07-23,36,9,574772,lazaro
25/26,Lesão na coxa,2025-11-15,2026-02-06,84,15.0,735571,rodrigo-muniz
25/26,Lesão muscular,2025-09-27,2025-10-31,35,5.0,735571,rodrigo-muniz
24/25,Problemas no tendão de Aquiles,2025-04-15,2025-06-01,48,6.0,735571,rodrigo-muniz
24/25,Lesão nas costas,2025-01-09,2025-01-13,5,,735571,rodrigo-muniz
23/24,Lesão no joelho,2023-11-05,2023-12-09,35,4.0,735571,rodrigo-muniz
22/23,Problemas no Joelho,2023-02-01,2023-03-14,42,7.0,735571,rodrigo-muniz
21/22,Problemas na panturrilha,2022-02-18,2022-02-26,9,2.0,735571,rodrigo-muniz
22/23,Lesão no joelho,2022-09-11,2022-10-20,40,,837529,leandro-matheus
25/26,Lesão na coxa,2025-08-13,2025-09-26,45,8,340840,benjamin-kuscevic
24/25,Entorse do tornozelo,2025-01-22,2025-01-31,10,3,340840,benjamin-kuscevic
23/24,Lesão na coxa,2024-04-14,2024-05-12,29,6,340840,benjamin-kuscevic
22/23,Lesão nos adutores,2023-05-06,2023-05-21,16,4,340840,benjamin-kuscevic
20/21,Coronavírus,2020-11-20,2020-12-04,15,2,340840,benjamin-kuscevic
20/21,Operação ao tornozelo,2020-09-21,2020-11-10,51,13,340840,benjamin-kuscevic
20/21,Problemas na tibiotársica,2020-08-17,2020-09-20,35,5,340840,benjamin-kuscevic
19/20,Lesão no joelho,2019-07-28,2019-09-14,49,9,340840,benjamin-kuscevic
18/19,Problemas musculares,2019-05-15,2019-05-26,12,2,340840,benjamin-kuscevic
18/19,inflamação no joelho,2018-07-28,2018-08-06,10,1,340840,benjamin-kuscevic
17/18,Traumatismo craniano,2018-03-01,2018-03-25,25,2,340840,benjamin-kuscevic
24/25,Lesão no pé,2024-10-19,2024-11-19,32,4,169179,alan-empereur
20/21,Coronavírus,2020-11-20,2020-11-28,9,2,169179,alan-empereur
20/21,Ruptura muscular do músculo do perônio,2020-09-19,2020-10-18,30,2,169179,alan-empereur
19/20,Problemas na panturrilha,2020-07-25,2020-08-09,16,3,169179,alan-empereur
19/20,Lesão no bíceps femoral,2019-12-23,2020-01-16,25,2,169179,alan-empereur
18/19,Lesão no bíceps femoral,2018-12-20,2018-12-27,8,1,169179,alan-empereur
17/18,Lesão na coxa,2017-09-10,2017-11-03,55,9,169179,alan-empereur
21/22,Fratura da tíbia e do perónio,2021-07-29,2022-06-03,310,22,627214,henri
24/25,Lesão no joelho,2024-08-12,2025-05-31,293,70.0,439072,matias-vina
23/24,Problemas no Joelho,2023-12-11,2024-02-19,71,12.0,439072,matias-vina
21/22,Lesão nos adutores,2021-11-03,2021-11-26,24,6.0,439072,matias-vina
21/22,Lesão no joelho,2021-09-15,2021-09-25,11,3.0,439072,matias-vina
21/22,Problemas musculares,2021-09-04,2021-09-10,7,1.0,439072,matias-vina
20/21,Contusão no tornozelo,2021-03-01,2021-03-15,15,3.0,439072,matias-vina
20/21,Gestão de esforço,2021-01-08,2021-01-10,3,1.0,439072,matias-vina
20/21,Coronavírus,2020-11-15,2020-11-28,14,5.0,439072,matias-vina
20/21,Lesão na cabeça,2020-07-23,2020-08-04,13,3.0,439072,matias-vina
19/20,Problemas musculares,2020-02-29,2020-03-06,7,,439072,matias-vina
19/20,Lesão no pé,2020-01-21,2020-02-10,21,2.0,439072,matias-vina
23/24,Lesão no joelho,2024-04-09,2025-01-06,273,28,834975,jean-quinonez
20/21,Coronavírus,2020-11-20,2020-12-04,15,3,834975,jean-quinonez
25/26,Problema neurológico,2026-01-10,,75,17,816129,vanderlan
22/23,Lesão no joelho,2023-02-26,2024-03-30,399,80,737821,patrick-de-paula
24/25,Entorse no joelho,2025-04-24,2025-05-17,24,6,608216,gabriel-menino
24/25,Lesão na coxa,2024-08-22,2024-09-27,37,4,608216,gabriel-menino
20/21,Coronavírus,2020-11-12,2020-11-21,10,2,608216,gabriel-menino
25/26,Lesão na coxa,2026-02-16,2026-02-24,9,2,808509,danilo
25/26,Lesão na coxa,2025-11-23,2026-01-20,59,5,808509,danilo
25/26,Lesão na coxa,2025-09-18,2025-10-25,38,7,808509,danilo
25/26,Recuperação ritmo competitivo,2025-07-19,2025-08-02,15,3,808509,danilo
24/25,Recuperação ritmo competitivo,2025-01-01,2025-01-10,10,1,808509,danilo
24/25,Fratura do tornozelo,2024-08-17,2025-01-10,147,20,808509,danilo
23/24,Lesão desconhecida,2023-09-02,2023-11-04,64,6,808509,danilo
20/21,Coronavírus,2020-11-20,2020-11-28,9,1,808509,danilo
24/25,Fratura do antebraço,2025-03-16,2025-04-22,38,10,542598,breno-lopes
20/21,Ligamento Esticado,2021-04-16,2021-06-07,53,21,542598,breno-lopes
20/21,Coronavírus,2020-11-20,2020-11-28,9,2,542598,breno-lopes
24/25,Problemas musculares,2025-04-14,2025-04-18,5,1,674732,wesley
24/25,Lesão na coxa,2025-02-12,2025-03-07,24,3,674732,wesley
23/24,Pubalgia,2024-06-27,2024-07-06,10,2,674732,wesley
23/24,Lesão no ombro,2023-12-29,2024-02-16,50,4,674732,wesley
20/21,Entorse no joelho,2020-11-05,2021-02-18,106,30,674732,wesley
23/24,Lesão desconhecida,2023-08-01,2023-09-21,52,5.0,627224,gabriel-silva
20/21,Coronavírus,2020-11-20,2020-11-28,9,,627224,gabriel-silva
25/26,Lesão desconhecida,2025-08-24,2025-09-07,15,1,836365,pedro-acacio
20/21,Coronavírus,2020-11-20,2020-12-04,15,3,836365,pedro-acacio
23/24,Lesão na coxa,2024-06-22,2024-07-23,32,9,813120,marcelinho
22/23,Lesão no joelho,2023-04-12,2023-05-02,21,3,663319,marino-hinestroza
20/21,Coronavírus,2020-11-20,2020-12-04,15,3,663319,marino-hinestroza
20/21,Coronavírus,2020-11-20,2020-12-05,16,,543371,anibal-vega
22/23,Problemas no Joelho,2022-11-09,2023-01-02,55,4,273000,junior-alonso
22/23,Operado ao joelho,2023-05-31,2023-11-30,184,24,332736,bueno
21/22,Queixas adutores,2021-09-16,2021-10-28,43,6,332736,bueno
18/19,Fratura na grelha costal,2019-04-19,2019-06-15,58,11,332736,bueno
14/15,Rotura muscular na coxa,2015-03-25,2015-05-27,64,13,332736,bueno
13/14,Rotura do menisco,2014-10-07,2014-12-07,62,9,332736,bueno
25/26,Lesão muscular,2025-07-21,2025-08-05,16,4,346766,guilherme-arana
24/25,Lesão na coxa,2025-05-19,2025-07-11,54,5,346766,guilherme-arana
24/25,Problemas musculares na coxa,2025-04-14,2025-05-17,34,9,346766,guilherme-arana
24/25,Entorse do tornozelo,2024-11-14,2024-11-25,12,5,346766,guilherme-arana
24/25,Problemas musculares na coxa,2024-10-03,2024-10-18,16,5,346766,guilherme-arana
22/23,Lesão do ligamento cruzado,2022-09-12,2023-05-15,246,47,346766,guilherme-arana
24/25,Lesão na coxa,2024-10-11,2024-10-18,8,1,843397,rubens
23/24,Entorse no joelho,2024-04-17,2024-07-30,105,22,843397,rubens
23/24,Fratura da mão,2024-03-18,2024-04-13,27,4,843397,rubens
24/25,Lesão muscular,2024-07-06,2024-07-20,15,3,54155,mariano
23/24,Problemas musculares na coxa,2024-06-10,2024-06-20,11,2,54155,mariano
23/24,Lesão na panturrilha,2024-02-20,2024-03-29,39,4,54155,mariano
22/23,Lesão na coxa,2022-10-02,2022-10-14,13,2,54155,mariano
20/21,Lesão na coxa,2020-11-09,2020-12-01,23,4,54155,mariano
18/19,Lesão desconhecida,2019-02-02,2019-02-11,10,2,54155,mariano
18/19,Lesão desconhecida,2018-07-23,2018-08-09,18,1,54155,mariano
17/18,Lesão desconhecida,2018-04-29,2018-05-10,12,1,54155,mariano
17/18,Rotura muscular na coxa,2017-12-09,2017-12-27,19,4,54155,mariano
16/17,Lesão no joelho,2017-04-28,2017-05-19,22,3,54155,mariano
21/22,Problemas no flexor direito da anca,2021-09-13,2021-11-04,53,10,607210,mailton
24/25,Lesão no joelho,2025-04-27,2025-05-10,14,3,400960,alan-franco
24/25,Estiramento do ligamento colateral interno do joelho,2025-04-11,2025-04-25,15,4,400960,alan-franco
24/25,Gripe,2025-03-30,2025-04-05,7,1,400960,alan-franco
23/24,Entorse no joelho,2023-08-28,2023-09-20,24,4,400960,alan-franco
20/21,Coronavírus,2020-11-14,2020-11-27,14,5,400960,alan-franco
25/26,Rotura muscular na coxa,2025-10-31,2025-12-03,34,5,480774,matias-zaracho
25/26,Problemas musculares,2025-09-24,2025-10-08,15,3,480774,matias-zaracho
25/26,Ruptura muscular,2025-06-29,2025-08-27,60,10,480774,matias-zaracho
24/25,Lesão na coxa,2025-04-30,2025-05-12,13,3,480774,matias-zaracho
24/25,Distensão muscular,2025-03-25,2025-04-08,15,3,480774,matias-zaracho
24/25,Problemas musculares,2024-11-24,2024-12-31,38,4,480774,matias-zaracho
24/25,Púbis inflamado,2024-08-21,2024-11-02,74,17,480774,matias-zaracho
23/24,Lesão no púbis,2024-06-26,2024-07-30,35,7,480774,matias-zaracho
23/24,Lesão na coxa,2024-02-07,2024-03-29,52,7,480774,matias-zaracho
22/23,Rotura de ligamentos do tornozelo,2023-01-07,2023-03-06,59,8,480774,matias-zaracho
21/22,Queixas adutores,2021-08-01,2021-08-10,10,2,480774,matias-zaracho
20/21,Contusão no tornozelo,2021-04-29,2021-05-18,20,5,480774,matias-zaracho
18/19,Problemas no Joelho,2018-11-05,2018-11-22,18,1,480774,matias-zaracho
25/26,Lesão muscular,2025-12-01,2026-01-27,58,7,309193,jefferson-savarino
25/26,Problemas musculares,2025-10-16,2025-10-25,10,1,309193,jefferson-savarino
25/26,Lesão desconhecida,2025-09-21,2025-09-27,7,1,309193,jefferson-savarino
25/26,Problemas musculares,2025-07-17,2025-07-25,9,1,309193,jefferson-savarino
24/25,Lesão na coxa,2025-05-01,2025-05-26,26,6,309193,jefferson-savarino
24/25,Lesão na coxa,2025-03-31,2025-04-04,5,1,309193,jefferson-savarino
23/24,Problemas na anca,2023-07-10,2023-07-14,5,1,309193,jefferson-savarino
22/23,Lesão no pé,2023-06-19,2023-06-23,5,1,309193,jefferson-savarino
17/18,Lesão no joelho,2017-10-02,2017-10-18,17,3,309193,jefferson-savarino
24/25,Lesão na coxa,2024-06-23,2024-09-10,80,16,798114,calebe
23/24,Lesão na coxa,2024-04-03,2024-06-19,78,21,798114,calebe
23/24,Problemas musculares na coxa,2024-02-04,2024-03-16,42,8,798114,calebe
23/24,Problemas musculares na coxa,2023-10-27,2023-11-07,12,3,798114,calebe
23/24,Estiramento do ligamento colateral interno do joelho,2023-08-08,2023-09-25,49,8,798114,calebe
24/25,Lesão na anca,2024-07-05,2024-08-15,42,7,662453,dylan-borrero
22/23,Rotura dos ligamentos cruzados,2023-04-29,2024-04-26,364,45,662453,dylan-borrero
25/26,Problemas musculares na coxa,2026-01-02,2026-02-20,50,13.0,743591,savinho
25/26,Lesão desconhecida,2025-08-10,2025-09-08,30,3.0,743591,savinho
24/25,Lesão no joelho,2024-08-26,2024-09-12,18,3.0,743591,savinho
22/23,Lesão na coxa,2023-01-31,2023-03-31,60,11.0,743591,savinho
22/23,Recuperação ritmo competitivo,2022-07-22,2022-07-29,8,,743591,savinho
20/21,Coronavírus,2020-11-08,2020-12-22,45,4.0,743591,savinho
21/22,Lesão do ligamento cruzado,2022-04-28,2022-12-31,248,39,837534,luiz-filipe
24/25,Lesão na panturrilha,2024-09-11,2024-09-24,14,4,89718,eduardo-vargas
24/25,Problemas no Joelho,2024-08-08,2024-08-19,12,3,89718,eduardo-vargas
20/21,Coronavírus,2020-11-18,2020-11-28,11,3,89718,eduardo-vargas
14/15,Innenbandanriss Knie,2015-04-04,2015-06-04,62,7,89718,eduardo-vargas
11/12,Entorse,2012-02-13,2012-02-25,13,3,89718,eduardo-vargas
08/09,Operado ao joelho,2008-11-07,2009-03-25,139,16,89718,eduardo-vargas
24/25,Lesão desconhecida,2024-12-02,2024-12-06,5,1,742366,felipe-felicio
25/26,Traumatismo no metatarso,2025-11-03,2026-02-01,91,5,681692,leo-borges
25/26,Lesão desconhecida,2025-08-21,2025-10-25,66,8,681692,leo-borges
25/26,lesão na perna,2025-08-07,2025-09-29,54,13,268642,renzo-saravia
25/26,Lesão na panturrilha,2025-07-28,2025-08-05,9,1,268642,renzo-saravia
24/25,Lesão na coxa,2024-09-16,2024-10-04,19,5,268642,renzo-saravia
23/24,Lesão muscular,2024-06-23,2024-07-10,18,4,268642,renzo-saravia
22/23,Lesão na coxa,2023-05-03,2023-05-16,14,4,268642,renzo-saravia
20/21,Lesão do ligamento cruzado,2020-09-29,2021-02-24,149,32,268642,renzo-saravia
18/19,Lesão no ombro,2018-11-05,2018-11-12,8,1,268642,renzo-saravia
21/22,Problemas no Joelho,2022-01-28,2022-02-10,14,2,67823,damian-musto
20/21,Rotura muscular na coxa,2021-06-08,2021-06-16,9,1,67823,damian-musto
18/19,Lesão na anca,2018-12-07,2018-12-21,15,2,67823,damian-musto
23/24,Lesão desconhecida,2024-03-23,2024-04-03,12,1,347909,matheus-jussa
25/26,Lesão na coxa,2025-09-13,2025-09-30,18,3,574765,praxedes
23/24,Lesão na coxa,2024-06-09,2024-07-03,25,6,574765,praxedes
22/23,Lesão desconhecida,2022-10-03,2023-01-15,105,9,574765,praxedes
22/23,Problemas musculares,2022-11-07,2023-02-26,112,13,288496,gabriel-boschilia
20/21,Lesão no joelho,2020-10-10,2021-05-12,215,48,288496,gabriel-boschilia
18/19,Lesão desconhecida,2019-04-01,2019-04-05,5,1,288496,gabriel-boschilia
18/19,Contra,2018-12-23,2019-01-10,19,2,288496,gabriel-boschilia
18/19,Gestão de esforço,2018-10-29,2018-10-31,3,1,288496,gabriel-boschilia
17/18,Traumatismo no joelho,2017-11-15,2018-01-12,59,12,288496,gabriel-boschilia
17/18,Recuperação ritmo competitivo,2017-08-26,2017-10-02,38,7,288496,gabriel-boschilia
16/17,Rotura dos ligamentos cruzados,2017-02-13,2017-08-25,194,27,288496,gabriel-boschilia
25/26,Entorse do tornozelo,2025-07-06,2025-07-31,26,5,131840,leandro-fernandez
24/25,Entorse do tornozelo,2025-06-12,2025-06-30,19,2,131840,leandro-fernandez
22/23,Pneumonia,2023-05-11,2023-06-30,51,3,131840,leandro-fernandez
22/23,Ruptura muscular,2022-09-20,2022-10-13,24,5,131840,leandro-fernandez
21/22,Lesão desconhecida,2021-08-18,2021-08-25,8,1,131840,leandro-fernandez
20/21,Ruptura muscular,2021-06-23,2021-07-06,14,3,131840,leandro-fernandez
16/17,Rotura parcial de ligamento,2016-08-28,2017-04-30,246,24,131840,leandro-fernandez
24/25,Rotura dos ligamentos cruzados,2025-03-05,2025-10-11,221,33,742025,guilherme-pato
25/26,Lesão desconhecida,2026-03-02,,24,3,815686,caio-vidal
24/25,Lesão desconhecida,2024-12-08,2025-01-01,25,3,815686,caio-vidal
25/26,Problemas no Joelho,2025-08-07,2025-08-21,15,2,627227,peglow
24/25,Lesão muscular,2025-04-21,2025-05-16,26,5,627227,peglow
22/23,lesão na perna,2023-04-02,2023-04-12,11,1,627227,peglow
25/26,Lesão no joelho,2026-01-20,,65,6,76608,abel-hernandez
23/24,Lesão na coxa,2024-04-03,2024-10-06,187,21,76608,abel-hernandez
23/24,Lesão desconhecida,2024-01-28,2024-03-02,35,7,76608,abel-hernandez
23/24,Muskelbündelriss,2023-10-09,2023-11-30,53,10,76608,abel-hernandez
23/24,Muskelbündelriss,2023-08-23,2023-09-03,12,2,76608,abel-hernandez
22/23,Lesão muscular,2023-06-01,2023-06-08,8,2,76608,abel-hernandez
22/23,Tendinite,2023-03-10,2023-03-29,20,3,76608,abel-hernandez
21/22,Problemas de calcanhares,2021-07-02,2021-07-12,11,3,76608,abel-hernandez
20/21,Lesão muscular,2020-11-15,2020-12-08,24,5,76608,abel-hernandez
18/19,Lesão no joelho,2019-03-03,2019-03-29,27,2,76608,abel-hernandez
18/19,Queixas adutores,2018-11-04,2018-12-06,33,5,76608,abel-hernandez
18/19,Lesão na anca,2018-09-16,2018-10-30,45,9,76608,abel-hernandez
17/18,Recuperação ritmo competitivo,2018-02-12,2018-02-28,17,4,76608,abel-hernandez
17/18,Operação ao tendão de Aquiles,2017-08-15,2018-02-11,181,31,76608,abel-hernandez
16/17,Lesão no pé,2017-05-10,2017-05-31,22,2,76608,abel-hernandez
16/17,Lesão na coxa,2017-02-04,2017-02-25,22,1,76608,abel-hernandez
16/17,Lesão nos adutores,2016-11-07,2017-01-02,57,11,76608,abel-hernandez
14/15,Lesão nos adutores,2015-01-11,2015-01-30,20,1,76608,abel-hernandez
12/13,Rotura dos ligamentos cruzados,2012-10-11,2013-04-11,183,31,76608,abel-hernandez
11/12,Lesão desconhecida,2012-02-21,2012-03-02,11,2,76608,abel-hernandez
11/12,Lesão desconhecida,2011-11-14,2012-02-05,84,13,76608,abel-hernandez
10/11,Problemas musculares na coxa,2010-10-31,2011-02-02,95,19,76608,abel-hernandez
25/26,Lesão na coxa,2026-03-06,2026-05-04,60,,789082,vanderson
25/26,Lesão na coxa,2025-10-02,2025-11-17,47,8.0,789082,vanderson
25/26,Lesão na panturrilha,2025-08-29,2025-09-10,13,1.0,789082,vanderson
23/24,Lesão na anca,2024-02-11,2024-03-08,27,4.0,789082,vanderson
23/24,Lesão no joelho,2023-10-04,2023-11-08,36,6.0,789082,vanderson
22/23,Lesão no joelho,2023-02-01,2023-03-10,38,7.0,789082,vanderson
21/22,Coronavírus,2022-03-18,2022-03-25,8,1.0,789082,vanderson
20/21,Coronavírus,2021-04-06,2021-04-21,16,3.0,789082,vanderson
23/24,Lesão muscular,2024-02-12,2024-02-27,16,4,815673,fernando-henrique
22/23,Lesão meniscal,2023-01-19,2023-05-29,131,21,815673,fernando-henrique
22/23,Muskelbündelriss,2022-09-25,2022-10-21,27,4,61856,cesar-pinares
21/22,Lesão desconhecida,2022-04-05,2022-04-11,7,1,61856,cesar-pinares
21/22,Lesão desconhecida,2022-02-09,2022-02-12,4,1,61856,cesar-pinares
21/22,Lesão desconhecida,2021-09-11,2021-09-23,13,2,61856,cesar-pinares
19/20,Muskelbündelriss,2020-01-24,2020-02-08,16,2,61856,cesar-pinares
18/19,Problemas musculares,2019-04-12,2019-04-22,11,2,61856,cesar-pinares
24/25,Lesão muscular,2025-06-24,2025-08-12,50,4,68747,diego-churin
25/26,Lesão na coxa,2025-09-21,2025-11-18,59,8,642589,fabri
24/25,Lesão muscular,2025-06-02,2025-07-11,40,2,642589,fabri
24/25,Problemas musculares na coxa,2025-05-15,2025-05-27,13,2,642589,fabri
24/25,Lesão no joelho,2025-02-20,2025-03-15,24,5,642589,fabri
23/24,Lesão na coxa,2023-12-20,2024-02-07,50,4,642589,fabri
23/24,Lesão na coxa,2023-10-16,2023-11-15,31,5,642589,fabri
23/24,Constipação,2023-08-23,2023-08-24,2,1,752560,gustavo-maia
23/24,Corte,2023-02-01,2024-02-21,386,12,752560,gustavo-maia
20/21,Lesão nas costas,2021-04-10,2021-05-01,22,3,752560,gustavo-maia
20/21,Problemas no Joelho,2021-01-16,2021-01-23,8,1,752560,gustavo-maia
20/21,Lesão nas costas,2020-11-05,2020-11-19,15,1,752560,gustavo-maia
22/23,Lesão no joelho,2022-07-26,2022-08-10,16,3,267431,fabian-noguera
25/26,Rotura dos ligamentos cruzados,2025-02-10,2026-02-04,360,53,813108,vinicius-balieiro
24/25,Lesão no joelho,2025-05-01,2025-05-23,23,6,813107,gabriel-pirani
25/26,Problemas cardíacos,2026-02-23,,29,6,606850,lucas-braga
22/23,Lesão desconhecida,2022-11-06,2023-01-15,71,2,606850,lucas-braga
22/23,Rotura dos ligamentos cruzados,2022-07-28,2022-12-20,146,2.0,668236,renyer
20/21,Recuperação ritmo competitivo,2020-10-16,2020-12-06,52,,668236,renyer
19/20,Rotura dos ligamentos cruzados,2020-03-03,2020-10-15,227,,668236,renyer
23/24,Pubalgia,2024-03-02,2024-06-30,121,11,743598,angelo
23/24,Lesão na coxa,2023-09-23,2023-12-01,70,8,813109,bruno-marques
24/25,Rotura no tendão do adutor,2025-04-19,2025-06-15,58,6,668267,marcos-leonardo
23/24,Problemas no Joelho,2024-05-11,2024-06-30,51,2,668267,marcos-leonardo
20/21,Lesão muscular,2021-02-13,2021-03-20,36,11,733453,mateus-claus
24/25,Lesão do ligamento cruzado,2024-07-29,2025-05-17,293,49,544254,fabio-alemao
25/26,Traumatismo no joelho,2025-08-11,2025-09-13,34,4,741021,matheus-bahia
24/25,Lesão na coxa,2025-05-23,2025-07-08,47,3,741021,matheus-bahia
24/25,Problemas musculares na coxa,2025-04-06,2025-04-14,9,1,741021,matheus-bahia
22/23,Lesão na coxa,2023-05-15,2023-07-01,48,8,741021,matheus-bahia
22/23,Lesão nos adutores,2022-08-30,2022-10-25,57,10,741021,matheus-bahia
25/26,Lesão na coxa,2025-10-14,2025-11-25,43,3,724702,marcelo-ryan
24/25,Ruptura muscular na coxa,2024-08-17,2024-09-23,38,5,724702,marcelo-ryan
18/19,Lesão no tornozelo,2019-04-05,2019-04-19,15,2,649055,gabriel-novaes
25/26,Lesão desconhecida,2026-02-09,2026-02-15,7,,740059,matheus-saldanha
23/24,Lesão na coxa,2024-03-09,2024-04-19,42,7.0,740059,matheus-saldanha
25/26,Problema nos flexores do quadril,2025-09-12,,193,34,740272,fintelman
21/22,Rotura muscular,2022-06-25,2022-08-25,62,8,388588,jadson
20/21,Lesão muscular,2020-09-15,2020-10-01,17,2,388588,jadson
18/19,Lesão desconhecida,2019-03-05,2019-03-28,24,2,388588,jadson
18/19,Lesão desconhecida,2018-09-26,2018-11-27,63,6,388588,jadson
18/19,Lesão desconhecida,2018-08-01,2018-09-19,50,5,388588,jadson
17/18,Problemas musculares,2018-01-30,2018-03-14,44,6,388588,jadson
17/18,Lesão desconhecida,2017-12-24,2018-01-15,23,4,388588,jadson
17/18,Lesão desconhecida,2017-10-13,2017-11-03,22,4,388588,jadson
17/18,Lesão desconhecida,2017-09-04,2017-09-27,24,3,388588,jadson
17/18,Lesão desconhecida,2017-01-29,2017-08-31,215,22,388588,jadson
25/26,Lesão muscular,2025-09-01,2025-09-30,30,4,793774,marcelo-alves
24/25,Operado ao joelho,2024-10-03,2025-06-01,242,27,793774,marcelo-alves
23/24,Choque,2023-11-30,2023-12-02,3,,557939,neto-borges
23/24,Pancada na coxa,2023-09-18,2023-10-10,23,2.0,557939,neto-borges
22/23,Lesão no joelho,2022-11-01,2022-11-15,15,2.0,557939,neto-borges
21/22,Lesão desconhecida,2021-11-01,2021-11-08,8,1.0,557939,neto-borges
19/20,Lesão no pé,2019-09-15,2019-09-20,6,1.0,557939,neto-borges
22/23,Lesão dos ligamentos laterais do joelho,2022-07-21,2023-06-30,345,46,643119,riquelme
13/14,Lesão desconhecida,2013-06-12,2013-08-12,62,10,22378,leo-matos
25/26,Lesão no joelho,2025-10-13,2025-11-06,25,2,125907,leonardo-gil
25/26,Problemas musculares,2025-07-29,2025-08-05,8,1,125907,leonardo-gil
24/25,Distensão muscular,2025-04-10,2025-04-17,8,1,125907,leonardo-gil
22/23,Muskelbündelriss,2023-05-10,2023-05-21,12,2,125907,leonardo-gil
22/23,Lesão nas costas,2023-01-25,2023-02-22,29,3,125907,leonardo-gil
22/23,Recuperação ritmo competitivo,2023-03-13,2023-03-31,19,1,226155,carlinhos
21/22,Lesão do ligamento cruzado,2022-05-08,2023-03-12,309,29,226155,carlinhos
20/21,Coronavírus,2020-11-12,2020-11-25,14,3,226155,carlinhos
19/20,Lesão desconhecida,2019-09-15,2019-09-23,9,1,226155,carlinhos
23/24,Lesão desconhecida,2023-08-14,2023-11-11,90,17,689561,vinicius-paiva
25/26,Lesão no joelho,2026-01-09,,74,18,54590,german-cano
25/26,Entorse no joelho,2025-10-30,2025-12-13,45,9,54590,german-cano
25/26,Entorse no joelho,2025-08-17,2025-08-22,6,1,54590,german-cano
24/25,Lesão no joelho,2025-04-30,2025-06-16,48,9,54590,german-cano
24/25,Traumatismo no pé,2024-07-25,2024-09-14,52,10,54590,german-cano
20/21,Coronavírus,2020-12-01,2020-12-16,16,2,54590,german-cano
24/25,lesão na perna,2025-05-06,2025-05-23,18,2,277743,alex-muralha
19/20,Problemas musculares na coxa,2019-09-24,2019-09-27,4,1,412685,cesar
17/18,Lesão no joelho,2018-03-19,2018-06-06,80,10,412685,cesar
15/16,Fratura da virilha,2015-09-09,2015-10-17,39,5,75058,william-matheus
14/15,Lesão no joelho,2014-08-31,2014-12-31,123,16,75058,william-matheus
25/26,Lesão desconhecida,2025-09-02,2025-12-31,121,15,428993,kazu
19/20,Lesão desconhecida,2020-01-01,2020-01-13,13,2,224852,patrick
17/18,lesão na perna,2017-10-10,2017-12-15,67,9,224852,patrick
16/17,lesão na perna,2017-06-01,2017-10-01,123,8,224852,patrick
15/16,Lesão desconhecida,2015-12-30,2016-01-16,18,3,224852,patrick
24/25,Lesão na panturrilha,2024-08-11,2024-09-21,42,5,147366,jonathan
23/24,Inflamação do tendão,2024-06-27,2024-07-19,23,5,147366,jonathan
23/24,Inflamação do tendão,2024-03-30,2024-04-29,31,4,147366,jonathan
19/20,Lesão muscular,2019-08-01,2019-08-20,20,3,147366,jonathan
25/26,Fadiga muscular,2026-03-16,2026-03-20,5,1,378189,lucas-ramon
25/26,Entorse do tornozelo,2025-10-14,2025-11-05,23,4,378189,lucas-ramon
21/22,Rotura do tendão de Aquiles,2021-10-05,2022-05-01,209,43,393835,thiago-lopes
21/22,Problemas no tendão de Aquiles,2021-08-17,2021-09-30,45,6,393835,thiago-lopes
25/26,Doente,2026-02-06,2026-02-11,6,1,627228,yan-couto
24/25,Lesão muscular,2024-10-16,2024-11-08,24,6,627228,yan-couto
24/25,Problemas físicos,2024-08-29,2024-09-12,15,1,627228,yan-couto
23/24,Vírus,2024-05-13,2024-05-17,5,1,627228,yan-couto
21/22,Coronavírus,2022-01-19,2022-01-29,11,1,627228,yan-couto
16/17,Problemas físicos,2017-04-15,2017-04-25,11,1,226138,mattheus
16/17,Lesão desconhecida,2017-02-07,2017-02-27,21,3,226138,mattheus
19/20,Calcanhar de Aquiles,2020-01-14,2020-05-25,133,12,202919,giovanni
25/26,Rotura dos ligamentos cruzados,2026-03-12,2026-10-31,234,1,267882,ezequiel-cerutti
25/26,Contra,2026-02-23,2026-03-03,9,2,267882,ezequiel-cerutti
25/26,Problemas musculares,2025-08-08,2025-08-19,12,1,267882,ezequiel-cerutti
24/25,Problemas musculares,2025-02-03,2025-02-20,18,3,267882,ezequiel-cerutti
23/24,Recuperação ritmo competitivo,2024-02-20,2024-03-08,18,2,267882,ezequiel-cerutti
22/23,Rotura parcial de ligamento,2023-06-16,2024-02-19,249,36,267882,ezequiel-cerutti
22/23,Muskelbündelriss,2023-04-10,2023-05-02,23,5,267882,ezequiel-cerutti
21/22,Muskelbündelriss,2021-09-21,2021-10-20,30,4,267882,ezequiel-cerutti
21/22,Lesão no joelho,2021-07-02,2021-08-18,48,6,267882,ezequiel-cerutti
25/26,Problemas musculares,2026-02-26,2026-02-28,3,1,443239,iago-dias
23/24,Recuperação ritmo competitivo,2024-05-31,2025-01-24,239,9,161188,robson
23/24,Lesão no joelho,2024-04-02,2024-05-31,60,8,161188,robson
24/25,Pequena lesão,2024-11-25,2024-12-04,10,1,688309,wellissol
22/23,Problemas no Joelho,2022-09-13,2022-09-27,15,1,104590,rafael-forster
20/21,Lesão no tornozelo,2021-02-02,2021-02-21,20,3,104590,rafael-forster
17/18,Lesão nos adutores,2017-07-20,2017-08-05,17,2,104590,rafael-forster
25/26,Lesão desconhecida,2025-08-01,2025-09-01,32,4,740159,david-sousa
22/23,Rotura do menisco,2022-07-07,2023-01-02,180,20,740159,david-sousa
24/25,Lesão na panturrilha,2025-05-07,2025-06-30,55,11,740157,hugo
25/26,Lesão no joelho,2026-03-14,,12,1,365941,federico-barrandeguy
22/23,Lesão desconhecida,2022-09-04,2022-12-12,100,12,365941,federico-barrandeguy
24/25,Recuperação ritmo competitivo,2024-09-20,2024-12-04,76,10,262951,neneco
24/25,Lesão desconhecida,2025-02-09,2025-03-20,40,7,813037,kayque
22/23,Cirurgia Ligamento Cruzado,2022-07-04,2023-05-22,323,47,813037,kayque
18/19,Lesão na coxa,2018-12-21,2019-02-06,48,9,66521,keisuke-honda
17/18,Lesão muscular,2017-07-14,2017-08-11,29,5,66521,keisuke-honda
15/16,Choque,2016-04-02,2016-04-05,4,1,66521,keisuke-honda
14/15,Distorção do tornozelo,2015-04-03,2015-04-17,15,2,66521,keisuke-honda
13/14,Distorção do tornozelo,2014-04-10,2014-04-24,15,2,66521,keisuke-honda
13/14,Gripe gastrointestinal,2014-02-07,2014-02-10,4,1,66521,keisuke-honda
12/13,Vírus,2013-03-05,2013-04-13,40,7,66521,keisuke-honda
11/12,Problemas na anca,2012-03-03,2012-04-15,44,6,66521,keisuke-honda
11/12,Problemas no Joelho,2011-11-18,2012-01-10,54,3,66521,keisuke-honda
11/12,Operado ao joelho,2011-08-28,2011-11-10,75,16,66521,keisuke-honda
16/17,Fratura maxilar,2017-04-07,2017-05-07,31,5,189473,gabriel-cortez
24/25,Lesão no joelho,2025-01-19,2025-02-19,32,3,183945,eber-bessa
17/18,Problemas musculares,2017-11-01,2017-12-17,47,6,183945,eber-bessa
19/20,Quarentena,2020-03-17,2020-03-31,15,,7971,salomon-kalou
18/19,Risswunde,2018-12-08,2019-01-05,29,3.0,7971,salomon-kalou
17/18,Queixas adutores,2017-12-04,2017-12-09,6,1.0,7971,salomon-kalou
17/18,Problemas nas costas,2017-07-20,2017-07-27,8,,7971,salomon-kalou
16/17,Lesão no pé,2017-05-25,2017-06-29,36,2.0,7971,salomon-kalou
16/17,Tensão muscular,2017-03-13,2017-03-16,4,,7971,salomon-kalou
16/17,Traumatismo no pé,2017-02-27,2017-03-02,4,,7971,salomon-kalou
16/17,Inflamação,2017-02-20,2017-02-23,4,,7971,salomon-kalou
16/17,Problemas nas costas,2017-02-06,2017-02-06,1,,7971,salomon-kalou
16/17,Problemas nas costas,2016-09-19,2016-10-10,22,4.0,7971,salomon-kalou
15/16,Rotura muscular na coxa,2016-02-11,2016-02-18,8,1.0,7971,salomon-kalou
15/16,Traumatismo craniano,2015-11-02,2015-11-05,4,,7971,salomon-kalou
14/15,Contusão no tornozelo,2015-04-13,2015-04-16,4,,7971,salomon-kalou
09/10,Problemas musculares na coxa,2009-12-03,2009-12-17,15,3.0,7971,salomon-kalou
23/24,lesão na perna,2024-02-20,2024-04-05,46,5,400254,alexander-lecaros
23/24,Lesão na coxa,2024-02-12,2024-03-01,19,4,547443,pedro-raul
24/25,Lesão no tornozelo,2025-05-12,2025-05-27,16,3,371267,rafael-navarro
25/26,Lesão na virilha,2025-08-20,2025-09-30,42,7,743594,matheus-nascimento
24/25,Lesão na coxa,2025-02-20,2025-03-14,23,5,743594,matheus-nascimento
24/25,Lesão muscular,2025-04-17,2025-05-17,31,4,788861,matheus-babi
24/25,Lesão nos adutores,2025-01-19,2025-02-14,27,7,788861,matheus-babi
21/22,Cirurgia Ligamento Cruzado,2021-07-27,2022-03-01,218,52,788861,matheus-babi
25/26,Amigdalite,2025-12-01,2026-01-20,51,4,742034,leo-linck
25/26,Entorse do tornozelo,2025-08-10,2025-08-29,20,5,742034,leo-linck
24/25,Lesão no ombro,2025-05-23,2025-06-14,23,3,742034,leo-linck
24/25,Traumatismo craniano,2024-08-30,2024-09-10,12,1,742034,leo-linck
24/25,Problemas musculares na coxa,2024-09-16,2024-09-28,13,1,606136,danilo-boza
24/25,Lesão na coxa,2024-07-08,2024-08-03,27,7,606136,danilo-boza
23/24,Lesão muscular,2024-03-28,2024-04-16,20,3,606136,danilo-boza
20/21,Coronavírus,2020-11-24,2020-12-10,17,3,522131,jaime-alvarado
20/21,Coronavírus,2020-11-20,2020-12-05,16,4,153065,fernando-canesin
24/25,Problemas no tendão de Aquiles,2024-09-12,2025-12-11,456,66,155470,jorginho
23/24,Lesão na coxa,2023-07-03,2023-08-01,30,6,155470,jorginho
22/23,Problemas no Joelho,2023-05-06,2023-05-09,4,1,155470,jorginho
18/19,Rotura dos ligamentos cruzados,2019-05-04,2019-11-18,199,21,390370,ravanelli
17/18,Risswunde,2018-04-30,2018-05-20,21,2,390370,ravanelli
21/22,Problemas no flexor esquerdo da anca,2021-11-17,2021-12-15,29,5,593653,denner
20/21,lesão na perna,2020-10-16,2020-11-09,25,6,593653,denner
20/21,Lesão no bíceps femoral,2020-08-10,2020-09-04,26,5,593653,denner
24/25,Entorse no joelho,2024-11-17,2025-08-29,286,50,593205,julimar
21/22,Lesão dos ligamentos laterais do joelho,2022-03-21,2023-01-14,300,17,593205,julimar
23/24,Lesão no joelho,2024-05-31,2024-07-12,43,10,658665,kleiton-pego
21/22,Lesão dos ligamentos laterais do joelho,2022-02-25,2022-08-31,188,,646256,reinaldo
08/09,Rotura dos ligamentos cruzados,2009-05-13,2009-12-13,215,48,74605,walter
16/17,Lesão desconhecida,2017-04-01,2017-05-01,31,3,55346,chico
15/16,Problemas musculares na coxa,2016-03-04,2016-05-20,78,11,55346,chico
15/16,Lesão na panturrilha,2015-08-15,2015-11-22,100,12,55346,chico
25/26,Lesão desconhecida,2025-07-27,,242,37,863104,da-silva
21/22,Estiramento do ligamento colateral interno do joelho,2022-06-22,2022-12-31,193,26,863104,da-silva
24/25,Problemas musculares,2025-02-18,2025-02-26,9,1,410456,juan-pintado
23/24,Rompimento dos adutores,2024-02-26,2024-03-07,11,2,410456,juan-pintado
20/21,Cirurgia Ligamento Cruzado,2021-05-05,2021-12-31,241,,880248,nathan-melo
21/22,Coronavírus,2022-01-05,2022-01-15,11,2,140757,daniel-bessa
19/20,Lesão nos adutores,2019-09-04,2020-01-13,132,16,140757,daniel-bessa
17/18,Problemas musculares,2018-05-08,2018-05-15,8,1,140757,daniel-bessa
17/18,Lesão desconhecida,2017-10-30,2017-11-23,25,2,140757,daniel-bessa
17/18,Lesão no joelho,2017-09-21,2017-09-28,8,1,140757,daniel-bessa
13/14,Lesão muscular,2014-01-15,2014-03-01,46,6,140757,daniel-bessa
12/13,Problemas no Joelho,2013-04-10,2013-04-27,18,3,140757,daniel-bessa
11/12,Rotura dos ligamentos cruzados,2012-06-11,2012-12-18,191,27,140757,daniel-bessa
21/22,Lesão desconhecida,2021-07-16,2021-08-31,47,5,74590,sandro
18/19,Lesão muscular,2018-11-03,2018-11-24,22,1,74590,sandro
18/19,Lesão no joelho,2018-07-09,2018-09-01,55,2,74590,sandro
17/18,Lesão muscular,2018-03-02,2018-03-13,12,1,74590,sandro
17/18,Lesão desconhecida,2017-11-22,2017-12-28,37,8,74590,sandro
17/18,Lesão desconhecida,2017-08-13,2017-10-02,51,6,74590,sandro
14/15,Lesão no joelho,2014-11-22,2015-03-04,103,15,74590,sandro
12/13,Operado ao joelho,2013-01-12,2013-07-19,189,23,74590,sandro
11/12,Meniskuseinriss,2011-07-12,2011-09-25,76,12,74590,sandro
08/09,Problemas musculares,2009-06-25,2009-07-25,31,6,74590,sandro
22/23,Lesão desconhecida,2023-06-20,2023-06-30,11,2,439631,kevin-quevedo
22/23,Lesão desconhecida,2023-04-12,2023-04-22,11,1,439631,kevin-quevedo
21/22,Lesão no tornozelo,2022-05-10,2022-05-17,8,1,439631,kevin-quevedo
21/22,Lesão desconhecida,2022-02-04,2022-03-03,28,3,439631,kevin-quevedo
21/22,Lesão desconhecida,2021-09-01,2021-09-21,21,5,439631,kevin-quevedo
20/21,Fratura do Metatarso,2021-05-09,2021-07-31,84,17,439631,kevin-quevedo
25/26,Lesão na anca,2025-09-11,2025-10-03,23,2.0,863119,lucas-emmanuel
20/21,Lesão do ligamento cruzado,2021-03-09,2021-12-31,298,,863119,lucas-emmanuel
25/26,Fadiga muscular,2025-10-21,2025-10-28,8,1,815558,martinelli
24/25,Lesão no tornozelo,2024-08-14,2024-08-19,6,1,815558,martinelli
22/23,Lesão na coxa,2023-04-03,2023-05-20,48,13,815558,martinelli
21/22,Traumatismo na anca,2021-09-12,2021-09-19,8,2,815558,martinelli
25/26,Lesão na panturrilha,2026-02-05,2026-02-12,8,2,800176,andre
23/24,Lesão no joelho,2024-04-26,2024-07-03,69,19,800176,andre
23/24,Lesão desconhecida,2023-12-19,2024-01-13,26,2,371246,denilson
25/26,Lesão na coxa,2026-02-06,2026-03-10,33,8,482144,michel-araujo
25/26,Estiramento do ligamento colateral interno do joelho,2025-11-24,2026-01-14,52,4,482144,michel-araujo
25/26,Lesão muscular,2025-08-17,2025-09-02,17,4,482144,michel-araujo
24/25,Lesão na coxa,2025-03-20,2025-04-26,38,10,482144,michel-araujo
24/25,Estiramento do ligamento colateral interno do joelho,2024-09-26,2024-11-19,55,6,482144,michel-araujo
24/25,Lesão no joelho,2024-07-02,2024-07-10,9,2,482144,michel-araujo
22/23,Lesão muscular,2023-06-15,2023-07-03,19,4,482144,michel-araujo
20/21,Problemas musculares na coxa,2021-01-22,2021-02-02,12,2,482144,michel-araujo
20/21,Coronavírus,2020-11-18,2020-12-02,15,2,482144,michel-araujo
20/21,Problemas na panturrilha,2020-10-10,2020-10-21,12,3,482144,michel-araujo
18/19,Lesão muscular,2018-07-23,2018-09-11,51,7,482144,michel-araujo
17/18,Lesão muscular,2018-05-08,2018-05-22,15,3,482144,michel-araujo
24/25,Muskelbündelriss,2025-02-17,2025-04-27,70,,451338,fernando-pacheco
23/24,Muskelbündelriss,2024-03-10,2024-04-14,36,,451338,fernando-pacheco
23/24,Lesão desconhecida,2023-09-22,2023-11-13,53,5.0,451338,fernando-pacheco
22/23,Lesão desconhecida,2023-05-22,2023-06-09,19,2.0,451338,fernando-pacheco
22/23,Lesão desconhecida,2023-04-23,2023-05-14,22,3.0,451338,fernando-pacheco
22/23,Problemas gástricos,2023-02-18,2023-02-27,10,2.0,451338,fernando-pacheco
21/22,Muskelbündelriss,2022-02-26,2022-04-04,38,4.0,451338,fernando-pacheco
22/23,Fratura da clavícula,2023-05-02,2023-07-10,70,7,363177,matheus-cassini
25/26,Lesão desconhecida,2025-07-26,2025-08-05,11,3,800175,luiz-henrique
23/24,Lesão na panturrilha,2024-02-16,2024-03-30,44,10,800175,luiz-henrique
23/24,Lesão desconhecida,2023-09-26,2023-10-16,21,4,800175,luiz-henrique
22/23,Lesão no tornozelo,2022-12-07,2022-12-11,5,1,314706,matheus-pato
24/25,Choque,2024-12-16,2024-12-22,7,,520082,carlos-eduardo
25/26,Problemas musculares na coxa,2025-10-06,2025-10-21,16,2,676035,luciano-juba
22/23,Problemas musculares,2023-06-24,2023-06-29,6,1,676035,luciano-juba
25/26,Lesão na coxa,2025-07-28,2025-09-26,61,8,676034,ewerthon
25/26,Lesão na coxa,2025-07-04,2025-07-26,23,3,676034,ewerthon
24/25,Problemas musculares na coxa,2024-08-15,2024-09-10,27,5,676034,ewerthon
23/24,Lesão muscular,2024-01-19,2024-05-31,134,21,676034,ewerthon
22/23,Problemas no Joelho,2022-09-10,2022-12-31,113,9,676034,ewerthon
22/23,Problemas musculares,2022-07-15,2022-07-31,17,3,676034,ewerthon
25/26,Lesão na cabeça,2026-02-16,2026-03-05,18,2,237851,betinho
24/25,Distensão da panturrilha,2024-10-27,2024-12-01,36,2,237851,betinho
21/22,Rotura de ligamentos no joelho,2021-08-19,2022-06-01,287,54,643937,joao-igor
19/20,Problemas musculares,2019-10-26,2019-11-18,24,5,643937,joao-igor
19/20,Fratura do nariz,2019-09-16,2019-10-10,25,5,643937,joao-igor
19/20,Entorse do tornozelo,2019-07-05,2019-07-23,19,3,643937,joao-igor
25/26,Problemas musculares na coxa,2025-09-13,2025-09-28,16,2,148231,lucas-mugni
24/25,Pubalgia,2025-04-06,2025-04-14,9,1,148231,lucas-mugni
20/21,Coronavírus,2021-04-09,2021-04-19,11,2,148231,lucas-mugni
24/25,Lesão desconhecida,2025-01-10,2025-02-01,23,4,738410,julio-cesar
20/21,Coronavírus,2020-11-18,2020-12-04,17,,371259,andre-luiz
23/24,Distensão dos adutores,2024-02-09,2024-02-15,7,1,742855,gabriel-lacerda
20/21,Coronavírus,2020-11-18,2020-12-04,17,4,742855,gabriel-lacerda
24/25,Rotura do ligamento externo do joelho,2025-03-30,2025-05-31,63,13,646679,pedro-naressi
20/21,Lesão do ligamento cruzado,2021-03-13,2021-11-13,246,56,691843,vitor-jacare
25/26,Problemas musculares na coxa,2026-03-22,,4,,553727,saulo-mineiro
25/26,Problemas musculares na coxa,2026-02-18,2026-03-20,31,2.0,553727,saulo-mineiro
24/25,Rotura num tendão,2025-06-15,2025-10-14,122,16.0,553727,saulo-mineiro
24/25,Ruptura muscular na coxa,2025-06-15,2025-10-13,121,16.0,553727,saulo-mineiro
22/23,Rotura do tendão de Aquiles,2022-10-02,2023-04-16,197,14.0,553727,saulo-mineiro
20/21,Coronavírus,2020-11-18,2020-12-04,17,3.0,553727,saulo-mineiro
22/23,Lesão no tornozelo,2022-10-06,2023-01-15,102,5,347079,gilvan
22/23,Lesão no tornozelo,2022-08-01,2022-09-20,51,9,347079,gilvan
22/23,Queixas adutores,2023-06-27,2023-08-07,42,7,521339,matheus-pereira
21/22,Lesão no bíceps femoral,2022-06-19,2022-07-17,29,6,521339,matheus-pereira
23/24,Lesão no tornozelo,2023-07-24,2023-07-31,8,1,592373,lucas-oliveira
23/24,Lesão desconhecida,2023-07-17,2023-08-01,16,1,752554,eduardo
24/25,Problemas no Joelho,2025-04-14,2025-05-02,19,4,542483,wellington-rato
24/25,Lesão na panturrilha,2024-11-10,2024-11-22,13,1,542483,wellington-rato
23/24,Lesão na coxa,2024-04-05,2024-06-12,69,14,542483,wellington-rato
23/24,lesão na perna,2024-02-11,2024-02-25,15,2,542483,wellington-rato
24/25,Rotura de ligamentos no joelho,2024-11-04,2026-01-20,443,67,305428,ze-roberto
17/18,Lesão na tíbia,2018-08-22,2018-12-31,132,17,305428,ze-roberto
23/24,Lesão desconhecida,2023-09-19,2023-10-09,21,2,481211,henry-vaca
22/23,Lesão na coxa,2023-06-14,2023-07-16,33,4,226005,franco-fragapane
21/22,Lesão na coxa,2021-07-19,2021-09-11,55,8,226005,franco-fragapane
11/12,Fratura de um dedo,2011-07-20,2011-08-12,24,5,28502,julio-cesar
22/23,Lesão na coxa,2023-05-25,2023-06-09,16,3,265837,ligger
24/25,Lesão na coxa,2024-08-18,2024-10-25,69,13,656409,leo-realpe
21/22,Lesão no joelho,2021-11-17,2022-02-25,101,12,656409,leo-realpe
25/26,Lesão muscular,2025-08-16,2025-11-07,84,16,651477,cesar-haydar
25/26,Lesão na coxa,2025-07-27,2025-08-05,10,2,678502,guilherme-lopes
24/25,Lesão na coxa,2025-04-28,2025-05-21,24,4,678502,guilherme-lopes
25/26,Lesão na coxa,2025-09-12,2025-11-25,75,13.0,412367,weverson
23/24,Lesão desconhecida,2023-11-13,2023-12-05,23,2.0,412367,weverson
23/24,Lesão desconhecida,2023-08-21,2023-09-13,24,2.0,412367,weverson
17/18,Problemas nas costas,2017-10-19,2017-10-19,1,,412367,weverson
25/26,Lesão na coxa,2025-09-29,2026-02-03,128,25.0,270188,lucas-evangelista
24/25,Lesão na coxa,2025-04-07,2025-04-19,13,3.0,270188,lucas-evangelista
23/24,Lesão na coxa,2024-02-24,2024-04-30,67,14.0,270188,lucas-evangelista
19/20,Fadiga muscular,2019-12-05,2019-12-24,20,4.0,270188,lucas-evangelista
16/17,inflamação no joelho,2017-02-18,2017-03-19,30,4.0,270188,lucas-evangelista
16/17,Lesão no ombro,2016-08-28,2016-09-10,14,,270188,lucas-evangelista
15/16,Lesão da parede abdominal,2016-02-05,2016-02-19,15,3.0,270188,lucas-evangelista
14/15,Operação,2015-02-28,2015-06-01,94,14.0,270188,lucas-evangelista
25/26,Lesão dos ligamentos laterais do joelho,2025-08-22,2025-10-20,60,10.0,403315,claudinho
22/23,Lesão no bíceps femoral,2022-08-06,2022-08-30,25,3.0,403315,claudinho
22/23,Lesão muscular,2022-07-22,2022-07-27,6,,403315,claudinho
25/26,Rotura de ligamentos do tornozelo,2025-09-18,2025-12-06,80,20,503052,tomas-cuello
25/26,Lesão na coxa,2025-07-13,2025-07-23,11,2,503052,tomas-cuello
24/25,Lesão na coxa,2025-05-22,2025-07-11,51,4,503052,tomas-cuello
23/24,Lesão no joelho,2024-06-23,2024-07-10,18,4,503052,tomas-cuello
19/20,Dor de dentes,2019-09-18,2019-10-18,31,3,503052,tomas-cuello
24/25,Operação,2025-06-21,2025-08-22,63,14,673830,luis-phelipe
24/25,Lesão desconhecida,2024-11-22,2024-12-04,13,3,673830,luis-phelipe
23/24,Fibra muscular rasgado,2024-03-31,2024-04-30,31,6,673830,luis-phelipe
21/22,Lesão desconhecida,2022-01-27,2022-02-28,33,7,673830,luis-phelipe
21/22,Lesão desconhecida,2021-10-20,2021-11-03,15,3,673830,luis-phelipe
19/20,rotura da banda de sindesmose,2019-08-08,2019-08-22,15,2,673830,luis-phelipe
24/25,Problemas musculares na coxa,2025-01-01,2025-04-29,119,23,550178,bruno-tubarao
24/25,Problemas musculares na coxa,2024-07-12,2024-08-23,43,9,550178,bruno-tubarao
23/24,Lesão na coxa,2024-05-21,2024-06-21,32,5,550178,bruno-tubarao
23/24,Lesão muscular,2024-02-01,2024-02-14,14,3,550178,bruno-tubarao
25/26,Lesão muscular,2025-07-10,2025-08-26,48,6,459115,jan-hurtado
24/25,Ruptura muscular,2025-04-19,2025-05-01,13,1,459115,jan-hurtado
24/25,Lesão na coxa,2024-08-25,2024-09-20,27,4,459115,jan-hurtado
22/23,Estiramento do ligamento colateral interno do joelho,2022-11-03,2022-12-31,59,5,459115,jan-hurtado
22/23,Lesão desconhecida,2022-09-05,2022-10-29,55,11,459115,jan-hurtado
20/21,Quarentena,2020-08-11,2020-08-25,15,4,459115,jan-hurtado
25/26,Lesão meniscal,2026-02-03,,51,3,70784,ytalo
25/26,Lesão no cotovelo,2026-01-07,2026-02-02,27,5,70784,ytalo
17/18,Lesão desconhecida,2017-09-14,2017-10-02,19,5,70784,ytalo
25/26,Entorse no joelho,2026-01-07,2026-02-17,42,11,876739,matheus-cunha
25/26,Tendinite,2025-08-01,2025-08-05,5,1,876739,matheus-cunha
25/26,Lesão desconhecida,2026-01-18,2026-01-26,9,1.0,46741,david-luiz
25/26,Problemas musculares na coxa,2025-07-08,2025-08-03,27,5.0,46741,david-luiz
24/25,Lesão na cabeça,2025-04-24,2025-04-28,5,1.0,46741,david-luiz
24/25,Lesão muscular,2025-03-23,2025-03-28,6,1.0,46741,david-luiz
24/25,Febre,2024-11-14,2024-11-25,12,1.0,46741,david-luiz
24/25,Problemas no tendão de Aquiles,2024-10-27,2024-11-02,7,1.0,46741,david-luiz
22/23,Problemas musculares,2023-05-15,2023-05-19,5,1.0,46741,david-luiz
20/21,Lesão na coxa,2021-05-03,2021-05-24,22,5.0,46741,david-luiz
20/21,Doente,2020-12-25,2021-01-01,8,2.0,46741,david-luiz
20/21,Lesão na cabeça,2020-12-01,2020-12-15,15,4.0,46741,david-luiz
20/21,Choque,2020-11-27,2020-11-28,2,,46741,david-luiz
20/21,Lesão na coxa,2020-10-26,2020-11-03,9,2.0,46741,david-luiz
20/21,Lesão no pescoço,2020-09-11,2020-09-18,8,1.0,46741,david-luiz
17/18,Lesão no joelho,2018-04-01,2018-05-13,43,8.0,46741,david-luiz
17/18,Lesão no tornozelo,2018-02-10,2018-03-31,50,8.0,46741,david-luiz
17/18,Problemas na tibiotársica,2018-01-25,2018-02-02,9,2.0,46741,david-luiz
17/18,Lesão no joelho,2017-11-26,2018-01-05,41,11.0,46741,david-luiz
15/16,Problemas no Joelho,2016-01-28,2016-02-01,5,1.0,46741,david-luiz
15/16,Lesão no joelho,2015-11-16,2015-11-26,11,3.0,46741,david-luiz
15/16,Problemas físicos,2015-10-12,2015-11-02,22,5.0,46741,david-luiz
14/15,Lesão no pé,2015-05-01,2015-05-14,14,2.0,46741,david-luiz
14/15,Lesão na coxa,2015-04-10,2015-04-14,5,1.0,46741,david-luiz
14/15,Rotura muscular na coxa,2014-10-30,2014-11-04,6,1.0,46741,david-luiz
14/15,Rotura muscular na coxa,2014-10-15,2014-10-20,6,1.0,46741,david-luiz
14/15,Problemas no Joelho,2014-09-11,2014-09-15,5,1.0,46741,david-luiz
13/14,Problemas na anca,2014-03-06,2014-03-17,12,2.0,46741,david-luiz
13/14,Problemas na anca,2014-02-18,2014-02-27,10,2.0,46741,david-luiz
13/14,Lesão no joelho,2013-11-22,2013-12-10,19,5.0,46741,david-luiz
12/13,Problemas na panturrilha,2013-01-25,2013-02-04,11,3.0,46741,david-luiz
11/12,Ruptura muscular na coxa,2012-04-15,2012-05-15,31,8.0,46741,david-luiz
08/09,Fratura do Metatarso,2008-01-26,2008-10-28,277,28.0,46741,david-luiz
25/26,Recuperação ritmo competitivo,2026-01-15,2026-01-19,5,1,411838,bruno-viana
25/26,Estiramento do ligamento colateral interno do joelho,2025-11-15,2026-01-15,62,8,411838,bruno-viana
20/21,Coronavírus,2020-12-27,2021-01-05,10,2,411838,bruno-viana
25/26,Lesão tornozelo,2026-01-27,,58,8,943237,cleiton
25/26,Gripe,2026-01-08,2026-01-10,3,,964580,wesley
25/26,Contra,2025-12-06,2025-12-10,5,1.0,964580,wesley
25/26,Lesão da parede abdominal,2025-09-18,2025-09-23,6,1.0,964580,wesley
25/26,Reação de estresse do osso,2025-09-08,2025-09-12,5,,964580,wesley
24/25,Fadiga muscular,2025-03-30,2025-04-05,7,1.0,964580,wesley
24/25,Lesão na coxa,2024-08-19,2024-08-24,6,1.0,964580,wesley
24/25,Lesão na coxa,2024-07-21,2024-07-27,7,1.0,964580,wesley
24/25,Lesão nos adutores,2024-03-28,2024-04-16,20,5.0,964580,wesley
22/23,Lesão no tornozelo,2023-04-30,2023-05-29,30,5,203394,andreas-pereira
20/21,Febre,2021-02-20,2021-02-22,3,1,203394,andreas-pereira
20/21,Febre,2020-10-14,2020-10-24,11,3,203394,andreas-pereira
17/18,Lesão muscular,2018-05-10,2018-05-31,22,2,203394,andreas-pereira
17/18,Problemas no tendão de Aquiles,2018-02-02,2018-03-16,43,8,203394,andreas-pereira
24/25,Recuperação ritmo competitivo,2024-07-19,2024-08-09,22,4,661270,fabrizio-peralta
23/24,Lesão na panturrilha,2024-06-22,2024-07-05,14,3,876343,maxtm
23/24,Problemas musculares na coxa,2024-04-16,2024-05-14,29,8,876343,maxtm
25/26,Entorse do tornozelo,2025-09-28,2025-10-04,7,1,743597,matheus-franca
25/26,Rompimento dos adutores,2025-07-13,2025-08-29,48,5,743597,matheus-franca
24/25,Fratura na grelha costal,2024-03-09,2025-02-26,355,43,743597,matheus-franca
23/24,Lesão nas costas,2023-08-05,2023-10-20,77,10,743597,matheus-franca
22/23,Muskelbündelriss,2023-01-15,2023-03-25,70,9.0,281404,kenedy
22/23,Lesão na virilha,2022-09-30,2022-12-26,88,10.0,281404,kenedy
20/21,Entorse do tornozelo,2021-05-02,2021-05-31,30,4.0,281404,kenedy
20/21,Lesão na coxa,2020-11-13,2020-12-04,22,4.0,281404,kenedy
19/20,Traumatismo no joelho,2019-12-13,2020-02-01,51,7.0,281404,kenedy
18/19,Lesão num dedo do pé,2019-01-11,2019-01-28,18,3.0,281404,kenedy
18/19,Lesão no pé,2018-12-16,2018-12-21,6,,281404,kenedy
18/19,Lesão num dedo do pé,2018-12-02,2018-12-08,7,1.0,281404,kenedy
18/19,Choque,2018-10-07,2018-10-19,13,,281404,kenedy
16/17,Lesão no joelho,2016-10-10,2017-01-27,110,16.0,281404,kenedy
14/15,Apendicectomia,2015-05-19,2015-05-31,13,1.0,281404,kenedy
24/25,Lesão muscular,2024-09-04,2024-10-08,35,4,919262,andre-luiz
23/24,Lesão na coxa,2024-03-22,2024-05-22,62,12,876749,weverton
24/25,Lesão no ombro,2025-01-28,2025-05-02,95,22,53058,renato-augusto
24/25,Lesão na coxa,2024-08-14,2024-08-31,18,3,53058,renato-augusto
23/24,Lesão no joelho,2024-05-05,2024-05-16,12,2,53058,renato-augusto
23/24,Problemas musculares,2024-04-08,2024-04-24,17,4,53058,renato-augusto
21/22,Problemas na anca,2022-06-26,2022-07-31,36,9,53058,renato-augusto
20/21,Lesão no bíceps femoral,2020-09-22,2020-10-10,19,2,53058,renato-augusto
16/17,Lesão no pé,2017-05-07,2017-05-20,14,2,53058,renato-augusto
12/13,Fibra muscular rasgado,2012-10-08,2012-11-05,29,7,53058,renato-augusto
12/13,Problemas musculares,2012-07-25,2012-08-28,35,3,53058,renato-augusto
11/12,Rotura muscular,2012-04-12,2012-07-01,81,8,53058,renato-augusto
11/12,Operado ao joelho,2011-10-10,2012-02-04,118,18,53058,renato-augusto
10/11,Fibra muscular rasgado,2011-04-02,2011-04-12,11,2,53058,renato-augusto
09/10,Problemas no Joelho,2009-10-20,2010-01-03,76,8,53058,renato-augusto
09/10,Problemas na panturrilha,2009-09-27,2009-10-05,9,1,53058,renato-augusto
24/25,Fratura de um dedo do pé,2024-08-18,2024-09-27,41,6,906774,du-queiroz
25/26,Lesão nos adutores,2025-10-21,2025-11-07,18,3,892091,mandaca
24/25,Lesão na coxa,2024-08-19,2024-09-10,23,4,892091,mandaca
23/24,Lesão muscular,2024-03-08,2024-04-05,29,5,892091,mandaca
24/25,Lesão na coxa,2024-07-23,2025-02-11,204,10,54375,giuliano
24/25,Lesão na coxa,2024-07-06,2024-07-21,16,2,54375,giuliano
23/24,Lesão na panturrilha,2024-02-28,2024-03-17,19,1,54375,giuliano
20/21,Lesão desconhecida,2021-04-29,2021-05-16,18,5,54375,giuliano
20/21,Lesão desconhecida,2021-02-09,2021-02-23,15,2,54375,giuliano
20/21,Lesão desconhecida,2021-01-22,2021-01-31,10,3,54375,giuliano
17/18,Lesão no ombro,2018-01-20,2018-02-08,20,4,54375,giuliano
13/14,lesão na perna,2013-08-23,2013-10-07,46,10,54375,giuliano
22/23,Lesão do ligamento cruzado,2022-10-24,2023-09-24,336,41,467940,vitinho
17/18,Traumatismo craniano,2017-10-16,2017-10-19,4,1,467940,vitinho
25/26,Lesão muscular,2026-02-16,2026-03-15,28,3.0,52769,willian
25/26,Fratura no pé,2025-09-29,2025-11-24,57,10.0,52769,willian
24/25,Lesão muscular,2024-10-28,2024-11-15,19,4.0,52769,willian
24/25,Lesão tornozelo,2024-10-04,2024-10-21,18,2.0,52769,willian
23/24,Lesão na coxa,2023-12-20,2023-12-30,11,,52769,willian
23/24,Problemas no tendão de Aquiles,2023-08-24,2023-09-01,9,,52769,willian
22/23,Fibra muscular rasgado,2023-04-25,2023-05-02,8,2.0,52769,willian
22/23,Problemas musculares na coxa,2023-03-10,2023-03-13,4,1.0,52769,willian
22/23,Lesão na panturrilha,2022-09-29,2022-10-12,14,2.0,52769,willian
20/21,Doente,2020-12-25,2021-01-01,8,2.0,52769,willian
20/21,Lesão na panturrilha,2020-11-23,2020-11-28,6,1.0,52769,willian
20/21,Lesão na panturrilha,2020-10-18,2020-10-31,14,2.0,52769,willian
19/20,Lesão no tornozelo,2020-07-31,2020-08-13,14,1.0,52769,willian
19/20,Lesão na panturrilha,2020-03-05,2020-03-07,3,,52769,willian
19/20,Lesão na coxa,2019-07-04,2019-08-12,40,1.0,52769,willian
18/19,Choque,2019-01-03,2019-01-11,9,1.0,52769,willian
17/18,Problemas no tendão de Aquiles,2018-01-24,2018-02-02,10,2.0,52769,willian
12/13,Lesão na coxa,2013-03-07,2013-04-07,32,7.0,52769,willian
24/25,Lesão na coxa,2025-06-13,2025-08-05,54,8,798687,antony
23/24,lesão na perna,2024-04-14,2024-04-25,12,1,798687,antony
20/21,Problemas musculares,2021-04-05,2021-05-03,29,,743590,guilherme-biro
25/26,Fratura da tíbia,2025-07-07,2026-01-17,195,37,868891,adson
24/25,lesão na perna,2025-04-06,2025-04-11,6,1,868891,adson
24/25,Fratura da tíbia,2024-08-27,2025-03-29,215,34,868891,adson
22/23,Problemas musculares na coxa,2022-10-21,2023-01-15,87,7,868891,adson
25/26,Lesão desconhecida,2025-11-29,2025-12-04,6,1,834899,felipe-augusto
25/26,Lesão no joelho,2025-08-18,,220,38,436385,mathias-villasanti
25/26,Problemas gástricos,2025-07-24,2025-07-28,5,1,436385,mathias-villasanti
24/25,Lesão na coxa,2025-04-28,2025-05-16,19,5,436385,mathias-villasanti
23/24,Lesão nos adutores,2024-04-21,2024-05-16,26,4,876874,vini-paulista
25/26,Lesão desconhecida,2025-06-26,2025-12-31,189,18,468323,bobsin
24/25,Fratura na grelha costal,2024-10-28,2024-11-25,29,4,703497,bitello
25/26,Problemas musculares,2026-01-31,2026-02-23,24,5,491553,jaminton-campaz
25/26,Problemas musculares,2025-07-15,2025-07-23,9,1,491553,jaminton-campaz
24/25,Lesão no joelho,2025-04-21,2025-05-06,16,2,491553,jaminton-campaz
24/25,Lesão muscular,2024-11-21,2024-12-31,41,4,491553,jaminton-campaz
24/25,Problemas musculares,2024-10-27,2024-11-07,12,2,491553,jaminton-campaz
24/25,Lesão muscular,2024-09-23,2024-10-13,21,3,491553,jaminton-campaz
22/23,Problemas musculares na coxa,2022-09-13,2022-10-20,38,8,491553,jaminton-campaz
24/25,Lesão na coxa,2024-12-29,2025-01-31,34,6.0,75615,douglas-costa
24/25,Problemas na tibiotársica,2024-10-24,2024-11-09,17,3.0,75615,douglas-costa
23/24,Lesão muscular,2023-09-19,2023-09-28,10,2.0,75615,douglas-costa
23/24,Lesão no ombro,2023-09-01,2023-09-07,7,1.0,75615,douglas-costa
22/23,lesão na perna,2023-04-30,2023-06-06,38,8.0,75615,douglas-costa
22/23,Lesão na panturrilha,2023-02-24,2023-03-31,36,4.0,75615,douglas-costa
20/21,Haarriss im Fuß,2021-02-14,2021-06-15,122,24.0,75615,douglas-costa
20/21,Lesão nos adutores,2020-07-24,2020-08-26,34,4.0,75615,douglas-costa
19/20,Lesão no bíceps femoral,2020-02-09,2020-02-29,21,4.0,75615,douglas-costa
19/20,Lesão na coxa,2019-11-24,2019-12-13,20,4.0,75615,douglas-costa
19/20,Lesão muscular,2019-09-15,2019-10-28,44,9.0,75615,douglas-costa
18/19,Lesão na panturrilha,2019-04-11,2019-07-29,110,8.0,75615,douglas-costa
18/19,Lesão na coxa,2019-02-04,2019-04-07,63,11.0,75615,douglas-costa
18/19,Problemas físicos,2018-11-04,2018-11-09,6,1.0,75615,douglas-costa
18/19,Lesão no tornozelo,2018-09-20,2018-10-16,27,6.0,75615,douglas-costa
17/18,Problemas musculares na coxa,2018-06-25,2018-07-05,11,2.0,75615,douglas-costa
17/18,Problemas na panturrilha,2018-02-01,2018-02-05,5,1.0,75615,douglas-costa
16/17,Lesão no joelho,2017-03-16,2017-04-06,22,5.0,75615,douglas-costa
16/17,Pequena lesão,2017-03-06,2017-03-06,1,,75615,douglas-costa
16/17,Lesão na coxa,2016-09-19,2016-10-17,29,7.0,75615,douglas-costa
16/17,Lesão na coxa,2016-07-11,2016-09-08,60,5.0,75615,douglas-costa
15/16,Lesão na coxa,2016-05-26,2016-06-02,8,1.0,75615,douglas-costa
15/16,Problemas musculares,2015-11-26,2015-12-31,36,6.0,75615,douglas-costa
15/16,Traumatismo no pé,2015-10-15,2015-10-19,5,,75615,douglas-costa
10/11,Distensão muscular,2010-10-04,2010-10-18,15,1.0,75615,douglas-costa
08/09,Fissura do ligamento intra-articular,2009-04-02,2009-05-14,43,4.0,75615,douglas-costa
23/24,Problemas musculares na coxa,2024-03-18,2024-03-27,10,1,813044,elias-manoel
24/25,Lesão desconhecida,2025-04-20,2025-05-20,31,4,868887,ricardinho
24/25,Entorse do tornozelo,2025-04-21,2025-05-21,31,8,867847,micael
25/26,Síndrome gripal,2026-01-30,2026-02-04,6,1,50669,nacho-fernandez
24/25,Rotura muscular na coxa,2024-10-28,2024-11-15,19,4,50669,nacho-fernandez
23/24,Lesão na coluna,2024-05-22,2024-06-01,11,2,50669,nacho-fernandez
20/21,Lumbago,2020-12-14,2020-12-25,12,2,50669,nacho-fernandez
20/21,Muskelbündelriss,2020-11-04,2020-11-18,15,2,50669,nacho-fernandez
19/20,Muskelbündelriss,2019-12-02,2019-12-11,10,1,50669,nacho-fernandez
18/19,Rotura muscular na coxa,2019-02-25,2019-03-05,9,1,50669,nacho-fernandez
18/19,Problemas musculares na coxa,2018-09-18,2018-09-30,13,3,50669,nacho-fernandez
15/16,Lumbago,2016-10-19,2016-11-02,15,3,50669,nacho-fernandez
15/16,Doente,2016-04-22,2016-05-01,10,3,50669,nacho-fernandez
13/14,Operado ao joelho,2013-11-12,2014-02-26,107,8,50669,nacho-fernandez
24/25,Lesão na virilha,2024-08-19,2024-09-14,27,3.0,44779,diego-costa
23/24,Lesão na coxa,2024-06-11,2024-08-16,67,18.0,44779,diego-costa
23/24,Lesão muscular,2024-04-14,2024-04-26,13,3.0,44779,diego-costa
20/21,lesão na perna,2020-11-25,2020-12-13,19,6.0,44779,diego-costa
20/21,Lesão muscular,2020-10-19,2020-11-08,21,6.0,44779,diego-costa
19/20,Hérnia discal,2019-11-14,2020-02-16,95,16.0,44779,diego-costa
19/20,Lesão na virilha,2019-08-14,2019-08-28,15,2.0,44779,diego-costa
18/19,Lesão muscular,2019-03-31,2019-04-05,6,1.0,44779,diego-costa
18/19,Lesão muscular,2019-02-27,2019-03-15,17,3.0,44779,diego-costa
18/19,Operação ao pé,2018-12-03,2019-02-15,75,13.0,44779,diego-costa
18/19,Lesão no pé,2018-11-25,2018-12-01,7,1.0,44779,diego-costa
18/19,Lesão muscular,2018-10-28,2018-11-09,13,3.0,44779,diego-costa
18/19,Lesão na coxa,2018-10-04,2018-10-23,20,2.0,44779,diego-costa
17/18,Lesão na coxa,2018-04-13,2018-04-24,12,3.0,44779,diego-costa
17/18,Lesão no tornozelo,2018-03-12,2018-03-17,6,1.0,44779,diego-costa
17/18,Problemas musculares,2018-02-13,2018-02-17,5,1.0,44779,diego-costa
17/18,Problemas musculares,2018-01-27,2018-02-03,8,1.0,44779,diego-costa
17/18,Traumatismo craniano,2018-01-21,2018-01-26,6,1.0,44779,diego-costa
16/17,Fadiga muscular,2016-11-07,2016-11-18,12,2.0,44779,diego-costa
15/16,Distensão muscular,2016-03-03,2016-03-07,5,1.0,44779,diego-costa
15/16,Fratura do nariz,2016-02-15,2016-02-18,4,,44779,diego-costa
15/16,Problemas musculares na coxa,2015-07-30,2015-08-06,8,1.0,44779,diego-costa
14/15,Lesão na coxa,2015-04-06,2015-05-18,43,6.0,44779,diego-costa
14/15,Lesão na coxa,2015-03-26,2015-04-02,8,2.0,44779,diego-costa
14/15,Lesão na coxa,2014-10-13,2014-10-30,18,4.0,44779,diego-costa
13/14,Lesão na coxa,2014-05-18,2014-06-05,19,1.0,44779,diego-costa
13/14,Problemas musculares na coxa,2014-05-08,2014-05-15,8,1.0,44779,diego-costa
13/14,Lesão muscular,2014-04-02,2014-04-12,11,2.0,44779,diego-costa
13/14,Fibra muscular rasgado,2013-11-11,2013-11-21,11,,44779,diego-costa
11/12,Rotura dos ligamentos cruzados,2011-07-28,2012-02-02,190,32.0,44779,diego-costa
25/26,Fadiga muscular,2025-08-07,2025-08-13,7,1,80562,hulk
24/25,Problemas físicos,2025-04-21,2025-04-25,5,1,80562,hulk
24/25,Lesão na coxa,2025-02-23,2025-03-14,20,2,80562,hulk
24/25,Lesão na panturrilha,2024-08-01,2024-08-28,28,7,80562,hulk
22/23,Lesão desconhecida,2022-10-17,2023-01-01,77,6,80562,hulk
22/23,Problemas musculares,2022-10-07,2022-10-14,8,1,80562,hulk
22/23,Problemas musculares,2022-09-12,2022-09-18,7,1,80562,hulk
16/17,Lesão muscular,2016-07-10,2016-08-28,50,7,80562,hulk
15/16,Gestão de esforço,2015-12-07,2015-12-10,4,1,80562,hulk
15/16,Rompimento dos adutores,2015-10-29,2015-11-02,5,1,80562,hulk
12/13,Problemas musculares na coxa,2013-04-16,2013-04-26,11,3,80562,hulk
12/13,Problemas musculares na coxa,2012-11-02,2012-11-16,15,3,80562,hulk
11/12,Rotura muscular,2012-01-15,2012-02-08,25,4,80562,hulk
11/12,Entorse na tibiotársica,2011-09-14,2011-09-20,7,2,80562,hulk
08/09,Entorse na tibiotársica,2009-04-23,2009-05-10,18,2,80562,hulk
24/25,Fratura do antebraço,2024-07-12,2024-10-31,112,10,964590,kaique-pereira
25/26,Gripe,2025-07-20,2025-07-29,10,1,809716,lucas-freitas
24/25,Fascite plantar,2025-05-05,2025-05-19,15,4,809716,lucas-freitas
24/25,Lesão no ombro,2024-08-12,2024-09-10,30,6,809716,lucas-freitas
24/25,Problemas gástricos,2024-07-09,2024-07-15,7,2,809716,lucas-freitas
25/26,Traumatismo no joelho,2025-09-29,2025-09-30,2,,496268,joaquin-piquerez
25/26,Lesão no ombro,2025-07-21,2025-07-25,5,1.0,496268,joaquin-piquerez
24/25,Lesão no joelho,2024-07-17,2025-01-24,192,35.0,496268,joaquin-piquerez
21/22,Lesão muscular,2022-05-10,2022-06-04,26,7.0,496268,joaquin-piquerez
21/22,Lesão no ombro,2022-04-04,2022-04-16,13,2.0,496268,joaquin-piquerez
21/22,Lesão no tornozelo,2021-07-24,2021-08-03,11,2.0,496268,joaquin-piquerez
20/21,Rotura muscular,2021-05-31,2021-06-10,11,2.0,496268,joaquin-piquerez
20/21,Recuperação ritmo competitivo,2021-01-26,2021-01-31,6,1.0,496268,joaquin-piquerez
20/21,Coronavírus,2021-01-11,2021-01-25,15,1.0,496268,joaquin-piquerez
20/21,Quarentena,2020-12-04,2020-12-07,4,,496268,joaquin-piquerez
20/21,Gestão de esforço,2020-10-16,2020-10-19,4,1.0,496268,joaquin-piquerez
20/21,Lesão muscular,2020-09-20,2020-09-26,7,1.0,496268,joaquin-piquerez
16/17,Síndrome gripal,2017-06-02,2017-06-08,7,1.0,496268,joaquin-piquerez
24/25,Pubalgia,2025-02-28,2025-04-15,47,5,273438,danilo-barbosa
22/23,Lesão na coxa,2023-05-01,2023-06-17,48,11,273438,danilo-barbosa
20/21,Ruptura muscular,2020-12-14,2021-01-25,43,7,273438,danilo-barbosa
17/18,Gripe,2018-02-17,2018-02-23,7,2,273438,danilo-barbosa
16/17,lesão na perna,2016-08-01,2016-10-04,65,10,273438,danilo-barbosa
14/15,Lesão desconhecida,2015-03-25,2015-04-11,18,2,273438,danilo-barbosa
25/26,Estiramento do ligamento colateral interno do joelho,2025-11-23,2026-01-17,56,5,627230,fabinho
24/25,Lesão na coxa,2025-04-07,2025-04-15,9,1,627230,fabinho
25/26,Traumatismo no metatarso,2026-02-23,,31,5,900195,kevin
23/24,Rotura dos ligamentos cruzados,2023-07-21,2024-05-21,306,32,749560,giovani
21/22,Entorse do tornozelo,2022-05-11,2022-11-05,179,41,749560,giovani
25/26,Cirurgia Ligamento Cruzado,2025-07-30,,239,38,664425,newton-williams
22/23,Lesão ligamentar,2022-10-16,2022-12-31,77,7,33357,miranda
22/23,Problemas musculares,2022-08-30,2022-09-07,9,2,33357,miranda
22/23,Problemas musculares,2022-07-16,2022-07-25,10,3,33357,miranda
18/19,Fratura do nariz,2019-03-10,2019-03-22,13,2,33357,miranda
18/19,Lesão muscular,2018-12-21,2018-12-27,7,2,33357,miranda
18/19,Lesão no tornozelo,2018-09-24,2018-09-29,6,1,33357,miranda
17/18,Queixas adutores,2018-02-11,2018-02-23,13,1,33357,miranda
17/18,Lesão muscular,2017-12-24,2018-01-10,18,3,33357,miranda
17/18,Traumatismo craniano,2017-09-02,2017-09-07,6,1,33357,miranda
16/17,Lesão muscular,2017-04-29,2017-06-15,48,7,33357,miranda
15/16,Lesão muscular,2016-06-01,2016-06-11,11,2,33357,miranda
15/16,Problemas no Joelho,2015-09-09,2015-09-22,14,2,33357,miranda
14/15,Lesão muscular,2014-12-21,2015-01-09,20,3,33357,miranda
14/15,Lesão muscular,2014-11-18,2014-12-09,22,5,33357,miranda
25/26,Entorse do tornozelo,2025-09-14,2025-09-20,7,1,872171,lucas-beraldo
22/23,Lesão no tornozelo,2023-06-29,2023-07-19,21,5,872171,lucas-beraldo
24/25,Problemas musculares na coxa,2024-10-20,2025-05-25,218,34,887801,nathan-mendes
24/25,Traumatismo no pé,2024-08-21,2024-10-18,59,8,887801,nathan-mendes
23/24,Doente,2024-04-12,2024-04-27,16,3,887801,nathan-mendes
25/26,Lesão muscular,2026-02-16,,38,4,454181,gabriel-neves
25/26,Ruptura muscular,2025-11-12,2025-12-16,35,5,454181,gabriel-neves
24/25,Ruptura muscular,2025-07-13,2025-08-22,41,7,454181,gabriel-neves
24/25,Vertigem,2024-09-27,2024-09-30,4,1,454181,gabriel-neves
24/25,Fratura de metacarpo,2024-07-29,2024-08-23,26,3,454181,gabriel-neves
23/24,Problemas físicos,2023-07-13,2023-07-28,16,3,454181,gabriel-neves
22/23,Lesão ligamentar,2022-09-09,2022-11-04,57,12,454181,gabriel-neves
22/23,Lesão no tornozelo,2022-08-21,2022-08-31,11,2,454181,gabriel-neves
21/22,Problemas físicos,2021-07-05,2021-07-13,9,1,454181,gabriel-neves
20/21,Problemas no Joelho,2021-04-10,2021-05-04,25,3,454181,gabriel-neves
20/21,Lesão no joelho,2021-02-16,2021-03-05,18,3,454181,gabriel-neves
20/21,Coronavírus,2020-11-19,2020-12-04,16,4,454181,gabriel-neves
19/20,Operação ao pé,2020-01-01,2020-03-02,62,3,454181,gabriel-neves
19/20,Lesão no pé,2019-12-01,2019-12-13,13,2,454181,gabriel-neves
18/19,Fratura de um dedo do pé,2018-08-07,2018-10-22,77,12,454181,gabriel-neves
17/18,Doente,2018-02-16,2018-02-20,5,1,454181,gabriel-neves
25/26,Lesão no pé,2025-11-06,2025-11-19,14,1,892089,pablo-maia
24/25,Lesão nos ligamentos do tornozelo,2025-02-24,2025-05-05,71,13,892089,pablo-maia
23/24,Lesão no bíceps femoral,2024-04-22,2025-01-01,255,48,892089,pablo-maia
21/22,Fissura da banda do joelho,2022-06-13,2023-03-03,264,15,963727,caio-matheus
21/22,Lesão na coxa,2021-07-07,2021-07-17,11,2,282544,emiliano-rigoni
23/24,Ferimento da banda lateral,2024-06-05,2024-07-14,40,2,813048,vitinho
25/26,Rotura dos ligamentos cruzados,2025-10-24,,153,30,668268,marquinhos
24/25,Lesão na coxa,2024-07-29,2024-08-19,22,6,668268,marquinhos
23/24,Lesão na coxa,2024-06-22,2024-07-06,15,4,668268,marquinhos
24/25,Lesão do ligamento cruzado,2025-04-17,2025-12-11,239,46,284727,jonathan-calleri
24/25,Problemas musculares,2024-11-10,2025-01-01,53,5,284727,jonathan-calleri
24/25,Lesão na coxa,2024-07-18,2024-07-23,6,1,284727,jonathan-calleri
23/24,Lesão na panturrilha,2024-05-09,2024-05-28,20,3,284727,jonathan-calleri
23/24,Lesão no tornozelo,2023-10-01,2023-12-31,92,13,284727,jonathan-calleri
22/23,Problemas nas costas,2023-06-28,2023-07-06,9,1,284727,jonathan-calleri
22/23,Lesão no tornozelo,2023-02-25,2023-04-07,42,3,284727,jonathan-calleri
20/21,Innenbandanriss Knie,2020-10-19,2020-12-05,48,5,284727,jonathan-calleri
19/20,Lesão na coxa,2019-10-21,2019-11-27,38,7,284727,jonathan-calleri
19/20,Lesão muscular,2019-10-04,2019-10-18,15,1,284727,jonathan-calleri
18/19,Recuperação ritmo competitivo,2018-08-22,2018-09-04,14,2,284727,jonathan-calleri
23/24,Lesão muscular,2024-01-19,2024-02-14,27,7.0,37418,eder
22/23,Traumatismo no joelho,2022-11-04,2022-11-17,14,3.0,37418,eder
17/18,Fadiga muscular,2017-12-13,2017-12-16,4,,37418,eder
15/16,Queixas adutores,2016-07-04,2016-08-15,43,,37418,eder
15/16,Problemas musculares na coxa,2015-12-14,2015-12-31,18,3.0,37418,eder
14/15,Lesão no pé,2015-04-27,2015-06-15,50,7.0,37418,eder
13/14,Problemas no Joelho,2013-09-16,2013-10-03,18,3.0,37418,eder
12/13,Problemas musculares,2013-04-15,2013-04-29,15,1.0,37418,eder
12/13,Fadiga muscular,2013-01-24,2013-01-24,1,,37418,eder
12/13,Problemas físicos,2012-11-26,2012-12-13,18,2.0,37418,eder
12/13,Lesão nos adutores,2012-10-04,2012-10-18,15,1.0,37418,eder
10/11,Problemas no Joelho,2011-01-17,2011-01-24,8,1.0,37418,eder
25/26,Problemas musculares na coxa,2025-11-23,2026-01-03,42,4,869437,anthoni
25/26,Lesão na panturrilha,2025-08-07,2025-09-12,37,6,45319,gabriel-mercado
24/25,Rotura parcial de ligamento,2024-09-23,2025-07-11,292,45,45319,gabriel-mercado
24/25,Problemas musculares,2024-07-28,2024-08-13,17,2,45319,gabriel-mercado
23/24,Problemas no Joelho,2024-02-24,2024-03-12,18,4,45319,gabriel-mercado
22/23,Lesão desconhecida,2022-10-07,2022-10-31,25,4,45319,gabriel-mercado
20/21,Rotura do ligamento lateral,2021-04-07,2021-07-07,92,8,45319,gabriel-mercado
18/19,Lesão no joelho,2019-04-01,2019-04-06,6,1,45319,gabriel-mercado
18/19,Lesão muscular,2018-10-29,2018-11-10,13,3,45319,gabriel-mercado
18/19,Braço fraturado,2018-09-03,2018-10-19,47,11,45319,gabriel-mercado
17/18,Lesão nas costas,2018-05-16,2018-05-23,8,1,45319,gabriel-mercado
17/18,Lesão na coxa,2017-11-02,2017-11-20,19,4,45319,gabriel-mercado
17/18,Lesão nas costas,2017-10-26,2017-10-30,5,1,45319,gabriel-mercado
16/17,Lesão no joelho,2017-03-27,2017-04-03,8,2,45319,gabriel-mercado
14/15,Lesão muscular,2015-04-17,2015-05-07,21,3,45319,gabriel-mercado
13/14,Muskelbündelriss,2014-02-20,2014-03-04,13,2,45319,gabriel-mercado
12/13,Fissura da banda lateral do joelho,2012-09-10,2012-09-24,15,4,45319,gabriel-mercado
22/23,Contusão no tornozelo,2022-10-01,2022-10-18,18,3,875511,paulo-victor
25/26,Lesão no joelho,2026-01-13,2026-03-31,78,13,571219,carlos-palacios
25/26,Ruptura muscular,2025-09-25,2025-10-15,21,2,571219,carlos-palacios
24/25,Gripe gastrointestinal,2025-02-10,2025-02-13,4,1,571219,carlos-palacios
24/25,Lesão no ombro,2024-10-26,2024-11-01,7,1,571219,carlos-palacios
23/24,Entorse do tornozelo,2024-03-18,2024-03-28,11,2,571219,carlos-palacios
23/24,Ruptura muscular,2023-09-28,2023-10-18,21,5,571219,carlos-palacios
22/23,Problemas musculares na coxa,2022-09-18,2022-10-14,27,6,571219,carlos-palacios
25/26,Lesão desconhecida,2026-02-23,2026-03-06,12,3.0,76028,taison
25/26,Rotura muscular,2025-08-11,2025-08-22,12,2.0,76028,taison
24/25,Problemas na panturrilha,2025-03-28,2025-04-04,8,1.0,76028,taison
24/25,Lesão no tornozelo,2024-11-10,2024-11-29,20,2.0,76028,taison
24/25,Pequena lesão,2024-08-31,2024-09-02,3,1.0,76028,taison
24/25,Lesão desconhecida,2024-08-13,2024-08-20,8,1.0,76028,taison
23/24,Doente,2024-04-06,2024-04-09,4,1.0,76028,taison
23/24,Lesão desconhecida,2024-02-24,2024-02-27,4,1.0,76028,taison
23/24,Fadiga muscular,2023-12-15,2023-12-31,17,2.0,76028,taison
22/23,Lesão desconhecida,2023-05-02,2023-05-09,8,2.0,76028,taison
20/21,Lesão desconhecida,2020-11-19,2020-11-27,9,2.0,76028,taison
18/19,Rotura de ligamentos no joelho,2018-10-07,2018-10-29,23,3.0,76028,taison
17/18,Rotura muscular na coxa,2017-11-25,2017-12-04,10,2.0,76028,taison
15/16,Problemas musculares na coxa,2016-04-07,2016-04-11,5,1.0,76028,taison
15/16,Pequena lesão,2016-04-04,2016-04-04,1,,76028,taison
13/14,Pequena lesão,2014-05-12,2014-05-19,8,2.0,76028,taison
13/14,Pequena lesão,2014-03-10,2014-03-17,8,1.0,76028,taison
23/24,Lesão no pé,2023-07-09,2023-10-31,115,18,815677,vinicius-mello
22/23,Lesão no peito,2023-02-23,2023-03-23,29,4,815677,vinicius-mello
21/22,Fratura no pé,2021-09-26,2022-12-31,462,55,815677,vinicius-mello
25/26,Lesão muscular,2026-02-22,2026-03-03,10,,189458,emiliano-velazquez
25/26,Lesão muscular,2025-09-07,2025-09-30,24,3.0,189458,emiliano-velazquez
22/23,Fratura do perónio,2022-10-02,2023-08-01,304,18.0,189458,emiliano-velazquez
20/21,Lesão muscular,2021-02-22,2021-03-04,11,1.0,189458,emiliano-velazquez
20/21,Lesão muscular,2021-01-24,2021-02-10,18,3.0,189458,emiliano-velazquez
19/20,Recuperação ritmo competitivo,2020-02-01,2020-06-01,122,6.0,189458,emiliano-velazquez
19/20,Lesão do ligamento cruzado,2019-07-24,2020-01-31,192,28.0,189458,emiliano-velazquez
18/19,Lesão na panturrilha,2018-09-05,2018-09-19,15,2.0,189458,emiliano-velazquez
16/17,Lesão desconhecida,2016-11-04,2017-01-08,66,15.0,189458,emiliano-velazquez
15/16,Lesão muscular,2016-03-18,2016-05-08,52,8.0,189458,emiliano-velazquez
21/22,Lesão na coxa,2021-08-20,2021-10-31,73,16,743589,kaiky
22/23,Problemas musculares,2023-05-12,2023-05-16,5,1,927768,lucas-pires
21/22,Lesão do ligamento cruzado,2021-08-03,2022-03-01,211,19,867884,kevin-malthus
22/23,Operação ao tornozelo,2023-05-24,2023-08-24,93,4,221899,leo-baptistao
20/21,Quarentena,2021-04-25,2021-05-09,15,2,221899,leo-baptistao
17/18,Lesão muscular,2017-11-20,2017-12-01,12,2,221899,leo-baptistao
16/17,Lesão no calcanhar,2016-12-12,2017-04-07,117,16,221899,leo-baptistao
16/17,Problemas musculares,2016-11-17,2016-11-25,9,1,221899,leo-baptistao
16/17,Problemas musculares,2016-09-28,2016-10-12,15,1,221899,leo-baptistao
15/16,Queixas adutores,2016-04-21,2016-05-08,18,4,221899,leo-baptistao
15/16,Lesão na coxa,2015-10-22,2015-12-24,64,14,221899,leo-baptistao
14/15,Problemas na virilha,2015-03-23,2015-05-14,53,8,221899,leo-baptistao
14/15,Lesão na coxa,2015-01-15,2015-01-29,15,2,221899,leo-baptistao
12/13,Fratura da clavícula,2013-04-18,2013-06-27,71,6,221899,leo-baptistao
12/13,Lesão muscular,2013-01-14,2013-01-31,18,2,221899,leo-baptistao
23/24,Lesão muscular,2023-07-28,2023-08-13,17,1,642721,matias-lacava
24/25,Problemas musculares na coxa,2025-01-17,2025-03-01,44,12,816144,lucas-barbosa
24/25,Entorse do tornozelo,2024-10-21,2024-11-01,12,1,816144,lucas-barbosa
25/26,Lesão ligamentar,2026-01-09,2026-02-18,41,9,859396,metinho
21/22,Lesão no ombro,2021-07-27,2022-01-27,185,23,859396,metinho
22/23,Lesão do ligamento cruzado,2023-01-23,2024-01-01,344,69,901014,gustavo-apis
25/26,Problemas musculares,2025-10-20,2026-01-14,87,9,668228,matheus-martins
24/25,Lesão na coxa,2025-04-27,2025-07-25,90,17,668228,matheus-martins
24/25,Problemas na zona lombar,2024-10-26,2024-11-19,25,3.0,875328,biel
24/25,Problemas nas costas,2024-08-12,2024-10-17,67,9.0,875328,biel
24/25,Lesão no tornozelo,2024-07-14,2024-07-20,7,,875328,biel
22/23,Lesão na coxa,2022-10-17,2022-12-31,76,3.0,875328,biel
25/26,Lesão na coxa,2026-03-16,,10,2,668265,kayky
25/26,Problemas musculares na coxa,2025-11-03,2025-11-19,17,2,668265,kayky
24/25,Lesão muscular,2024-11-09,2024-12-10,32,3,668265,kayky
23/24,Rotura de ligamentos no joelho,2023-07-17,2024-10-14,456,41,668265,kayky
21/22,Problemas no Joelho,2021-10-01,2021-10-24,24,3,668265,kayky
24/25,Lesão desconhecida,2025-02-05,2025-03-26,50,6.0,51356,raul-bobadilla
24/25,Ruptura muscular do músculo do perônio,2024-10-31,2024-12-31,62,7.0,51356,raul-bobadilla
24/25,Ruptura muscular do músculo do perônio,2024-08-01,2024-10-02,63,9.0,51356,raul-bobadilla
23/24,Rotura no tendão do adutor,2023-10-15,2023-10-31,17,2.0,51356,raul-bobadilla
23/24,Distensão da panturrilha,2023-09-03,2023-09-15,13,,51356,raul-bobadilla
23/24,Ruptura muscular na coxa,2023-08-06,2023-08-26,21,2.0,51356,raul-bobadilla
22/23,Lesão desconhecida,2022-10-27,2022-11-02,7,1.0,51356,raul-bobadilla
18/19,Lesão muscular,2018-10-22,2018-11-15,25,3.0,51356,raul-bobadilla
17/18,Fibra muscular rasgado,2018-03-18,2018-04-12,26,3.0,51356,raul-bobadilla
17/18,Problemas na panturrilha,2018-02-19,2018-02-22,4,,51356,raul-bobadilla
17/18,Pubalgia,2018-01-01,2018-02-01,32,3.0,51356,raul-bobadilla
17/18,Recuperação ritmo competitivo,2017-11-13,2017-11-20,8,1.0,51356,raul-bobadilla
17/18,Problemas na virilha,2017-10-09,2017-11-13,36,6.0,51356,raul-bobadilla
17/18,Pequena lesão,2017-08-10,2017-08-14,5,1.0,51356,raul-bobadilla
16/17,Problemas na panturrilha,2017-04-10,2017-04-27,18,2.0,51356,raul-bobadilla
16/17,Traumatismo grade costal,2017-02-27,2017-03-02,4,,51356,raul-bobadilla
16/17,Problemas nas costas,2017-02-20,2017-02-23,4,,51356,raul-bobadilla
16/17,Lesão na panturrilha,2016-11-17,2017-01-02,47,6.0,51356,raul-bobadilla
16/17,Lesão no ombro,2016-09-29,2016-10-31,33,7.0,51356,raul-bobadilla
15/16,Problemas musculares,2016-03-07,2016-03-14,8,1.0,51356,raul-bobadilla
15/16,Problemas musculares na coxa,2016-02-29,2016-02-29,1,,51356,raul-bobadilla
15/16,Problemas musculares na coxa,2016-02-18,2016-02-22,5,1.0,51356,raul-bobadilla
15/16,Lesão no joelho,2015-09-17,2015-09-24,8,3.0,51356,raul-bobadilla
14/15,Problemas musculares,2015-05-21,2015-06-04,15,1.0,51356,raul-bobadilla
14/15,Traumatismo,2015-02-16,2015-02-19,4,,51356,raul-bobadilla
13/14,Problemas musculares na coxa,2014-02-06,2014-03-06,29,4.0,51356,raul-bobadilla
13/14,Ligamento intra-articular rasgado do joelho,2013-08-19,2013-11-14,88,11.0,51356,raul-bobadilla
12/13,Lesão dos ligamentos laterais,2013-01-31,2013-03-28,57,11.0,51356,raul-bobadilla
12/13,Fratura de metacarpo,2012-07-16,2012-07-30,15,4.0,51356,raul-bobadilla
11/12,Fibra muscular rasgado,2011-10-17,2011-10-27,11,2.0,51356,raul-bobadilla
10/11,Lesão tornozelo,2010-07-19,2010-08-02,15,,51356,raul-bobadilla
09/10,Fibra muscular rasgado,2009-11-05,2009-11-26,22,2.0,51356,raul-bobadilla
09/10,Problemas musculares,2009-07-30,2009-08-03,5,1.0,51356,raul-bobadilla
08/09,Fibra muscular rasgado,2009-03-19,2009-04-23,36,4.0,51356,raul-bobadilla
08/09,Fibra muscular rasgado,2008-10-27,2009-01-05,71,6.0,51356,raul-bobadilla
25/26,Problemas na panturrilha,2026-02-22,2026-03-07,14,3,707447,emiliano-martinez
25/26,Traumatismo no pé,2025-12-04,2026-01-03,31,1,707447,emiliano-martinez
23/24,Lesão muscular,2023-09-08,2023-12-01,85,17,707447,emiliano-martinez
22/23,Problemas no tendão de Aquiles,2022-08-16,2022-09-05,21,3,707447,emiliano-martinez
21/22,Problemas no tendão de Aquiles,2022-01-20,2022-07-28,190,41,707447,emiliano-martinez
20/21,Coronavírus,2021-05-16,2021-05-30,15,3,707447,emiliano-martinez
19/20,Lesão muscular,2020-03-07,2020-03-16,10,2,707447,emiliano-martinez
24/25,Lesão do ligamento cruzado,2025-03-02,2025-11-02,246,34,902135,cristiano
25/26,Lesão no calcanhar,2025-07-01,,268,45,668234,bruninho
24/25,Pequena lesão,2025-04-20,2025-05-07,18,2,668234,bruninho
24/25,Lesão meniscal,2024-11-02,2025-02-18,109,19,668234,bruninho
23/24,Lesão da parede abdominal,2024-05-01,2024-05-16,16,3,668234,bruninho
22/23,Lesão desconhecida,2022-10-07,2022-10-15,9,1,668234,bruninho
24/25,Entorse do tornozelo,2024-11-14,2024-12-05,22,3,643750,nicolas-hernandez
24/25,Entorse do tornozelo,2024-10-08,2024-10-23,16,1,643750,nicolas-hernandez
25/26,Lesão meniscal,2026-02-09,2026-06-08,120,5,880458,joao-vialle
22/23,Recuperação ritmo competitivo,2023-01-13,2023-01-27,15,,924533,jader-gentil
24/25,Lesão no tornozelo,2025-02-06,2025-03-04,27,4,743599,emersonn
24/25,Rotura dos ligamentos cruzados,2024-10-08,2025-06-15,251,43,869007,renan-viana
25/26,Inflamação do tendão,2025-11-21,2025-12-18,28,5,957874,romulo
24/25,Lesão desconhecida,2025-03-06,2025-03-11,6,1,957874,romulo
24/25,Lesão desconhecida,2025-02-02,2025-02-28,27,4,957874,romulo
24/25,Traumatismo,2024-10-19,2024-10-30,12,1,957874,romulo
22/23,Problemas musculares na coxa,2023-05-12,2023-06-30,50,10,957874,romulo
23/24,Problemas na panturrilha,2024-02-21,2024-03-11,20,3,55250,titi
25/26,Lesão na coxa,2026-02-05,2026-02-20,16,3,880217,alix
24/25,Tendinite,2024-07-29,2024-09-13,47,7,880217,alix
23/24,Lesão no tornozelo,2024-06-12,2024-06-29,18,4,880217,alix
25/26,Fadiga muscular,2025-10-03,2025-10-31,29,4,344626,lucas-crispim
24/25,Lesão desconhecida,2024-12-09,2025-01-08,31,1,344626,lucas-crispim
22/23,Lesão na coxa,2022-11-04,2022-11-11,8,2,344626,lucas-crispim
25/26,Ruptura muscular,2026-02-10,,44,8,697056,valentin-depietri
25/26,Ruptura muscular,2025-10-19,2025-11-05,18,1,697056,valentin-depietri
24/25,Lesão muscular,2024-11-08,2024-12-11,34,5,697056,valentin-depietri
22/23,Distensão muscular,2023-05-07,2023-05-27,21,3,697056,valentin-depietri
22/23,Muskelbündelriss,2023-03-01,2023-03-24,24,3,697056,valentin-depietri
22/23,Problemas musculares na coxa,2022-09-30,2022-10-11,12,3,697056,valentin-depietri
25/26,Lesão na coxa,2025-09-29,2025-11-19,52,5.0,189740,angelo-henriquez
24/25,Ruptura muscular,2025-05-27,2025-07-17,52,7.0,189740,angelo-henriquez
24/25,Lesão desconhecida,2024-10-25,2024-11-01,8,1.0,189740,angelo-henriquez
22/23,Ruptura muscular,2022-11-12,2022-11-30,19,,189740,angelo-henriquez
20/21,Problemas na tibiotársica,2021-05-10,2021-05-31,22,1.0,189740,angelo-henriquez
19/20,Problemas musculares,2020-02-13,2020-02-13,1,,189740,angelo-henriquez
19/20,Problemas no Joelho,2019-09-26,2019-09-30,5,1.0,189740,angelo-henriquez
18/19,Lesão no ombro,2019-02-14,2019-02-25,12,2.0,189740,angelo-henriquez
18/19,Problemas musculares na coxa,2019-01-24,2019-01-31,8,,189740,angelo-henriquez
18/19,Lesão no bíceps femoral,2018-10-28,2018-11-30,34,4.0,189740,angelo-henriquez
13/14,Ruptura muscular,2014-02-24,2014-03-19,24,4.0,189740,angelo-henriquez
25/26,Lesão muscular,2026-01-16,,69,12,284321,german-conti
25/26,Febre,2025-11-16,2025-11-19,4,1,284321,german-conti
24/25,Problemas com o tendão rotuliano,2025-03-25,2025-03-29,5,1,284321,german-conti
23/24,Muskelbündelriss,2024-05-11,2024-07-01,52,7,284321,german-conti
22/23,Lesão desconhecida,2023-03-31,2023-05-25,56,8,284321,german-conti
21/22,Lesão desconhecida,2021-06-26,2021-07-12,17,5,284321,german-conti
19/20,Lesão muscular,2019-08-12,2019-11-19,100,16,284321,german-conti
18/19,Lesão muscular,2019-05-06,2019-05-31,26,2,284321,german-conti
18/19,Traumatismo no pé,2019-02-25,2019-04-23,58,13,284321,german-conti
18/19,Lesão na coxa,2019-02-02,2019-02-19,18,5,284321,german-conti
24/25,Problemas musculares na coxa,2025-04-27,2025-05-31,35,4,798167,felipinho
24/25,lesão no braço,2025-02-16,2025-03-28,41,3,798167,felipinho
25/26,Cirurgia Ligamento Cruzado,2026-02-13,2026-10-13,243,5,593938,bruno-camilo
25/26,Lesão na coxa,2025-11-06,2025-11-22,17,2,546530,raniele
25/26,Lesão na coxa,2025-09-01,2025-09-20,20,2,546530,raniele
24/25,Lesão na coxa,2025-06-02,2025-07-12,41,1,546530,raniele
24/25,Lesão na coxa,2025-05-11,2025-05-17,7,1,546530,raniele
24/25,Lesão na coxa,2025-02-13,2025-03-08,24,5,546530,raniele
24/25,Lesão nos adutores,2024-09-15,2024-09-28,14,3,546530,raniele
24/25,Lesão na panturrilha,2024-08-14,2024-08-24,11,2,546530,raniele
22/23,Problemas musculares,2022-11-06,2023-01-14,70,2,546530,raniele
19/20,Lesão tornozelo,2019-08-16,2019-09-12,28,4,260801,eugenio-isnaldo
18/19,Lesão muscular,2019-05-06,2019-06-30,56,7,260801,eugenio-isnaldo
17/18,Entorse,2017-08-18,2017-08-28,11,1,260801,eugenio-isnaldo
17/18,Lesão muscular,2017-12-03,2018-01-03,32,,483499,rai-nascimento
17/18,Lesão muscular,2017-07-26,2017-08-26,32,,483499,rai-nascimento
24/25,Problemas no Joelho,2025-02-20,2025-03-18,27,5,695232,chrystian-barletta
22/23,Lesão no joelho,2022-02-22,2022-07-21,150,33,554061,maycon-douglas
25/26,Lesão muscular,2026-03-15,2026-03-29,15,1.0,866670,ronaldo
24/25,Lesão muscular,2024-08-13,2024-08-16,4,,866670,ronaldo
23/24,Lesão muscular,2023-11-26,2023-12-04,9,2.0,866670,ronaldo
22/23,Lesão tornozelo,2023-06-06,2023-06-28,23,2.0,866670,ronaldo
25/26,Lesão nos adutores,2025-07-04,2025-08-31,59,11.0,37934,hugo-rodallega
19/20,Lesão desconhecida,2019-10-04,2019-11-04,32,4.0,37934,hugo-rodallega
18/19,Lesão desconhecida,2018-10-30,2018-11-02,4,1.0,37934,hugo-rodallega
17/18,Lesão na virilha,2018-05-05,2018-05-19,15,2.0,37934,hugo-rodallega
17/18,Lesão no pé,2018-04-26,2018-05-02,7,1.0,37934,hugo-rodallega
16/17,Lesão desconhecida,2016-09-30,2016-10-12,13,,37934,hugo-rodallega
15/16,Lesão num dedo do pé,2016-01-27,2016-02-02,7,2.0,37934,hugo-rodallega
13/14,Problemas na virilha,2013-10-30,2013-12-20,52,7.0,37934,hugo-rodallega
23/24,Lesão do ligamento cruzado,2024-03-01,2025-01-21,327,54,866842,renzo
25/26,Lesão nos adutores,2026-02-13,2026-02-28,16,3,834444,victor-gabriel
24/25,Lesão nos ligamentos do tornozelo,2025-05-23,2025-07-01,40,4,834444,victor-gabriel
24/25,Lesão na coxa,2025-03-17,2025-04-18,33,6,834444,victor-gabriel
22/23,Entorse do tornozelo,2023-05-01,2023-07-01,62,11,866880,paulinho
18/19,Cirurgia Ligamento Cruzado,2018-07-15,2019-05-01,291,22,379687,didi
16/17,Lesão desconhecida,2016-09-12,2016-10-03,22,4,379687,didi
17/18,Edema no joelho,2017-10-31,2017-11-08,9,2,80927,eltinho
19/20,Problemas musculares na coxa,2019-08-16,2019-09-30,46,7,131890,samuel-santos
25/26,Lesão no pé,2026-01-22,2026-02-07,17,4,412594,paulo-henrique
25/26,Problemas musculares na coxa,2025-08-18,2025-09-12,26,3,412594,paulo-henrique
22/23,Lesão no tornozelo,2022-05-18,2022-11-11,178,,740491,kelvi-gomes
18/19,Lesão desconhecida,2018-09-12,2018-10-22,41,5,66008,renan-bressan
15/16,lesão na perna,2016-04-07,2016-04-25,19,3,66008,renan-bressan
14/15,Lesão desconhecida,2015-01-28,2015-04-06,69,12,66008,renan-bressan
24/25,Lesão desconhecida,2025-03-18,2025-04-18,32,4,613201,edwin-mosquera
23/24,Lesão meniscal,2024-06-17,2024-07-19,33,8,613201,edwin-mosquera
24/25,Lesão desconhecida,2024-09-29,2024-12-05,68,7,868101,sorriso
23/24,Operação ao tendão de Aquiles,2024-05-20,2024-08-08,81,8,145602,nicolas-castillo
23/24,Problemas no tendão de Aquiles,2024-05-02,2024-05-09,8,1,145602,nicolas-castillo
19/20,Problemas circulatórios,2020-01-30,2021-12-31,702,78,145602,nicolas-castillo
19/20,Fratura do perónio,2019-08-05,2019-10-18,75,12,145602,nicolas-castillo
18/19,Lesão na coxa,2019-04-01,2019-04-26,26,5,145602,nicolas-castillo
18/19,Lesão na panturrilha,2018-08-15,2018-09-12,29,6,145602,nicolas-castillo
17/18,Operação ao tornozelo,2017-11-09,2017-12-31,53,1,145602,nicolas-castillo
17/18,Lesão tornozelo,2017-10-02,2017-10-27,26,5,145602,nicolas-castillo
16/17,Lesão tornozelo,2017-05-28,2017-07-09,43,8,145602,nicolas-castillo
16/17,Lesão tornozelo,2017-03-26,2017-04-20,26,4,145602,nicolas-castillo
15/16,Muskelbündelriss,2016-02-21,2016-03-16,25,3,145602,nicolas-castillo
14/15,Lesão dos ligamentos laterais do joelho,2015-04-07,2015-09-10,157,26,145602,nicolas-castillo
24/25,Lesão na coxa,2024-08-19,2024-09-13,26,2,164015,pedro-henrique
23/24,Problemas físicos,2024-06-23,2024-07-23,31,7,164015,pedro-henrique
23/24,Lesão na coxa,2024-02-14,2024-03-01,17,4,164015,pedro-henrique
21/22,Lesão do ligamento cruzado,2022-09-05,2023-07-01,300,23,164015,pedro-henrique
19/20,Lesão desconhecida,2020-06-01,2020-07-02,32,5,164015,pedro-henrique
18/19,Lesão muscular,2018-08-01,2018-08-13,13,2,164015,pedro-henrique
17/18,Lesão desconhecida,2018-02-19,2018-03-14,24,3,164015,pedro-henrique
17/18,Problemas musculares,2017-12-12,2018-01-09,29,5,164015,pedro-henrique
17/18,Problemas físicos,2017-09-28,2017-11-12,46,9,164015,pedro-henrique
24/25,Recuperação ritmo competitivo,2024-08-01,2024-08-31,31,6.0,198143,brian-montenegro
23/24,Lesão na anca,2023-11-03,2024-07-31,272,30.0,198143,brian-montenegro
23/24,Doente,2023-10-22,2023-10-25,4,,198143,brian-montenegro
23/24,Recuperação ritmo competitivo,2023-08-19,2023-08-27,9,1.0,198143,brian-montenegro
23/24,Doente,2023-08-19,2023-08-27,9,1.0,198143,brian-montenegro
23/24,Doente,2023-07-28,2023-07-30,3,1.0,198143,brian-montenegro
23/24,Recuperação ritmo competitivo,2023-07-09,2023-07-15,7,,198143,brian-montenegro
23/24,Doente,2023-07-09,2023-07-15,7,,198143,brian-montenegro
22/23,Problemas na anca,2023-05-03,2023-06-12,41,10.0,198143,brian-montenegro
22/23,Recuperação ritmo competitivo,2023-05-03,2023-06-12,41,10.0,198143,brian-montenegro
22/23,Recuperação ritmo competitivo,2023-04-01,2023-04-23,23,5.0,198143,brian-montenegro
22/23,Queixas adutores,2023-04-01,2023-04-23,23,5.0,198143,brian-montenegro
23/24,Lesão na cabeça,2023-10-12,2023-10-18,7,,546532,jordan
22/23,Problemas musculares na coxa,2023-05-12,2023-05-16,5,1,131101,stiven-mendoza
22/23,Problemas musculares,2022-10-24,2022-11-07,15,3,131101,stiven-mendoza
16/17,Lesão muscular,2016-09-25,2016-10-10,16,1,131101,stiven-mendoza
15/16,Ferimento na musculatura da barriga,2016-06-20,2016-07-27,38,6,131101,stiven-mendoza
14/15,Rotura muscular na coxa,2014-11-20,2015-02-04,77,7,131101,stiven-mendoza
25/26,Problemas físicos,2025-07-12,2025-07-19,8,1,695236,marquinhos-brazion
23/24,Lesão do ligamento cruzado,2024-03-31,2024-06-30,92,16,730938,helio-borges
17/18,Gripe,2017-12-15,2017-12-20,6,1,187759,anderson-conceicao
22/23,Lesão no tornozelo,2022-10-07,2022-10-30,24,5,672202,camilo
24/25,Lesão desconhecida,2025-02-13,2025-03-21,37,4,708009,gabriel-pierini
22/23,Rotura parcial de ligamento,2023-02-25,2023-09-29,217,41,133522,yesus-cabrera
22/23,Lesão no joelho,2022-09-06,2022-10-14,39,6,538236,felipe-marques
22/23,Lesão desconhecida,2023-05-25,2023-07-05,42,7,377799,airton
15/16,Queixas adutores,2015-07-09,2015-11-19,134,22,377799,airton
18/19,Fratura da mão,2019-06-09,2019-10-14,128,21,54274,matheus-cavichioli
25/26,Problemas físicos,2025-11-10,,136,19,977466,rodolfo-moises
14/15,Rotura do ligamento lateral do tornozelo,2015-03-27,2015-05-10,45,9,167471,joao-paulo
24/25,Lesão no joelho,2025-02-15,,402,43,543614,aletm
22/23,Problemas musculares,2022-10-22,2022-10-30,9,2,787269,fabricio-daniel
24/25,Vírus,2025-04-07,2025-04-15,9,1,727747,carlos-alberto
22/23,Rotura parcial de ligamento,2023-02-20,2023-09-30,223,17,26456,mauro-zarate
20/21,Lesão muscular,2021-10-08,2021-10-22,15,3,26456,mauro-zarate
20/21,Lesão na panturrilha,2021-04-18,2021-05-19,32,8,26456,mauro-zarate
20/21,Muskelbündelriss,2020-10-15,2020-11-02,19,2,26456,mauro-zarate
19/20,Lesão na coxa,2020-03-12,2020-03-31,20,1,26456,mauro-zarate
19/20,Lesão na panturrilha,2020-01-28,2020-02-12,16,2,26456,mauro-zarate
19/20,Problemas gástricos,2019-12-06,2019-12-10,5,1,26456,mauro-zarate
19/20,Distensão muscular,2019-11-23,2019-11-28,6,1,26456,mauro-zarate
19/20,Muskelbündelriss,2019-08-22,2019-09-17,27,4,26456,mauro-zarate
16/17,Rotura dos ligamentos cruzados,2017-02-25,2017-09-23,211,18,26456,mauro-zarate
15/16,Lesão na coxa,2015-08-19,2015-09-19,32,3,26456,mauro-zarate
14/15,Lesão no joelho,2015-03-11,2015-05-24,75,7,26456,mauro-zarate
12/13,Problemas musculares na coxa,2012-11-21,2012-12-14,24,5,26456,mauro-zarate
18/19,Rotura do osso frontal,2019-04-16,2019-05-27,42,6,52828,kadu
18/19,Lesão desconhecida,2018-08-06,2018-10-06,62,8,52828,kadu
17/18,Operado ao joelho,2018-03-17,2018-05-20,65,9,52828,kadu
17/18,Lesão desconhecida,2018-02-10,2018-02-26,17,2,52828,kadu
17/18,Lesão desconhecida,2017-12-20,2018-01-10,22,1,52828,kadu
25/26,Fadiga muscular,2026-02-15,2026-03-10,24,2,834443,tiago-coser
24/25,Lesão desconhecida,2025-02-22,2025-02-24,3,1,695115,joao-cesco
24/25,lesão na perna,2025-01-18,2025-01-27,10,2,695115,joao-cesco
24/25,lesão na perna,2024-12-28,2025-01-14,18,2,695115,joao-cesco
24/25,lesão na perna,2024-09-27,2024-12-27,92,10,695115,joao-cesco
24/25,Traumatismo no pé,2024-08-30,2024-09-21,23,2,695115,joao-cesco
24/25,Traumatismo no pé,2024-08-18,2024-08-20,3,1,695115,joao-cesco
23/24,Traumatismo no pé,2024-04-05,2024-04-14,10,2,695115,joao-cesco
19/20,Cirurgia Ligamento Cruzado,2019-10-16,2020-04-16,184,19,695115,joao-cesco
23/24,Problemas musculares na coxa,2024-06-24,2024-07-08,15,1,698742,busanello
25/26,Rotura dos ligamentos cruzados,2025-07-14,,253,,871650,mancha
22/23,Lesão no joelho,2022-08-22,2023-01-19,151,16.0,376640,anderson-leite
17/18,Problemas musculares,2017-12-12,2017-12-15,4,,376640,anderson-leite
16/17,Rotura de sindesmose,2017-03-21,2017-08-20,153,17.0,376640,anderson-leite
25/26,Innenbandanriss Knie,2026-03-02,,22,3,997861,kaua-santos
25/26,Recuperação ritmo competitivo,2025-08-15,2025-09-01,18,3,997861,kaua-santos
24/25,Rotura dos ligamentos cruzados,2025-04-18,2025-08-14,119,5,997861,kaua-santos
23/24,Lesão na coxa,2024-04-22,2025-01-11,265,51,149577,pablo
23/24,Lesão na coxa,2024-02-01,2024-04-17,77,18,149577,pablo
19/20,Rotura dos ligamentos cruzados,2020-03-01,2020-09-02,186,3,149577,pablo
15/16,Lesão na coxa,2016-01-04,2016-02-23,51,12,149577,pablo
15/16,Lesão nos adutores,2015-12-07,2015-12-29,23,4,149577,pablo
15/16,Lesão desconhecida,2015-11-23,2015-12-04,12,3,149577,pablo
25/26,Problemas físicos,2025-08-05,2025-10-10,67,9,978039,marcos-paulo
25/26,Lesão no tornozelo,2026-02-05,2026-02-17,13,3.0,188862,guillermo-varela
25/26,Pubalgia,2025-09-06,2025-09-17,12,2.0,188862,guillermo-varela
24/25,Problema nos flexores do quadril,2024-08-08,2024-08-14,7,1.0,188862,guillermo-varela
23/24,Lesão no joelho,2023-08-18,2023-10-18,62,13.0,188862,guillermo-varela
22/23,Lesão desconhecida,2023-04-25,2023-05-16,22,6.0,188862,guillermo-varela
22/23,Lesão desconhecida,2022-10-20,2022-11-08,20,6.0,188862,guillermo-varela
19/20,Recuperação ritmo competitivo,2019-10-30,2019-11-02,4,1.0,188862,guillermo-varela
18/19,Lesão no tornozelo,2018-09-05,2018-12-31,118,14.0,188862,guillermo-varela
17/18,Lesão muscular,2018-06-08,2018-06-13,6,,188862,guillermo-varela
17/18,Gestão de esforço,2018-04-28,2018-04-30,3,1.0,188862,guillermo-varela
17/18,Problemas físicos,2017-11-23,2017-12-08,16,3.0,188862,guillermo-varela
16/17,Ferida infeccionada,2017-05-23,2017-05-28,6,1.0,188862,guillermo-varela
16/17,Problemas na tibiotársica,2017-03-27,2017-04-13,18,3.0,188862,guillermo-varela
16/17,Retirar parafusos/pregos,2017-03-09,2017-03-23,15,2.0,188862,guillermo-varela
16/17,Problemas na tibiotársica,2017-03-02,2017-03-09,8,1.0,188862,guillermo-varela
16/17,Recuperação ritmo competitivo,2017-01-16,2017-02-23,39,6.0,188862,guillermo-varela
16/17,Rotura de ligamentos do tornozelo,2016-09-12,2017-01-16,127,15.0,188862,guillermo-varela
24/25,Fratura do Metatarso,2025-06-29,2025-10-14,108,21.0,215616,erick-pulgar
24/25,Lesão na coxa,2025-05-11,2025-05-31,21,5.0,215616,erick-pulgar
24/25,Lesão muscular,2024-11-11,2024-11-19,9,1.0,215616,erick-pulgar
24/25,Problemas gástricos,2024-07-21,2024-07-27,7,1.0,215616,erick-pulgar
23/24,Lesão no tornozelo,2024-04-29,2024-06-01,34,6.0,215616,erick-pulgar
23/24,Lesão no bíceps femoral,2023-07-12,2023-08-16,36,8.0,215616,erick-pulgar
22/23,Fratura do Metatarso,2023-02-25,2023-05-04,69,13.0,215616,erick-pulgar
22/23,Contusão no tornozelo,2022-09-19,2022-09-22,4,,215616,erick-pulgar
21/22,Coronavírus,2022-03-23,2022-03-28,6,1.0,215616,erick-pulgar
21/22,Traumatismo,2021-12-15,2021-12-21,7,1.0,215616,erick-pulgar
21/22,Distorção do tornozelo,2021-10-22,2021-12-05,45,9.0,215616,erick-pulgar
21/22,Fadiga muscular,2021-09-18,2021-09-26,9,1.0,215616,erick-pulgar
20/21,Problemas musculares na coxa,2021-06-22,2021-06-30,9,1.0,215616,erick-pulgar
20/21,Recuperação ritmo competitivo,2020-09-08,2020-10-14,37,4.0,215616,erick-pulgar
17/18,Fadiga muscular,2018-04-16,2018-04-27,12,2.0,215616,erick-pulgar
17/18,Lesão desconhecida,2017-08-24,2017-09-08,16,3.0,215616,erick-pulgar
25/26,Rotura dos ligamentos cruzados,2025-08-25,,211,21,978037,igor-jesus
23/24,Lesão no tornozelo,2024-06-13,2024-07-10,28,7,978037,igor-jesus
25/26,Problemas musculares na coxa,2025-10-28,2025-11-12,16,2.0,37666,arturo-vidal
24/25,Problemas musculares na coxa,2025-02-25,2025-03-13,17,2.0,37666,arturo-vidal
24/25,Lesão na panturrilha,2025-01-13,2025-02-20,39,5.0,37666,arturo-vidal
24/25,Lesão na panturrilha,2024-08-22,2024-09-14,24,6.0,37666,arturo-vidal
24/25,Problemas na panturrilha,2024-08-10,2024-08-19,10,2.0,37666,arturo-vidal
24/25,Lesão na panturrilha,2024-07-21,2024-08-09,20,1.0,37666,arturo-vidal
23/24,Problemas musculares,2024-03-01,2024-03-08,8,2.0,37666,arturo-vidal
23/24,Lesão no joelho,2023-09-14,2024-01-31,140,20.0,37666,arturo-vidal
21/22,Lesão no tornozelo,2022-04-20,2022-04-30,11,2.0,37666,arturo-vidal
21/22,Gripe,2021-11-26,2021-12-01,6,1.0,37666,arturo-vidal
21/22,Gripe,2021-10-24,2021-10-27,4,1.0,37666,arturo-vidal
21/22,Problemas musculares na coxa,2021-09-18,2021-09-27,10,3.0,37666,arturo-vidal
20/21,Coronavírus,2021-05-31,2021-06-11,12,2.0,37666,arturo-vidal
20/21,Artroscopia,2021-04-11,2021-05-21,41,8.0,37666,arturo-vidal
20/21,Operado ao joelho,2021-03-12,2021-04-03,23,2.0,37666,arturo-vidal
20/21,Traumatismo no joelho,2021-02-05,2021-02-20,16,2.0,37666,arturo-vidal
20/21,Problemas musculares na coxa,2020-12-05,2020-12-19,15,3.0,37666,arturo-vidal
19/20,Problemas físicos,2020-02-01,2020-02-05,5,1.0,37666,arturo-vidal
18/19,Síndrome gripal,2018-12-04,2018-12-06,3,1.0,37666,arturo-vidal
17/18,Operado ao joelho,2018-04-16,2018-07-22,98,11.0,37666,arturo-vidal
17/18,inflamação no joelho,2018-04-04,2018-04-14,11,2.0,37666,arturo-vidal
17/18,Problemas musculares na coxa,2018-03-29,2018-04-02,5,1.0,37666,arturo-vidal
17/18,Infeção,2018-02-01,2018-02-05,5,1.0,37666,arturo-vidal
17/18,Tensão muscular,2017-10-12,2017-10-16,5,1.0,37666,arturo-vidal
17/18,Problemas musculares,2017-09-28,2017-10-02,5,1.0,37666,arturo-vidal
16/17,Traumatismo grade costal,2017-01-23,2017-02-02,11,1.0,37666,arturo-vidal
16/17,Pequena lesão,2016-11-17,2016-11-24,8,2.0,37666,arturo-vidal
16/17,Problemas musculares na coxa,2016-11-10,2016-11-14,5,,37666,arturo-vidal
16/17,Síndrome gripal,2016-10-13,2016-10-17,5,1.0,37666,arturo-vidal
15/16,Pequena lesão,2016-06-09,2016-06-09,1,,37666,arturo-vidal
15/16,Febre,2016-05-05,2016-05-12,8,1.0,37666,arturo-vidal
15/16,Pequena lesão,2016-02-15,2016-02-18,4,,37666,arturo-vidal
15/16,Tensão muscular,2015-12-21,2016-01-04,15,,37666,arturo-vidal
14/15,Problemas no Joelho,2015-02-02,2015-02-09,8,,37666,arturo-vidal
14/15,Lesão muscular,2014-09-11,2014-09-18,8,2.0,37666,arturo-vidal
13/14,Rotura do menisco lateral,2014-05-02,2014-06-03,33,3.0,37666,arturo-vidal
13/14,Meniskusschaden,2014-04-11,2014-04-27,17,1.0,37666,arturo-vidal
13/14,Lesão na coxa,2013-11-11,2013-11-20,10,1.0,37666,arturo-vidal
12/13,Queixas adutores,2012-11-29,2012-11-29,1,,37666,arturo-vidal
11/12,Problemas musculares,2011-10-20,2011-10-24,5,1.0,37666,arturo-vidal
08/09,Traumatismo craniano,2009-03-09,2009-04-06,29,4.0,37666,arturo-vidal
07/08,Rotura de ligamentos do tornozelo,2007-11-29,2008-01-07,40,5.0,37666,arturo-vidal
25/26,Lesão na coxa,2025-09-22,2025-10-14,23,3,749559,victor-hugo
24/25,Lesão desconhecida,2025-05-18,2025-05-28,11,1,749559,victor-hugo
25/26,Lesão desconhecida,2025-11-17,2026-01-16,61,4,978045,kayke-david
25/26,Lesão na coxa,2025-11-21,2026-01-14,55,5,364257,ivan
25/26,Artroscopia,2025-07-22,2025-09-26,67,13,364257,ivan
23/24,Lesão do ligamento cruzado,2024-01-21,2024-12-01,316,60,364257,ivan
23/24,Lesão do ligamento cruzado,2024-01-21,2024-09-21,245,49,364257,ivan
20/21,Lesão do punho,2020-10-30,2021-01-03,66,14,364257,ivan
24/25,Lesão na coxa,2025-02-10,2025-03-31,50,6,641458,carlos-miguel
25/26,Lesão na cabeça,2025-09-22,2025-09-26,5,1,958598,robert-renan
23/24,Constipação,2023-08-27,2023-09-05,10,2,958598,robert-renan
25/26,Problemas musculares,2025-08-24,2025-09-13,21,1,290388,rafael-ramos
24/25,Entorse do tornozelo,2025-01-19,2025-03-18,59,13,290388,rafael-ramos
20/21,Coronavírus,2020-12-20,2021-01-07,19,2,290388,rafael-ramos
19/20,Lesão desconhecida,2020-01-01,2020-01-28,28,4,290388,rafael-ramos
18/19,Problemas no tendão de Aquiles,2019-02-28,2019-03-21,22,3,290388,rafael-ramos
16/17,Lesão muscular,2017-02-22,2017-05-12,80,9,290388,rafael-ramos
16/17,Lesão muscular,2016-07-01,2016-09-15,77,11,290388,rafael-ramos
15/16,Lesão muscular,2016-05-23,2016-06-18,27,3,290388,rafael-ramos
15/16,Lesão na coxa,2015-07-20,2015-08-20,32,5,290388,rafael-ramos
25/26,Problemas musculares na coxa,2025-08-04,2025-08-16,13,2,491701,fausto-vera
23/24,Lesão na coxa,2024-05-07,2024-05-13,7,2,491701,fausto-vera
22/23,Rotura de ligamentos no joelho,2023-05-26,2024-04-09,320,60,57229,paulinho
21/22,Rotura de ligamentos no joelho,2022-05-01,2023-01-01,246,50,57229,paulinho
13/14,Lesão no tornozelo,2013-12-30,2014-01-30,32,5,57229,paulinho
25/26,Lesão na coxa,2026-02-09,2026-02-21,13,3,1029227,breno-bidon
22/23,Problemas no Joelho,2022-08-19,2023-01-14,149,20,52915,junior-moraes
20/21,Rotura parcial de ligamento,2021-04-24,2021-11-30,221,31,52915,junior-moraes
20/21,Lesão na coxa,2020-12-01,2021-01-20,51,3,52915,junior-moraes
20/21,Quarentena,2020-11-17,2020-11-19,3,1,52915,junior-moraes
20/21,Coronavírus,2020-10-04,2020-10-28,25,7,52915,junior-moraes
19/20,Choque,2020-07-17,2020-07-20,4,1,52915,junior-moraes
19/20,Choque,2020-02-28,2020-03-03,5,1,52915,junior-moraes
19/20,Lesão no tornozelo,2019-11-10,2019-11-19,10,2,52915,junior-moraes
19/20,Lesão tornozelo,2019-10-29,2019-12-02,35,3,52915,junior-moraes
18/19,Fratura na grelha costal,2019-05-22,2019-06-20,30,5,52915,junior-moraes
17/18,Lesão no joelho,2018-04-21,2018-06-09,50,6,52915,junior-moraes
17/18,Constipação,2018-03-28,2018-04-04,8,1,52915,junior-moraes
17/18,Problemas de Ligamento,2017-10-22,2017-10-27,6,1,52915,junior-moraes
13/14,Lesão desconhecida,2013-08-18,2013-09-02,16,2,52915,junior-moraes
25/26,Distorção do tornozelo,2025-12-15,2025-12-27,13,,1005165,giovane
23/24,Lesão na coxa,2023-09-06,2023-10-16,41,7.0,1005165,giovane
22/23,Muskelbündelriss,2023-06-22,2023-07-10,19,3,54928,diego-godin
22/23,Queixas adutores,2023-04-20,2023-05-10,21,3,54928,diego-godin
22/23,Distensão muscular,2023-03-05,2023-03-16,12,2,54928,diego-godin
22/23,Problemas com o tendão rotuliano,2022-08-07,2022-10-14,69,18,54928,diego-godin
21/22,Problemas físicos,2022-06-10,2022-07-03,24,8,54928,diego-godin
21/22,Fadiga muscular,2021-11-20,2021-12-05,16,3,54928,diego-godin
21/22,Problemas com o tendão rotuliano,2021-10-17,2021-11-01,16,2,54928,diego-godin
21/22,Problemas no Joelho,2021-09-07,2021-09-22,16,3,54928,diego-godin
20/21,Fadiga muscular,2020-12-24,2021-01-07,15,2,54928,diego-godin
20/21,Coronavírus,2020-11-20,2020-12-18,29,6,54928,diego-godin
19/20,Problemas musculares,2020-06-08,2020-06-19,12,1,54928,diego-godin
19/20,Lesão muscular,2019-08-01,2019-08-30,30,1,54928,diego-godin
18/19,Lesão na coxa,2019-04-10,2019-04-19,10,1,54928,diego-godin
18/19,Lesão muscular,2019-01-27,2019-02-08,13,1,54928,diego-godin
18/19,Lesão muscular,2018-11-11,2018-12-10,30,7,54928,diego-godin
18/19,Lesão muscular,2018-10-28,2018-11-07,11,3,54928,diego-godin
17/18,Problemas físicos,2018-03-06,2018-03-10,5,1,54928,diego-godin
17/18,ferimento facial,2018-02-05,2018-02-14,10,1,54928,diego-godin
17/18,Problemas físicos,2017-11-08,2017-11-12,5,1,54928,diego-godin
16/17,Lesão na virilha,2017-02-08,2017-02-25,18,3,54928,diego-godin
16/17,Entorse do tornozelo,2016-09-29,2016-10-04,6,1,54928,diego-godin
15/16,Lesão na coxa,2016-04-21,2016-05-02,12,3,54928,diego-godin
15/16,Lesão na coxa,2016-03-17,2016-04-04,19,4,54928,diego-godin
15/16,Gripe gastrointestinal,2016-03-03,2016-03-07,5,1,54928,diego-godin
15/16,Lesão no joelho,2016-02-01,2016-02-11,11,1,54928,diego-godin
10/11,Apendicite,2010-10-28,2010-11-18,22,6,54928,diego-godin
10/11,Problemas no Joelho,2010-09-27,2010-10-12,16,3,54928,diego-godin
09/10,Problemas musculares na coxa,2010-06-27,2010-07-04,8,1,54928,diego-godin
24/25,Rotura do tendão de Aquiles,2025-03-17,2025-08-30,167,38,312314,otavio
24/25,Lesão no ombro,2024-09-13,2024-10-01,19,5,312314,otavio
23/24,Lesão na coxa,2024-05-16,2024-07-02,48,9,312314,otavio
20/21,Achillessehnenanriss,2021-01-20,2021-07-20,182,19,312314,otavio
24/25,Problemas musculares,2025-04-17,2025-05-16,30,8,373170,cristian-pavon
24/25,Problemas musculares na coxa,2025-02-14,2025-02-28,15,3,373170,cristian-pavon
24/25,Lesão na coxa,2024-08-24,2024-10-08,46,7,373170,cristian-pavon
23/24,Lesão na coxa,2024-04-19,2024-06-07,50,7,373170,cristian-pavon
22/23,Lesão na coxa,2023-01-19,2023-01-30,12,2,373170,cristian-pavon
21/22,Quarentena,2021-07-22,2021-07-29,8,2,373170,cristian-pavon
20/21,Recuperação ritmo competitivo,2021-04-01,2021-04-23,23,4,373170,cristian-pavon
20/21,Lesão no tornozelo,2021-01-19,2021-03-31,72,9,373170,cristian-pavon
18/19,Muskelbündelriss,2019-02-22,2019-03-27,34,6,373170,cristian-pavon
18/19,Muskelbündelriss,2018-11-12,2018-12-04,23,2,373170,cristian-pavon
18/19,Problemas musculares na coxa,2018-10-09,2018-10-22,14,1,373170,cristian-pavon
15/16,Lesão no joelho,2016-02-07,2016-03-16,39,10,373170,cristian-pavon
23/24,Problemas musculares na coxa,2023-10-23,2023-11-08,17,4,53922,alan-kardec
22/23,Hérnia discal,2022-10-30,2023-06-28,242,39,53922,alan-kardec
22/23,Problema nos flexores do quadril,2022-08-27,2022-09-16,21,3,53922,alan-kardec
21/22,Lesão muscular,2021-07-24,2021-08-07,15,5,53922,alan-kardec
14/15,Operado ao joelho,2015-04-01,2015-10-01,184,40,53922,alan-kardec
10/11,Problemas no tendão de Aquiles,2010-08-06,2010-09-18,44,6,53922,alan-kardec
23/24,Lesão na coxa,2024-04-26,2024-04-30,5,1,548298,fabio-gomes
20/21,Rotura de ligamentos do tornozelo,2020-07-30,2020-08-24,26,6,548298,fabio-gomes
24/25,Lesão no pescoço,2025-05-01,2025-05-23,23,6,469135,eduard-atuesta
24/25,Problemas musculares na coxa,2025-04-02,2025-04-22,21,2,469135,eduard-atuesta
22/23,Rotura dos ligamentos cruzados,2023-02-26,2023-10-26,243,52,469135,eduard-atuesta
20/21,Lesão no pé,2020-08-21,2020-09-12,23,5,469135,eduard-atuesta
18/19,Entorse do tornozelo,2018-07-02,2018-07-25,24,5,469135,eduard-atuesta
25/26,Lesão na coxa,2026-02-16,2026-02-28,13,2,438202,bruno-tabata
24/25,Lesão na coxa,2025-01-10,2025-04-09,90,15,438202,bruno-tabata
24/25,Vírus,2024-09-30,2024-10-18,19,1,438202,bruno-tabata
24/25,Lesão na coxa,2024-09-12,2024-09-28,17,3,438202,bruno-tabata
22/23,Lesão na coxa,2023-03-20,2023-05-09,51,11,438202,bruno-tabata
20/21,Lesão no joelho,2021-04-23,2021-05-31,39,6,438202,bruno-tabata
20/21,Lesão desconhecida,2021-04-10,2021-04-14,5,1,438202,bruno-tabata
20/21,Coronavírus,2021-01-18,2021-01-25,8,2,438202,bruno-tabata
20/21,Lesão muscular,2020-10-23,2020-11-18,27,4,438202,bruno-tabata
18/19,Lesão desconhecida,2018-12-25,2019-01-09,16,2,438202,bruno-tabata
18/19,Lesão desconhecida,2018-12-08,2018-12-16,9,1,438202,bruno-tabata
17/18,Lesão na coxa,2018-03-17,2018-04-12,27,2,438202,bruno-tabata
17/18,Lesão muscular,2018-03-06,2018-03-12,7,1,438202,bruno-tabata
17/18,Lesão desconhecida,2017-09-01,2017-10-24,54,7,438202,bruno-tabata
25/26,Ruptura muscular do músculo do perônio,2026-01-18,2026-02-07,21,3,481367,miguel-merentiel
24/25,Lesão muscular,2024-11-11,2024-12-04,24,4,481367,miguel-merentiel
24/25,Lesão nos adutores,2024-10-25,2024-11-04,11,2,481367,miguel-merentiel
23/24,Gripe,2024-05-28,2024-05-31,4,1,481367,miguel-merentiel
22/23,Rompimento dos adutores,2023-06-07,2023-06-25,19,2,481367,miguel-merentiel
25/26,Problemas musculares na coxa,2025-08-18,2025-09-14,28,6,971570,endrick
24/25,Lesão na coxa,2025-05-21,2025-07-21,62,9,971570,endrick
23/24,Problemas musculares na coxa,2024-03-11,2024-03-24,14,2,689640,igor-gomes
23/24,Lesão na coxa,2024-01-26,2024-02-17,23,6,689640,igor-gomes
21/22,Fissura ao tens,2021-12-08,2022-06-08,183,23,689640,igor-gomes
21/22,Lesão ligamentar,2021-11-05,2021-11-26,22,3,689640,igor-gomes
21/22,lesão na perna,2021-08-13,2021-10-01,50,5,689640,igor-gomes
20/21,Lesão na coxa,2020-11-02,2021-03-27,146,17,689640,igor-gomes
20/21,Lesão muscular,2020-09-24,2020-10-24,31,1,689640,igor-gomes
25/26,Gripe gastrointestinal,2026-02-21,2026-02-24,4,1.0,275381,fabricio-bustos
25/26,Fadiga muscular,2026-01-16,2026-01-30,15,2.0,275381,fabricio-bustos
25/26,Ruptura muscular do músculo do perônio,2025-11-16,2025-12-13,28,1.0,275381,fabricio-bustos
25/26,Entorse do tornozelo,2025-08-18,2025-08-30,13,3.0,275381,fabricio-bustos
24/25,Problemas no Joelho,2025-01-20,2025-01-27,8,1.0,275381,fabricio-bustos
24/25,Muskelbündelriss,2024-10-07,2024-10-19,13,1.0,275381,fabricio-bustos
24/25,Lesão nos adutores,2024-07-17,2024-07-22,6,1.0,275381,fabricio-bustos
24/25,Lesão na zona pélvica,2024-06-29,2024-07-06,8,2.0,275381,fabricio-bustos
22/23,Lesão na coxa,2023-04-06,2023-04-25,20,4.0,275381,fabricio-bustos
20/21,Coronavírus,2020-08-08,2020-08-22,15,,275381,fabricio-bustos
23/24,Problemas musculares na coxa,2024-01-11,2024-03-24,74,15,815384,matheus-dias
24/25,lesão na perna,2024-05-10,2024-06-23,45,8,982553,gustavo
25/26,Problemas na zona lombar,2025-10-16,2025-10-24,9,2,104505,alan-patrick
25/26,Vírus,2025-07-31,2025-08-05,6,1,104505,alan-patrick
24/25,Entorse do tornozelo,2025-02-13,2025-03-07,23,3,104505,alan-patrick
24/25,Lesão muscular,2024-12-02,2024-12-15,14,2,104505,alan-patrick
24/25,Estiramento do ligamento colateral interno do joelho,2024-07-24,2024-08-24,32,5,104505,alan-patrick
23/24,Lesão na coxa,2024-06-14,2024-06-22,9,2,104505,alan-patrick
23/24,Lesão na coxa,2024-04-11,2024-05-28,48,5,104505,alan-patrick
21/22,Lesão desconhecida,2021-11-18,2021-12-31,44,6,104505,alan-patrick
19/20,Lesão desconhecida,2020-03-02,2020-03-10,9,2,104505,alan-patrick
18/19,Lesão desconhecida,2018-10-06,2018-10-15,10,1,104505,alan-patrick
25/26,Problemas musculares na coxa,2025-10-27,2025-12-08,43,8,236202,wanderson
25/26,Problemas na zona lombar,2025-09-28,2025-10-14,17,2,236202,wanderson
24/25,Traumatismo no joelho,2025-05-19,2025-05-31,13,3,236202,wanderson
24/25,Problemas musculares,2024-08-12,2024-09-15,35,6,236202,wanderson
24/25,Fadiga muscular,2024-07-14,2024-08-10,28,5,236202,wanderson
23/24,Entorse do tornozelo,2024-04-22,2024-06-08,48,5,236202,wanderson
22/23,Problemas musculares na coxa,2022-09-11,2022-10-07,27,4,236202,wanderson
21/22,Problemas musculares na coxa,2022-06-20,2022-07-17,28,6,236202,wanderson
20/21,Lesão tornozelo,2021-05-16,2022-01-03,233,20,236202,wanderson
20/21,Lesão desconhecida,2020-11-05,2020-11-21,17,1,236202,wanderson
20/21,Lesão muscular,2020-09-22,2020-11-03,43,8,236202,wanderson
19/20,Lesão muscular,2019-09-25,2019-11-15,52,10,236202,wanderson
18/19,Lesão desconhecida,2018-12-02,2018-12-07,6,1,236202,wanderson
16/17,Ruptura muscular na coxa,2016-10-03,2017-01-01,91,15,236202,wanderson
13/14,Lesão desconhecida,2014-01-26,2014-02-28,34,4,236202,wanderson
21/22,Coronavírus,2022-01-03,2022-01-23,21,,257740,carlos-de-pena
20/21,Lesão desconhecida,2021-04-20,2021-04-23,4,1.0,257740,carlos-de-pena
19/20,Lesão desconhecida,2020-03-04,2020-03-30,27,3.0,257740,carlos-de-pena
19/20,Lesão na coxa,2020-03-03,2020-04-10,39,3.0,257740,carlos-de-pena
17/18,Lesão muscular,2018-05-07,2018-05-22,16,3.0,257740,carlos-de-pena
25/26,Lesão na coxa,2025-11-25,2025-12-06,12,2.0,213368,pedro-henrique
24/25,Lesão no joelho,2025-03-07,2025-04-20,45,10.0,213368,pedro-henrique
23/24,Lesão na coxa,2024-04-29,2024-06-30,63,13.0,213368,pedro-henrique
23/24,lesão no braço,2023-09-03,2023-10-18,46,6.0,213368,pedro-henrique
22/23,Problemas musculares na coxa,2023-06-29,2023-07-24,26,4.0,213368,pedro-henrique
21/22,Ruptura muscular na coxa,2022-04-08,2022-04-30,23,5.0,213368,pedro-henrique
21/22,Lesão desconhecida,2022-03-13,2022-03-31,19,1.0,213368,pedro-henrique
21/22,Fratura da clavícula,2021-08-15,2021-09-04,21,5.0,213368,pedro-henrique
21/22,Lesão desconhecida,2021-07-29,2021-08-15,18,2.0,213368,pedro-henrique
20/21,Lesão desconhecida,2021-02-13,2021-02-25,13,1.0,213368,pedro-henrique
20/21,Lesão desconhecida,2021-02-03,2021-02-12,10,1.0,213368,pedro-henrique
20/21,Lesão muscular,2020-11-19,2020-11-29,11,2.0,213368,pedro-henrique
20/21,Lesão muscular,2020-09-29,2020-10-10,12,1.0,213368,pedro-henrique
20/21,Fibra muscular rasgado,2020-09-04,2020-09-20,17,2.0,213368,pedro-henrique
19/20,Lesão desconhecida,2020-07-06,2020-07-10,5,1.0,213368,pedro-henrique
19/20,Lesão na coxa,2019-12-09,2020-01-06,29,4.0,213368,pedro-henrique
17/18,Lesão ligamentar,2017-10-26,2017-10-30,5,,213368,pedro-henrique
15/16,ferimento facial,2016-01-07,2016-02-18,43,7.0,213368,pedro-henrique
13/14,Doente,2013-12-05,2013-12-09,5,1.0,213368,pedro-henrique
12/13,Problemas físicos,2012-12-31,2013-04-25,116,12.0,213368,pedro-henrique
20/21,Lesão no joelho,2021-01-02,2021-04-24,113,17.0,381362,wesley-moraes
19/20,Rotura dos ligamentos cruzados,2020-01-01,2021-01-01,367,38.0,381362,wesley-moraes
18/19,Lesão na cabeça,2019-09-29,2019-10-04,6,,381362,wesley-moraes
17/18,Meningite,2017-07-01,2017-08-09,40,4.0,381362,wesley-moraes
16/17,ferida aberta,2017-04-03,2017-04-07,5,,381362,wesley-moraes
16/17,Traumatismo,2017-04-03,2017-04-07,5,,381362,wesley-moraes
16/17,Lesão ligamentar,2016-09-08,2016-09-19,12,3.0,381362,wesley-moraes
25/26,Pubalgia,2025-12-03,2026-01-03,32,7,560417,alemao
23/24,Lesão no joelho,2023-08-27,2023-10-20,55,8,560417,alemao
24/25,Problemas musculares,2024-10-04,,536,77,336697,philipe-sampaio
23/24,Problemas físicos,2024-04-04,2024-06-30,88,6,336697,philipe-sampaio
20/21,Lesão no joelho,2020-08-23,2020-10-04,43,5,336697,philipe-sampaio
18/19,Lesão muscular,2019-01-29,2019-03-13,44,6,336697,philipe-sampaio
18/19,Lesão muscular,2018-10-22,2018-12-15,55,8,336697,philipe-sampaio
17/18,Lesão desconhecida,2018-04-03,2018-09-12,163,13,336697,philipe-sampaio
17/18,Lesão desconhecida,2018-03-03,2018-03-28,26,2,336697,philipe-sampaio
25/26,Estiramento do ligamento colateral interno do joelho,2026-02-02,2026-03-17,44,12,137745,marcal
25/26,Lesão na panturrilha,2025-10-20,2025-11-04,16,2,137745,marcal
25/26,Lesão nos adutores,2025-09-29,2025-10-14,16,2,137745,marcal
24/25,Recuperação ritmo competitivo,2025-05-19,2025-06-14,27,4,137745,marcal
24/25,Recuperação ritmo competitivo,2025-03-27,2025-05-02,37,10,137745,marcal
24/25,Problemas musculares,2024-08-19,2024-08-24,6,1,137745,marcal
23/24,Lesão na panturrilha,2024-04-02,2024-06-19,79,16,137745,marcal
23/24,Lesão na panturrilha,2024-01-30,2024-02-23,25,4,137745,marcal
20/21,Lesão na virilha,2020-12-28,2021-02-13,48,11,137745,marcal
20/21,Choque,2020-10-26,2020-11-07,13,1,137745,marcal
20/21,Lesão na panturrilha,2020-09-23,2020-10-18,26,2,137745,marcal
19/20,Distensão da panturrilha,2019-12-11,2020-01-03,24,3,137745,marcal
19/20,Lesão muscular,2019-10-21,2019-11-20,31,5,137745,marcal
19/20,Queixas adutores,2019-07-31,2019-09-10,42,4,137745,marcal
18/19,Lesão na virilha,2019-04-13,2019-05-08,26,3,137745,marcal
18/19,Lesão muscular,2019-02-25,2019-03-08,12,2,137745,marcal
18/19,Distensão da panturrilha,2018-07-16,2018-09-24,71,7,137745,marcal
15/16,Ruptura muscular na coxa,2016-03-07,2016-04-09,34,4,137745,marcal
15/16,Ruptura muscular na coxa,2016-02-07,2016-02-22,16,2,137745,marcal
15/16,Lesão desconhecida,2015-09-20,2015-10-18,29,3,137745,marcal
14/15,lesão na perna,2015-03-18,2015-04-03,17,1,137745,marcal
23/24,Lesão no joelho,2024-04-10,2024-12-07,242,53,61892,rafael
23/24,Lesão no joelho,2023-07-03,2024-03-15,257,47,61892,rafael
22/23,Fratura na face,2022-09-05,2022-09-23,19,2,61892,rafael
21/22,Rotura do tendão de Aquiles,2022-01-25,2022-08-11,199,37,61892,rafael
20/21,Lesão desconhecida,2021-04-21,2021-04-30,10,3,61892,rafael
20/21,Lesão no joelho,2021-03-14,2021-04-15,33,4,61892,rafael
20/21,Lesão desconhecida,2021-01-23,2021-02-10,19,5,61892,rafael
17/18,Lesão desconhecida,2018-03-14,2018-03-17,4,1,61892,rafael
17/18,Lesão muscular,2018-02-26,2018-03-07,10,2,61892,rafael
16/17,Pequena lesão,2017-03-09,2017-03-13,5,1,61892,rafael
16/17,Lesão na coxa,2016-09-26,2016-10-10,15,2,61892,rafael
15/16,Problemas na virilha,2016-02-01,2016-02-22,22,5,61892,rafael
15/16,Problemas no Joelho,2016-01-04,2016-01-11,8,1,61892,rafael
15/16,Problemas no Joelho,2015-12-03,2015-12-07,5,1,61892,rafael
15/16,Lesão na coxa,2015-09-17,2015-10-12,26,5,61892,rafael
14/15,Fratura na grelha costal,2015-04-20,2015-06-01,43,5,61892,rafael
14/15,Haarriss im Wadenbein,2014-10-30,2014-12-08,40,5,61892,rafael
14/15,Lesão na virilha,2014-07-24,2014-09-11,50,4,61892,rafael
13/14,Lesão na coxa,2013-08-12,2013-09-09,29,3,61892,rafael
12/13,Lesão na coxa,2012-12-13,2012-12-31,19,4,61892,rafael
10/11,Lesão na coxa,2011-03-17,2011-04-07,22,2,61892,rafael
10/11,Traumatismo craniano,2011-01-24,2011-01-31,8,1,61892,rafael
10/11,Pancada na coxa,2010-11-11,2010-11-18,8,1,61892,rafael
09/10,Lesão no ombro,2009-08-20,2009-09-10,22,2,61892,rafael
08/09,Rotura de ligamentos do tornozelo,2009-02-26,2009-03-26,29,6,61892,rafael
08/09,Problemas musculares na coxa,2009-01-19,2009-02-01,14,3,61892,rafael
25/26,Lesão na coxa,2026-01-25,2026-03-09,44,6,276877,daniel-borges
22/23,Edema do osso,2022-09-06,2022-10-13,38,6,276877,daniel-borges
24/25,Lesão desconhecida,2025-02-28,2025-03-07,8,1,167291,gabriel-pires
23/24,Lesão no joelho,2024-03-17,2024-05-21,66,11,167291,gabriel-pires
22/23,Lesão na panturrilha,2023-05-21,2023-09-30,133,22,167291,gabriel-pires
20/21,Lesão na coxa,2021-04-04,2021-04-12,9,2,167291,gabriel-pires
20/21,Coronavírus,2021-01-01,2021-01-11,11,2,167291,gabriel-pires
20/21,Lesão na tíbia,2020-12-19,2020-12-31,13,3,167291,gabriel-pires
19/20,Lesão ocular,2020-02-06,2020-05-12,97,8,167291,gabriel-pires
19/20,Traumatismo no joelho,2020-01-13,2020-01-15,3,1,167291,gabriel-pires
19/20,Lesão dos ligamentos laterais,2019-08-05,2019-09-24,51,7,167291,gabriel-pires
18/19,Lesão no joelho,2019-04-04,2019-05-31,58,9,167291,gabriel-pires
17/18,Lesão no joelho,2018-03-07,2018-03-14,8,1,167291,gabriel-pires
16/17,Problemas físicos,2017-02-26,2017-03-03,6,1,167291,gabriel-pires
13/14,Haarriss im Wadenbein,2013-11-27,2014-01-30,65,9,167291,gabriel-pires
12/13,Haarriss im Wadenbein,2012-11-10,2013-01-10,62,8,167291,gabriel-pires
24/25,Lesão desconhecida,2025-04-01,2025-04-22,22,3.0,176485,lucas-piazon
24/25,Lesão desconhecida,2024-10-03,2024-10-24,22,2.0,176485,lucas-piazon
19/20,Lesão desconhecida,2020-02-25,2020-03-03,8,1.0,176485,lucas-piazon
18/19,Gripe,2018-02-17,2018-02-20,4,,176485,lucas-piazon
17/18,Fratura do perónio,2017-08-15,2017-12-23,131,20.0,176485,lucas-piazon
16/17,Fratura maxilar,2017-02-25,2017-04-03,38,6.0,176485,lucas-piazon
14/15,Problemas musculares,2015-05-22,2015-06-29,39,1.0,176485,lucas-piazon
23/24,Lesão muscular,2024-03-09,2024-05-22,75,9,555277,luis-oyama
25/26,Fratura do punho,2026-02-12,,40,5,110078,eduardo
25/26,Lesão na coxa,2025-11-19,2025-11-22,4,1,110078,eduardo
24/25,Lesão muscular,2024-07-15,2024-10-17,95,19,110078,eduardo
23/24,Lesão na coxa,2024-05-21,2024-06-15,26,4,110078,eduardo
23/24,Lesão no pé,2024-05-03,2024-05-15,13,3,110078,eduardo
23/24,Lesão no tornozelo,2024-04-04,2024-04-20,17,3,110078,eduardo
19/20,Lesão muscular,2019-12-23,2020-01-15,24,4,110078,eduardo
18/19,Lesão muscular,2019-03-12,2019-03-26,15,1,110078,eduardo
17/18,Cirurgia Ligamento Cruzado,2017-11-18,2018-07-01,226,27,110078,eduardo
24/25,Operação,2025-01-31,2025-05-31,121,14,497494,jacob-montes
23/24,Lesão no tornozelo,2024-02-06,2024-03-30,54,14,497494,jacob-montes
22/23,Lesão no tornozelo,2022-09-20,2023-01-15,118,8,766381,chay
24/25,Lesão muscular,2025-03-30,2025-04-23,25,3.0,381724,victor-sa
18/19,Problemas no Joelho,2019-05-04,2019-05-11,8,1.0,381724,victor-sa
18/19,Rotura da fibra muscular,2018-07-28,2018-08-15,19,5.0,381724,victor-sa
17/18,Rotura muscular,2018-01-29,2018-02-02,5,,381724,victor-sa
24/25,Lesão no joelho,2025-06-02,2025-07-29,58,9,884072,jeffinho
23/24,Lesão na coxa,2024-05-21,2024-11-08,172,36,884072,jeffinho
23/24,Lesão muscular,2024-02-06,2024-03-30,54,12,884072,jeffinho
16/17,Lesão desconhecida,2016-10-23,2016-12-31,70,1,336158,gustavo-sauer
21/22,Lesão ligamentar,2022-02-10,2023-01-02,327,,928096,vitinho
25/26,Problemas na panturrilha,2026-01-09,2026-02-03,26,7,103381,tiquinho-soares
25/26,Problemas no Joelho,2025-11-29,2025-12-06,8,1,103381,tiquinho-soares
24/25,Problemas no Joelho,2024-07-31,2024-08-13,14,3,103381,tiquinho-soares
23/24,Lesão na coxa,2024-04-26,2024-05-31,36,7,103381,tiquinho-soares
23/24,Problemas no Joelho,2023-08-07,2023-08-28,22,5,103381,tiquinho-soares
21/22,lesão no braço,2021-07-02,2021-08-25,55,5,103381,tiquinho-soares
18/19,Doente,2019-01-26,2019-01-27,2,1,103381,tiquinho-soares
18/19,Lesão nos adutores,2018-08-05,2018-09-26,53,7,103381,tiquinho-soares
17/18,Rotura muscular na coxa,2018-02-26,2018-03-15,18,3,103381,tiquinho-soares
17/18,Problemas físicos,2017-10-12,2017-11-22,42,9,103381,tiquinho-soares
17/18,lesão na perna,2017-08-09,2017-08-28,20,3,103381,tiquinho-soares
24/25,Ligamento intra-articular rasgado do joelho,2025-05-21,2025-07-16,57,8,787238,erison
23/24,Lesão na coxa,2024-06-09,2024-07-07,29,6,787238,erison
23/24,Lesão na coxa,2023-07-30,2023-09-04,37,9,787238,erison
22/23,Ligamento Esticado,2023-04-15,2023-07-10,87,23,787238,erison
22/23,Ligamento Esticado,2023-02-09,2023-03-08,28,5,787238,erison
24/25,Problemas físicos,2024-11-03,2024-11-15,13,1.0,26267,fernandinho
24/25,Lesão muscular,2024-08-23,2024-10-25,64,12.0,26267,fernandinho
20/21,Choque,2021-02-08,2021-02-16,9,2.0,26267,fernandinho
20/21,Choque,2020-10-22,2020-11-24,34,6.0,26267,fernandinho
19/20,Choque,2020-01-23,2020-02-01,10,2.0,26267,fernandinho
18/19,Problemas no Joelho,2019-06-20,2019-06-30,11,2.0,26267,fernandinho
18/19,Lesão no joelho,2019-04-25,2019-06-04,41,4.0,26267,fernandinho
18/19,Choque,2019-04-10,2019-04-15,6,1.0,26267,fernandinho
18/19,Lesão muscular,2019-02-25,2019-03-30,34,7.0,26267,fernandinho
18/19,Rotura muscular na coxa,2018-12-15,2018-12-28,14,3.0,26267,fernandinho
18/19,Rotura muscular na coxa,2018-12-09,2018-12-14,6,1.0,26267,fernandinho
18/19,Choque,2018-08-20,2018-08-24,5,,26267,fernandinho
17/18,Lesão na coxa,2018-02-26,2018-03-11,14,3.0,26267,fernandinho
16/17,Choque,2016-11-02,2016-11-04,3,,26267,fernandinho
15/16,Choque,2016-01-07,2016-01-21,15,3.0,26267,fernandinho
13/14,Lesão muscular,2014-01-30,2014-02-17,19,3.0,26267,fernandinho
13/14,Choque,2013-11-09,2013-11-23,15,3.0,26267,fernandinho
11/12,Lesão na tíbia,2011-10-25,2011-11-10,17,,26267,fernandinho
10/11,Fratura da tíbia,2010-09-10,2011-03-30,202,24.0,26267,fernandinho
24/25,Traumatismo craniano,2025-05-15,2025-06-16,33,5,457533,agustin-canobbio
24/25,Edema do osso,2024-10-19,2024-11-30,43,7,457533,agustin-canobbio
23/24,Lesão no tornozelo,2024-05-05,2024-05-14,10,1,457533,agustin-canobbio
21/22,Problemas físicos,2022-06-10,2022-06-27,18,6,457533,agustin-canobbio
21/22,Fratura na face,2022-03-06,2022-04-08,34,4,457533,agustin-canobbio
20/21,lesão na perna,2020-08-30,2020-11-23,86,13,457533,agustin-canobbio
18/19,Gestão de esforço,2019-05-25,2019-05-27,3,1,457533,agustin-canobbio
18/19,Gestão de esforço,2019-03-02,2019-03-05,4,1,457533,agustin-canobbio
17/18,Gripe gastrointestinal,2018-04-12,2018-04-17,6,1,457533,agustin-canobbio
20/21,Lesão no pé,2021-04-26,2021-05-10,15,3,68778,marlos
19/20,Lesão muscular,2020-03-03,2020-04-15,44,1,68778,marlos
19/20,Lesão na virilha,2019-11-10,2019-11-19,10,2,68778,marlos
19/20,Problemas na tibiotársica,2019-11-07,2019-12-02,26,5,68778,marlos
19/20,Lesão muscular,2019-10-30,2019-11-05,7,1,68778,marlos
18/19,Lesão na anca,2019-04-09,2019-05-23,45,9,68778,marlos
18/19,Lesão nos adutores,2019-03-23,2019-04-02,11,1,68778,marlos
18/19,Lesão desconhecida,2018-11-19,2018-12-04,16,4,68778,marlos
18/19,Lesão desconhecida,2018-10-22,2018-12-06,46,10,68778,marlos
17/18,Problemas musculares na coxa,2018-04-25,2018-05-07,13,2,68778,marlos
16/17,Choque,2017-05-30,2017-06-02,4,1,68778,marlos
16/17,Problemas musculares na coxa,2017-04-04,2017-04-07,4,1,68778,marlos
16/17,Lesão na virilha,2016-08-05,2016-08-08,4,1,68778,marlos
13/14,Entorse do tornozelo,2014-04-25,2014-06-30,67,5,68778,marlos
13/14,Lesão desconhecida,2013-09-30,2013-11-11,43,5,68778,marlos
13/14,Lesão na virilha,2013-08-11,2013-09-01,22,3,68778,marlos
25/26,Lesão no tornozelo,2026-03-09,2026-03-17,9,2,943837,vitor-roque
24/25,Lesão na coxa,2025-04-21,2025-04-26,6,1,943837,vitor-roque
24/25,Contusão no tornozelo,2024-09-25,2024-09-27,3,1,943837,vitor-roque
23/24,Contusão no tornozelo,2023-09-23,2023-11-24,63,14,943837,vitor-roque
24/25,Lesão no pé,2025-01-17,2025-04-13,87,18,894532,young
25/26,Lesão nos adutores,2025-09-22,2025-10-04,13,3,466336,nahuel-ferraresi
22/23,Rotura de ligamentos no joelho,2023-01-22,2023-09-25,247,58,466336,nahuel-ferraresi
24/25,Lesão na coxa,2024-08-18,2024-09-05,19,4,929866,joao-moreira
23/24,Lesão na coxa,2024-04-04,2024-04-29,26,6,929866,joao-moreira
23/24,Lesão muscular,2024-02-14,2024-03-02,18,4,929866,joao-moreira
22/23,Lesão dos ligamentos laterais do joelho,2022-10-29,2023-07-07,252,41,929866,joao-moreira
22/23,Lesão meniscal,2022-09-03,2022-10-11,39,9,929866,joao-moreira
21/22,Entorse do tornozelo,2022-06-05,2022-06-17,13,3,929866,joao-moreira
22/23,Pancada na coxa,2022-11-04,2022-11-17,14,3,648309,andres-colorado
21/22,Ruptura muscular na coxa,2022-06-14,2022-07-17,34,9,648309,andres-colorado
21/22,Ruptura muscular na coxa,2022-05-08,2022-06-11,35,8,648309,andres-colorado
25/26,Entorse do tornozelo,2026-03-21,,5,1,567249,giuliano-galoppo
24/25,Problemas musculares na coxa,2025-03-30,2025-04-16,18,4,567249,giuliano-galoppo
24/25,Rotura muscular na coxa,2025-02-20,2025-03-26,35,6,567249,giuliano-galoppo
24/25,Artroscopia,2024-11-27,2025-01-12,47,3,567249,giuliano-galoppo
24/25,Traumatismo no pé,2024-07-22,2024-08-21,31,8,567249,giuliano-galoppo
24/25,Lesão no pé,2024-07-04,2024-07-16,13,2,567249,giuliano-galoppo
22/23,Lesão no joelho,2023-03-13,2023-11-17,250,53,567249,giuliano-galoppo
20/21,Coronavírus,2021-04-04,2021-04-16,13,2,567249,giuliano-galoppo
18/19,Rotura parcial de ligamento,2019-04-22,2019-10-22,184,11,567249,giuliano-galoppo
22/23,Pubalgia,2023-01-06,2023-07-01,177,30.0,601577,andre-anderson
22/23,Problemas musculares,2022-07-06,2022-10-05,92,24.0,601577,andre-anderson
21/22,Coronavírus,2022-01-13,2022-01-21,9,2.0,601577,andre-anderson
20/21,Lesão nos adutores,2020-10-27,2020-11-22,27,2.0,601577,andre-anderson
20/21,Lesão nos adutores,2020-09-03,2020-09-12,10,,601577,andre-anderson
19/20,Lesão desconhecida,2020-06-13,2020-06-20,8,,601577,andre-anderson
19/20,Lesão desconhecida,2020-01-23,2020-01-29,7,1.0,601577,andre-anderson
25/26,Lesão no tornozelo,2026-02-09,2026-03-11,31,4,743593,rodriguinho
25/26,Problemas no Joelho,2025-10-26,2026-01-31,98,14,743593,rodriguinho
24/25,Entorse do tornozelo,2025-05-15,2025-05-19,5,1,743593,rodriguinho
24/25,Problemas no Joelho,2025-02-06,2025-04-12,66,11,743593,rodriguinho
23/24,Entorse do tornozelo,2024-02-14,2024-02-25,12,2,743593,rodriguinho
22/23,Problemas nas costas,2022-11-03,2022-11-17,15,3,743593,rodriguinho
25/26,Lesão no joelho,2025-12-31,2026-03-05,65,10,980853,gabriel-maioli
25/26,Lesão tornozelo,2025-10-11,2025-11-27,48,6,980853,gabriel-maioli
24/25,Lesão tornozelo,2025-03-08,2025-04-12,36,4,980853,gabriel-maioli
25/26,Distensão muscular,2025-09-20,2025-09-24,5,1,439629,nahuel-bustos
23/24,Problemas musculares,2023-09-18,2023-09-28,11,2,439629,nahuel-bustos
22/23,Muskelbündelriss,2023-03-01,2023-04-12,43,5,439629,nahuel-bustos
22/23,Problemas musculares na coxa,2022-09-30,2022-11-03,35,7,84695,maicon
20/21,Lesão muscular,2020-10-18,2020-10-31,14,2,84695,maicon
18/19,Lesão desconhecida,2018-09-03,2018-09-15,13,1,84695,maicon
15/16,Fadiga muscular,2016-02-08,2016-02-19,12,2,84695,maicon
15/16,Fibra muscular rasgado,2015-10-05,2015-11-02,29,3,84695,maicon
12/13,Flambagem do osso,2012-11-03,2012-12-17,45,8,84695,maicon
09/10,Flambagem do osso,2009-12-09,2009-12-16,8,1,84695,maicon
22/23,Lesão do ligamento cruzado,2023-03-27,2024-01-01,281,19,661852,leonardo-zabala
25/26,Lesão no pé,2026-03-12,,14,3.0,984096,jair-cunha
24/25,Lesão no tornozelo,2025-04-21,2025-04-25,5,1.0,984096,jair-cunha
22/23,Lesão do ligamento cruzado,2023-01-12,2023-10-07,269,,984096,jair-cunha
23/24,Cirurgia Ligamento Cruzado,2024-02-05,2024-11-05,275,46,1032891,kevyson
23/24,Lesão do ligamento cruzado,2024-02-05,2024-11-01,271,45,1032891,kevyson
24/25,Lesão desconhecida,2024-07-18,2024-09-15,60,8,294796,auro
19/20,Lesão tornozelo,2020-09-14,2020-10-06,23,4,294796,auro
18/19,Lesão muscular,2019-04-01,2019-04-17,17,2,294796,auro
18/19,Lesão muscular,2018-08-05,2018-09-20,47,7,294796,auro
17/18,Lesão muscular,2018-06-25,2018-07-31,37,8,294796,auro
24/25,Gripe gastrointestinal,2025-04-25,2025-04-29,5,1,458047,rodrigo-fernandez-cedres
24/25,Lesão muscular,2024-09-28,2024-10-23,26,2,458047,rodrigo-fernandez-cedres
24/25,Lesão no joelho,2024-07-21,2024-08-05,16,3,458047,rodrigo-fernandez-cedres
24/25,Queixas adutores,2024-12-10,2024-12-22,13,1,280157,gabriel-carabajal
24/25,Fratura no tornozelo,2024-09-01,2024-10-07,37,5,390926,jhojan-julio
22/23,Fratura de metacarpo,2023-02-26,2023-04-02,36,6,390926,jhojan-julio
19/20,Lesão no joelho,2020-01-06,2020-06-11,158,7,390926,jhojan-julio
18/19,Fratura maxilar,2019-03-28,2019-04-18,22,5,390926,jhojan-julio
24/25,Lesão desconhecida,2025-03-01,2025-03-18,18,2,959106,weslley-patati
22/23,Distensão da panturrilha,2023-04-03,2023-04-18,16,3,319911,bryan-angulo
17/18,Problemas no Joelho,2017-07-08,2017-07-20,13,2,319911,bryan-angulo
25/26,Lesão muscular,2026-03-14,,12,1,973569,rwan-cruz
23/24,Problemas gástricos,2023-09-28,2023-09-30,3,1,661136,kevin-lomonaco
24/25,Lesão na coxa,2025-05-19,2025-06-11,24,3,921863,douglas-mendes
25/26,Problemas físicos,2025-08-04,2025-09-13,41,7,680506,jose-andres-hurtado
24/25,Fadiga muscular,2025-05-06,2025-05-17,12,1,680506,jose-andres-hurtado
24/25,Problemas musculares na coxa,2025-02-16,2025-03-01,14,3,680506,jose-andres-hurtado
24/25,Lesão na coxa,2024-10-20,2024-11-01,13,1,680506,jose-andres-hurtado
24/25,Lesão na coxa,2024-07-18,2024-08-09,23,6,680506,jose-andres-hurtado
23/24,Lesão no tornozelo,2024-04-25,2024-05-27,33,7,680506,jose-andres-hurtado
22/23,Lesão nos adutores,2023-03-22,2023-04-17,27,4,680506,jose-andres-hurtado
22/23,Lesão desconhecida,2022-10-03,2023-01-15,105,13,680506,jose-andres-hurtado
25/26,Lesão no pé,2025-08-21,2025-09-29,40,5,994622,cipriano
24/25,Lesão na coxa,2025-02-13,2025-07-26,164,18,994622,cipriano
24/25,Lesão no tornozelo,2025-01-26,2025-02-08,14,3,994622,cipriano
24/25,Lesão muscular,2024-12-23,2025-01-21,30,4,994622,cipriano
22/23,Rotura muscular,2023-03-23,2023-04-02,11,1,193937,mario-pineida
22/23,Lesão desconhecida,2022-10-07,2022-12-31,86,8,193937,mario-pineida
21/22,Lesão muscular,2021-08-25,2021-08-31,7,1,193937,mario-pineida
20/21,Coronavírus,2020-11-16,2020-12-01,16,5,193937,mario-pineida
18/19,Fratura da mão,2019-05-13,2019-05-26,14,3,193937,mario-pineida
17/18,Lesão muscular,2017-11-20,2017-12-31,42,3,193937,mario-pineida
17/18,Lesão na coxa,2017-08-11,2017-09-30,51,10,193937,mario-pineida
17/18,Lesão muscular,2017-07-07,2017-08-02,27,4,193937,mario-pineida
16/17,Lesão muscular,2016-08-22,2016-09-01,11,1,193937,mario-pineida
16/17,Lesão no ombro,2016-08-01,2016-08-15,15,1,193937,mario-pineida
19/20,Lesão desconhecida,2020-07-05,2020-08-05,32,6,375813,cristiano
25/26,Rotura de ligamentos no joelho,2026-01-31,,54,12,997714,alexsander
25/26,Estiramento do ligamento colateral interno do joelho,2025-09-25,2025-10-20,26,6,997714,alexsander
24/25,Fratura de um dedo,2025-01-23,2025-03-08,45,9,997714,alexsander
24/25,Lesão na coxa,2024-07-22,2024-07-31,10,2,997714,alexsander
22/23,Lesão no joelho,2023-05-12,2023-09-04,116,21,997714,alexsander
24/25,Problemas cardíacos,2024-11-01,2025-03-29,149,1.0,73460,alan
24/25,Lesão desconhecida,2024-09-23,2024-10-13,21,2.0,73460,alan
23/24,Lesão muscular,2024-06-06,2024-06-23,18,3.0,73460,alan
14/15,Rotura dos ligamentos cruzados,2015-03-03,2015-08-03,154,27.0,73460,alan
14/15,Lesão desconhecida,2014-10-27,2014-11-20,25,4.0,73460,alan
14/15,Fratura de metacarpo,2014-08-10,2014-08-18,9,1.0,73460,alan
14/15,Gripe,2014-08-04,2014-08-09,6,,73460,alan
13/14,Tensão muscular,2014-02-27,2014-03-18,20,4.0,73460,alan
12/13,Problemas musculares,2013-04-08,2013-04-17,10,2.0,73460,alan
11/12,Rotura dos ligamentos cruzados,2011-08-28,2013-01-05,497,68.0,73460,alan
11/12,Problemas na virilha,2011-08-07,2011-08-13,7,,73460,alan
10/11,Angina,2011-05-10,2011-05-18,9,2.0,73460,alan
25/26,Lesão no peito,2025-12-04,2026-01-14,42,2,262851,emanuel-britez
25/26,Pneumonia,2025-11-19,2025-11-25,7,1,262851,emanuel-britez
25/26,Problemas musculares na coxa,2025-07-20,2025-08-08,20,3,262851,emanuel-britez
24/25,Entorse do tornozelo,2025-01-29,2025-05-05,97,19,262851,emanuel-britez
24/25,Problemas musculares na coxa,2024-08-15,2024-08-20,6,1,262851,emanuel-britez
22/23,Lesão muscular,2023-05-03,2023-05-19,17,2,410696,anthony-landazuri
24/25,Lesão na cabeça,2025-05-26,2025-06-12,18,2.0,650863,brayan-ceballos
24/25,Problemas musculares na coxa,2024-09-25,2024-11-03,40,7.0,650863,brayan-ceballos
24/25,Lesão na cabeça,2024-09-18,2024-09-21,4,,650863,brayan-ceballos
25/26,Problemas na panturrilha,2025-08-25,2025-09-19,26,2,121986,lucas-sasha
24/25,Fratura do antebraço,2025-05-18,2025-07-08,52,5,121986,lucas-sasha
24/25,Lesão na panturrilha,2024-09-18,2024-11-21,65,8,121986,lucas-sasha
23/24,Estiramento do ligamento colateral interno do joelho,2024-04-29,2024-06-09,42,10,121986,lucas-sasha
18/19,Fratura maxilar,2018-08-09,2018-09-14,37,7,121986,lucas-sasha
25/26,Rotura do menisco,2025-09-08,2026-03-08,182,4,282513,fabricio-baiano
24/25,Lesão do ligamento cruzado,2024-09-23,2025-08-07,319,36,282513,fabricio-baiano
22/23,Problemas no Joelho,2022-11-04,2023-02-04,93,7,282513,fabricio-baiano
22/23,Lesão desconhecida,2022-10-07,2022-10-20,14,2,282513,fabricio-baiano
21/22,Lesão desconhecida,2021-09-21,2021-10-09,19,2,282513,fabricio-baiano
20/21,Lesão desconhecida,2021-04-28,2021-05-16,19,4,282513,fabricio-baiano
20/21,Coronavírus,2021-01-16,2021-01-27,12,3,282513,fabricio-baiano
20/21,Lesão desconhecida,2020-12-06,2020-12-20,15,3,282513,fabricio-baiano
19/20,Lesão desconhecida,2020-07-20,2020-07-26,7,1,282513,fabricio-baiano
19/20,Lesão desconhecida,2020-07-07,2020-07-18,12,1,282513,fabricio-baiano
19/20,Lesão desconhecida,2019-10-05,2019-11-04,31,4,282513,fabricio-baiano
19/20,Lesão no joelho,2019-08-01,2019-08-19,19,3,282513,fabricio-baiano
18/19,Lesão desconhecida,2019-01-07,2019-02-06,31,4,282513,fabricio-baiano
25/26,Lesão nos adutores,2025-12-13,2026-02-07,57,8,982617,hercules
23/24,Rotura dos ligamentos cruzados,2023-07-10,2024-03-28,263,46,982617,hercules
24/25,Problemas musculares na coxa,2025-04-14,2025-10-14,184,32,788361,moises
24/25,Problemas musculares na coxa,2024-09-15,2024-10-03,19,4,788361,moises
23/24,Problemas musculares na coxa,2024-06-10,2024-07-06,27,7,788361,moises
22/23,Traumatismo no pé,2023-05-10,2023-05-16,7,2,788361,moises
22/23,Fratura do Metatarso,2023-01-14,2023-03-23,69,16,788361,moises
24/25,Traumatismo grade costal,2024-10-15,2024-10-29,15,2,88082,silvio-romero
20/21,Coronavírus,2021-03-26,2021-04-06,12,2,88082,silvio-romero
19/20,Problemas musculares na coxa,2019-09-30,2019-10-08,9,1,88082,silvio-romero
21/22,Problemas no Joelho,2021-11-16,2021-11-28,13,1,353807,wellington-nascimento
25/26,ferimento facial,2025-10-24,2025-11-05,13,3.0,875332,arthur-chaves
24/25,Gestão de esforço,2024-12-01,2024-12-01,1,,875332,arthur-chaves
18/19,Lesão muscular,2018-08-04,2018-08-21,18,4,421195,ayrton-cougo
17/18,Recuperação ritmo competitivo,2018-04-13,2018-04-22,10,2,421195,ayrton-cougo
17/18,Lesão muscular,2018-03-25,2018-04-12,19,3,421195,ayrton-cougo
17/18,Lesão no joelho,2018-02-06,2018-02-14,9,1,421195,ayrton-cougo
16/17,Problemas físicos,2017-06-05,2017-06-27,23,3,421195,ayrton-cougo
22/23,Lesão desconhecida,2022-10-03,2022-11-10,39,8,593654,diego-matos
11/12,Distensão muscular,2012-05-07,2012-05-14,8,1,74249,muriqui
25/26,Lesão muscular,2026-03-11,2026-03-16,6,1,985172,david-ricardo
25/26,Lesão na coxa,2025-08-15,2025-08-20,6,1,985172,david-ricardo
24/25,Problemas musculares na coxa,2025-05-19,2025-05-31,13,2,985172,david-ricardo
25/26,Lesão no calcanhar,2025-10-06,2025-11-01,27,4,980463,marcos-victor
22/23,Lesão no joelho,2023-04-07,2023-07-01,86,14,980463,marcos-victor
13/14,Rotura dos ligamentos cruzados,2013-05-15,2014-02-25,287,30,55042,diego-rigonato
22/23,Problemas musculares,2022-10-10,2022-10-29,20,3,389010,jhon-vasquez
21/22,Lesão desconhecida,2021-08-26,2021-10-18,54,,52787,dentinho
20/21,Lesão na panturrilha,2021-02-10,2021-02-28,19,4.0,52787,dentinho
20/21,Lesão desconhecida,2020-10-27,2020-11-15,20,3.0,52787,dentinho
18/19,Lesão desconhecida,2019-02-02,2019-02-18,17,1.0,52787,dentinho
18/19,Fadiga muscular,2018-12-07,2018-12-31,25,1.0,52787,dentinho
18/19,Lesão desconhecida,2018-09-18,2018-10-09,22,5.0,52787,dentinho
18/19,Lesão desconhecida,2018-08-01,2018-09-10,41,5.0,52787,dentinho
16/17,Problemas no Joelho,2017-02-16,2017-04-17,61,9.0,52787,dentinho
15/16,Pequena lesão,2016-04-25,2016-05-02,8,2.0,52787,dentinho
13/14,Síndrome gripal,2013-12-12,2013-12-16,5,,52787,dentinho
12/13,Fibra muscular rasgado,2013-02-04,2013-03-14,39,5.0,52787,dentinho
23/24,Lesão desconhecida,2024-06-02,2024-07-16,45,10,366450,iury-castilho
23/24,Lesão na coxa,2024-04-26,2024-05-11,16,3,366450,iury-castilho
19/20,Lesão nos adutores,2019-09-11,2019-09-19,9,1,366450,iury-castilho
25/26,Lesão desconhecida,2026-02-09,2026-02-23,15,1,419932,cristhian-rivas
24/25,Lesão muscular,2025-04-03,2025-07-13,102,17,79242,gabriel
24/25,Problemas musculares na coxa,2024-07-15,2024-07-20,6,1,79242,gabriel
21/22,Lesão desconhecida,2022-03-08,2022-04-05,29,4,79242,gabriel
19/20,Problemas nas costas,2020-01-27,2020-02-13,18,2,79242,gabriel
13/14,Lesão no ombro,2013-08-16,2013-09-13,29,4,79242,gabriel
24/25,Lesão no joelho,2024-08-26,2024-12-31,128,20,213614,jhon-chancellor
20/21,Problemas musculares,2021-04-11,2021-05-09,29,4,213614,jhon-chancellor
19/20,Rotura muscular,2020-06-11,2020-07-04,24,3,213614,jhon-chancellor
19/20,Rotura muscular na coxa,2019-10-27,2019-11-20,25,4,213614,jhon-chancellor
23/24,Problemas no Joelho,2024-06-03,2024-06-12,10,1,179276,guillermo-de-los-santos
15/16,Recuperação ritmo competitivo,2016-04-06,2016-04-20,15,1,179276,guillermo-de-los-santos
15/16,Rotura dos ligamentos cruzados,2015-09-28,2016-04-05,191,18,179276,guillermo-de-los-santos
23/24,Recuperação ritmo competitivo,2024-05-15,2024-05-30,16,3,874307,thalisson
23/24,Lesão no ombro,2024-02-20,2024-05-15,86,11,874307,thalisson
21/22,Lesão desconhecida,2021-07-26,2021-08-04,10,1,251773,jesus-trindade
20/21,Lesão desconhecida,2021-03-10,2021-03-17,8,1,251773,jesus-trindade
25/26,Lesão muscular,2026-03-01,,25,3,1056021,geovane-meurer
24/25,Distensão muscular,2025-05-03,2025-05-06,4,1,661269,matias-galarza
20/21,Lesão muscular,2021-06-23,2021-07-08,16,3,421191,pablo-garcia
20/21,Lesão nas costas,2021-04-25,2021-05-20,26,5,421191,pablo-garcia
20/21,Rotura da fibra muscular,2020-10-13,2020-11-27,46,8,421191,pablo-garcia
20/21,Muskelbündelriss,2020-09-08,2020-09-24,17,4,421191,pablo-garcia
25/26,Lesão muscular,2025-07-11,2025-09-11,63,3,653610,igor-paixao
24/25,Problemas musculares na coxa,2025-03-10,2025-03-15,6,1,653610,igor-paixao
24/25,Lesão no bíceps femoral,2024-12-14,2024-12-22,9,1,653610,igor-paixao
23/24,Lesão na coxa,2024-04-21,2024-05-02,12,1,653610,igor-paixao
18/19,Lesão no joelho,2019-01-10,2019-02-21,43,9.0,73636,hernan-perez
18/19,Lesão na coxa,2018-10-27,2018-11-24,29,4.0,73636,hernan-perez
17/18,Lesão no joelho,2018-04-26,2018-05-26,31,4.0,73636,hernan-perez
16/17,Lesão tornozelo,2017-04-17,2017-04-28,12,2.0,73636,hernan-perez
16/17,Tensão muscular,2016-12-12,2016-12-22,11,1.0,73636,hernan-perez
15/16,Rotura muscular na coxa,2016-02-08,2016-02-24,17,2.0,73636,hernan-perez
15/16,Febre,2015-08-10,2015-08-17,8,,73636,hernan-perez
13/14,Rotura dos ligamentos cruzados,2014-04-14,2014-10-15,185,17.0,73636,hernan-perez
25/26,Problemas musculares na coxa,2026-03-16,,10,2,766258,kaio-cesar
25/26,Lesão na coxa,2026-02-06,2026-03-14,37,8,766258,kaio-cesar
24/25,Lesão na coxa,2025-05-16,2025-06-24,40,4,766258,kaio-cesar
25/26,Entorse do tornozelo,2026-02-27,2026-03-12,14,3,598769,adrian-martinez
25/26,Distensão muscular,2025-10-30,2025-11-05,7,1,598769,adrian-martinez
25/26,Problemas na tibiotársica,2025-10-04,2025-10-14,11,2,598769,adrian-martinez
24/25,Edema no joelho,2025-03-05,2025-03-14,10,1,598769,adrian-martinez
24/25,Distensão muscular,2025-03-01,2025-03-04,4,1,598769,adrian-martinez
24/25,Problemas musculares,2025-02-10,2025-02-17,8,2,598769,adrian-martinez
24/25,Lesão muscular,2024-12-05,2024-12-31,27,2,598769,adrian-martinez
23/24,Entorse do tornozelo,2024-05-29,2024-07-15,48,1,598769,adrian-martinez
23/24,Lesão tendinosa do bicípete femoral,2023-10-26,2023-11-02,8,1,598769,adrian-martinez
24/25,Lesão desconhecida,2025-03-03,2025-08-01,152,15,143817,leo-gamalho
23/24,Lesão no joelho,2024-01-06,2024-03-26,81,18,143817,leo-gamalho
19/20,Lesão muscular,2019-08-01,2019-08-09,9,1,143817,leo-gamalho
25/26,Problemas musculares,2025-09-28,2026-03-09,163,14,794925,edson-carioca
24/25,Lesão muscular,2024-11-27,2025-01-14,49,2,794925,edson-carioca
24/25,Lesão muscular,2024-11-10,2024-11-22,13,1,794925,edson-carioca
23/24,Lesão no joelho,2024-05-30,2024-07-31,63,16,794925,edson-carioca
23/24,Lesão muscular,2024-04-11,2024-05-29,49,4,794925,edson-carioca
25/26,Rotura de sindesmose,2026-03-01,,25,6.0,977464,arthur
25/26,Problemas nas costas,2025-11-19,2025-12-03,15,4.0,977464,arthur
25/26,Doente,2025-09-12,2025-09-15,4,1.0,977464,arthur
25/26,Lesão tornozelo,2025-08-01,2025-08-08,8,,977464,arthur
23/24,Lesão muscular,2023-09-08,2024-04-07,213,37.0,977464,arthur
24/25,Lesão na coxa,2025-04-21,2025-04-28,8,2,360526,emmanuel-martinez
23/24,Lesão no joelho,2024-06-24,2024-08-04,42,9,360526,emmanuel-martinez
23/24,Tendinite,2024-02-02,2024-03-16,44,8,360526,emmanuel-martinez
22/23,Lesão desconhecida,2022-09-12,2022-12-31,111,12,360526,emmanuel-martinez
21/22,Entorse da banda lateral,2022-04-01,2022-04-30,30,8,360526,emmanuel-martinez
21/22,Entorse do tornozelo,2021-11-22,2021-12-06,15,1,360526,emmanuel-martinez
25/26,Lesão ocular,2025-09-21,2025-09-27,7,1.0,195882,gonzalo-mastriani
24/25,Problemas musculares,2025-05-04,2025-05-26,23,5.0,195882,gonzalo-mastriani
24/25,Artroscopia,2024-10-30,2025-02-05,99,15.0,195882,gonzalo-mastriani
23/24,Lesão na panturrilha,2024-06-27,2024-07-17,21,5.0,195882,gonzalo-mastriani
18/19,Problemas físicos,2018-08-22,2018-08-28,7,1.0,195882,gonzalo-mastriani
12/13,Lesão meniscal,2012-12-11,2013-01-11,32,,195882,gonzalo-mastriani
25/26,Entorse do tornozelo,2026-02-09,,45,6,985351,renato-marques
24/25,Lesão desconhecida,2025-01-04,2025-01-08,5,1,323876,thalisson
23/24,Lesão desconhecida,2023-09-01,2023-11-01,62,6,1003436,lucas-ramires
21/22,Coronavírus,2021-12-09,2021-12-27,19,5,388236,rodrigo-soares
20/21,Lesão muscular,2020-08-25,2020-10-12,49,7,388236,rodrigo-soares
18/19,Problemas no Joelho,2018-08-18,2018-08-27,10,1,388236,rodrigo-soares
25/26,Traumatismo,2026-02-28,2026-03-08,9,1,1053933,ruan
22/23,Lesão no joelho,2023-05-10,2023-07-17,69,11,552241,rodrigo-bassani
25/26,Entorse do tornozelo,2026-01-10,2026-01-31,22,6,675178,isidro-pitta
25/26,Lesão na coxa,2025-08-10,2025-11-01,84,11,675178,isidro-pitta
22/23,Lesão no tornozelo,2022-11-03,2023-01-21,80,3,675178,isidro-pitta
20/21,Problemas musculares,2021-01-27,2021-01-31,5,,27374,sidnei
20/21,Muskelkater,2020-10-19,2020-11-19,32,3.0,27374,sidnei
19/20,Doente,2020-06-14,2020-06-24,11,2.0,27374,sidnei
19/20,Lesão no pé,2019-11-24,2019-12-18,25,3.0,27374,sidnei
19/20,Lesão muscular,2019-09-18,2019-10-24,37,5.0,27374,sidnei
18/19,Lesão no ombro,2018-12-23,2019-01-18,27,4.0,27374,sidnei
18/19,Lesão no joelho,2018-11-12,2018-11-29,18,1.0,27374,sidnei
17/18,Lesão muscular,2018-04-25,2018-06-11,48,4.0,27374,sidnei
17/18,Lesão muscular,2018-04-10,2018-04-17,8,1.0,27374,sidnei
17/18,Lesão na coxa,2018-01-28,2018-02-21,25,3.0,27374,sidnei
17/18,Lesão na coxa,2018-01-16,2018-01-26,11,1.0,27374,sidnei
17/18,Lesão muscular,2017-11-20,2017-11-30,11,2.0,27374,sidnei
17/18,Lesão no joelho,2017-09-11,2017-09-28,18,3.0,27374,sidnei
16/17,Problemas musculares,2017-04-27,2017-05-18,22,3.0,27374,sidnei
16/17,Lesão na anca,2017-03-09,2017-03-30,22,2.0,27374,sidnei
16/17,Lesão muscular,2016-09-12,2016-10-12,31,3.0,27374,sidnei
15/16,Lesão muscular,2016-02-20,2016-04-02,43,5.0,27374,sidnei
09/10,Problemas musculares,2009-12-18,2010-01-02,16,1.0,27374,sidnei
23/24,lesão no braço,2023-08-31,2023-10-23,54,6,514297,reynaldo
21/22,Operação ao tendão de Aquiles,2022-06-21,2022-10-26,128,21,129119,sidimar
18/19,Fratura da clavícula,2018-10-07,2018-11-07,32,5,296903,artur
25/26,Lesão na coxa,2026-03-16,,10,2,607093,savio
25/26,Lesão na panturrilha,2026-01-23,2026-02-10,19,6,607093,savio
25/26,Operado ao joelho,2026-02-06,,48,11,730708,hugo
25/26,Problemas musculares na coxa,2025-07-14,2025-08-30,48,11,730708,hugo
24/25,Lesão na panturrilha,2024-10-16,2024-10-30,15,4,730708,hugo
21/22,Lesão no joelho,2022-04-30,2022-07-03,65,13,730708,hugo
21/22,Lesão muscular,2021-07-09,2021-07-30,22,5,730708,hugo
24/25,Entorse do tornozelo,2024-09-15,2024-11-05,52,5,350766,maguinho
25/26,Problemas na panturrilha,2025-10-06,2025-11-01,27,4,548846,dieguinho
22/23,Lesão na coluna,2023-06-05,2023-09-04,92,17,548846,dieguinho
22/23,Lesão muscular,2023-04-24,2023-06-11,49,13,739218,luan-dias
22/23,Pubalgia,2023-04-05,2023-07-01,88,20,546253,dada-belmonte
23/24,Lesão na panturrilha,2024-02-23,2024-04-20,58,11,68102,renan
23/24,Lesão na panturrilha,2024-01-26,2024-02-18,24,6,68102,renan
20/21,Rotura muscular,2020-09-13,2020-09-30,18,2,68102,renan
18/19,Rotura muscular,2018-08-16,2018-08-25,10,2,68102,renan
23/24,Lesão no joelho,2024-06-20,2025-02-21,247,41,607817,camutanga
23/24,Entorse no joelho,2024-04-14,2024-05-10,27,3,607817,camutanga
20/21,Quarentena,2020-11-03,2020-11-14,12,2,607817,camutanga
23/24,Lesão muscular,2024-06-27,2024-07-06,10,2,638269,rhaldney
22/23,Distensão da panturrilha,2023-04-30,2023-07-09,71,13,184604,dellatorre
17/18,Lesão no joelho,2017-08-02,2017-11-07,98,9,184604,dellatorre
16/17,Lesão no joelho,2017-05-19,2017-06-16,29,2,184604,dellatorre
24/25,Lesão no ombro,2024-12-02,2024-12-07,6,1,352324,agustin-rossi
21/22,Muskelbündelriss,2022-04-13,2022-05-02,20,5,352324,agustin-rossi
21/22,Quarentena,2021-07-22,2021-07-29,8,2,352324,agustin-rossi
25/26,Problemas musculares,2026-01-26,2026-02-14,20,4,435485,luiz-araujo
25/26,Fadiga muscular,2025-07-28,2025-08-08,12,2,435485,luiz-araujo
24/25,Lesão no joelho,2024-09-15,2024-12-03,80,16,435485,luiz-araujo
21/22,Lesão muscular,2022-02-28,2022-04-13,45,5,435485,luiz-araujo
20/21,Coronavírus,2020-12-31,2021-01-15,16,2,435485,luiz-araujo
25/26,Problemas musculares,2026-02-11,2026-03-01,19,4,1082602,wallace-yan
24/25,Fratura,2025-04-09,2025-05-16,38,10.0,303140,mauricio-lemos
23/24,Lesão na coxa,2024-06-23,2024-08-31,70,17.0,303140,mauricio-lemos
24/25,Lesão nas costas,2024-05-05,2024-05-16,12,2.0,303140,mauricio-lemos
23/24,Lesão na panturrilha,2024-02-06,2024-03-08,32,5.0,303140,mauricio-lemos
22/23,Lesão muscular,2023-06-22,2023-06-27,6,2.0,303140,mauricio-lemos
20/21,Rotura de ligamentos do tornozelo,2020-11-30,2020-12-28,29,5.0,303140,mauricio-lemos
19/20,Lesão desconhecida,2019-09-30,2019-10-16,17,4.0,303140,mauricio-lemos
19/20,Lesão muscular,2019-08-07,2019-08-28,22,2.0,303140,mauricio-lemos
18/19,Entorse do tornozelo,2019-05-22,2019-05-31,10,1.0,303140,mauricio-lemos
18/19,Lesão desconhecida,2018-12-27,2019-01-10,15,1.0,303140,mauricio-lemos
18/19,Lesão desconhecida,2018-08-09,2018-08-24,16,2.0,303140,mauricio-lemos
17/18,Lesão da parede abdominal,2017-11-27,2017-12-03,7,1.0,303140,mauricio-lemos
16/17,Entorse do tornozelo,2016-10-11,2016-10-15,5,,303140,mauricio-lemos
14/15,Apendicite,2015-02-01,2015-03-09,37,6.0,303140,mauricio-lemos
25/26,Operação ao tendão de Aquiles,2026-01-13,2026-06-30,169,13,89297,rodrigo-battaglia
25/26,Ruptura muscular,2025-10-22,2025-11-19,29,4,89297,rodrigo-battaglia
19/20,Lesão no joelho,2019-09-27,2019-12-03,68,11,89297,rodrigo-battaglia
18/19,Rotura dos ligamentos cruzados,2018-11-05,2019-08-24,293,42,89297,rodrigo-battaglia
18/19,Problemas musculares,2018-09-25,2018-10-06,12,2,89297,rodrigo-battaglia
16/17,Lesão muscular,2017-03-09,2017-03-26,18,2,89297,rodrigo-battaglia
24/25,Lesão do ligamento cruzado,2025-02-19,2025-11-30,285,44,1116366,paulo-vitor
23/24,Entorse dos ligamentos,2024-03-08,2024-06-16,101,19,1116366,paulo-vitor
25/26,Fratura do Metatarso,2025-09-22,2025-12-24,94,18,1083070,alisson
24/25,Lesão na coxa,2024-08-25,2024-10-15,52,11,1083070,alisson
23/24,Entorse do tornozelo,2024-06-23,2024-08-12,51,12,1083070,alisson
24/25,Rotura de ligamentos no joelho,2024-09-29,2025-09-05,342,67,1083073,cadu
25/26,Problemas físicos,2026-02-09,2026-02-14,6,1,195810,bastos
24/25,Lesão no joelho,2025-02-07,2026-01-20,348,63,195810,bastos
24/25,Lesão muscular,2024-11-27,2024-12-10,14,3,195810,bastos
20/21,Lesão na coxa,2020-10-04,2020-11-15,43,6,195810,bastos
19/20,Traumatismo no pé,2020-02-08,2020-02-11,4,1,195810,bastos
18/19,Lesão nos adutores,2019-02-14,2019-02-25,12,2,195810,bastos
17/18,Lesão na coxa,2017-09-20,2017-10-13,24,3,195810,bastos
16/17,Problemas no Joelho,2017-05-06,2017-05-09,4,1,195810,bastos
16/17,Problemas musculares na coxa,2017-03-18,2017-03-24,7,1,195810,bastos
16/17,Problemas musculares,2016-09-20,2016-11-04,46,7,195810,bastos
24/25,Lesão na coxa,2024-10-06,2024-10-27,22,3,385639,luis-segovia
23/24,Lesão no bíceps femoral,2023-12-09,2024-03-28,111,20,385639,luis-segovia
21/22,Fissura da banda,2020-12-06,2021-08-19,257,37,322843,leonel-di-placido
19/20,Lesão no joelho,2020-07-03,2020-08-01,30,4,682134,wallison
19/20,Lesão no joelho,2019-08-29,2019-10-22,55,6,682134,wallison
25/26,Problemas físicos,2026-02-05,2026-02-17,13,3.0,856047,mateo-ponte
22/23,Lesão muscular,2023-06-06,2023-06-10,5,2.0,856047,mateo-ponte
20/21,Coronavírus,2021-05-16,2021-05-31,16,,856047,mateo-ponte
25/26,Lesão na coxa,2026-02-13,2026-03-09,25,7.0,126422,allan
25/26,Problemas musculares,2025-07-17,2025-07-25,9,1.0,126422,allan
20/21,Lesão muscular,2020-12-17,2021-02-13,59,12.0,126422,allan
20/21,Lesão na virilha,2020-10-02,2020-10-16,15,3.0,126422,allan
19/20,Fadiga muscular,2020-06-27,2020-07-06,10,3.0,126422,allan
19/20,Fadiga muscular,2020-01-20,2020-02-02,14,2.0,126422,allan
19/20,Traumatismo grade costal,2019-11-28,2019-12-09,12,2.0,126422,allan
19/20,Problemas no Joelho,2019-11-08,2019-11-20,13,3.0,126422,allan
19/20,Lesão no joelho,2019-10-31,2019-11-04,5,1.0,126422,allan
19/20,Gripe,2019-09-21,2019-09-23,3,1.0,126422,allan
18/19,Reação de estresse do osso,2019-04-27,2019-05-02,6,1.0,126422,allan
18/19,Lesão no ombro,2018-12-21,2018-12-24,4,1.0,126422,allan
16/17,Fadiga muscular,2017-05-14,2017-05-20,7,,126422,allan
16/17,Problemas físicos,2017-02-20,2017-03-03,12,2.0,126422,allan
25/26,Lesão no ombro,2026-03-15,,11,2,811219,newton
25/26,Lesão muscular,2025-09-11,2025-10-11,31,8,576028,thiago-almada
23/24,Lesão na panturrilha,2024-05-17,2024-05-24,8,2,576028,thiago-almada
22/23,Problemas na panturrilha,2023-04-10,2023-04-20,11,1,576028,thiago-almada
25/26,Problemas no Joelho,2026-03-09,,17,4,800732,diego-hernandez
22/23,Lesão na mão,2023-05-13,2023-06-08,27,8,718307,matias-segovia
25/26,Lesão desconhecida,2025-10-19,2025-11-07,20,3,1083607,dudu
23/24,Tendinite,2024-06-17,2024-06-26,10,2,976561,janderson
25/26,Entorse do tornozelo,2026-03-15,,11,2,991800,luis-guilherme
25/26,Fratura da clavícula,2025-08-17,2025-09-12,27,3,991800,luis-guilherme
23/24,Problemas musculares na coxa,2023-08-16,2023-09-23,39,6,991800,luis-guilherme
25/26,Lesão na coxa,2026-02-20,2026-03-16,25,6,1056993,estevao
25/26,Doente,2026-01-15,2026-01-20,6,1,1056993,estevao
25/26,Lesão muscular,2025-12-14,2025-12-25,12,2,1056993,estevao
25/26,Doente,2025-09-12,2025-09-15,4,1,1056993,estevao
24/25,Lesão na coxa,2024-09-16,2024-10-04,19,2,1056993,estevao
24/25,Entorse do tornozelo,2024-07-17,2024-08-13,28,6,1056993,estevao
25/26,Problemas no Joelho,2025-08-31,2025-11-26,88,15,838386,leandro-mathias
25/26,Problemas musculares na coxa,2025-09-30,2025-10-04,5,1,503343,alan-franco
23/24,lesão na perna,2023-07-05,2023-07-20,16,3,503343,alan-franco
20/21,lesão na perna,2021-05-17,2021-05-25,9,1,503343,alan-franco
18/19,Fratura do Metatarso,2018-10-07,2018-12-25,80,8,503343,alan-franco
23/24,Lesão muscular,2024-05-09,2024-05-14,6,2,980825,matheus-belem
21/22,lesão na perna,2021-07-19,2021-09-20,64,16,330682,jhegson-mendez
23/24,Lesão na panturrilha,2024-05-09,2024-07-08,61,,980837,felipe-negrucci
24/25,Lesão desconhecida,2024-09-21,2025-01-25,127,17,1082804,vinicius
23/24,Lesão desconhecida,2024-02-11,2024-04-06,56,10,1082804,vinicius
23/24,Lesão desconhecida,2023-10-20,2023-11-07,19,4,1082804,vinicius
23/24,Lesão muscular,2024-04-15,2024-06-05,52,11.0,88103,james-rodriguez
22/23,Lesão desconhecida,2023-03-29,2023-04-03,6,1.0,88103,james-rodriguez
22/23,Lesão desconhecida,2023-02-16,2023-03-11,24,3.0,88103,james-rodriguez
22/23,Lesão desconhecida,2023-02-06,2023-02-11,6,1.0,88103,james-rodriguez
21/22,Recuperação ritmo competitivo,2022-04-14,2022-04-21,8,2.0,88103,james-rodriguez
21/22,Lesão muscular,2022-03-07,2022-04-13,38,5.0,88103,james-rodriguez
21/22,Ruptura muscular,2022-02-22,2022-08-31,191,15.0,88103,james-rodriguez
21/22,Quarentena,2021-08-12,2021-09-21,41,9.0,88103,james-rodriguez
20/21,Lesão na panturrilha,2021-05-01,2021-05-14,14,3.0,88103,james-rodriguez
20/21,Lesão na panturrilha,2021-02-22,2021-04-01,39,5.0,88103,james-rodriguez
20/21,Lesão na panturrilha,2021-02-07,2021-02-13,7,1.0,88103,james-rodriguez
20/21,Distensão da panturrilha,2020-12-06,2020-12-31,26,5.0,88103,james-rodriguez
20/21,Lesão na virilha,2020-10-26,2020-11-06,12,1.0,88103,james-rodriguez
20/21,Choque,2020-10-18,2020-10-24,7,,88103,james-rodriguez
20/21,Choque,2020-10-15,2020-10-16,2,,88103,james-rodriguez
19/20,Lesão na anca,2020-02-07,2020-02-17,11,2.0,88103,james-rodriguez
19/20,Lesão no ligamento interno,2019-11-15,2019-12-23,39,10.0,88103,james-rodriguez
19/20,Lesão desconhecida,2019-11-01,2019-11-11,11,3.0,88103,james-rodriguez
19/20,Lesão na panturrilha,2019-08-26,2019-09-13,19,3.0,88103,james-rodriguez
18/19,Problemas na panturrilha,2019-04-28,2019-05-19,22,3.0,88103,james-rodriguez
18/19,Queixas adutores,2019-04-18,2019-04-23,6,1.0,88103,james-rodriguez
18/19,Lesão dos ligamentos laterais do joelho,2018-11-13,2019-01-02,51,8.0,88103,james-rodriguez
18/19,Constipação,2018-10-28,2018-11-01,5,1.0,88103,james-rodriguez
18/19,Problemas na tibiotársica,2018-08-09,2018-08-22,14,2.0,88103,james-rodriguez
17/18,Lesão na panturrilha,2018-06-28,2018-07-31,34,1.0,88103,james-rodriguez
17/18,Recuperação ritmo competitivo,2018-03-08,2018-03-08,1,,88103,james-rodriguez
17/18,Problemas na panturrilha,2018-02-22,2018-03-12,19,3.0,88103,james-rodriguez
17/18,Gestão de esforço,2018-02-15,2018-02-19,5,1.0,88103,james-rodriguez
17/18,Traumatismo craniano,2017-11-27,2017-11-30,4,,88103,james-rodriguez
17/18,Problemas nas costas,2017-10-23,2017-10-26,4,1.0,88103,james-rodriguez
17/18,Lesão na coxa,2017-08-03,2017-08-28,26,4.0,88103,james-rodriguez
16/17,Lesão no pé,2017-05-15,2017-05-18,4,1.0,88103,james-rodriguez
16/17,Lesão na panturrilha,2017-01-09,2017-02-09,32,7.0,88103,james-rodriguez
16/17,Problemas musculares,2016-10-31,2016-11-07,8,1.0,88103,james-rodriguez
16/17,Lesão muscular,2016-10-03,2016-10-17,15,3.0,88103,james-rodriguez
15/16,Lesão no ombro,2016-06-06,2016-06-06,1,,88103,james-rodriguez
15/16,Muskelbündelriss,2015-09-10,2015-11-02,54,13.0,88103,james-rodriguez
14/15,Fratura do Metatarso,2015-02-05,2015-04-02,57,11.0,88103,james-rodriguez
14/15,Lesão na panturrilha,2014-12-08,2014-12-15,8,2.0,88103,james-rodriguez
13/14,Fibra muscular rasgado,2014-05-08,2014-05-30,23,2.0,88103,james-rodriguez
12/13,Muskelbündelriss,2013-01-07,2013-02-25,50,8.0,88103,james-rodriguez
11/12,Lesão no tornozelo,2011-12-19,2011-12-29,11,1.0,88103,james-rodriguez
25/26,Fratura na grelha costal,2026-03-19,,7,1.0,77100,lucas-moura
25/26,Problemas no Joelho,2025-11-19,2026-01-05,48,5.0,77100,lucas-moura
25/26,Lesão no joelho,2025-08-20,2025-09-24,36,5.0,77100,lucas-moura
24/25,Traumatismo no joelho,2025-05-07,2025-08-08,94,16.0,77100,lucas-moura
24/25,Problemas no Joelho,2025-03-11,2025-05-02,53,10.0,77100,lucas-moura
23/24,Lesão no tornozelo,2024-04-05,2024-05-16,42,10.0,77100,lucas-moura
23/24,Lesão na coxa,2024-01-31,2024-02-25,26,5.0,77100,lucas-moura
22/23,Lesão na panturrilha,2022-08-29,2022-10-10,43,10.0,77100,lucas-moura
21/22,Pancada na coxa,2022-02-24,2022-03-03,8,2.0,77100,lucas-moura
21/22,Lesão no tornozelo,2021-09-16,2021-09-23,8,2.0,77100,lucas-moura
19/20,Choque,2020-07-16,2020-07-20,5,,77100,lucas-moura
19/20,Choque,2019-12-23,2020-01-02,11,,77100,lucas-moura
18/19,Lesão no joelho,2019-01-03,2019-01-24,22,3.0,77100,lucas-moura
18/19,Choque,2018-08-09,2018-08-20,12,,77100,lucas-moura
17/18,Lesão no tornozelo,2017-08-21,2017-09-07,18,3.0,77100,lucas-moura
14/15,Problemas musculares na coxa,2015-02-16,2015-04-13,57,12.0,77100,lucas-moura
25/26,Lesão muscular,2025-09-09,2025-09-17,9,1,1004725,william-gomes
24/25,Rotura dos ligamentos cruzados,2025-04-14,2025-12-14,245,43,176140,rodrigo-ely
24/25,Lesão na coxa,2025-02-23,2025-03-15,21,3,176140,rodrigo-ely
24/25,Lesão no pé,2025-01-23,2025-01-31,9,2,176140,rodrigo-ely
24/25,Lesão no pé,2024-11-27,2025-01-21,56,4,176140,rodrigo-ely
24/25,Problemas musculares na coxa,2024-08-26,2024-10-08,44,6,176140,rodrigo-ely
24/25,Lesão muscular,2024-07-07,2024-07-13,7,2,176140,rodrigo-ely
23/24,Lesão na coxa,2023-09-25,2023-11-23,60,10,176140,rodrigo-ely
21/22,Problemas musculares,2021-11-01,2021-12-02,32,5,176140,rodrigo-ely
20/21,Rotura dos ligamentos cruzados,2020-12-21,2021-06-30,192,26,176140,rodrigo-ely
19/20,Lesão na coxa,2019-10-06,2019-11-21,47,5,176140,rodrigo-ely
18/19,Lesão muscular,2019-04-24,2019-05-11,18,2,176140,rodrigo-ely
18/19,Lesão no joelho,2018-10-30,2019-03-01,123,17,176140,rodrigo-ely
18/19,Rotura dos ligamentos cruzados,2018-08-10,2018-10-05,57,7,176140,rodrigo-ely
17/18,Problemas musculares,2017-12-05,2018-01-02,29,3,176140,rodrigo-ely
16/17,Problemas musculares,2017-05-08,2017-05-25,18,2,176140,rodrigo-ely
16/17,Lesão muscular,2017-01-31,2017-02-28,29,6,176140,rodrigo-ely
15/16,Distorção do tornozelo,2016-04-27,2016-05-28,32,4,176140,rodrigo-ely
15/16,Fratura do Metatarso,2016-01-11,2016-03-16,66,13,176140,rodrigo-ely
15/16,Lesão no ombro,2015-11-30,2015-12-04,5,1,176140,rodrigo-ely
24/25,Lesão muscular,2024-07-23,2024-08-24,33,5,147396,bruno-uvini
23/24,Lesão na coxa,2024-06-01,2024-07-06,36,8,147396,bruno-uvini
23/24,Lesão muscular,2024-03-06,2024-04-13,39,7,147396,bruno-uvini
15/16,Problemas físicos,2015-11-20,2015-11-26,7,1,147396,bruno-uvini
10/11,Fratura do perónio,2011-02-07,2011-04-30,83,20,147396,bruno-uvini
25/26,Lesão na coxa,2025-08-12,2025-11-22,103,17,978004,nata
25/26,Lesão muscular,2026-03-13,2026-03-21,9,2.0,874223,gustavo-martins
25/26,Lesão na coxa,2025-07-30,2025-09-12,45,5.0,874223,gustavo-martins
24/25,Lesão no joelho,2025-04-20,2025-05-24,35,9.0,874223,gustavo-martins
24/25,Problemas musculares na coxa,2024-10-05,2024-11-19,46,5.0,874223,gustavo-martins
24/25,Problemas musculares,2024-07-11,2024-07-30,20,5.0,874223,gustavo-martins
23/24,Lesão na virilha,2024-06-27,2024-07-06,10,2.0,874223,gustavo-martins
23/24,Lesão na coxa,2024-05-01,2024-05-31,31,,874223,gustavo-martins
25/26,Entorse do tornozelo,2025-08-04,2025-09-13,41,9,891353,cuiabano
24/25,Fadiga muscular,2025-05-19,2025-06-14,27,3,891353,cuiabano
24/25,Lesão na coxa,2024-09-04,2024-10-04,31,5,891353,cuiabano
24/25,Lesão no ombro,2024-08-22,2024-08-30,9,1,891353,cuiabano
23/24,Lesão muscular,2024-02-05,2024-04-13,69,12,891353,cuiabano
23/24,Lesão muscular,2024-01-13,2024-02-02,21,4,891353,cuiabano
24/25,Lesão na coxa,2024-09-10,2024-10-03,24,4,61891,fabio
24/25,Lesão nos adutores,2024-07-03,2024-07-13,11,3,61891,fabio
22/23,Problemas no Joelho,2023-06-05,2023-07-10,36,6,61891,fabio
22/23,Entorse do tornozelo,2023-05-06,2023-05-16,11,3,61891,fabio
21/22,Entorse do tornozelo,2022-02-14,2022-03-19,34,5,61891,fabio
19/20,Rotura do tendão rotuliano,2019-10-25,2020-07-01,251,21,61891,fabio
18/19,Ruptura muscular na coxa,2018-07-28,2018-09-14,49,4,61891,fabio
16/17,Traumatismo craniano,2017-04-02,2017-04-09,8,2,61891,fabio
12/13,Lesão na coxa,2012-09-15,2012-11-15,62,8,61891,fabio
11/12,Achillessehnenanriss,2011-11-30,2012-01-01,33,7,61891,fabio
08/09,Distensão muscular,2009-01-24,2009-02-05,13,1,61891,fabio
08/09,Lesão no ombro,2008-09-22,2008-12-20,90,21,61891,fabio
25/26,Rotura dos ligamentos cruzados,2025-09-01,,206,13,394930,felipe-carballo
24/25,Lesão da parede abdominal,2025-05-20,2025-06-12,24,4,394930,felipe-carballo
24/25,Apendicectomia,2024-12-03,2024-12-20,18,1,394930,felipe-carballo
24/25,Apendicite,2024-12-01,2024-12-02,2,1,394930,felipe-carballo
24/25,Lesão muscular,2024-07-05,2024-07-16,12,2,394930,felipe-carballo
23/24,Operação,2023-12-21,2024-04-26,128,22,394930,felipe-carballo
23/24,Lesão no joelho,2023-09-16,2023-09-28,13,2,394930,felipe-carballo
20/21,Lesão na cabeça,2021-05-14,2021-07-07,55,11,394930,felipe-carballo
20/21,Distensão muscular,2021-02-11,2021-02-14,4,1,394930,felipe-carballo
20/21,Contra,2020-10-16,2020-10-20,5,1,394930,felipe-carballo
18/19,Problemas físicos,2019-05-20,2019-05-28,9,1,394930,felipe-carballo
17/18,Lesão no tornozelo,2018-03-01,2018-06-01,93,13,394930,felipe-carballo
17/18,Lesão no tornozelo,2017-09-17,2017-10-17,31,5,394930,felipe-carballo
16/17,Lesão no tornozelo,2017-04-16,2017-05-10,25,5,394930,felipe-carballo
25/26,Problemas musculares,2025-07-20,2025-07-28,9,2,332259,franco-cristaldo
24/25,Lesão muscular,2024-07-12,2024-07-27,16,3,332259,franco-cristaldo
23/24,Lesão nos adutores,2023-07-26,2023-08-14,20,3,332259,franco-cristaldo
15/16,Lesão muscular,2016-03-22,2016-04-04,14,2,332259,franco-cristaldo
24/25,Distensão muscular,2024-10-01,2024-10-11,11,1,829381,lucas-besozzi
25/26,Lesão na coxa,2025-07-28,2025-10-06,71,9,1086375,gustavo-nunes
24/25,Recuperação ritmo competitivo,2025-03-19,2025-04-09,22,2,1086375,gustavo-nunes
24/25,Lesão nas costas,2024-08-28,2025-03-19,204,32,1086375,gustavo-nunes
25/26,Lesão desconhecida,2025-09-25,2025-12-05,72,6,997467,kauan-kelvin
25/26,Fratura do antebraço,2025-08-31,2025-12-03,95,17,1083600,nathan-fernandes
24/25,Problemas musculares na coxa,2025-02-08,2025-05-02,84,16,1083600,nathan-fernandes
24/25,Pancada na coxa,2024-09-14,2024-09-27,14,3,1083600,nathan-fernandes
23/24,Entorse do tornozelo,2024-02-07,2024-02-24,18,3,1083600,nathan-fernandes
24/25,Lesão na virilha,2024-10-14,2024-11-30,48,7,81455,juan-iturbe
17/18,Rotura dos ligamentos cruzados,2018-01-20,2018-08-05,198,28,81455,juan-iturbe
16/17,Lesão no joelho,2017-04-13,2017-04-27,15,2,81455,juan-iturbe
14/15,Lesão no joelho,2015-01-31,2015-02-25,26,5,81455,juan-iturbe
14/15,Lesão desconhecida,2014-10-05,2014-10-21,17,3,81455,juan-iturbe
11/12,Fratura cubital,2011-10-16,2011-12-08,54,11,81455,juan-iturbe
22/23,Síndrome gripal,2023-04-05,2023-04-07,3,1,129129,joao-pedro
22/23,Recuperação ritmo competitivo,2023-02-14,2023-02-26,13,1,129129,joao-pedro
22/23,Edema no joelho,2022-11-30,2023-02-14,77,10,129129,joao-pedro
22/23,Lesão no tornozelo,2022-11-30,2023-02-14,77,10,129129,joao-pedro
22/23,Ruptura muscular na coxa,2022-07-24,2022-08-19,27,6,129129,joao-pedro
19/20,Problemas musculares na coxa,2020-07-30,2020-08-09,11,1,129129,joao-pedro
16/17,Fratura do perónio,2016-10-01,2016-12-16,77,11,129129,joao-pedro
16/17,Lesão na coxa,2016-08-01,2016-09-15,46,4,129129,joao-pedro
25/26,Lesão no pé,2026-02-28,2026-03-05,6,1.0,44352,luis-suarez
23/24,Gestão de esforço,2024-05-24,2024-05-27,4,1.0,44352,luis-suarez
22/23,Gestão de esforço,2022-09-07,2022-09-09,3,1.0,44352,luis-suarez
22/23,Recuperação ritmo competitivo,2022-07-27,2022-08-01,6,2.0,44352,luis-suarez
21/22,Lesão muscular,2021-12-08,2021-12-10,3,,44352,luis-suarez
21/22,Problemas no Joelho,2021-08-30,2021-09-11,13,3.0,44352,luis-suarez
20/21,Lesão muscular,2021-04-07,2021-04-23,17,3.0,44352,luis-suarez
20/21,Coronavírus,2020-11-18,2020-12-04,17,4.0,44352,luis-suarez
20/21,Problemas físicos,2020-10-30,2020-11-02,4,1.0,44352,luis-suarez
19/20,Operado ao joelho,2020-01-10,2020-06-07,150,12.0,44352,luis-suarez
19/20,Entorse do tornozelo,2019-11-03,2019-11-08,6,1.0,44352,luis-suarez
19/20,Lesão na panturrilha,2019-08-17,2019-09-12,27,4.0,44352,luis-suarez
18/19,Lesão meniscal,2019-05-08,2019-06-03,27,3.0,44352,luis-suarez
18/19,Problemas no Joelho,2019-05-02,2019-05-06,5,1.0,44352,luis-suarez
18/19,Entorse do tornozelo,2019-03-18,2019-03-29,12,2.0,44352,luis-suarez
18/19,Problemas no Joelho,2018-12-09,2018-12-13,5,1.0,44352,luis-suarez
18/19,Problemas no Joelho,2018-11-25,2018-12-06,12,3.0,44352,luis-suarez
18/19,Gestão de esforço,2018-10-30,2018-11-01,3,1.0,44352,luis-suarez
18/19,Problemas no Joelho,2018-10-08,2018-10-16,9,1.0,44352,luis-suarez
17/18,Problemas no Joelho,2017-11-06,2017-11-16,11,2.0,44352,luis-suarez
17/18,Problemas no Joelho,2017-08-17,2017-08-28,12,2.0,44352,luis-suarez
16/17,Lesão na coxa,2017-05-25,2017-06-08,15,3.0,44352,luis-suarez
15/16,Muskelbündelriss,2016-05-23,2016-06-30,39,4.0,44352,luis-suarez
14/15,Problemas musculares na coxa,2015-05-14,2015-05-25,12,2.0,44352,luis-suarez
13/14,Lesão meniscal,2014-05-21,2014-06-17,28,2.0,44352,luis-suarez
25/26,Lesão na coxa,2025-08-18,2025-08-22,5,,1024605,andre-henrique
25/26,Lesão na coxa,2025-07-24,2025-08-16,24,4.0,1024605,andre-henrique
23/24,Lesão no tornozelo,2024-03-29,2025-01-21,299,52.0,1024605,andre-henrique
25/26,Lesão nas costas,2025-09-13,2025-09-29,17,4,1005649,murillo
24/25,Queixas adutores,2024-12-28,2025-01-05,9,1,1005649,murillo
19/20,Lesão no joelho,2019-10-15,2021-06-25,620,3,1005650,tchoca
25/26,Problemas no Joelho,2025-11-21,2025-11-29,9,1,670021,matheus-bidu
24/25,Lesão na coxa,2024-09-15,2024-09-20,6,1,670021,matheus-bidu
24/25,Lesão na coxa,2025-02-26,2025-04-09,43,6,1086636,gabriel-moscardo
24/25,Lesão na anca,2024-09-13,2024-10-14,32,4,1086636,gabriel-moscardo
23/24,Operação ao pé,2023-12-31,2024-03-31,92,14,1086636,gabriel-moscardo
25/26,Vírus intestinal,2025-07-14,2025-07-22,9,2,1005642,ryan
24/25,Lesão no pé,2024-09-30,2024-12-07,69,12,1005642,ryan
24/25,Muskelbündelriss,2025-05-13,2025-06-03,22,3,417327,matias-rojas
24/25,Angina,2025-05-02,2025-05-06,5,1,417327,matias-rojas
24/25,Problemas musculares,2025-03-06,2025-03-26,21,3,417327,matias-rojas
24/25,Rotura muscular na coxa,2025-02-10,2025-02-20,11,2,417327,matias-rojas
24/25,Lesão no tornozelo,2024-10-06,2024-10-23,18,1,417327,matias-rojas
24/25,Lesão no tornozelo,2024-08-27,2024-09-25,30,4,417327,matias-rojas
23/24,Entorse do tornozelo,2023-07-22,2023-08-10,20,5,417327,matias-rojas
22/23,Lesão tornozelo,2023-04-30,2023-05-31,32,5,417327,matias-rojas
22/23,Problemas na tibiotársica,2023-04-19,2023-04-27,9,2,417327,matias-rojas
22/23,Distensão muscular,2023-02-28,2023-03-09,10,1,417327,matias-rojas
22/23,Lesão muscular,2023-01-11,2023-01-25,15,1,417327,matias-rojas
22/23,Pubalgia,2022-08-24,2022-09-22,30,6,417327,matias-rojas
21/22,Problemas musculares na coxa,2022-06-22,2022-07-19,28,4,417327,matias-rojas
21/22,Muskelbündelriss,2022-05-15,2022-06-06,23,4,417327,matias-rojas
21/22,Rotura muscular na coxa,2022-02-21,2022-03-18,26,4,417327,matias-rojas
21/22,Rompimento dos adutores,2021-11-18,2021-12-07,20,4,417327,matias-rojas
21/22,Muskelbündelriss,2021-09-23,2021-10-12,20,5,417327,matias-rojas
21/22,Rotura muscular na coxa,2021-07-22,2021-08-04,14,3,417327,matias-rojas
20/21,Coronavírus,2021-04-27,2021-05-06,10,3,417327,matias-rojas
20/21,Muskelbündelriss,2020-09-18,2020-10-14,27,4,417327,matias-rojas
18/19,Distensão muscular,2018-12-04,2018-12-11,8,1,417327,matias-rojas
18/19,Problemas na tibiotársica,2018-08-02,2018-08-21,20,3,417327,matias-rojas
17/18,Lesão meniscal,2018-04-18,2018-06-30,74,4,417327,matias-rojas
17/18,Muskelbündelriss,2018-01-25,2018-03-09,44,9,417327,matias-rojas
17/18,Muskelbündelriss,2017-09-11,2017-09-23,13,3,417327,matias-rojas
24/25,Lesão desconhecida,2024-08-18,2024-08-23,6,,1004741,pedro
25/26,Lesão nos adutores,2025-07-27,2025-09-13,49,5,410183,joao-basso
21/22,Lesão desconhecida,2022-02-18,2022-02-23,6,1,112062,junior-caicara
21/22,Lesão desconhecida,2021-12-02,2021-12-14,13,2,112062,junior-caicara
21/22,Distensão dos adutores,2021-10-30,2021-11-11,13,2,112062,junior-caicara
20/21,Recuperação ritmo competitivo,2021-02-22,2021-05-04,72,13,112062,junior-caicara
20/21,Rotura do tendão de Aquiles,2020-10-20,2021-02-22,126,29,112062,junior-caicara
19/20,Lesão desconhecida,2019-11-25,2019-12-05,11,3,112062,junior-caicara
16/17,Lesão desconhecida,2017-05-21,2017-06-04,15,3,112062,junior-caicara
16/17,Lesão desconhecida,2017-05-13,2017-05-18,6,1,112062,junior-caicara
16/17,Lesão desconhecida,2017-05-03,2017-05-11,9,1,112062,junior-caicara
25/26,Problemas na panturrilha,2025-10-14,2025-10-31,18,3.0,75942,tomas-rincon
20/21,Coronavírus,2021-06-10,2021-07-14,35,4.0,75942,tomas-rincon
19/20,Febre,2020-01-11,2020-01-14,4,1.0,75942,tomas-rincon
19/20,Problemas musculares,2019-10-30,2019-11-01,3,1.0,75942,tomas-rincon
15/16,Problemas físicos,2016-06-20,2016-08-21,63,,75942,tomas-rincon
15/16,Edema no joelho,2016-04-14,2016-04-21,8,2.0,75942,tomas-rincon
14/15,Lesão na coxa,2014-10-20,2014-12-01,43,8.0,75942,tomas-rincon
13/14,Fratura maxilar,2013-09-23,2013-10-21,29,5.0,75942,tomas-rincon
12/13,Periostite,2012-07-19,2012-09-24,68,8.0,75942,tomas-rincon
23/24,Lesão muscular,2023-10-13,2023-11-27,46,9.0,338962,alfredo-morelos
21/22,Problemas musculares na coxa,2022-03-28,2022-06-20,85,14.0,338962,alfredo-morelos
20/21,Coronavírus,2021-05-27,2021-06-10,15,2.0,338962,alfredo-morelos
20/21,Choque,2020-09-14,2020-09-14,1,,338962,alfredo-morelos
19/20,Lesão na panturrilha,2020-01-20,2020-01-27,8,2.0,338962,alfredo-morelos
17/18,Lesão na anca,2017-11-27,2017-11-30,4,1.0,338962,alfredo-morelos
23/24,Lesão na coxa,2024-05-07,2024-06-13,38,6,149393,julio-furch
22/23,Operação no nariz,2022-06-28,2022-07-12,15,2,149393,julio-furch
20/21,Operação ao tornozelo,2021-01-06,2021-04-04,89,13,149393,julio-furch
25/26,Ruptura muscular do músculo do perônio,2026-03-18,2026-03-31,14,,365827,maximiliano-silvera
24/25,Gestão de esforço,2025-03-01,2025-03-29,29,,365827,maximiliano-silvera
23/24,Lesão desconhecida,2024-06-09,2024-07-01,23,2.0,365827,maximiliano-silvera
19/20,Braço fraturado,2019-08-22,2019-09-12,22,4,54044,bruno-mezenga
15/16,Lesão desconhecida,2016-04-17,2016-04-24,8,1,54044,bruno-mezenga
15/16,Lesão desconhecida,2016-01-25,2016-01-29,5,1,54044,bruno-mezenga
15/16,Lesão desconhecida,2015-08-24,2015-09-19,27,3,54044,bruno-mezenga
15/16,Lesão desconhecida,2015-08-15,2015-08-20,6,1,54044,bruno-mezenga
25/26,Lesão desconhecida,2025-11-30,2026-02-02,65,5,273236,marlon
24/25,Lesão desconhecida,2025-03-09,2025-03-31,23,4,273236,marlon
22/23,Problemas no Joelho,2023-03-11,2023-03-31,21,2,273236,marlon
22/23,Problemas no Joelho,2022-09-19,2022-10-08,20,1,273236,marlon
22/23,Lesão desconhecida,2022-08-26,2022-08-29,4,1,273236,marlon
20/21,Quarentena,2021-01-01,2021-01-04,4,1,273236,marlon
19/20,Problemas nas costas,2020-06-27,2020-06-30,4,1,273236,marlon
19/20,Lesão no bíceps femoral,2019-12-23,2020-01-25,34,3,273236,marlon
19/20,Lesão desconhecida,2019-09-21,2019-09-24,4,1,273236,marlon
18/19,lesão na perna,2019-03-31,2019-04-28,29,4,273236,marlon
18/19,Lesão desconhecida,2019-01-06,2019-03-14,68,9,273236,marlon
16/17,Problemas musculares,2016-12-05,2016-12-17,13,1,273236,marlon
24/25,Lesão muscular,2024-08-08,2024-08-31,24,5.0,44501,marcelo
24/25,Problemas musculares na coxa,2024-07-25,2024-07-31,7,1.0,44501,marcelo
24/25,Problemas musculares na coxa,2024-07-01,2024-07-23,23,4.0,44501,marcelo
23/24,Lesão na panturrilha,2024-06-18,2024-06-24,7,2.0,44501,marcelo
22/23,Lesão desconhecida,2023-02-01,2023-03-22,50,9.0,44501,marcelo
22/23,Lesão desconhecida,2023-01-18,2023-01-26,9,3.0,44501,marcelo
22/23,Contra,2022-10-16,2022-10-24,9,2.0,44501,marcelo
21/22,Problemas na panturrilha,2022-05-07,2022-05-20,14,3.0,44501,marcelo
21/22,Problemas físicos,2022-04-13,2022-04-25,13,2.0,44501,marcelo
21/22,Coronavírus,2021-12-15,2021-12-24,10,2.0,44501,marcelo
21/22,Lesão muscular,2021-09-13,2021-10-18,36,6.0,44501,marcelo
21/22,Lesão muscular,2021-08-13,2021-08-31,19,3.0,44501,marcelo
20/21,Problemas físicos,2021-05-12,2021-05-14,3,1.0,44501,marcelo
20/21,Problemas musculares,2021-03-12,2021-03-15,4,1.0,44501,marcelo
20/21,Lesão muscular,2021-02-10,2021-02-27,18,3.0,44501,marcelo
20/21,Problemas nas costas,2020-09-26,2020-09-28,3,1.0,44501,marcelo
19/20,Lesão nos adutores,2020-07-09,2020-08-03,26,4.0,44501,marcelo
19/20,Lesão muscular,2020-03-09,2020-04-05,28,,44501,marcelo
19/20,Lesão na panturrilha,2019-12-05,2020-01-06,33,6.0,44501,marcelo
19/20,Problemas físicos,2019-11-07,2019-11-20,14,1.0,44501,marcelo
19/20,Rotura muscular,2019-10-04,2019-10-10,7,1.0,44501,marcelo
19/20,Lesão no pescoço,2019-09-16,2019-09-29,14,4.0,44501,marcelo
18/19,Distensão muscular,2018-11-30,2018-12-11,12,3.0,44501,marcelo
18/19,Muskelbündelriss,2018-10-29,2018-11-22,25,4.0,44501,marcelo
18/19,Lesão muscular,2018-09-27,2018-10-17,21,3.0,44501,marcelo
17/18,Lumbago,2018-06-28,2018-07-02,5,,44501,marcelo
17/18,Lesão muscular,2018-02-19,2018-03-01,11,3.0,44501,marcelo
17/18,Lesão muscular,2017-09-21,2017-10-12,22,5.0,44501,marcelo
16/17,Problemas musculares,2017-01-23,2017-02-09,18,3.0,44501,marcelo
16/17,Síndrome gripal,2016-10-31,2016-11-03,4,1.0,44501,marcelo
16/17,Lesão muscular,2016-09-22,2016-10-13,22,5.0,44501,marcelo
15/16,Lesão no ombro,2016-02-08,2016-02-15,8,1.0,44501,marcelo
15/16,Pequena lesão,2015-11-23,2015-12-03,11,3.0,44501,marcelo
15/16,Pequena lesão,2015-11-05,2015-11-16,12,2.0,44501,marcelo
14/15,Problemas nas costas,2015-01-10,2015-01-10,1,,44501,marcelo
13/14,Fibra muscular rasgado,2014-03-31,2014-04-17,18,5.0,44501,marcelo
13/14,Lesão na coxa,2013-09-09,2013-09-30,22,6.0,44501,marcelo
12/13,Lesão na coxa,2013-04-22,2013-05-16,25,7.0,44501,marcelo
12/13,Fratura do Metatarso,2012-10-15,2013-01-07,85,21.0,44501,marcelo
11/12,Lesão muscular,2011-10-31,2011-11-14,15,3.0,44501,marcelo
07/08,Problemas musculares,2008-02-18,2008-02-21,4,1.0,44501,marcelo
25/26,Choque,2025-08-14,2025-08-19,6,1.0,375610,leonardo-fernandez
22/23,Lesão na virilha,2023-03-10,2023-03-20,11,2.0,375610,leonardo-fernandez
21/22,Lesão desconhecida,2022-03-06,2022-03-10,5,,375610,leonardo-fernandez
21/22,Lesão muscular,2021-08-22,2021-09-27,37,4.0,375610,leonardo-fernandez
20/21,Problemas musculares,2020-11-28,2020-12-12,15,1.0,375610,leonardo-fernandez
17/18,Lesão no ombro,2018-06-01,2018-06-04,4,1.0,375610,leonardo-fernandez
20/21,Lesão no tornozelo,2021-01-19,2021-03-07,48,6,573131,giovanni
25/26,Entorse no joelho,2026-03-02,,24,5,1124296,matheus-reis
25/26,Estiramento do ligamento colateral interno do joelho,2025-08-17,,221,35,1084667,isaac
24/25,Entorse no joelho,2025-05-25,2025-07-26,63,9,1084667,isaac
24/25,Lesão na coxa,2024-07-22,2024-08-09,19,5,1084667,isaac
23/24,Lesão na coxa,2024-06-18,2024-07-20,33,7,1084667,isaac
23/24,Lesão do ligamento cruzado,2024-04-11,2025-01-28,293,55,972864,lele
25/26,Traumatismo no pé,2025-09-22,2025-11-23,63,11,264014,sergio-rochet
24/25,Fratura da mão,2025-03-30,2025-07-11,104,21,264014,sergio-rochet
24/25,Lesão no joelho,2025-01-13,2025-03-07,54,10,264014,sergio-rochet
23/24,Traumatismo grade costal,2024-01-16,2024-03-21,66,15,264014,sergio-rochet
21/22,Coronavírus,2022-05-16,2022-05-20,5,1,264014,sergio-rochet
21/22,Infeção no tornozelo,2022-04-08,2022-04-12,5,1,264014,sergio-rochet
21/22,Lesão na mão,2021-10-23,2022-01-10,80,8,264014,sergio-rochet
18/19,Lesão desconhecida,2019-02-12,2019-02-18,7,1,264014,sergio-rochet
18/19,Lesão desconhecida,2018-11-01,2018-11-06,6,1,264014,sergio-rochet
15/16,Lesão no cotovelo,2015-09-25,2015-10-01,7,1,264014,sergio-rochet
24/25,Lesão na panturrilha,2025-03-23,2025-05-02,41,8,312862,dalbert
22/23,Lesão do ligamento cruzado,2022-07-14,2023-04-01,262,38,312862,dalbert
21/22,Distorção do tornozelo,2022-05-16,2022-05-31,16,1,312862,dalbert
21/22,Lesão no joelho,2021-10-17,2021-11-19,34,4,312862,dalbert
21/22,Problemas musculares na coxa,2021-09-26,2021-10-13,18,2,312862,dalbert
18/19,lesão na perna,2018-11-22,2018-12-17,26,6,312862,dalbert
23/24,Problema neurológico,2024-03-28,2024-07-15,110,16.0,102740,mario-fernandes
23/24,Entorse da banda lateral,2023-09-30,2023-11-22,54,7.0,102740,mario-fernandes
23/24,Problemas musculares,2023-09-03,2023-09-19,17,1.0,102740,mario-fernandes
22/23,Problemas musculares na coxa,2023-03-13,2023-03-27,15,2.0,102740,mario-fernandes
21/22,Lesão no nariz,2022-03-05,2022-03-10,6,,102740,mario-fernandes
21/22,Traumatismo no joelho,2021-09-01,2021-09-15,15,1.0,102740,mario-fernandes
21/22,Contusão nas costas,2021-08-14,2021-08-17,4,,102740,mario-fernandes
20/21,Contusão nas costas,2021-06-16,2021-06-19,4,,102740,mario-fernandes
20/21,Lesão na virilha,2021-05-16,2021-06-04,20,1.0,102740,mario-fernandes
20/21,Lesão na anca,2021-04-17,2021-05-06,20,3.0,102740,mario-fernandes
20/21,ferimento facial,2021-03-13,2021-03-16,4,,102740,mario-fernandes
20/21,Lesão na anca,2020-11-05,2020-12-05,31,8.0,102740,mario-fernandes
20/21,Coronavírus,2020-10-09,2020-10-24,16,4.0,102740,mario-fernandes
18/19,Traumatismo craniano,2018-11-07,2018-11-22,16,3.0,102740,mario-fernandes
17/18,Lesão na coxa,2018-03-05,2018-04-12,39,8.0,102740,mario-fernandes
17/18,Lesão desconhecida,2017-11-12,2017-11-20,9,2.0,102740,mario-fernandes
16/17,Fratura do nariz,2017-05-22,2017-06-30,40,,102740,mario-fernandes
15/16,Traumatismo craniano,2016-04-25,2016-05-02,8,1.0,102740,mario-fernandes
15/16,Außenbandanriss Sprunggelenk,2015-08-27,2015-09-10,15,1.0,102740,mario-fernandes
14/15,Fratura do nariz,2015-03-16,2015-03-23,8,1.0,102740,mario-fernandes
14/15,Lesão no cotovelo,2014-10-20,2014-10-20,1,,102740,mario-fernandes
14/15,Pequena lesão,2014-09-29,2014-09-29,1,,102740,mario-fernandes
13/14,Problemas no Joelho,2013-11-28,2013-12-12,15,3.0,102740,mario-fernandes
12/13,Lesão no joelho,2013-05-20,2013-11-18,183,24.0,102740,mario-fernandes
10/11,Lesão no ombro,2010-05-17,2010-11-29,197,37.0,102740,mario-fernandes
24/25,Lesão no pé,2025-02-27,2025-03-07,9,1.0,119905,hugo-mallo
24/25,Lesão na panturrilha,2025-01-10,2025-02-07,29,4.0,119905,hugo-mallo
24/25,Lesão desconhecida,2024-12-20,2024-12-30,11,1.0,119905,hugo-mallo
24/25,Traumatismo craniano,2024-09-23,2024-09-30,8,2.0,119905,hugo-mallo
23/24,Problemas musculares na coxa,2024-02-27,2024-03-10,13,3.0,119905,hugo-mallo
23/24,Problemas musculares na coxa,2024-02-02,2024-02-17,16,4.0,119905,hugo-mallo
23/24,Lesão na coxa,2023-10-20,2023-12-07,49,10.0,119905,hugo-mallo
22/23,Problemas musculares,2022-10-24,2022-12-12,50,4.0,119905,hugo-mallo
21/22,Lesão no joelho,2022-03-21,2022-06-06,78,9.0,119905,hugo-mallo
20/21,Lesão muscular,2020-10-08,2020-11-05,29,3.0,119905,hugo-mallo
19/20,Lesão no pé,2020-06-14,2020-06-24,11,2.0,119905,hugo-mallo
19/20,Pubalgia,2020-01-17,2020-01-24,8,2.0,119905,hugo-mallo
19/20,Lesão nos adutores,2019-12-22,2020-01-04,14,,119905,hugo-mallo
19/20,Lesão na coxa,2019-07-19,2019-08-19,32,1.0,119905,hugo-mallo
18/19,Lesão na coxa,2018-09-20,2018-09-25,6,1.0,119905,hugo-mallo
17/18,Lesão num dedo do pé,2018-02-01,2018-02-10,10,1.0,119905,hugo-mallo
17/18,Lesão na coxa,2017-09-30,2017-10-20,21,1.0,119905,hugo-mallo
16/17,Rotura muscular na coxa,2017-03-29,2017-04-05,8,1.0,119905,hugo-mallo
16/17,Queixas adutores,2017-02-17,2017-02-22,6,1.0,119905,hugo-mallo
15/16,Lesão nos adutores,2016-04-13,2016-04-25,13,2.0,119905,hugo-mallo
14/15,Fissura da banda lateral do joelho,2015-01-11,2015-03-01,50,7.0,119905,hugo-mallo
13/14,Lesão no ombro,2014-04-28,2014-05-31,34,3.0,119905,hugo-mallo
12/13,Lesão do ligamento cruzado,2013-01-09,2013-07-09,182,20.0,119905,hugo-mallo
10/11,Pubalgia,2011-03-10,2011-03-30,21,3.0,119905,hugo-mallo
10/11,Fibra muscular rasgado,2010-11-29,2010-12-30,32,3.0,119905,hugo-mallo
25/26,Ruptura muscular,2026-03-10,2026-04-22,44,1.0,89701,charles-aranguiz
25/26,Entorse do tornozelo,2025-07-25,2025-08-07,14,2.0,89701,charles-aranguiz
24/25,Problemas no tendão de Aquiles,2025-06-16,2025-06-30,15,1.0,89701,charles-aranguiz
24/25,Problemas no tendão de Aquiles,2025-06-01,2025-06-10,10,1.0,89701,charles-aranguiz
24/25,Problemas musculares na coxa,2025-05-03,2025-05-11,9,2.0,89701,charles-aranguiz
24/25,Problemas na tibiotársica,2025-02-06,2025-02-11,6,2.0,89701,charles-aranguiz
24/25,Lesão no tornozelo,2024-07-01,2024-08-05,36,9.0,89701,charles-aranguiz
23/24,Entorse do tornozelo,2024-03-29,2024-05-28,61,7.0,89701,charles-aranguiz
22/23,Queixas adutores,2023-06-09,2023-06-26,18,6.0,89701,charles-aranguiz
22/23,Recuperação ritmo competitivo,2023-05-13,2023-06-05,24,7.0,89701,charles-aranguiz
22/23,Lesão na panturrilha,2022-10-20,2023-05-12,205,35.0,89701,charles-aranguiz
22/23,Problemas musculares,2022-08-22,2022-08-25,4,,89701,charles-aranguiz
21/22,Lesão muscular,2021-12-23,2022-01-24,33,2.0,89701,charles-aranguiz
21/22,Lesão na panturrilha,2021-10-14,2021-11-29,47,12.0,89701,charles-aranguiz
20/21,Lesão muscular,2020-10-15,2021-01-11,89,19.0,89701,charles-aranguiz
19/20,Doente,2020-02-20,2020-03-02,12,2.0,89701,charles-aranguiz
19/20,Ruptura muscular,2020-01-02,2020-02-13,43,5.0,89701,charles-aranguiz
19/20,Haarriss im Fuß,2019-10-03,2019-10-31,29,6.0,89701,charles-aranguiz
18/19,Lesão no joelho,2018-09-10,2018-11-05,57,14.0,89701,charles-aranguiz
18/19,Lesão no joelho,2018-07-02,2018-08-23,53,1.0,89701,charles-aranguiz
17/18,Problemas na panturrilha,2018-03-15,2018-03-15,1,,89701,charles-aranguiz
17/18,Gestão de esforço,2018-03-05,2018-03-05,1,,89701,charles-aranguiz
17/18,Problemas no Joelho,2018-02-08,2018-02-08,1,,89701,charles-aranguiz
17/18,Ruptura muscular,2017-11-30,2017-12-18,19,3.0,89701,charles-aranguiz
17/18,Ruptura muscular,2017-09-28,2017-10-19,22,2.0,89701,charles-aranguiz
16/17,Traumatismo,2017-01-23,2017-01-26,4,,89701,charles-aranguiz
16/17,Traumatismo tibioperoneal,2016-08-29,2016-09-01,4,,89701,charles-aranguiz
15/16,Recuperação ritmo competitivo,2016-03-07,2016-03-31,25,6.0,89701,charles-aranguiz
15/16,Rotura do tendão de Aquiles,2015-08-20,2016-03-07,201,41.0,89701,charles-aranguiz
14/15,Problemas no Joelho,2014-07-21,2014-08-07,18,3.0,89701,charles-aranguiz
13/14,Entorse na tibiotársica,2013-11-14,2013-12-21,38,6.0,89701,charles-aranguiz
24/25,Lesão na coxa,2025-05-09,2025-06-08,31,8.0,139503,enner-valencia
24/25,Problema nos flexores do quadril,2024-07-14,2024-07-22,9,2.0,139503,enner-valencia
23/24,Lesão no pé,2024-04-01,2024-05-28,58,7.0,139503,enner-valencia
23/24,Traumatismo no pé,2024-02-26,2024-03-08,12,2.0,139503,enner-valencia
22/23,Lesão na cabeça,2023-04-29,2023-05-06,8,1.0,139503,enner-valencia
22/23,Lesão meniscal,2023-03-19,2023-03-29,11,2.0,139503,enner-valencia
22/23,Problemas no Joelho,2022-12-26,2023-01-04,10,2.0,139503,enner-valencia
22/23,Lesão no joelho,2022-11-29,2022-12-16,18,,139503,enner-valencia
21/22,Lesão no pé,2022-02-28,2022-03-14,15,2.0,139503,enner-valencia
21/22,Doente,2022-01-14,2022-01-16,3,1.0,139503,enner-valencia
21/22,Recuperação ritmo competitivo,2021-12-06,2021-12-15,10,2.0,139503,enner-valencia
21/22,Lesão tornozelo,2021-10-30,2021-12-06,38,9.0,139503,enner-valencia
21/22,Lesão desconhecida,2021-08-12,2021-08-21,10,2.0,139503,enner-valencia
20/21,Fissura parcial muscular,2020-12-07,2020-12-28,22,4.0,139503,enner-valencia
20/21,Coronavírus,2020-11-14,2020-11-30,17,4.0,139503,enner-valencia
20/21,Febre,2020-11-11,2020-11-14,4,1.0,139503,enner-valencia
15/16,Lesão tornozelo,2016-02-14,2016-03-10,26,4.0,139503,enner-valencia
15/16,Lesão tornozelo,2015-11-09,2015-12-10,32,5.0,139503,enner-valencia
15/16,Lesão na panturrilha,2015-07-31,2015-10-16,78,13.0,139503,enner-valencia
14/15,Lesão num dedo do pé,2015-03-11,2015-04-10,31,5.0,139503,enner-valencia
14/15,Lesão no joelho,2014-11-21,2014-12-05,15,2.0,139503,enner-valencia
25/26,Amigdalite,2025-09-21,2025-10-04,14,2,982549,lucca
24/25,Problemas musculares,2024-08-12,2024-11-20,101,16,982549,lucca
24/25,Problemas musculares,2024-07-21,2024-08-03,14,2,982549,lucca
23/24,Lesão na coxa,2024-06-23,2024-07-15,23,6,982549,lucca
23/24,Problemas musculares na coxa,2024-06-14,2024-06-22,9,2,982549,lucca
23/24,Problemas musculares,2024-05-27,2024-06-04,9,2,982549,lucca
22/23,Lesão dos ligamentos laterais do joelho,2023-04-30,2023-11-20,205,36,355496,lucas-cunha
18/19,Rotura de ligamentos no joelho,2018-12-06,2019-06-30,207,29,355496,lucas-cunha
25/26,Entorse do tornozelo,2025-07-24,2025-11-15,115,19,564546,eduardo
24/25,Lesão na coxa,2024-11-25,2025-01-15,52,3,564546,eduardo
24/25,Pneumonia,2024-07-22,2024-08-09,19,4,564546,eduardo
23/24,Lesão dos ligamentos laterais do joelho,2023-07-10,2024-04-16,282,47,564546,eduardo
22/23,Doente,2023-03-07,2023-03-15,9,1,564546,eduardo
22/23,Lesão muscular,2022-09-26,2022-10-28,33,8,564546,eduardo
22/23,Doente,2022-09-05,2022-09-14,10,2,564546,eduardo
19/20,Problemas na tibiotársica,2020-02-01,2020-02-17,17,1,564546,eduardo
24/25,Lesão na coxa,2024-11-21,2024-12-04,14,2,1084081,gustavo-neves
25/26,Lesão na coxa,2025-11-03,2026-01-10,69,7,975191,henry-mosquera
25/26,Lesão na coxa,2025-07-24,2025-08-22,30,6,975191,henry-mosquera
24/25,Lesão na coxa,2025-05-06,2025-07-12,68,6,975191,henry-mosquera
24/25,Problemas musculares na coxa,2025-04-21,2025-05-04,14,2,975191,henry-mosquera
24/25,Lesão nos adutores,2024-10-20,2024-11-08,20,2,975191,henry-mosquera
23/24,Lesão na coxa,2024-02-18,2024-04-09,52,8,975191,henry-mosquera
23/24,Entorse do tornozelo,2024-01-27,2024-02-09,14,3,975191,henry-mosquera
23/24,Lesão no joelho,2023-06-24,2023-09-30,99,16,975191,henry-mosquera
24/25,Lesão na coxa,2024-07-04,2024-07-27,24,5,1084074,talisson
23/24,Vírus,2024-06-10,2024-06-19,10,2,1084074,talisson
22/23,Lesão no tornozelo,2023-04-23,2023-08-13,113,22.0,577407,ignacio-laquintana
21/22,Coronavírus,2022-01-06,2022-01-16,11,,577407,ignacio-laquintana
25/26,Lesão na coxa,2025-08-24,2025-09-20,28,2,743951,thiago-borbas
24/25,Lesão na coxa,2024-09-16,2024-12-10,86,13,743951,thiago-borbas
24/25,Ruptura muscular do músculo do perônio,2025-02-17,2025-03-19,31,4.0,60889,gary-medel
24/25,Muskelkater,2024-09-09,2024-10-10,32,4.0,60889,gary-medel
22/23,Lesão desconhecida,2023-01-19,2023-02-09,22,3.0,60889,gary-medel
21/22,Coronavírus,2022-01-05,2022-01-15,11,1.0,60889,gary-medel
20/21,Problemas musculares,2021-04-01,2021-05-17,47,8.0,60889,gary-medel
20/21,Lesão na panturrilha,2020-12-30,2021-03-02,63,10.0,60889,gary-medel
20/21,Ruptura muscular do músculo do perônio,2020-10-04,2020-11-22,50,9.0,60889,gary-medel
19/20,Lesão no bíceps femoral,2020-01-09,2020-02-26,49,7.0,60889,gary-medel
19/20,Lesão no bíceps femoral,2019-10-12,2019-11-01,21,4.0,60889,gary-medel
18/19,Lesão desconhecida,2019-05-18,2019-05-25,8,1.0,60889,gary-medel
18/19,Lesão no tornozelo,2019-04-22,2019-05-14,23,3.0,60889,gary-medel
18/19,Lesão desconhecida,2018-11-23,2018-11-30,8,1.0,60889,gary-medel
16/17,Problemas musculares,2017-06-23,2017-06-26,4,,60889,gary-medel
16/17,Choque,2017-03-09,2017-03-12,4,,60889,gary-medel
16/17,Operado ao joelho,2016-11-20,2017-01-08,50,7.0,60889,gary-medel
14/15,Muskelbündelriss,2014-06-29,2014-08-02,35,,60889,gary-medel
13/14,Lesão muscular,2014-02-17,2014-03-01,13,1.0,60889,gary-medel
11/12,Muskelbündelriss,2012-05-31,2012-06-21,22,2.0,60889,gary-medel
08/09,Acidente de viação,2009-01-03,2009-03-19,76,10.0,60889,gary-medel
07/08,Lesão tornozelo,2007-10-24,2007-12-13,51,9.0,60889,gary-medel
25/26,Problemas na panturrilha,2025-09-29,2025-10-31,33,5,653152,manuel-capasso
24/25,Lesão desconhecida,2025-03-30,2025-06-13,76,19,653152,manuel-capasso
24/25,Lesão no pé,2025-03-01,2025-03-14,14,3,653152,manuel-capasso
20/21,Coronavírus,2020-11-19,2020-12-11,23,1,430339,jose-luis-rodriguez
17/18,Lesão no tornozelo,2018-03-20,2018-03-30,11,2,430339,jose-luis-rodriguez
25/26,Rotura de ligamentos no joelho,2025-12-18,,98,18,862574,mateus-carvalho
25/26,Lesão no joelho,2025-08-11,2025-08-30,20,4,862574,mateus-carvalho
22/23,Lesão meniscal,2023-06-07,2023-07-31,55,7,1083966,cauan-barros
25/26,Problemas na zona lombar,2025-08-21,2025-09-12,23,3,534473,paulinho-paula
24/25,Vírus,2025-06-01,2025-07-14,44,1,534473,paulinho-paula
23/24,Lesão do ligamento cruzado,2024-01-28,2024-11-29,307,54,534473,paulinho-paula
25/26,Lesão desconhecida,2025-09-28,2025-10-13,16,3,743600,andrey-santos
25/26,Lesão desconhecida,2026-03-13,,13,3,668235,marlon-gomes
24/25,Rotura muscular na coxa,2024-08-11,2024-08-31,21,2,668235,marlon-gomes
23/24,Lesão na panturrilha,2024-02-02,2024-03-15,43,6,668235,marlon-gomes
25/26,Vírus,2025-08-18,2025-08-23,6,1.0,66515,alex-teixeira
24/25,Lesão na coxa,2024-08-01,2024-08-28,28,5.0,66515,alex-teixeira
24/25,Problemas físicos,2024-07-16,2024-07-20,5,1.0,66515,alex-teixeira
21/22,Coronavírus,2022-01-07,2022-01-15,9,2.0,66515,alex-teixeira
21/22,Fissura parcial muscular,2021-11-27,2021-12-28,32,6.0,66515,alex-teixeira
21/22,Rotura muscular na coxa,2021-09-11,2021-09-30,20,5.0,66515,alex-teixeira
21/22,Rotura muscular na coxa,2021-08-28,2021-09-10,14,,66515,alex-teixeira
21/22,Quarentena,2021-08-10,2021-08-16,7,1.0,66515,alex-teixeira
18/19,Lesão na panturrilha,2018-08-02,2018-08-11,10,2.0,66515,alex-teixeira
15/16,Lesão na coxa,2016-01-21,2016-02-09,20,,66515,alex-teixeira
13/14,Lesão desconhecida,2014-04-04,2014-04-13,10,1.0,66515,alex-teixeira
24/25,Problemas no Joelho,2025-04-16,2026-03-22,341,13,37647,dimitri-payet
24/25,Problemas musculares,2024-11-06,2024-11-20,15,1,37647,dimitri-payet
24/25,Problemas musculares na coxa,2024-07-04,2024-07-27,24,4,37647,dimitri-payet
23/24,Lesão na coxa,2024-06-12,2024-06-28,17,5,37647,dimitri-payet
23/24,Problemas físicos,2024-05-03,2024-05-09,7,1,37647,dimitri-payet
23/24,Entorse no joelho,2024-04-03,2024-04-26,24,3,37647,dimitri-payet
22/23,Problemas na tibiotársica,2023-01-05,2023-01-13,9,2,37647,dimitri-payet
22/23,Problemas na panturrilha,2022-09-01,2022-09-06,6,1,37647,dimitri-payet
21/22,Lesão na panturrilha,2022-05-06,2022-05-31,26,3,37647,dimitri-payet
21/22,Lesão muscular,2022-03-12,2022-03-19,8,2,37647,dimitri-payet
21/22,Problemas na panturrilha,2021-10-01,2021-10-16,16,1,37647,dimitri-payet
21/22,Problemas musculares na coxa,2021-09-21,2021-09-24,4,1,37647,dimitri-payet
21/22,Problemas musculares,2021-09-06,2021-09-15,10,1,37647,dimitri-payet
20/21,Coronavírus,2020-08-22,2020-09-06,16,1,37647,dimitri-payet
19/20,Contra,2020-02-12,2020-02-21,10,1,37647,dimitri-payet
18/19,Lesão no ligamento interno,2019-01-21,2019-02-15,26,4,37647,dimitri-payet
17/18,Lesão na coxa,2018-05-17,2018-06-01,16,2,37647,dimitri-payet
17/18,Problemas musculares,2017-10-24,2017-11-15,23,5,37647,dimitri-payet
17/18,Problemas musculares na coxa,2017-08-07,2017-09-09,34,7,37647,dimitri-payet
16/17,Choque,2016-08-16,2016-08-30,15,4,37647,dimitri-payet
15/16,Rotura de sindesmose,2015-11-08,2016-01-01,55,9,37647,dimitri-payet
21/22,Infeção,2022-04-01,2022-04-03,3,1,456449,serginho
20/21,Lesão desconhecida,2021-04-17,2021-05-10,24,3,456449,serginho
20/21,Lesão desconhecida,2021-02-28,2021-03-24,25,3,456449,serginho
17/18,Lesão desconhecida,2018-02-13,2018-02-25,13,3,456449,serginho
25/26,Lesão desconhecida,2025-08-07,2025-10-07,62,12,1033963,eguinaldo
24/25,Lesão no bíceps femoral,2025-01-22,2025-02-06,16,1,1033963,eguinaldo
23/24,Lesão desconhecida,2024-04-08,2024-04-15,8,1,1033963,eguinaldo
23/24,Lesão desconhecida,2024-03-01,2024-03-16,16,3,1033963,eguinaldo
25/26,lesão na perna,2025-10-06,2025-10-23,18,1,636784,luca-orellano
25/26,Lesão muscular,2025-08-12,2025-08-28,17,2,636784,luca-orellano
24/25,Lesão no tornozelo,2025-06-27,2025-06-30,4,1,636784,luca-orellano
24/25,lesão na perna,2025-05-12,2025-05-16,5,1,636784,luca-orellano
24/25,lesão na perna,2025-02-20,2025-03-03,12,4,636784,luca-orellano
24/25,Lesão desconhecida,2025-04-12,2025-06-16,66,6,1083965,juan-bezerra
25/26,Fratura no pé,2025-07-22,2025-09-22,63,7,401727,sebastian-ferreira
24/25,Problemas musculares,2025-04-04,2025-04-12,9,2,401727,sebastian-ferreira
24/25,Lesão no ombro,2024-09-16,2024-10-04,19,2,535037,erick-farias
23/24,Lesão na coxa,2024-03-08,2024-03-29,22,4,535037,erick-farias
25/26,Lesão na coxa,2025-08-25,2025-09-30,37,7,1083962,gbtm
25/26,Lesão na coxa,2025-07-16,2025-08-16,32,7,1083962,gbtm
24/25,Lesão no joelho,2025-01-18,2025-03-18,60,2,1083962,gbtm
23/24,Operado ao joelho,2023-04-07,2024-07-12,463,4,1083962,gbtm
25/26,Lesão na coxa,2025-10-21,2025-11-01,12,1,1012564,rayan
25/26,Lesão na panturrilha,2025-10-26,2025-11-22,28,4,740501,gabriel-xavier
24/25,Lesão na panturrilha,2025-03-31,2025-04-29,30,8,740501,gabriel-xavier
25/26,Problemas musculares,2026-02-21,2026-02-26,6,1,382473,camilo-candido
25/26,Lesão muscular,2025-06-17,2025-08-01,46,6,382473,camilo-candido
25/26,Recuperação ritmo competitivo,2026-02-09,,45,8,713787,jhoanner-chavez
25/26,Pancada na coxa,2025-12-03,2026-02-02,62,8,713787,jhoanner-chavez
24/25,Entorse do tornozelo,2025-01-06,2025-09-23,261,29,713787,jhoanner-chavez
23/24,Pancada na coxa,2024-04-29,2024-05-14,16,2,713787,jhoanner-chavez
23/24,Lesão na panturrilha,2024-02-26,2024-03-19,23,3,713787,jhoanner-chavez
21/22,Lesão no joelho,2022-02-06,2022-04-01,55,5,713787,jhoanner-chavez
23/24,Problemas na tibiotársica,2023-08-15,2023-12-10,118,19,1082832,ryan
24/25,Problemas musculares,2024-07-20,2024-08-06,18,5,101294,cicinho
21/22,Lesão desconhecida,2022-02-01,2022-02-25,25,2,101294,cicinho
15/16,Queixas adutores,2016-01-22,2016-04-20,90,8,101294,cicinho
23/24,Lesão do ligamento cruzado,2024-06-26,,638,116,959171,andre-dhominique
23/24,Lesão do ligamento cruzado,2023-12-06,2024-10-17,317,60,625569,nicolas-acevedo
21/22,Lesão da parede abdominal,2021-10-11,2021-12-03,54,8,625569,nicolas-acevedo
25/26,Lesão no tornozelo,2026-03-15,2026-03-21,7,,662327,diego-rosa
25/26,Lesão no joelho,2026-01-07,2026-01-20,14,2.0,662327,diego-rosa
25/26,Lesão no joelho,2025-09-26,2025-10-02,7,1.0,662327,diego-rosa
24/25,Lesão na coxa,2025-04-20,2025-05-07,18,4.0,662327,diego-rosa
24/25,Problemas na zona lombar,2025-05-11,2025-08-01,83,16,793815,rezende
24/25,Lesão na coxa,2024-09-22,2024-12-02,72,9,793815,rezende
24/25,Lesão muscular,2024-07-28,2024-08-24,28,5,793815,rezende
23/24,Estiramento do ligamento colateral interno do joelho,2024-01-25,2024-02-14,21,5,793815,rezende
22/23,Lesão desconhecida,2022-08-02,2022-08-24,23,3,162812,cauly
21/22,Fratura do perónio,2021-08-25,2021-11-18,86,15,162812,cauly
18/19,Problemas musculares na coxa,2018-11-07,2018-11-28,22,2,162812,cauly
18/19,Problemas musculares na coxa,2018-10-27,2018-10-29,3,1,162812,cauly
17/18,Vírus,2018-02-01,2018-03-18,46,6,162812,cauly
15/16,Fibra muscular rasgado,2015-10-05,2015-10-29,25,3,162812,cauly
15/16,Fibra muscular rasgado,2015-08-05,2015-08-24,20,2,162812,cauly
25/26,Traumatismo tibioperoneal,2026-03-11,,15,1,1038907,patrick-verhon
25/26,Entorse no joelho,2025-09-01,2025-09-19,19,2,1083095,tiago
25/26,Lesão na coxa,2025-07-20,2025-08-01,13,3,1083095,tiago
25/26,Cirurgia Ligamento Cruzado,2025-11-09,2026-09-27,323,,1083092,kennedy
24/25,Lesão na tíbia,2025-01-22,2025-05-05,104,13.0,1083092,kennedy
23/24,Lesão muscular,2023-10-29,2023-10-31,3,,289802,rafael-ratao
22/23,Gripe,2022-10-27,2022-11-01,6,1.0,289802,rafael-ratao
22/23,Lesão muscular,2022-09-05,2022-10-04,30,3.0,289802,rafael-ratao
20/21,Pequena lesão,2021-03-02,2021-03-08,7,1.0,289802,rafael-ratao
19/20,Lesão desconhecida,2020-06-12,2020-06-21,10,,289802,rafael-ratao
19/20,Lesão desconhecida,2019-08-30,2019-10-07,39,,289802,rafael-ratao
18/19,Lesão desconhecida,2019-03-12,2019-03-17,6,,289802,rafael-ratao
23/24,Lesão no pé,2024-01-26,2024-03-05,40,6,905691,arthur-sales
21/22,Lesão na mão,2021-09-12,2021-09-24,13,2,103916,rafael-cabral
13/14,Fissura da banda do joelho,2014-02-20,2014-07-10,141,27,103916,rafael-cabral
25/26,Vírus,2026-03-16,2026-03-21,6,1,744024,joao-marcelo
24/25,Rotura de ligamentos no joelho,2025-02-02,2025-08-31,211,38,744024,joao-marcelo
25/26,Cirurgia Ligamento Cruzado,2025-09-26,,181,23,1019701,pedrao
23/24,Lesão muscular,2024-01-26,2024-04-03,69,15,879217,kaiki
25/26,Lesão muscular,2025-08-11,2025-08-22,12,1,341710,william
25/26,Fadiga muscular,2025-07-24,2025-08-02,10,2,341710,william
24/25,Fadiga muscular,2025-04-18,2025-04-30,13,3,341710,william
21/22,Lesão no joelho,2021-11-11,2023-01-24,440,26,341710,william
21/22,Recuperação ritmo competitivo,2021-11-01,2021-11-10,10,2,341710,william
20/21,Rotura dos ligamentos cruzados,2021-05-05,2021-10-31,180,18,341710,william
19/20,Rotura dos ligamentos cruzados,2020-02-09,2020-10-23,258,25,341710,william
24/25,Problema nos flexores do quadril,2024-07-28,2025-01-01,158,18,211389,helibelton-palacios
22/23,Rotura de ligamentos no joelho,2023-02-13,2023-07-31,169,26,371967,wesley-gasolina
22/23,Problemas musculares na coxa,2022-10-11,2022-12-31,82,4,371967,wesley-gasolina
21/22,Lesão desconhecida,2022-04-27,2022-08-12,108,6,371967,wesley-gasolina
20/21,Lesão nos adutores,2021-03-12,2021-06-30,111,14,371967,wesley-gasolina
20/21,Coronavírus,2020-09-27,2020-11-10,45,9,371967,wesley-gasolina
19/20,Gripe,2020-01-18,2020-01-27,10,2,371967,wesley-gasolina
24/25,Lesão tendinosa do bicípete femoral,2025-01-23,2025-07-12,171,28,432157,japa
24/25,Fratura no pé,2024-09-02,2024-10-25,54,8,432157,japa
23/24,Lesão no pé,2024-02-21,2024-05-29,99,16,432157,japa
24/25,Fadiga muscular,2025-04-21,2025-04-25,5,,225984,matheus-pereira
23/24,Lesão no joelho,2023-08-08,2023-10-14,68,7.0,225984,matheus-pereira
18/19,Zerrung in der Oberschenkel- und Gesäßmuskulatur,2019-05-05,2019-06-01,28,2.0,225984,matheus-pereira
23/24,Lesão na coxa,2024-06-07,2024-06-20,14,2,746358,daniel-jr
23/24,Lesão na virilha,2024-03-11,2024-04-06,27,5,746358,daniel-jr
23/24,Lesão na coxa,2023-06-21,2023-07-28,38,4,746358,daniel-jr
25/26,Doente,2026-02-07,2026-02-09,3,1,1084714,robert
25/26,Lesão desconhecida,2025-10-20,2025-10-25,6,1,1084714,robert
24/25,Lesão desconhecida,2025-03-30,2025-04-14,16,3,1084714,robert
24/25,Problemas na virilha,2024-11-04,2024-11-09,6,1,1084714,robert
22/23,Lesão no ombro,2022-10-01,2022-12-31,92,6,796574,stenio
21/22,Lesão muscular,2021-11-02,2021-11-25,24,2,796574,stenio
24/25,Lesão desconhecida,2025-01-18,2025-01-21,4,1,1010016,juan-christian
25/26,Lesão no ombro,2026-02-28,,26,4,974488,pedro-morisco
23/24,Traumatismo no pé,2024-07-12,2024-07-14,3,1,340557,mauricio-antonio
18/19,Problemas na panturrilha,2019-05-04,2019-05-18,15,3,340557,mauricio-antonio
18/19,Lesão no bíceps femoral,2018-12-06,2019-01-31,57,1,340557,mauricio-antonio
18/19,Distensão da panturrilha,2018-11-21,2018-12-02,12,2,340557,mauricio-antonio
16/17,Lesão no joelho,2017-04-11,2017-06-01,52,6,340557,mauricio-antonio
24/25,Lesão no joelho,2025-04-18,2025-05-24,37,5,1090422,jean-pedroso
22/23,Lesão na coxa,2023-05-13,2023-06-10,29,4,1100480,thiago-dombroski
24/25,Lesão nos ligamentos do tornozelo,2025-06-13,2026-01-09,211,27,613641,jamerson
23/24,Lesão na coxa,2024-05-10,2024-06-06,28,5,613641,jamerson
20/21,Operação ao tendão de Aquiles,2021-03-25,2021-06-30,98,11.0,140032,andreas-samaris
20/21,Problemas no tendão de Aquiles,2021-02-15,2021-03-24,38,8.0,140032,andreas-samaris
20/21,Problemas no tendão de Aquiles,2020-09-06,2020-10-25,50,6.0,140032,andreas-samaris
17/18,Problemas na panturrilha,2017-11-09,2017-11-11,3,,140032,andreas-samaris
16/17,Lesão tornozelo,2016-09-15,2016-10-17,33,7.0,140032,andreas-samaris
15/16,Gestão de esforço,2016-03-28,2016-03-31,4,1.0,140032,andreas-samaris
23/24,Recuperação ritmo competitivo,2024-05-15,2024-05-26,12,2,111828,fransergio
23/24,Lesão na coxa,2024-02-18,2024-05-15,88,11,111828,fransergio
20/21,Lesão desconhecida,2021-05-20,2021-05-31,12,1,111828,fransergio
20/21,Coronavírus,2020-11-02,2020-11-23,22,4,111828,fransergio
19/20,Lesão na coxa,2019-10-22,2019-10-27,6,1,111828,fransergio
18/19,Lesão na coxa,2019-03-27,2019-04-10,15,3,111828,fransergio
18/19,lesão na perna,2019-01-13,2019-01-28,16,3,111828,fransergio
17/18,Lesão no joelho,2017-11-27,2018-05-14,169,27,111828,fransergio
25/26,Lesão na coxa,2026-02-06,2026-03-10,33,5,570522,sebastian-gomez
21/22,Artroscopia,2022-11-18,2023-02-27,102,7,570522,sebastian-gomez
24/25,Lesão desconhecida,2025-02-28,2025-04-12,44,3,634737,matheus-bianqui
25/26,Infeção da sola do pé,2026-02-10,2026-02-16,7,1.0,456617,marcelino-moreno
25/26,Lesão muscular,2025-08-26,2025-09-05,11,1.0,456617,marcelino-moreno
25/26,Lumbago,2025-07-24,2025-08-16,24,4.0,456617,marcelino-moreno
23/24,Febre,2024-05-11,2024-05-14,4,1.0,456617,marcelino-moreno
21/22,Lesão no pé,2022-02-21,2022-02-25,5,,456617,marcelino-moreno
22/23,Lesão desconhecida,2023-01-03,2023-01-09,7,2,134936,jese
19/20,Lesão muscular,2019-09-16,2019-09-20,5,1,134936,jese
18/19,Lesão muscular,2019-02-22,2019-02-27,6,1,134936,jese
16/17,Gripe gastrointestinal,2017-04-12,2017-04-22,11,1,134936,jese
14/15,Recuperação ritmo competitivo,2014-11-07,2014-12-01,25,4,134936,jese
13/14,Rotura dos ligamentos cruzados,2014-03-19,2014-11-06,233,34,134936,jese
25/26,Lesão na coxa,2026-02-12,,42,8.0,802809,mauricio-garcez
22/23,Ligamento Esticado,2023-06-03,2023-06-10,8,,802809,mauricio-garcez
23/24,Lesão desconhecida,2024-02-10,2024-04-10,61,7,366278,rodrigo-pinho
21/22,Rotura dos ligamentos cruzados,2021-10-14,2022-06-30,260,41,366278,rodrigo-pinho
21/22,Lesão desconhecida,2021-08-03,2021-08-26,24,6,366278,rodrigo-pinho
20/21,Lesão desconhecida,2021-04-23,2021-05-25,33,6,366278,rodrigo-pinho
20/21,Lesão desconhecida,2021-04-08,2021-04-14,7,1,366278,rodrigo-pinho
20/21,Lesão no tornozelo,2021-02-02,2021-03-03,30,5,366278,rodrigo-pinho
20/21,Coronavírus,2021-01-16,2021-01-28,13,3,366278,rodrigo-pinho
20/21,Lesão nas costas,2021-01-06,2021-01-10,5,1,366278,rodrigo-pinho
19/20,Choque,2020-02-28,2020-03-03,5,1,366278,rodrigo-pinho
19/20,Infeção,2019-11-29,2019-12-16,18,3,366278,rodrigo-pinho
19/20,Lesão na anca,2019-08-05,2019-08-20,16,2,366278,rodrigo-pinho
18/19,Lesão tornozelo,2019-04-10,2019-04-25,16,2,366278,rodrigo-pinho
18/19,Choque,2019-02-15,2019-02-19,5,1,366278,rodrigo-pinho
18/19,Lesão na coxa,2018-08-26,2018-09-05,11,1,366278,rodrigo-pinho
15/16,Ferimento na musculatura da barriga,2015-12-07,2016-01-04,29,6,366278,rodrigo-pinho
23/24,lesão na perna,2023-11-20,2023-12-10,21,4.0,174915,islam-slimani
23/24,Lesão muscular,2023-10-27,2023-10-29,3,,174915,islam-slimani
22/23,Problemas musculares na coxa,2023-03-20,2023-04-06,18,3.0,174915,islam-slimani
21/22,Contusão no tornozelo,2021-10-13,2021-10-28,16,3.0,174915,islam-slimani
19/20,Lesão muscular,2020-01-13,2020-02-04,23,5.0,174915,islam-slimani
19/20,Lesão nos adutores,2019-10-25,2019-11-06,13,2.0,174915,islam-slimani
19/20,Fadiga muscular,2019-09-19,2019-09-22,4,2.0,174915,islam-slimani
18/19,Lesão desconhecida,2018-10-07,2018-10-21,15,3.0,174915,islam-slimani
17/18,Rotura muscular na coxa,2018-01-30,2018-03-10,40,5.0,174915,islam-slimani
16/17,Lesão na virilha,2017-04-13,2017-04-28,16,3.0,174915,islam-slimani
16/17,Lesão na virilha,2017-01-23,2017-03-13,50,5.0,174915,islam-slimani
16/17,Pequena lesão,2016-10-27,2016-11-03,8,2.0,174915,islam-slimani
14/15,lesão na perna,2015-04-20,2015-05-11,22,3.0,174915,islam-slimani
14/15,Problemas musculares na coxa,2015-01-26,2015-02-26,32,6.0,174915,islam-slimani
13/14,Traumatismo,2014-01-20,2014-01-30,11,1.0,174915,islam-slimani
12/13,Lesão meniscal,2012-10-22,2012-12-17,57,8.0,174915,islam-slimani
20/21,Lesão meniscal,2020-08-08,2021-05-26,292,44,548591,edutm
24/25,Febre,2025-06-04,2025-06-07,4,,747820,diogo-oliveira
23/24,Problemas no tendão de Aquiles,2023-12-01,2024-07-01,214,17.0,747820,diogo-oliveira
23/24,Pubalgia,2024-02-13,2024-03-15,32,5,829969,lucas-esquivel
24/25,Entorse do tornozelo,2024-09-02,2024-09-18,17,2,731057,fernando
22/23,Lesão dos ligamentos laterais do joelho,2023-06-23,2024-03-26,278,46,731057,fernando
24/25,Lesão no tornozelo,2024-09-20,2024-09-25,6,1,711600,bruno-zapelli
23/24,Lesão na virilha,2024-06-30,2024-07-11,12,2,122077,tobias-figueiredo
23/24,Lesão muscular,2024-04-06,2024-05-22,47,4,122077,tobias-figueiredo
19/20,Recuperação ritmo competitivo,2020-01-18,2020-01-23,6,2,122077,tobias-figueiredo
19/20,Recuperação ritmo competitivo,2019-08-30,2019-09-01,3,1,122077,tobias-figueiredo
18/19,Recuperação ritmo competitivo,2019-01-04,2019-01-06,3,1,122077,tobias-figueiredo
18/19,Rotura dos ligamentos cruzados,2018-12-25,2019-04-28,125,23,122077,tobias-figueiredo
18/19,Recuperação ritmo competitivo,2018-10-29,2018-10-31,3,1,122077,tobias-figueiredo
18/19,Recuperação ritmo competitivo,2018-10-19,2018-10-21,3,1,122077,tobias-figueiredo
18/19,Recuperação ritmo competitivo,2018-09-14,2018-10-04,21,5,122077,tobias-figueiredo
25/26,Lesão desconhecida,2025-10-20,2025-11-02,14,2,699679,bernardo-schappo
25/26,Lesão na coxa,2025-11-25,2026-01-09,46,3,440377,gonzalo-escobar
24/25,Lesão na coxa,2025-01-26,2025-02-04,10,2,440377,gonzalo-escobar
25/26,Estiramento do ligamento colateral interno do joelho,2025-07-27,2025-08-23,28,6,348354,tomas-pochettino
24/25,Tendinite,2025-04-02,2025-04-25,24,6,348354,tomas-pochettino
24/25,Problemas musculares,2024-07-25,2024-08-09,16,2,348354,tomas-pochettino
22/23,Gripe,2022-08-29,2022-09-02,5,1,348354,tomas-pochettino
21/22,Coronavírus,2022-05-18,2022-05-23,6,1,348354,tomas-pochettino
24/25,Problemas no Joelho,2025-03-03,2025-03-22,20,2,829968,imanol-machuca
24/25,Muskelbündelriss,2025-02-03,2025-02-23,21,4,829968,imanol-machuca
24/25,Lesão na coxa,2024-07-25,2024-08-09,16,2,829968,imanol-machuca
25/26,Problemas musculares na coxa,2026-03-25,,1,,162807,juan-martin-lucero
25/26,Rotura muscular na coxa,2026-03-05,2026-03-13,9,1.0,162807,juan-martin-lucero
24/25,Problemas musculares,2024-07-28,2024-08-20,24,4.0,162807,juan-martin-lucero
22/23,Problemas musculares na coxa,2022-08-22,2022-09-04,14,1.0,162807,juan-martin-lucero
21/22,Problemas musculares na coxa,2022-04-18,2022-04-25,8,1.0,162807,juan-martin-lucero
21/22,Probleme im Fußgewölbe,2022-02-20,2022-03-02,11,1.0,162807,juan-martin-lucero
24/25,Lesão muscular,2024-11-28,2025-02-01,66,1,273203,washington-aguerre
23/24,Muskelbündelriss,2024-06-17,2024-07-01,15,1,273203,washington-aguerre
20/21,Fratura do nariz,2021-05-05,2021-07-01,58,4,349418,mateus-pasinato
24/25,Lesão desconhecida,2025-02-23,2025-03-12,18,2,337922,esteban-burgos
24/25,Lesão na coxa,2024-09-17,2024-10-03,17,2,337922,esteban-burgos
23/24,Lesão na coxa,2024-05-26,2024-07-01,37,3,337922,esteban-burgos
23/24,Lesão desconhecida,2024-05-12,2024-05-16,5,1,337922,esteban-burgos
19/20,Lesão na coxa,2019-08-10,2019-10-28,80,10,337922,esteban-burgos
23/24,Lesão desconhecida,2024-06-04,2024-07-01,28,3,285772,javier-mendez
25/26,Lesão na virilha,2025-09-01,2025-09-16,16,1,819249,luan-campos
24/25,Problemas musculares,2025-03-17,2025-04-20,35,4.0,333633,bruno-santos
24/25,Problemas no Joelho,2025-02-19,2025-02-26,8,,333633,bruno-santos
23/24,Lesão no ombro,2024-01-17,2024-02-03,18,2.0,333633,bruno-santos
19/20,Lesão desconhecida,2018-02-18,2018-04-14,56,3.0,333633,bruno-santos
23/24,Entorse do tornozelo,2024-02-19,2024-03-08,19,3,646432,higor-meritao
22/23,Lesão muscular,2022-09-08,2022-09-23,16,2,646432,higor-meritao
22/23,Lesão desconhecida,2023-02-11,2023-02-21,11,1,197880,raphael-guzzo
21/22,Lesão desconhecida,2022-02-07,2022-03-21,43,6,197880,raphael-guzzo
17/18,Lesão meniscal,2017-07-22,2017-11-30,132,17,197880,raphael-guzzo
25/26,Lesão desconhecida,2025-11-20,2025-12-01,12,2,139607,guilherme
18/19,Lesão desconhecida,2019-01-17,2019-01-24,8,2,139607,guilherme
18/19,Lesão desconhecida,2018-11-19,2018-12-01,13,1,139607,guilherme
17/18,Fissura do ligamento intra-articular,2018-04-16,2018-05-15,30,5,139607,guilherme
17/18,Problemas físicos,2017-08-17,2017-08-22,6,1,139607,guilherme
16/17,Lesão no ombro,2016-07-21,2016-08-18,29,8,139607,guilherme
13/14,Innenbandanriss Sprunggelenk,2014-02-27,2014-09-29,215,32,139607,guilherme
24/25,Lesão muscular,2025-05-11,2025-05-20,10,1,728262,julian-palacios
22/23,Lesão desconhecida,2022-08-16,2022-10-20,66,8,594550,anderson-oliveira
18/19,Lesão desconhecida,2019-05-13,2019-05-20,8,1,585347,philippe-costa
22/23,Recuperação ritmo competitivo,2023-03-01,2023-03-05,5,1,390695,allyson
22/23,Lesão desconhecida,2023-02-16,2023-03-01,14,1,390695,allyson
22/23,Lesão desconhecida,2023-01-23,2023-02-06,15,2,390695,allyson
20/21,Ruptura muscular na coxa,2020-10-27,2021-02-14,111,15,390695,allyson
25/26,Lesão desconhecida,2025-11-21,2025-12-01,11,2,982039,vitao
25/26,Lesão desconhecida,2025-09-28,2025-10-15,18,1,982039,vitao
24/25,Lesão desconhecida,2024-12-20,2025-01-10,22,2,982039,vitao
24/25,Lesão no púbis,2024-08-31,2024-11-08,70,8,373192,pktm
24/25,Varicela,2024-08-04,2024-08-24,21,2,373192,pktm
23/24,Problemas musculares,2024-04-08,2024-04-27,20,2,373192,pktm
23/24,Lesão na coxa,2024-02-09,2024-02-24,16,4,373192,pktm
24/25,Lesão muscular,2024-09-17,2024-10-04,18,2,212899,filipe-augusto
24/25,Lesão muscular,2024-07-22,2024-08-02,12,2,212899,filipe-augusto
23/24,Lesão muscular,2024-04-14,2024-06-16,64,14,212899,filipe-augusto
22/23,Lesão na coxa,2023-05-12,2023-07-01,51,4,212899,filipe-augusto
20/21,Lesão muscular,2020-12-24,2021-01-18,26,5,212899,filipe-augusto
19/20,Lesão desconhecida,2020-02-18,2020-02-25,8,1,212899,filipe-augusto
18/19,Lesão desconhecida,2018-12-04,2018-12-23,20,4,212899,filipe-augusto
18/19,Lesão desconhecida,2018-11-26,2018-12-03,8,1,212899,filipe-augusto
17/18,Traumatismo no pé,2017-11-28,2017-12-03,6,1,212899,filipe-augusto
17/18,Pequena lesão,2017-11-01,2017-11-19,19,2,212899,filipe-augusto
16/17,Lesão do ligamento cruzado,2016-04-25,2016-11-21,211,19,212899,filipe-augusto
24/25,Muskelbündelriss,2025-04-02,2025-05-01,30,5.0,159773,pablo-ceppelini
24/25,Muskelbündelriss,2025-02-26,2025-03-10,13,3.0,159773,pablo-ceppelini
21/22,Coronavírus,2022-01-06,2022-01-16,11,,159773,pablo-ceppelini
15/16,Problemas no Joelho,2016-02-23,2016-04-25,63,6.0,159773,pablo-ceppelini
25/26,Ruptura muscular,2026-01-27,2026-02-26,31,4,733083,nicolas-quagliata
22/23,Muskelquetschung,2023-01-08,2023-02-01,25,4,733083,nicolas-quagliata
24/25,Lesão na coxa,2024-11-24,2024-12-04,11,1,700933,derik-lacerda
24/25,Problemas musculares,2024-07-26,2024-08-02,8,1,700933,derik-lacerda
23/24,Entorse no joelho,2024-06-07,2024-06-22,16,4,700933,derik-lacerda
23/24,Lesão muscular,2024-05-16,2024-06-04,20,3,700933,derik-lacerda
20/21,Lesão no ombro,2021-03-17,2021-05-31,76,11,700933,derik-lacerda
20/21,Lesão desconhecida,2021-01-20,2021-02-02,14,2,700933,derik-lacerda
20/21,Lesão desconhecida,2021-01-01,2021-01-07,7,1,700933,derik-lacerda
20/21,Lesão no ombro,2020-09-15,2020-11-24,71,7,700933,derik-lacerda
25/26,Lesão na panturrilha,2025-08-26,2025-09-20,26,3.0,79960,alex-sandro
25/26,Lesão na coxa,2025-07-13,2025-07-30,18,4.0,79960,alex-sandro
24/25,Lesão na coxa,2025-04-17,2025-05-03,17,4.0,79960,alex-sandro
24/25,Lesão na coxa,2025-02-09,2025-03-07,27,4.0,79960,alex-sandro
24/25,Problemas na panturrilha,2024-12-02,2024-12-07,6,1.0,79960,alex-sandro
24/25,Problemas musculares,2024-10-21,2024-11-02,13,2.0,79960,alex-sandro
24/25,Lesão na coxa,2024-10-03,2024-10-16,14,1.0,79960,alex-sandro
24/25,Recuperação ritmo competitivo,2024-08-24,2024-09-14,22,4.0,79960,alex-sandro
23/24,lesão na perna,2024-05-03,2024-05-13,11,,79960,alex-sandro
23/24,Fadiga muscular,2024-03-30,2024-04-02,4,,79960,alex-sandro
23/24,Lesão desconhecida,2023-12-28,2024-01-08,12,,79960,alex-sandro
23/24,Lesão no bíceps femoral,2023-09-18,2023-11-22,66,,79960,alex-sandro
22/23,Fadiga muscular,2023-04-12,2023-04-17,6,2.0,79960,alex-sandro
22/23,Lesão no bíceps femoral,2023-03-09,2023-03-29,21,3.0,79960,alex-sandro
22/23,Problemas musculares,2022-11-29,2022-12-07,9,,79960,alex-sandro
22/23,Problemas musculares na coxa,2022-09-14,2022-10-02,19,2.0,79960,alex-sandro
21/22,Problemas na panturrilha,2022-03-15,2022-03-21,7,2.0,79960,alex-sandro
21/22,Lesão na panturrilha,2022-02-23,2022-03-10,16,3.0,79960,alex-sandro
21/22,Coronavírus,2022-01-31,2022-02-08,9,1.0,79960,alex-sandro
21/22,Problemas musculares,2022-01-06,2022-01-11,6,1.0,79960,alex-sandro
20/21,Operado ao joelho,2021-03-14,2021-04-01,19,1.0,79960,alex-sandro
20/21,Coronavírus,2021-01-04,2021-01-26,23,6.0,79960,alex-sandro
20/21,Lesão na coxa,2020-09-18,2020-11-17,61,9.0,79960,alex-sandro
19/20,Lesão no ligamento interno,2020-06-18,2020-07-05,18,4.0,79960,alex-sandro
19/20,Queixas adutores,2019-11-17,2019-11-29,13,2.0,79960,alex-sandro
18/19,Traumatismo,2019-05-23,2019-06-02,11,1.0,79960,alex-sandro
18/19,Lesão na coxa,2019-05-02,2019-05-11,10,1.0,79960,alex-sandro
18/19,Problemas musculares,2018-11-28,2018-12-08,11,2.0,79960,alex-sandro
17/18,Lesão na coxa,2018-03-20,2018-04-01,13,1.0,79960,alex-sandro
17/18,Gripe,2017-09-09,2017-09-11,3,1.0,79960,alex-sandro
16/17,Lesão muscular,2017-01-02,2017-01-17,16,2.0,79960,alex-sandro
15/16,Reação de estresse do osso,2016-02-17,2016-02-26,10,2.0,79960,alex-sandro
12/13,Problemas musculares na coxa,2012-10-08,2012-11-20,44,7.0,79960,alex-sandro
11/12,Lesão nos adutores,2012-01-17,2012-01-31,15,3.0,79960,alex-sandro
11/12,Problemas musculares,2011-11-20,2011-12-09,20,3.0,79960,alex-sandro
11/12,Ruptura muscular,2011-08-02,2011-10-13,73,15.0,79960,alex-sandro
20/21,Coronavírus,2021-01-25,2021-02-04,11,1,603898,santiago-ocampos
25/26,Problemas no Joelho,2026-01-10,2026-01-31,22,6,397458,nicolas-de-la-cruz
25/26,Problemas no Joelho,2025-11-10,2025-11-21,12,2,397458,nicolas-de-la-cruz
25/26,Vírus,2025-10-23,2025-10-28,6,1,397458,nicolas-de-la-cruz
25/26,Fadiga muscular,2025-10-14,2025-10-21,8,2,397458,nicolas-de-la-cruz
25/26,Problemas físicos,2025-07-17,2025-08-16,31,8,397458,nicolas-de-la-cruz
24/25,Lesão no joelho,2025-05-19,2025-06-28,41,7,397458,nicolas-de-la-cruz
24/25,Lesão na coxa,2024-10-21,2024-11-25,36,9,397458,nicolas-de-la-cruz
24/25,Lesão na coxa,2024-08-30,2024-09-17,19,6,397458,nicolas-de-la-cruz
24/25,Problemas no Joelho,2024-08-01,2024-08-10,10,2,397458,nicolas-de-la-cruz
23/24,Tendinite,2023-10-23,2023-11-02,11,2,397458,nicolas-de-la-cruz
23/24,Gestão de esforço,2023-09-23,2023-09-27,5,1,397458,nicolas-de-la-cruz
23/24,Febre,2023-08-19,2023-08-22,4,1,397458,nicolas-de-la-cruz
22/23,Distensão muscular,2023-05-19,2023-05-24,6,1,397458,nicolas-de-la-cruz
22/23,Problemas no Joelho,2023-04-01,2023-04-15,15,3,397458,nicolas-de-la-cruz
22/23,Edema no joelho,2023-03-17,2023-03-29,13,3,397458,nicolas-de-la-cruz
22/23,Operado ao joelho,2023-01-01,2023-02-24,55,5,397458,nicolas-de-la-cruz
22/23,Problemas no Joelho,2022-10-22,2022-11-02,12,1,397458,nicolas-de-la-cruz
22/23,Problemas no Joelho,2022-09-28,2022-10-04,7,2,397458,nicolas-de-la-cruz
21/22,Choque,2022-06-26,2022-07-05,10,2,397458,nicolas-de-la-cruz
21/22,Problemas no Joelho,2022-04-24,2022-04-26,3,1,397458,nicolas-de-la-cruz
21/22,Gripe,2022-03-02,2022-03-07,6,1,397458,nicolas-de-la-cruz
21/22,Problemas no Joelho,2022-02-15,2022-02-23,9,2,397458,nicolas-de-la-cruz
21/22,Lesão no pé,2021-10-19,2022-02-05,110,14,397458,nicolas-de-la-cruz
21/22,Lesão muscular,2021-08-24,2021-09-02,10,2,397458,nicolas-de-la-cruz
21/22,Problemas musculares,2021-08-13,2021-08-16,4,1,397458,nicolas-de-la-cruz
21/22,Problemas musculares,2021-07-01,2021-07-08,8,1,397458,nicolas-de-la-cruz
20/21,Coronavírus,2021-05-15,2021-05-24,10,2,397458,nicolas-de-la-cruz
20/21,Problemas no Joelho,2021-04-13,2021-04-19,7,1,397458,nicolas-de-la-cruz
19/20,Problemas na tibiotársica,2019-11-25,2019-12-04,10,1,397458,nicolas-de-la-cruz
19/20,Rotura muscular na coxa,2019-09-19,2019-09-30,12,2,397458,nicolas-de-la-cruz
18/19,Lesão muscular,2018-10-28,2018-11-14,18,3,397458,nicolas-de-la-cruz
17/18,Problemas no Joelho,2018-04-04,2018-08-13,132,15,397458,nicolas-de-la-cruz
17/18,Lesão muscular,2017-09-16,2017-09-20,5,1,397458,nicolas-de-la-cruz
16/17,Problemas físicos,2017-06-14,2017-07-10,27,4,397458,nicolas-de-la-cruz
16/17,Problemas físicos,2017-04-07,2017-04-12,6,1,397458,nicolas-de-la-cruz
16/17,Lesão muscular,2017-03-02,2017-03-14,13,2,397458,nicolas-de-la-cruz
16/17,Lesão muscular,2016-11-18,2016-12-05,18,3,397458,nicolas-de-la-cruz
16/17,Lesão nos adutores,2016-09-02,2016-09-07,6,1,397458,nicolas-de-la-cruz
15/16,Lesão meniscal,2016-02-16,2016-04-25,70,7,397458,nicolas-de-la-cruz
25/26,Choque,2026-02-22,,30,5,748319,carlos-alcaraz
25/26,Choque,2025-12-29,2026-01-19,22,5,748319,carlos-alcaraz
23/24,Lesão no bíceps femoral,2024-03-06,2024-04-01,27,3,748319,carlos-alcaraz
21/22,Muskelbündelriss,2022-06-09,2022-07-06,28,5,748319,carlos-alcaraz
25/26,Lesão na coxa,2025-07-17,2025-07-26,10,2.0,592735,gonzalo-plata
24/25,Problemas no Joelho,2025-05-02,2025-06-15,45,11.0,592735,gonzalo-plata
24/25,Edema do osso,2025-04-20,2025-04-26,7,1.0,592735,gonzalo-plata
24/25,Fadiga muscular,2025-03-30,2025-04-05,7,1.0,592735,gonzalo-plata
22/23,Rotura no tendão do adutor,2023-03-18,2023-03-30,13,2.0,592735,gonzalo-plata
22/23,Problemas na anca,2022-10-06,2022-10-18,13,2.0,592735,gonzalo-plata
22/23,Problemas na tibiotársica,2022-08-15,2022-09-01,18,2.0,592735,gonzalo-plata
21/22,Entorse do tornozelo,2022-06-13,2022-07-25,43,,592735,gonzalo-plata
21/22,Coronavírus,2022-02-17,2022-02-24,8,1.0,592735,gonzalo-plata
21/22,Gripe,2021-11-01,2021-11-05,5,1.0,592735,gonzalo-plata
20/21,Coronavírus,2020-11-22,2020-12-02,11,2.0,592735,gonzalo-plata
24/25,Lesão muscular,2024-08-22,2024-09-14,24,2,1005575,vitor-reis
25/26,Entorse no joelho,2025-07-05,2025-07-19,15,1,849582,agustin-giay
22/23,Entorse do tornozelo,2023-01-25,2023-02-22,29,4,849582,agustin-giay
25/26,Problemas na panturrilha,2025-10-24,2025-10-29,6,1,642758,anibal-moreno
24/25,Lesão na coxa,2025-06-20,2025-06-27,8,1,642758,anibal-moreno
24/25,Lesão no ombro,2025-03-28,2025-04-05,9,2,642758,anibal-moreno
23/24,Muskelbündelriss,2023-08-31,2023-09-27,28,5,642758,anibal-moreno
23/24,Problemas musculares,2023-07-08,2023-07-31,24,5,642758,anibal-moreno
22/23,Problemas musculares,2023-05-05,2023-05-11,7,1,642758,anibal-moreno
22/23,Rotura muscular na coxa,2023-04-11,2023-04-27,17,4,642758,anibal-moreno
22/23,Problemas no Joelho,2023-02-11,2023-02-15,5,1,642758,anibal-moreno
25/26,Lesão na coxa,2025-11-17,2026-01-23,68,9,1082625,patrick
24/25,Problemas na zona lombar,2025-06-10,2025-10-27,140,29,1082625,patrick
24/25,Entorse do tornozelo,2025-04-14,2025-04-22,9,2,1082625,patrick
24/25,Lesão do ligamento cruzado,2025-02-23,2026-03-17,388,82.0,1004736,figueiredo
23/24,Lesão do ligamento cruzado,2023-10-16,2024-07-31,290,15.0,1004736,figueiredo
22/23,Lesão do ligamento cruzado,2022-09-16,2023-06-02,260,,1004736,figueiredo
23/24,Lesão na coxa,2024-06-15,2024-07-10,26,7,867461,romulo
25/26,Problemas no Joelho,2026-01-25,2026-02-14,21,5.0,159372,felipe-anderson
25/26,Entorse do tornozelo,2025-11-30,2026-01-23,55,6.0,159372,felipe-anderson
25/26,Problema nos flexores do quadril,2025-07-24,2025-08-02,10,2.0,159372,felipe-anderson
24/25,Lesão na coxa,2025-05-23,2025-05-31,9,2.0,159372,felipe-anderson
24/25,Pubalgia,2025-01-23,2025-02-28,37,9.0,159372,felipe-anderson
23/24,Lesão num dedo do pé,2024-04-23,2024-04-26,4,,159372,felipe-anderson
19/20,Choque,2020-07-02,2020-07-16,15,3.0,159372,felipe-anderson
19/20,Lesão nas costas,2020-01-12,2020-02-24,44,5.0,159372,felipe-anderson
19/20,Lesão no peito,2019-08-11,2019-08-23,13,1.0,159372,felipe-anderson
19/20,Rotura muscular,2019-08-11,2019-08-23,13,1.0,159372,felipe-anderson
18/19,Doente,2019-04-28,2019-05-11,14,1.0,159372,felipe-anderson
18/19,Lesão no tornozelo,2019-03-28,2019-04-07,11,1.0,159372,felipe-anderson
17/18,Lesão nos adutores,2017-07-31,2017-12-06,129,25.0,159372,felipe-anderson
14/15,Lesão no joelho,2015-01-15,2015-02-05,22,4.0,159372,felipe-anderson
12/13,Lesão no tornozelo,2013-06-06,2013-09-19,106,6.0,159372,felipe-anderson
25/26,Lesão no cotovelo,2026-02-23,,29,6,1005656,felipe-longo
24/25,Lesão na coxa,2024-11-21,2025-01-18,59,5,468174,felix-torres
22/23,Lesão muscular,2022-08-29,2022-09-16,19,4,468174,felix-torres
25/26,Lesão na coxa,2025-09-22,2025-10-24,33,5.0,175792,andre-ramalho
24/25,Problemas musculares na coxa,2024-11-05,2024-11-19,15,1.0,175792,andre-ramalho
21/22,Lesão desconhecida,2022-04-28,2022-07-24,88,4.0,175792,andre-ramalho
21/22,Operação ao tornozelo,2021-12-23,2022-03-28,96,16.0,175792,andre-ramalho
20/21,Coronavírus,2020-10-01,2020-10-19,19,1.0,175792,andre-ramalho
17/18,Problemas musculares,2018-05-28,2018-06-25,29,,175792,andre-ramalho
17/18,Lesão na coxa,2018-02-08,2018-02-15,8,1.0,175792,andre-ramalho
16/17,Recuperação ritmo competitivo,2016-10-24,2016-10-31,8,2.0,175792,andre-ramalho
16/17,Lesão na panturrilha,2016-09-12,2016-10-24,43,9.0,175792,andre-ramalho
11/12,Fratura do Metatarso,2012-05-31,2012-08-20,82,8.0,175792,andre-ramalho
24/25,Operado ao joelho,2025-02-23,2025-05-03,70,18,425567,diego-palacios
23/24,Operado ao joelho,2024-06-19,2025-01-01,197,41,425567,diego-palacios
23/24,Lesão no joelho,2024-01-29,2024-06-11,135,26,425567,diego-palacios
21/22,Problemas no Joelho,2021-08-16,2021-08-26,11,1,425567,diego-palacios
20/21,Coronavírus,2020-11-14,2020-11-30,17,2,425567,diego-palacios
25/26,Rotura dos ligamentos cruzados,2026-02-11,,41,4,415666,jose-martinez
25/26,Lesão na mão,2025-08-17,2025-09-20,35,6,415666,jose-martinez
24/25,OP aos dentes,2025-05-07,2025-05-14,8,1,415666,jose-martinez
24/25,Problemas no Joelho,2025-03-03,2025-03-08,6,1,415666,jose-martinez
25/26,Lesão no tornozelo,2025-08-07,2025-10-24,79,16.0,135057,andre-carrillo
23/24,Lesão desconhecida,2024-05-10,2024-05-25,16,2.0,135057,andre-carrillo
23/24,Contusão do tendão de Aquiles,2023-09-19,2023-10-10,22,2.0,135057,andre-carrillo
21/22,Lesão no joelho,2022-03-26,2022-05-28,64,13.0,135057,andre-carrillo
19/20,Coronavírus,2020-07-12,2020-07-26,15,,135057,andre-carrillo
17/18,Traumatismo no joelho,2017-08-01,2017-08-13,13,2.0,135057,andre-carrillo
14/15,Problemas musculares na coxa,2015-01-19,2015-01-26,8,1.0,135057,andre-carrillo
12/13,Gripe,2013-03-24,2013-04-19,27,4.0,135057,andre-carrillo
11/12,Lesão no joelho,2011-11-30,2011-12-03,4,1.0,135057,andre-carrillo
11/12,Tendinite,2011-10-15,2011-10-18,4,1.0,135057,andre-carrillo
24/25,Lesão no ombro,2025-04-06,2025-04-23,18,4,215915,igor-coronado
24/25,Lesão nos adutores,2025-03-01,2025-03-26,26,5,215915,igor-coronado
23/24,Lesão nos adutores,2024-04-20,2024-05-07,18,4,215915,igor-coronado
19/20,Lesão desconhecida,2019-12-20,2020-02-20,63,9,215915,igor-coronado
25/26,Problemas na panturrilha,2025-12-01,2025-12-13,13,2,565009,rodrigo-garro
25/26,Lesão na panturrilha,2025-09-14,2025-10-14,31,4,565009,rodrigo-garro
24/25,Lesão no joelho,2025-03-28,2025-05-26,60,17,565009,rodrigo-garro
24/25,Lesão no joelho,2025-01-01,2025-02-08,39,8,565009,rodrigo-garro
21/22,Lesão desconhecida,2022-10-11,2022-10-15,5,1,565009,rodrigo-garro
23/24,Lesão desconhecida,2022-02-20,2022-02-26,7,1,565009,rodrigo-garro
25/26,Entorse no joelho,2025-11-21,2025-12-06,16,3.0,167850,memphis-depay
25/26,Lesão na coxa,2025-09-11,2025-10-04,24,4.0,167850,memphis-depay
25/26,Lesão na coxa,2025-08-07,2025-08-26,20,3.0,167850,memphis-depay
24/25,Entorse do tornozelo,2025-05-11,2025-05-26,16,4.0,167850,memphis-depay
24/25,lesão na perna,2025-04-28,2025-05-02,5,1.0,167850,memphis-depay
24/25,Lesão no tornozelo,2025-04-06,2025-04-11,6,1.0,167850,memphis-depay
24/25,Recuperação ritmo competitivo,2024-09-13,2024-09-20,8,2.0,167850,memphis-depay
24/25,Lesão muscular,2024-07-10,2024-08-01,23,,167850,memphis-depay
23/24,Lesão muscular,2024-04-09,2024-05-11,33,6.0,167850,memphis-depay
23/24,Lesão muscular,2024-04-08,2024-05-06,29,6.0,167850,memphis-depay
23/24,Lesão muscular,2023-09-26,2023-11-24,60,14.0,167850,memphis-depay
23/24,Lesão muscular,2023-09-15,2023-09-20,6,2.0,167850,memphis-depay
22/23,Lesão na panturrilha,2023-05-02,2023-07-30,90,8.0,167850,memphis-depay
22/23,Lesão muscular,2023-04-01,2023-04-25,25,4.0,167850,memphis-depay
22/23,Problemas musculares na coxa,2022-09-22,2022-11-20,60,13.0,167850,memphis-depay
21/22,Rotura muscular na coxa,2022-04-04,2022-04-14,11,2.0,167850,memphis-depay
21/22,Problemas no tendão de Aquiles,2022-01-17,2022-02-28,43,7.0,167850,memphis-depay
21/22,Lesão na coxa,2021-12-09,2022-01-10,33,5.0,167850,memphis-depay
19/20,Rotura dos ligamentos cruzados,2019-12-16,2020-07-02,200,19.0,167850,memphis-depay
19/20,Problemas musculares na coxa,2019-11-18,2019-12-02,15,3.0,167850,memphis-depay
19/20,Problemas musculares na coxa,2019-10-10,2019-10-21,12,2.0,167850,memphis-depay
14/15,Lesão na virilha,2014-09-15,2014-10-23,39,9.0,167850,memphis-depay
13/14,Problemas musculares na coxa,2014-04-03,2014-04-14,12,1.0,167850,memphis-depay
12/13,Lesão no tornozelo,2012-11-01,2012-11-08,8,1.0,167850,memphis-depay
24/25,Lesão dos ligamentos laterais do joelho,2024-10-23,2024-12-07,46,9,273738,hector-hernandez
22/23,Lesão desconhecida,2023-03-01,2023-04-12,43,5,273738,hector-hernandez
22/23,Lesão desconhecida,2022-12-14,2023-02-14,63,8,273738,hector-hernandez
17/18,Lesão no joelho,2017-09-25,2017-10-05,11,1,273738,hector-hernandez
13/14,Fratura da clavícula,2014-01-27,2014-04-03,67,9,273738,hector-hernandez
25/26,Problemas no Joelho,2025-11-23,2025-12-06,14,2,379752,alexander-barboza
24/25,Lesão no pé,2025-05-04,2025-05-26,23,6,379752,alexander-barboza
25/26,Problemas no Joelho,2025-09-25,2025-10-25,31,5.0,255755,alex-telles
23/24,Fratura da virilha,2024-06-01,2024-08-11,72,6.0,255755,alex-telles
23/24,Operação na virilha,2024-06-01,2024-06-02,2,,255755,alex-telles
23/24,Fratura da virilha,2023-12-01,2023-12-18,18,3.0,255755,alex-telles
23/24,Ruptura muscular,2023-12-01,2023-12-18,18,3.0,255755,alex-telles
22/23,Lesão no joelho,2022-12-03,2023-02-13,73,13.0,255755,alex-telles
21/22,Coronavírus,2022-02-03,2022-02-10,8,2.0,255755,alex-telles
21/22,Lesão no tornozelo,2021-07-20,2021-09-16,59,7.0,255755,alex-telles
20/21,Doente,2021-04-03,2021-04-07,5,1.0,255755,alex-telles
20/21,Coronavírus,2020-10-27,2020-11-17,22,4.0,255755,alex-telles
18/19,Bursite,2019-04-01,2019-04-08,8,2.0,255755,alex-telles
17/18,Lesão no joelho,2018-02-22,2018-03-28,35,5.0,255755,alex-telles
13/14,Lesão desconhecida,2013-10-06,2013-10-11,6,1.0,255755,alex-telles
13/14,Lesão desconhecida,2013-09-09,2013-09-13,5,1.0,255755,alex-telles
12/13,Lesão desconhecida,2013-02-22,2013-04-12,50,9.0,255755,alex-telles
25/26,Ruptura muscular,2025-11-25,2026-02-28,96,1.0,76746,damian-suarez
24/25,Lesão desconhecida,2025-02-10,2025-02-18,9,1.0,76746,damian-suarez
23/24,Lesão na panturrilha,2024-04-13,2024-04-20,8,2.0,76746,damian-suarez
23/24,Lesão muscular,2023-10-22,2023-11-03,13,,76746,damian-suarez
22/23,Lesão na coxa,2022-08-12,2022-09-01,21,3.0,76746,damian-suarez
20/21,Gestão de esforço,2021-01-04,2021-01-06,3,1.0,76746,damian-suarez
20/21,Gestão de esforço,2020-12-16,2020-12-18,3,1.0,76746,damian-suarez
20/21,Lesão muscular,2020-11-30,2020-12-09,10,1.0,76746,damian-suarez
19/20,Problemas musculares,2019-11-04,2019-11-08,5,1.0,76746,damian-suarez
19/20,Problemas musculares,2019-10-16,2019-10-28,13,3.0,76746,damian-suarez
17/18,Lesão no tornozelo,2018-04-30,2018-05-11,12,1.0,76746,damian-suarez
17/18,Lesão muscular,2018-01-20,2018-02-03,15,1.0,76746,damian-suarez
13/14,Doente,2014-05-10,2014-05-14,5,,76746,damian-suarez
25/26,Lesão na coxa,2025-07-19,2025-08-16,29,8,217886,oscar-romero
23/24,Lesão desconhecida,2024-01-17,2024-01-30,14,3,217886,oscar-romero
23/24,Lesão desconhecida,2023-12-25,2024-01-10,17,2,217886,oscar-romero
23/24,Lesão desconhecida,2023-10-27,2023-11-14,19,3,217886,oscar-romero
23/24,Fratura do antebraço,2023-09-28,2023-10-16,19,2,217886,oscar-romero
22/23,Problemas musculares,2023-07-03,2023-07-13,11,2,217886,oscar-romero
21/22,Problemas musculares na coxa,2022-04-19,2022-04-22,4,1,217886,oscar-romero
21/22,Problemas musculares na coxa,2022-03-11,2022-03-17,7,1,217886,oscar-romero
25/26,Rotura do tendão de Aquiles,2025-10-09,2026-03-09,152,29,379807,lyanco
25/26,Lesão na coxa,2025-08-15,2025-09-10,27,5,379807,lyanco
24/25,Lesão na coxa,2025-04-24,2025-05-10,17,4,379807,lyanco
23/24,Lesão desconhecida,2023-09-29,2024-01-31,125,10,379807,lyanco
21/22,Lesão na coxa,2022-02-05,2022-04-02,57,9,379807,lyanco
21/22,Coronavírus,2021-12-18,2022-01-03,17,2,379807,lyanco
20/21,Lumbago,2021-03-29,2021-04-18,21,2,379807,lyanco
19/20,Lesão no ligamento interno,2019-11-18,2020-01-15,59,8,379807,lyanco
19/20,Problemas musculares,2019-08-01,2019-09-04,35,7,379807,lyanco
18/19,Lesão desconhecida,2019-02-03,2019-02-20,18,2,379807,lyanco
17/18,Operação ao pé,2018-05-10,2018-09-29,143,9,379807,lyanco
17/18,Lesão no pé,2017-12-23,2018-05-09,138,18,379807,lyanco
17/18,Distorção do tornozelo,2017-10-14,2017-11-03,21,4,379807,lyanco
17/18,Amigdalite,2017-08-06,2017-08-22,17,2,379807,lyanco
25/26,Problemas físicos,2025-08-29,2025-10-18,51,5,1127846,julio-cesar
23/24,Problemas musculares na coxa,2024-01-31,2024-04-02,63,2,834898,vitinho
25/26,Rotura dos ligamentos cruzados,2026-02-02,,50,11,1051322,robert-santos
23/24,Recuperação ritmo competitivo,2024-03-29,2024-06-10,74,15,1051322,robert-santos
25/26,OP aos dentes,2025-08-18,2025-09-10,24,4,175169,bernard
24/25,Problemas no Joelho,2024-12-01,2025-01-28,59,5,175169,bernard
24/25,Estiramento do ligamento colateral interno do joelho,2024-09-26,2024-11-05,41,10,175169,bernard
23/24,Lesão desconhecida,2024-04-21,2024-05-06,16,2,175169,bernard
19/20,Lesão no joelho,2020-01-01,2020-01-04,4,1,175169,bernard
19/20,Lesão no joelho,2019-10-27,2019-11-30,35,4,175169,bernard
19/20,Doente,2019-09-26,2019-10-04,9,1,175169,bernard
18/19,Choque,2018-08-26,2018-09-15,21,2,175169,bernard
18/19,Choque,2018-08-09,2018-08-24,16,2,175169,bernard
17/18,Lesão no ombro,2018-03-14,2018-06-30,109,11,175169,bernard
17/18,lesão no braço,2017-10-23,2017-10-30,8,2,175169,bernard
14/15,Lesão ligamentar,2015-02-16,2015-04-02,46,6,175169,bernard
24/25,Rotura de ligamentos no joelho,2025-01-26,,422,10,1083072,caio-maia
24/25,Gripe gastrointestinal,2025-05-30,2025-06-06,8,1,989925,brahian-palacios
24/25,Lesão na coxa,2025-02-13,2025-04-28,75,15,989925,brahian-palacios
23/24,Problemas musculares na coxa,2024-03-18,2024-04-22,36,7,989925,brahian-palacios
25/26,Recuperação ritmo competitivo,2025-07-01,2025-07-21,21,,456535,agustin-rogel
24/25,Problemas musculares na coxa,2024-09-26,2024-10-18,23,2.0,456535,agustin-rogel
22/23,Operado ao joelho,2023-06-26,2024-04-08,288,32.0,456535,agustin-rogel
22/23,Lesão no joelho,2023-01-25,2023-02-16,23,3.0,456535,agustin-rogel
19/20,Fratura da clavícula,2019-08-11,2019-11-11,93,13.0,456535,agustin-rogel
24/25,Lesão no calcanhar,2025-01-23,2025-04-05,73,13,371968,clayton
24/25,Lesão na coxa,2025-05-29,2025-07-12,45,2,719635,alexandro-bernabei
25/26,Fascite plantar,2025-10-20,2025-11-19,31,5,829378,braian-aguirre
24/25,Lesão nos adutores,2024-08-15,2024-09-21,38,6,829378,braian-aguirre
23/24,Entorse na tibiotársica,2023-10-11,2023-10-22,12,1,829378,braian-aguirre
22/23,Entorse do tornozelo,2023-05-16,2023-06-09,25,3,829378,braian-aguirre
22/23,Lesão no joelho,2023-03-09,2023-03-19,11,1,829378,braian-aguirre
24/25,Lesão no joelho,2025-06-02,,295,9.0,51174,fernando
24/25,Lesão na panturrilha,2024-10-20,2024-11-20,32,4.0,51174,fernando
24/25,Lesão na coxa,2024-07-14,2024-08-13,31,6.0,51174,fernando
23/24,Lesão no ombro,2024-04-17,2024-04-28,12,3.0,51174,fernando
23/24,Lesão no ombro,2023-12-04,2024-01-28,56,11.0,51174,fernando
23/24,Problemas na virilha,2023-11-02,2023-11-06,5,1.0,51174,fernando
23/24,Problemas na virilha,2023-10-23,2023-10-27,5,1.0,51174,fernando
23/24,Problemas musculares,2023-08-25,2023-09-11,18,1.0,51174,fernando
22/23,Mononucleose,2022-09-18,2022-11-03,47,10.0,51174,fernando
21/22,Lesão no tornozelo,2022-02-28,2022-07-01,124,14.0,51174,fernando
19/20,Lesão nos adutores,2020-03-02,2020-04-30,60,1.0,51174,fernando
19/20,Lesão na virilha,2019-11-25,2019-12-05,11,2.0,51174,fernando
18/19,Problemas no Joelho,2019-02-14,2019-03-18,33,7.0,51174,fernando
18/19,Rotura muscular na coxa,2018-10-19,2018-11-19,32,5.0,51174,fernando
17/18,Ligamento intra-articular rasgado do joelho,2017-12-24,2018-02-21,60,9.0,51174,fernando
15/16,Problemas na virilha,2016-04-04,2016-04-04,1,,51174,fernando
15/16,Lesão na coxa,2015-12-07,2015-12-28,22,4.0,51174,fernando
15/16,Lesão na virilha,2015-08-03,2015-09-10,39,4.0,51174,fernando
14/15,Lesão na virilha,2014-09-01,2014-10-02,32,6.0,51174,fernando
12/13,Rotura no tendão do adutor,2012-11-05,2012-11-19,15,3.0,51174,fernando
12/13,Problemas musculares,2012-08-30,2012-09-27,29,3.0,51174,fernando
11/12,Traumatismo,2012-04-02,2012-04-16,15,1.0,51174,fernando
11/12,Lesão no joelho,2012-03-12,2012-03-22,11,2.0,51174,fernando
10/11,Flambagem do osso,2011-05-05,2011-05-12,8,1.0,51174,fernando
10/11,Tendinite,2010-12-02,2010-12-30,29,4.0,51174,fernando
10/11,Problemas musculares,2010-11-01,2010-11-22,22,4.0,51174,fernando
09/10,lesão no braço,2010-02-22,2010-03-18,25,4.0,51174,fernando
25/26,Problemas musculares na coxa,2026-02-19,2026-02-26,8,1,1253921,luis-otavio
25/26,Lesão na coxa,2025-11-29,2025-12-08,10,2,1253921,luis-otavio
25/26,Lesão na coxa,2025-10-02,2025-10-21,20,3,1253921,luis-otavio
24/25,Lesão na coxa,2025-02-03,2025-03-07,33,6,1253921,luis-otavio
24/25,Fratura do Metatarso,2025-01-12,2025-04-12,91,16,1089144,gabriel-carvalho
25/26,Entorse do tornozelo,2025-11-25,2026-01-10,47,2,1095552,gustavo-prado
25/26,Problemas musculares na coxa,2025-09-12,2025-09-20,9,1,323831,rafael-borre
24/25,Lesão da parede abdominal,2025-06-02,2025-06-11,10,2,323831,rafael-borre
24/25,Lesão na coxa,2025-04-27,2025-05-27,31,8,323831,rafael-borre
24/25,Lesão na coxa,2025-02-16,2025-03-07,20,2,323831,rafael-borre
24/25,Lesão na coxa,2024-09-26,2024-10-18,23,4,323831,rafael-borre
24/25,Lesão na coxa,2024-08-09,2024-08-24,16,3,323831,rafael-borre
20/21,Coronavírus,2021-05-15,2021-05-23,9,2,323831,rafael-borre
20/21,Choque,2021-05-05,2021-05-08,4,1,323831,rafael-borre
19/20,Choque,2020-12-03,2020-12-07,5,1,323831,rafael-borre
20/21,Coronavírus,2020-11-07,2020-11-18,12,4,323831,rafael-borre
19/20,Problemas na anca,2020-03-03,2020-03-07,5,1,323831,rafael-borre
18/19,Traumatismo no pé,2018-10-25,2018-10-30,6,1,323831,rafael-borre
25/26,Lumbago,2026-01-30,2026-02-03,5,1,193782,lucas-alario
25/26,Febre,2026-01-21,2026-02-25,36,2,193782,lucas-alario
25/26,Lesão na coxa,2025-10-08,2025-11-05,29,3,193782,lucas-alario
24/25,Fadiga muscular,2025-02-19,2025-02-23,5,1,193782,lucas-alario
23/24,Traumatismo grade costal,2024-04-22,2024-04-28,7,1,193782,lucas-alario
22/23,Operado ao joelho,2023-06-21,2023-10-19,121,12,193782,lucas-alario
22/23,Lesão no joelho,2023-05-03,2023-06-20,49,5,193782,lucas-alario
22/23,Constipação,2023-03-03,2023-03-07,5,1,193782,lucas-alario
21/22,Problemas musculares,2021-10-25,2021-10-29,5,1,193782,lucas-alario
21/22,Rotura no tendão do adutor,2021-08-03,2021-09-06,35,5,193782,lucas-alario
20/21,Lesão na coxa,2021-04-30,2021-07-19,81,12,193782,lucas-alario
20/21,Problemas no Joelho,2020-11-29,2020-12-11,13,4,193782,lucas-alario
17/18,Queixas adutores,2017-12-18,2018-01-03,17,1,193782,lucas-alario
15/16,Lesão no ombro,2015-10-01,2015-10-30,30,5,193782,lucas-alario
15/16,Entorse do tornozelo,2015-08-06,2015-08-20,15,2,193782,lucas-alario
14/15,Muskelbündelriss,2015-03-10,2015-04-15,37,5,193782,lucas-alario
24/25,Lesão do ligamento cruzado,2024-12-07,2025-09-01,269,46,1082818,lucca-drummond
25/26,Problemas musculares na coxa,2025-07-19,2025-08-02,15,4,1044132,ricardo-mathias
24/25,Lesão na coxa,2025-05-26,2025-06-11,17,2,1044132,ricardo-mathias
24/25,Lesão tornozelo,2024-11-10,2025-02-17,100,17.0,346018,jamal-lewis
21/22,Operação na virilha,2022-03-01,2022-05-01,62,12.0,346018,jamal-lewis
21/22,Lesão na coxa,2021-12-17,2022-01-14,29,3.0,346018,jamal-lewis
20/21,Rotura muscular na coxa,2021-02-04,2021-02-05,2,,346018,jamal-lewis
20/21,Problemas no Joelho,2020-12-31,2021-01-15,16,3.0,346018,jamal-lewis
20/21,Fratura na face,2020-09-21,2020-09-26,6,1.0,346018,jamal-lewis
19/20,Amigdalite,2020-01-05,2020-01-10,6,,346018,jamal-lewis
19/20,Lesão no joelho,2019-11-18,2019-11-30,13,2.0,346018,jamal-lewis
19/20,lesão no braço,2019-09-29,2019-10-04,6,,346018,jamal-lewis
17/18,Lesão no joelho,2017-07-31,2018-01-01,155,15.0,346018,jamal-lewis
25/26,Problemas no Joelho,2025-10-26,2025-11-30,36,3,697065,santiago-longo
25/26,Problemas no Joelho,2025-10-08,2025-10-21,14,2,697065,santiago-longo
24/25,Distensão muscular,2024-07-30,2024-08-06,8,1,697065,santiago-longo
25/26,Recuperação ritmo competitivo,2026-01-24,2026-02-02,10,2.0,10471,luiz-gustavo
24/25,Contusão pulmonar,2025-04-03,2025-09-24,175,35.0,10471,luiz-gustavo
24/25,Lesão num dedo do pé,2025-01-17,2025-03-28,71,14.0,10471,luiz-gustavo
23/24,Problemas no tendão de Aquiles,2024-02-24,2024-04-29,66,11.0,10471,luiz-gustavo
21/22,Recuperação ritmo competitivo,2022-03-07,2022-03-14,8,1.0,10471,luiz-gustavo
21/22,Rotura num tendão,2022-01-28,2022-03-07,39,8.0,10471,luiz-gustavo
21/22,Tendinite,2021-12-25,2022-01-11,18,3.0,10471,luiz-gustavo
21/22,Lesão na coxa,2021-10-30,2021-11-26,28,4.0,10471,luiz-gustavo
20/21,Edema no joelho,2021-02-02,2021-03-05,32,6.0,10471,luiz-gustavo
20/21,Coronavírus,2020-12-24,2021-01-02,10,,10471,luiz-gustavo
19/20,Lesão desconhecida,2020-07-18,2020-07-26,9,2.0,10471,luiz-gustavo
18/19,Doente,2019-02-04,2019-02-15,12,2.0,10471,luiz-gustavo
18/19,Traumatismo no joelho,2019-01-19,2019-01-24,6,1.0,10471,luiz-gustavo
16/17,Lesão muscular,2016-09-16,2016-10-12,27,4.0,10471,luiz-gustavo
15/16,Tensão muscular,2015-11-23,2016-01-20,59,6.0,10471,luiz-gustavo
15/16,Problemas no Joelho,2015-09-17,2015-09-21,5,1.0,10471,luiz-gustavo
14/15,Rotura do menisco lateral,2015-06-02,2015-08-19,79,9.0,10471,luiz-gustavo
14/15,Pequena lesão,2015-04-20,2015-04-21,2,,10471,luiz-gustavo
13/14,Problemas no Joelho,2013-08-08,2013-08-12,5,1.0,10471,luiz-gustavo
12/13,Operação na virilha,2012-11-19,2013-01-28,71,11.0,10471,luiz-gustavo
12/13,Tensão muscular,2012-11-05,2012-11-15,11,2.0,10471,luiz-gustavo
12/13,Rotura muscular,2012-10-29,2012-11-01,4,,10471,luiz-gustavo
11/12,Traumatismo,2011-09-19,2011-09-22,4,,10471,luiz-gustavo
10/11,Constipação,2011-03-03,2011-03-07,5,1.0,10471,luiz-gustavo
10/11,Lesão nos adutores,2010-12-20,2010-12-20,1,,10471,luiz-gustavo
09/10,Lesão tornozelo,2009-07-30,2009-09-03,36,4.0,10471,luiz-gustavo
08/09,Lesão tornozelo,2008-10-27,2008-10-28,2,,10471,luiz-gustavo
25/26,Lesão na coxa,2025-11-06,2025-11-22,17,2.0,468301,marcos-antonio
25/26,Problemas musculares,2025-09-26,2025-10-01,6,1.0,468301,marcos-antonio
25/26,Lesão na coxa,2025-08-25,2025-09-09,16,1.0,468301,marcos-antonio
24/25,Lesão na coxa,2025-05-18,2025-06-27,41,5.0,468301,marcos-antonio
23/24,Recuperação ritmo competitivo,2023-11-02,2023-11-30,29,4.0,468301,marcos-antonio
23/24,Lesão muscular,2023-08-02,2023-11-02,93,12.0,468301,marcos-antonio
22/23,Lesão no tornozelo,2023-05-17,2023-05-25,9,1.0,468301,marcos-antonio
22/23,Gripe gastrointestinal,2023-02-21,2023-02-23,3,,468301,marcos-antonio
25/26,Pancada na coxa,2026-02-11,2026-02-21,11,1,861852,damian-bobadilla
23/24,Fratura na grelha costal,2023-11-28,2024-01-08,42,1,861852,damian-bobadilla
24/25,Lesão no tornozelo,2025-04-14,2025-05-26,43,12,1009031,henrique-carmo
25/26,Lesão muscular,2025-07-07,2025-07-15,9,1,1219849,lucas-ferreira
25/26,Lesão do ligamento cruzado,2025-08-25,2026-02-28,188,32,565232,andre-silva
23/24,Lesão desconhecida,2023-12-10,2023-12-17,8,1,565232,andre-silva
22/23,Lesão muscular,2022-08-20,2022-11-02,75,10,565232,andre-silva
25/26,Rotura dos ligamentos cruzados,2025-07-13,,254,49,1202387,ryan-francisco
25/26,Fissur des Wadenbeins,2026-02-12,2026-04-12,60,6,527494,robert-rojas
24/25,Lesão na cabeça,2024-07-07,2024-07-16,10,1,527494,robert-rojas
23/24,Lesão na cabeça,2024-06-14,2024-06-25,12,3,527494,robert-rojas
23/24,Lesão no pé,2023-10-31,2023-11-09,10,1,527494,robert-rojas
21/22,Fratura da tíbia e do perónio,2022-04-07,2022-11-30,238,51,527494,robert-rojas
21/22,Pubalgia,2022-02-04,2022-02-18,15,2,527494,robert-rojas
21/22,Pubalgia,2021-07-26,2021-08-09,15,4,527494,robert-rojas
20/21,Coronavírus,2021-05-15,2021-05-23,9,2,527494,robert-rojas
18/19,Entorse na tibiotársica,2019-03-04,2019-03-27,24,2,527494,robert-rojas
24/25,Problemas físicos,2024-07-16,2024-07-27,12,2.0,73741,souza
22/23,Problemas no Joelho,2023-01-14,2023-02-06,24,5.0,73741,souza
22/23,Problemas no Joelho,2023-01-05,2023-01-13,9,1.0,73741,souza
22/23,inflamação no joelho,2022-11-05,2022-12-22,48,2.0,73741,souza
22/23,Recuperação ritmo competitivo,2022-08-22,2022-08-30,9,1.0,73741,souza
22/23,Rotura do menisco,2022-07-18,2022-08-22,36,3.0,73741,souza
21/22,Rotura muscular na coxa,2022-02-26,2022-03-08,11,2.0,73741,souza
21/22,Lesão desconhecida,2022-02-10,2022-02-17,8,1.0,73741,souza
21/22,Rotura muscular na coxa,2022-01-22,2022-02-04,14,,73741,souza
21/22,Rotura muscular na coxa,2021-10-25,2021-10-31,7,1.0,73741,souza
20/21,Fissura parcial muscular,2020-12-26,2021-01-02,8,1.0,73741,souza
20/21,Lesão desconhecida,2020-12-03,2020-12-07,5,1.0,73741,souza
19/20,Coronavírus,2020-07-26,2020-08-09,15,,73741,souza
19/20,Lesão no joelho,2020-01-29,2020-02-25,28,6.0,73741,souza
18/19,Ferimento na musculatura da barriga,2019-01-22,2019-05-21,120,21.0,73741,souza
17/18,Lesão desconhecida,2018-02-05,2018-02-08,4,1.0,73741,souza
17/18,Lesão desconhecida,2018-01-15,2018-01-18,4,1.0,73741,souza
16/17,Lesão desconhecida,2016-08-17,2016-08-29,13,4.0,73741,souza
15/16,Lesão na virilha,2015-09-14,2015-10-02,19,4.0,73741,souza
22/23,Problemas musculares na coxa,2023-07-06,2023-07-09,4,1,659264,juan-sforza
22/23,Entorse do tornozelo,2023-03-29,2023-04-08,11,2,659264,juan-sforza
22/23,Problemas na tibiotársica,2022-09-16,2022-09-22,7,1,659264,juan-sforza
24/25,Muskelbündelriss,2025-04-28,2025-05-09,12,3,313830,pablo-galdames
23/24,Lesão no pé,2024-06-23,2024-07-16,24,5,313830,pablo-galdames
22/23,Lesão no joelho,2022-09-14,2022-10-28,45,6,313830,pablo-galdames
25/26,Problemas na panturrilha,2025-07-13,2025-07-29,17,4,80444,philippe-coutinho
24/25,Lesão na coxa,2024-08-04,2024-09-14,42,7,80444,philippe-coutinho
24/25,Recuperação ritmo competitivo,2024-07-09,2024-07-20,12,2,80444,philippe-coutinho
23/24,Lesão desconhecida,2023-11-08,2023-12-11,34,6,80444,philippe-coutinho
23/24,Lesão na coxa,2023-08-20,2023-09-25,37,7,80444,philippe-coutinho
23/24,Lesão desconhecida,2023-08-20,2023-09-24,36,7,80444,philippe-coutinho
22/23,Lesão na coxa,2022-11-05,2022-12-25,51,3,80444,philippe-coutinho
21/22,Coronavírus,2021-12-30,2022-01-13,15,3,80444,philippe-coutinho
21/22,Recuperação ritmo competitivo,2021-08-08,2021-08-25,18,2,80444,philippe-coutinho
20/21,Rotura do menisco lateral,2020-12-30,2021-08-07,221,42,80444,philippe-coutinho
20/21,Lesão na coxa,2020-10-25,2020-11-20,27,6,80444,philippe-coutinho
19/20,Problemas na tibiotársica,2020-04-24,2020-06-25,63,9,80444,philippe-coutinho
18/19,Lesão na coxa,2019-05-13,2019-05-23,11,1,80444,philippe-coutinho
18/19,Muskelbündelriss,2018-11-07,2018-11-26,20,4,80444,philippe-coutinho
17/18,Lesão na coxa,2017-12-30,2018-01-24,26,6,80444,philippe-coutinho
17/18,Problemas físicos,2017-10-26,2017-11-07,13,3,80444,philippe-coutinho
17/18,Problemas nas costas,2017-08-03,2017-08-28,26,5,80444,philippe-coutinho
16/17,Lesão no tornozelo,2016-11-27,2017-01-09,44,9,80444,philippe-coutinho
15/16,Lesão na coxa,2016-01-07,2016-01-28,22,6,80444,philippe-coutinho
15/16,Rotura muscular na coxa,2015-11-23,2015-12-10,18,4,80444,philippe-coutinho
14/15,Problemas no Joelho,2015-06-12,2015-06-15,4,1,80444,philippe-coutinho
14/15,Lesão na virilha,2014-09-18,2014-09-25,8,2,80444,philippe-coutinho
13/14,Lesão no ombro,2013-09-16,2013-10-31,46,8,80444,philippe-coutinho
12/13,Problemas físicos,2012-12-17,2013-02-04,50,9,80444,philippe-coutinho
12/13,Traumatismo tibioperoneal,2012-10-25,2012-11-19,26,6,80444,philippe-coutinho
11/12,Lumbago,2012-01-19,2012-01-26,8,3,80444,philippe-coutinho
11/12,Problemas físicos,2011-10-13,2011-11-10,29,6,80444,philippe-coutinho
10/11,Lesão no joelho,2010-11-18,2011-01-24,68,13,80444,philippe-coutinho
20/21,Lesão desconhecida,2021-04-22,2021-04-28,7,1,207561,maxime-dominguez
20/21,Lesão desconhecida,2020-10-19,2020-11-18,31,2,207561,maxime-dominguez
18/19,Artroscopia,2019-01-15,2019-02-21,38,3,207561,maxime-dominguez
17/18,Lesão desconhecida,2017-12-14,2018-05-11,149,16,207561,maxime-dominguez
17/18,Lesão desconhecida,2017-08-17,2017-09-26,41,6,207561,maxime-dominguez
16/17,Doente,2017-03-31,2017-04-12,13,2,207561,maxime-dominguez
23/24,Problemas no Joelho,2024-06-29,2025-07-14,381,67,1083969,guilherme-estrella
21/22,Fratura do Metatarso,2021-07-21,2021-09-01,43,7,715140,emerson-rodriguez
20/21,Lesão muscular,2020-09-09,2020-10-05,27,4,715140,emerson-rodriguez
19/20,Lesão no joelho,2020-01-20,2020-03-10,51,9,715140,emerson-rodriguez
25/26,Lesão nos ligamentos do tornozelo,2025-12-11,2026-02-04,56,8.0,240913,lucas-villalba
24/25,Fadiga muscular,2025-05-05,2025-05-10,6,1.0,240913,lucas-villalba
24/25,Lesão na coxa,2024-12-02,2024-12-31,30,2.0,240913,lucas-villalba
23/24,Lesão ligamentar,2023-11-18,2023-12-18,31,1.0,240913,lucas-villalba
20/21,Coronavírus,2020-08-13,2020-08-27,15,,240913,lucas-villalba
22/23,Lesão no tornozelo,2023-01-19,2024-01-05,352,,668262,weverton
25/26,Lesão no joelho,2026-02-02,2026-03-04,31,7,1083207,jonathan-jesus
25/26,Traumatismo no joelho,2025-09-28,2025-10-04,7,1,1083207,jonathan-jesus
24/25,Vírus,2025-03-27,2025-04-05,10,2,1083207,jonathan-jesus
24/25,Problemas musculares,2025-04-02,2025-04-08,7,1,323954,walace
24/25,Lesão na coxa,2024-11-28,2024-12-31,34,3,323954,walace
24/25,Amigdalite,2024-09-16,2024-09-25,10,2,323954,walace
24/25,Recuperação ritmo competitivo,2024-07-09,2024-07-23,15,3,323954,walace
20/21,Problemas musculares,2020-11-01,2020-11-28,28,4,323954,walace
20/21,Problemas musculares,2020-09-17,2020-10-23,37,4,323954,walace
19/20,Lesão no ombro,2020-07-20,2020-07-24,5,1,323954,walace
18/19,Doente,2018-11-23,2018-11-28,6,1,323954,walace
17/18,Problemas no Joelho,2018-01-11,2018-01-15,5,1,323954,walace
17/18,Problemas nas costas,2017-12-14,2018-01-01,19,1,323954,walace
17/18,Traumatismo no joelho,2017-11-16,2017-11-23,8,1,323954,walace
24/25,Entorse do tornozelo,2024-12-03,2024-12-16,14,2,450211,jose-cifuentes
23/24,Choque,2023-10-17,2023-10-27,11,3,450211,jose-cifuentes
20/21,Coronavírus,2020-11-16,2020-11-30,15,2,450211,jose-cifuentes
24/25,Lesão na coxa,2024-09-15,2024-10-22,38,6,1072630,vitinho
25/26,Problema nos flexores do quadril,2026-01-23,2026-01-27,5,1,613873,alvaro-barreal
24/25,Lesão na coxa,2025-04-21,2025-05-11,21,3,613873,alvaro-barreal
24/25,Problemas na virilha,2024-12-05,2025-02-22,80,7,613873,alvaro-barreal
24/25,Contusão no tornozelo,2024-08-26,2024-08-31,6,1,613873,alvaro-barreal
23/24,Vírus,2024-06-27,2024-07-02,6,1,613873,alvaro-barreal
23/24,Entorse no joelho,2024-06-13,2024-06-22,10,2,613873,alvaro-barreal
25/26,Lesão nos ligamentos do tornozelo,2026-02-13,2026-02-17,5,1,1253814,kaique-kenji
25/26,Artroscopia,2025-10-06,2025-12-08,64,11,288786,juan-dinenno
24/25,Lesão do ligamento cruzado,2024-08-28,2025-04-16,232,34,288786,juan-dinenno
23/24,Lesão no púbis,2024-05-27,2024-07-23,58,13,288786,juan-dinenno
23/24,Fratura do nariz,2024-04-13,2024-05-26,44,8,288786,juan-dinenno
24/25,Problemas musculares na coxa,2024-08-26,2024-09-05,11,2,720294,lautaro-diaz
23/24,Lesão desconhecida,2024-03-01,2024-04-27,58,12,720294,lautaro-diaz
22/23,Lesão muscular,2023-05-19,2023-06-02,15,3,720294,lautaro-diaz
21/22,Muskelkater,2022-01-30,2022-02-13,15,1,720294,lautaro-diaz
24/25,Problemas musculares na coxa,2024-10-27,2025-09-01,310,33,213619,rafa-silva
24/25,Problemas com o tendão rotuliano,2024-08-14,2024-10-22,70,13,213619,rafa-silva
23/24,Lesão na coxa,2024-06-16,2024-08-09,55,12,213619,rafa-silva
23/24,Recuperação ritmo competitivo,2024-02-03,2024-03-12,39,7,213619,rafa-silva
22/23,Lesão desconhecida,2023-10-23,2023-11-10,19,5,213619,rafa-silva
22/23,Lesão no joelho,2022-10-11,2023-03-07,148,6,213619,rafa-silva
20/21,Lesão no joelho,2020-08-14,2021-01-31,171,23,213619,rafa-silva
17/18,Distensão dos adutores,2017-05-14,2017-06-17,35,4,213619,rafa-silva
25/26,Lesão na coxa,2025-08-03,2025-08-27,25,6,29241,thiago-silva
24/25,Lesão na coxa,2025-04-14,2025-05-10,27,7,29241,thiago-silva
24/25,Lesão no calcanhar,2025-02-09,2025-03-08,28,5,29241,thiago-silva
24/25,Lesão no calcanhar,2024-09-26,2024-10-31,36,5,29241,thiago-silva
24/25,Lesão no tornozelo,2024-09-19,2024-09-24,6,1,29241,thiago-silva
23/24,Lesão desconhecida,2024-05-01,2024-05-05,5,1,29241,thiago-silva
23/24,Lesão desconhecida,2024-02-13,2024-03-01,18,3,29241,thiago-silva
22/23,Lesão ligamentar,2023-02-27,2023-04-10,43,7,29241,thiago-silva
22/23,Lesão no joelho,2023-02-26,2023-04-10,44,7,29241,thiago-silva
21/22,Coronavírus,2022-01-05,2022-01-11,7,2,29241,thiago-silva
21/22,Problemas no Joelho,2021-12-26,2021-12-31,6,1,29241,thiago-silva
20/21,Problemas musculares na coxa,2021-02-05,2021-03-07,31,7,29241,thiago-silva
20/21,Choque,2020-09-10,2020-09-22,13,2,29241,thiago-silva
19/20,Rotura muscular na coxa,2020-02-24,2020-03-15,21,3,29241,thiago-silva
19/20,Lesão na virilha,2020-01-27,2020-02-10,15,4,29241,thiago-silva
19/20,Doente,2019-10-30,2019-11-03,5,1,29241,thiago-silva
19/20,Gestão de esforço,2019-09-24,2019-09-26,3,1,29241,thiago-silva
18/19,Lesão meniscal,2019-04-15,2019-06-04,51,8,29241,thiago-silva
18/19,Queixas adutores,2018-10-18,2018-10-30,13,3,29241,thiago-silva
17/18,Lesão muscular,2017-10-05,2017-10-19,15,3,29241,thiago-silva
16/17,Problemas na panturrilha,2017-02-09,2017-02-20,12,3,29241,thiago-silva
16/17,Lesão na anca,2016-07-28,2016-09-12,47,7,29241,thiago-silva
15/16,Lesão no joelho,2016-01-11,2016-02-01,22,6,29241,thiago-silva
14/15,Pequena lesão,2015-04-16,2015-04-27,12,3,29241,thiago-silva
14/15,Pancada na coxa,2014-11-24,2014-11-27,4,1,29241,thiago-silva
14/15,Lesão na coxa,2014-08-14,2014-10-20,68,15,29241,thiago-silva
13/14,Lesão na coxa,2013-09-23,2013-11-04,43,10,29241,thiago-silva
12/13,Lesão na coxa,2013-01-14,2013-03-04,50,11,29241,thiago-silva
12/13,Problemas na anca,2012-08-30,2012-09-03,5,1,29241,thiago-silva
11/12,Problemas musculares,2012-03-26,2012-05-10,46,10,29241,thiago-silva
11/12,Pequena lesão,2011-10-20,2011-10-27,8,1,29241,thiago-silva
10/11,Problemas no Joelho,2010-12-09,2010-12-27,19,2,29241,thiago-silva
10/11,Lesão no tornozelo,2010-10-18,2010-10-28,11,2,29241,thiago-silva
10/11,Problemas musculares,2010-09-13,2010-09-16,4,1,29241,thiago-silva
04/05,Tuberculose,2005-01-01,2005-12-31,365,34,29241,thiago-silva
25/26,Estiramento do ligamento colateral interno do joelho,2025-07-24,2025-08-18,26,7,480686,gabriel-fuentes
24/25,Lesão na coxa,2025-03-13,2025-04-25,44,9,480686,gabriel-fuentes
25/26,Lesão do ligamento cruzado,2026-02-25,2026-03-27,31,6,898350,facundo-bernal
24/25,Lesão na coxa,2025-05-12,2025-06-16,36,6,898350,facundo-bernal
24/25,lesão na perna,2025-02-17,2025-03-01,13,2,898350,facundo-bernal
22/23,Rotura dos ligamentos cruzados,2022-10-05,2023-07-25,294,30,898350,facundo-bernal
22/23,Lesão desconhecida,2022-09-24,2022-09-27,4,1,898350,facundo-bernal
21/22,Rotura muscular na coxa,2022-02-20,2022-03-01,10,1,898350,facundo-bernal
24/25,Lesão ligamentar,2025-03-22,2025-05-08,48,11,1219752,isaque
24/25,Problemas musculares na coxa,2024-10-09,2024-11-07,30,4,745927,kevin-serna
24/25,Lesão na panturrilha,2024-08-08,2024-08-17,10,2,745927,kevin-serna
22/23,Lesão desconhecida,2022-07-25,2022-07-30,6,1,745927,kevin-serna
24/25,Lesão no joelho,2025-03-17,2025-05-20,65,14,1219749,riquelme
25/26,Ruptura muscular,2025-09-01,2025-09-19,19,1,54534,agustin-marchesin
24/25,Lesão na cabeça,2024-12-05,2024-12-09,5,1,54534,agustin-marchesin
23/24,Lesão na coxa,2024-02-29,2024-04-01,33,5,54534,agustin-marchesin
22/23,Rotura do tendão de Aquiles,2023-02-03,2023-08-18,197,20,54534,agustin-marchesin
21/22,Lesão no joelho,2021-08-19,2021-09-26,39,6,54534,agustin-marchesin
20/21,Traumatismo grade costal,2020-10-01,2020-10-14,14,3,54534,agustin-marchesin
15/16,Problemas físicos,2016-05-16,2016-07-16,62,8,54534,agustin-marchesin
24/25,Fratura do punho,2025-05-13,2025-07-12,61,9,1156563,igor-serrote
25/26,Problemas musculares na coxa,2026-02-05,2026-02-28,24,5,828045,miguel-monsalve
25/26,lesão na perna,2025-11-10,2026-02-03,86,11,828045,miguel-monsalve
25/26,Lesão no ombro,2025-07-17,2025-10-25,101,17,828045,miguel-monsalve
24/25,Lesão muscular,2025-05-21,2025-07-12,53,4,828045,miguel-monsalve
24/25,Problemas físicos,2025-06-02,2025-07-12,41,2,662742,alexander-aravena
24/25,Problemas musculares,2025-04-28,2025-05-12,15,4,662742,alexander-aravena
24/25,Problemas musculares na coxa,2025-02-20,2025-03-17,26,5,662742,alexander-aravena
24/25,Problemas musculares,2024-12-05,2024-12-09,5,1,662742,alexander-aravena
22/23,Problemas musculares,2023-04-21,2023-05-05,15,1,662742,alexander-aravena
20/21,Muskelquetschung,2021-01-07,2021-01-19,13,3,662742,alexander-aravena
20/21,Rotura muscular na coxa,2020-12-19,2020-12-30,12,3,662742,alexander-aravena
25/26,Choque,2026-02-13,2026-02-20,8,1,1005583,alysson
25/26,Problemas no Joelho,2026-01-01,2026-02-09,40,9,1005583,alysson
25/26,Problemas na panturrilha,2025-10-17,2025-10-25,9,1,1005583,alysson
25/26,Entorse do tornozelo,2025-08-24,2025-09-12,20,1,1005583,alysson
25/26,Operação ao tendão de Aquiles,2025-09-14,2026-03-18,186,33,95732,martin-braithwaite
25/26,Lesão no tornozelo,2025-07-11,2025-07-18,8,2,95732,martin-braithwaite
24/25,Entorse do tornozelo,2025-04-03,2025-04-07,5,1,95732,martin-braithwaite
24/25,Lesão nos adutores,2025-03-17,2025-04-01,16,1,95732,martin-braithwaite
23/24,Lesão muscular,2023-08-26,2023-09-03,9,1,95732,martin-braithwaite
22/23,Pancada na coxa,2023-05-18,2023-05-23,6,1,95732,martin-braithwaite
21/22,Coronavírus,2022-04-29,2022-05-06,8,1,95732,martin-braithwaite
21/22,Lesão no joelho,2021-08-30,2022-01-20,144,32,95732,martin-braithwaite
20/21,Lesão no tornozelo,2021-04-20,2021-05-04,15,4,95732,martin-braithwaite
20/21,Lesão na coxa,2021-02-09,2021-02-16,8,2,95732,martin-braithwaite
20/21,Quarentena,2020-11-10,2020-11-13,4,1,95732,martin-braithwaite
20/21,Lesão muscular,2020-09-20,2020-09-30,11,1,95732,martin-braithwaite
15/16,Queixas adutores,2015-12-06,2015-12-17,12,2,95732,martin-braithwaite
10/11,Fratura do perónio,2011-03-20,2011-06-30,103,13,95732,martin-braithwaite
24/25,Problemas musculares,2025-04-20,2025-05-03,14,3,611426,matias-arezo
23/24,Problemas musculares,2023-07-01,2023-07-10,10,2,611426,matias-arezo
22/23,Muskelkater,2023-06-30,2023-07-03,4,1,611426,matias-arezo
22/23,Lesão muscular,2023-03-14,2023-03-22,9,1,611426,matias-arezo
20/21,Lesão desconhecida,2021-02-02,2021-02-05,4,1,611426,matias-arezo
20/21,Lesão muscular,2020-11-13,2020-11-23,11,1,611426,matias-arezo
22/23,Rotura dos ligamentos cruzados,2023-01-01,2023-10-02,275,22,789856,caio-roque
24/25,Lesão na coxa,2025-04-18,2025-05-24,37,10.0,120443,santiago-arias
24/25,Lesão na coxa,2025-01-11,2025-02-08,29,8.0,120443,santiago-arias
23/24,lesão na perna,2023-10-13,2023-11-02,21,3.0,120443,santiago-arias
22/23,Lesão na panturrilha,2023-04-17,2023-05-13,27,5.0,120443,santiago-arias
22/23,lesão na perna,2023-03-01,2023-03-15,15,2.0,120443,santiago-arias
21/22,Lesão na coxa,2021-12-23,2022-04-29,128,20.0,120443,santiago-arias
20/21,Fratura do perónio,2020-10-11,2021-07-17,280,53.0,120443,santiago-arias
19/20,Lesão na virilha,2020-01-24,2020-02-14,22,3.0,120443,santiago-arias
18/19,Lesão na coxa,2019-03-13,2019-04-01,20,4.0,120443,santiago-arias
18/19,Fratura na grelha costal,2018-09-08,2018-09-24,17,4.0,120443,santiago-arias
17/18,Lesão na virilha,2017-11-06,2017-11-20,15,3.0,120443,santiago-arias
17/18,Problemas físicos,2017-08-26,2017-08-31,6,1.0,120443,santiago-arias
14/15,Lesão no tornozelo,2015-03-05,2015-06-01,89,10.0,120443,santiago-arias
14/15,Lesão no pé,2015-02-20,2015-02-27,8,2.0,120443,santiago-arias
14/15,Lesão na virilha,2014-08-21,2014-08-30,10,3.0,120443,santiago-arias
12/13,Problemas musculares na coxa,2012-10-30,2012-11-23,25,4.0,120443,santiago-arias
11/12,Hematoma,2011-08-04,2011-08-09,6,,120443,santiago-arias
25/26,Lesão nos ligamentos do tornozelo,2026-01-26,,59,15,1220614,ruan-pablo
23/24,Lesão na coxa,2023-10-23,2024-01-16,86,10.0,388266,oscar-estupinan
21/22,Coronavírus,2022-01-06,2022-01-14,9,,388266,oscar-estupinan
21/22,Lesão desconhecida,2021-08-03,2021-08-15,13,,388266,oscar-estupinan
19/20,Lesão desconhecida,2019-10-27,2019-11-11,16,3.0,388266,oscar-estupinan
18/19,Lesão muscular,2018-08-21,2018-10-03,44,4.0,388266,oscar-estupinan
24/25,Fadiga muscular,2025-04-11,2025-04-16,6,1,856143,luciano-rodriguez
20/21,Lesão desconhecida,2021-01-01,2021-04-07,97,14,564919,joao-neto
24/25,Rotura muscular na coxa,2025-04-22,2025-05-04,13,2.0,149716,ivan-cavaleiro
23/24,Pubalgia,2024-01-18,2024-03-03,46,8.0,149716,ivan-cavaleiro
23/24,Queixas adutores,2023-12-19,2024-01-12,25,2.0,149716,ivan-cavaleiro
22/23,Lesão desconhecida,2023-05-12,2023-05-19,8,1.0,149716,ivan-cavaleiro
21/22,Recuperação ritmo competitivo,2021-12-19,2022-01-18,31,4.0,149716,ivan-cavaleiro
21/22,Lesão na virilha,2021-10-16,2021-12-18,64,10.0,149716,ivan-cavaleiro
20/21,Lesão na coxa,2020-12-18,2020-12-25,8,1.0,149716,ivan-cavaleiro
20/21,Problemas musculares na coxa,2020-10-23,2020-10-30,8,1.0,149716,ivan-cavaleiro
19/20,Problemas musculares na coxa,2020-07-15,2020-07-29,15,3.0,149716,ivan-cavaleiro
18/19,Lesão nas costas,2018-08-04,2018-09-16,44,5.0,149716,ivan-cavaleiro
15/16,Problemas nas costas,2016-01-11,2016-03-07,57,11.0,149716,ivan-cavaleiro
15/16,Problemas nas costas,2015-11-06,2015-12-20,45,9.0,149716,ivan-cavaleiro
14/15,Meniskusschaden,2015-06-17,2015-06-21,5,,149716,ivan-cavaleiro
25/26,Entorse do tornozelo,2025-10-13,2025-12-02,51,9,1082593,vinicinho
25/26,Entorse do tornozelo,2025-08-04,2025-09-13,41,5,1082593,vinicinho
25/26,Lesão no ombro,2026-02-09,,45,7,899060,filipe
25/26,Lesão no ombro,2025-08-23,2025-11-02,72,10,899060,filipe
24/25,Traumatismo no joelho,2024-09-20,2024-09-25,6,1,661245,mateo-gamarra
23/24,Lesão na panturrilha,2024-05-06,2024-05-11,6,1,661245,mateo-gamarra
23/24,Lesão muscular,2024-01-16,2024-02-24,40,10,369556,leonardo-godoy
23/24,Lesão no joelho,2023-08-25,2023-09-10,17,4,369556,leonardo-godoy
22/23,Lesão muscular,2023-06-23,2023-07-08,16,3,369556,leonardo-godoy
22/23,Lesão muscular,2023-02-12,2023-02-28,17,3,369556,leonardo-godoy
18/19,Fratura do perónio,2019-02-16,2019-08-19,185,16,369556,leonardo-godoy
25/26,Problemas musculares,2026-01-18,2026-02-18,32,7,1115489,felipinho
23/24,Doente,2024-06-18,2024-08-06,50,14,1115489,felipinho
24/25,Lesão desconhecida,2025-03-17,2025-05-23,68,9,825780,ze-vitor
25/26,Gripe,2026-01-17,2026-01-20,4,1,439108,lucas-di-yorio
25/26,Operado ao joelho,2025-09-11,2025-09-21,11,2,439108,lucas-di-yorio
25/26,Lesão meniscal,2025-07-26,2025-08-07,13,2,439108,lucas-di-yorio
25/26,Rotura muscular na coxa,2025-09-24,2025-10-16,23,3,422700,tomas-cardona
25/26,Ruptura muscular,2025-08-29,2025-09-17,20,3,422700,tomas-cardona
24/25,Lesão desconhecida,2025-03-25,2025-04-11,18,4,422700,tomas-cardona
24/25,Problemas musculares na coxa,2024-10-05,2024-11-21,48,4,422700,tomas-cardona
23/24,Problemas musculares na coxa,2024-04-12,2024-05-20,39,7,422700,tomas-cardona
23/24,Problemas musculares,2023-09-13,2023-09-23,11,2,422700,tomas-cardona
24/25,Traumatismo no joelho,2025-03-02,2025-03-14,13,2.0,888545,eros-mancuso
24/25,Lesão nos adutores,2024-07-29,2024-08-23,26,5.0,888545,eros-mancuso
24/25,Distensão muscular,2024-07-22,2024-07-26,5,1.0,888545,eros-mancuso
24/25,Distensão muscular,2024-07-02,2024-07-09,8,,888545,eros-mancuso
23/24,Lesão muscular,2024-03-01,2024-03-11,11,3.0,888545,eros-mancuso
22/23,Lesão na virilha,2023-04-06,2023-05-26,51,9,402825,luquinhas
24/25,Lesão na coxa,2025-01-21,2025-02-14,25,7,739272,adriano-martins
23/24,Lesão na cabeça,2024-04-14,2024-04-23,10,2,739272,adriano-martins
24/25,lesão na perna,2024-08-12,2024-10-17,67,7,848561,yeferson-rodallega
24/25,Entorse do tornozelo,2024-10-16,2024-11-19,35,4,898036,rafael-haller
22/23,Problemas musculares,2022-07-05,2022-07-13,9,1,898036,rafael-haller
24/25,Lesão nos adutores,2024-08-07,2024-08-17,11,1,196520,gonzalo-freitas
23/24,Lesão desconhecida,2024-03-11,2024-04-10,31,4,196520,gonzalo-freitas
22/23,Lesão desconhecida,2023-04-17,2023-04-26,10,1,196520,gonzalo-freitas
18/19,Queixas adutores,2018-07-28,2018-08-01,5,1,196520,gonzalo-freitas
16/17,Lesão muscular,2017-04-14,2017-05-01,18,3,196520,gonzalo-freitas
16/17,Problemas no Joelho,2017-03-07,2017-03-22,16,2,196520,gonzalo-freitas
16/17,Lesão muscular,2016-09-16,2016-09-26,11,2,196520,gonzalo-freitas
15/16,Lesão no tornozelo,2016-02-13,2016-02-23,11,2,196520,gonzalo-freitas
25/26,Rotura num tendão,2025-08-12,2025-09-15,35,9,868491,alejo-cruz
22/23,Muskelbündelriss,2023-06-13,2023-07-04,22,4,868491,alejo-cruz
25/26,Distensão muscular,2026-02-14,2026-02-20,7,1,131248,joel-campbell
25/26,Gestão de esforço,2025-12-06,2025-12-08,3,1,131248,joel-campbell
25/26,Muskelkater,2025-09-05,2025-09-22,18,6,131248,joel-campbell
25/26,Lesão muscular,2025-08-05,2025-08-20,16,3,131248,joel-campbell
24/25,Lesão no tornozelo,2025-04-12,2025-04-15,4,1,131248,joel-campbell
24/25,Problemas nas costas,2025-01-13,2025-02-04,23,5,131248,joel-campbell
23/24,Contra,2023-11-06,2023-11-13,8,2,131248,joel-campbell
23/24,Gestão de esforço,2023-10-01,2023-10-05,5,1,131248,joel-campbell
23/24,Lesão desconhecida,2023-09-25,2023-10-09,15,2,131248,joel-campbell
21/22,Entorse do tornozelo,2021-10-10,2021-11-06,28,3,131248,joel-campbell
18/19,Problemas na tibiotársica,2018-09-01,2018-09-13,13,3,131248,joel-campbell
17/18,Entorse do tornozelo,2017-10-31,2018-03-06,127,20,131248,joel-campbell
17/18,Operado ao joelho,2017-07-13,2017-10-08,88,15,131248,joel-campbell
16/17,Lesão nos adutores,2017-02-01,2017-02-22,22,3,131248,joel-campbell
24/25,Lesão na coxa,2024-08-19,2024-09-13,26,2,719251,derek
23/24,Lesão desconhecida,2024-05-13,2024-06-14,33,3,719251,derek
23/24,Lesão na coxa,2024-02-12,2024-04-13,62,6,719251,derek
20/21,Lesão desconhecida,2021-05-13,2022-01-07,240,25,719251,derek
24/25,Lesão na coxa,2025-05-27,2025-07-13,48,1,667411,gustavo
23/24,Lesão muscular,2024-04-06,2024-04-26,21,2,667411,gustavo
25/26,Problemas na zona lombar,2025-08-18,,220,30,1033571,kaua-moroso
25/26,Lesão muscular,2025-11-19,2025-11-28,10,2,178400,wilker-angel
25/26,Lesão na coxa,2025-09-15,2025-11-01,48,8,178400,wilker-angel
24/25,Problemas na panturrilha,2025-05-19,2025-05-31,13,1,178400,wilker-angel
24/25,Lesão na coxa,2025-02-06,2025-03-25,48,7,178400,wilker-angel
24/25,Lesão na coxa,2024-11-27,2024-12-15,19,3,178400,wilker-angel
24/25,Lesão no joelho,2024-08-19,2024-11-04,78,14,178400,wilker-angel
23/24,Lesão na panturrilha,2024-03-21,2024-04-16,27,6,178400,wilker-angel
21/22,Ruptura muscular na coxa,2022-03-12,2023-04-08,393,25,178400,wilker-angel
21/22,Lesão desconhecida,2021-09-26,2021-10-24,29,6,178400,wilker-angel
20/21,Doente,2021-03-03,2021-03-10,8,1,178400,wilker-angel
20/21,Lesão muscular,2020-11-28,2020-12-28,31,3,178400,wilker-angel
19/20,Lesão no cotovelo,2020-07-04,2020-09-11,70,10,178400,wilker-angel
19/20,Lesão desconhecida,2019-07-14,2019-08-01,19,2,178400,wilker-angel
18/19,Lesão desconhecida,2019-02-18,2019-05-17,89,12,178400,wilker-angel
17/18,Lesão desconhecida,2018-03-04,2018-03-27,24,1,178400,wilker-angel
24/25,Lesão do ligamento cruzado,2024-10-28,2025-08-01,278,39,1215637,erick
25/26,Problemas musculares,2025-10-06,,171,29,697845,claudinho
25/26,Entorse do tornozelo,2025-08-04,2025-09-19,47,5,697845,claudinho
24/25,Traumatismo no joelho,2025-03-02,2025-03-18,17,4,697845,claudinho
24/25,Lesão muscular,2025-03-30,2025-04-07,9,2,891569,baltasar-barcia
23/24,Lesão na coxa,2024-02-19,2024-03-20,31,6,891569,baltasar-barcia
23/24,Lesão muscular,2023-08-07,2023-10-15,70,10,891569,baltasar-barcia
21/22,Braço fraturado,2022-04-20,2022-09-05,139,20,891569,baltasar-barcia
25/26,Pubalgia,2025-10-08,2026-03-01,145,13,520470,fellipe-mateus
24/25,Problemas no Joelho,2025-05-10,2025-07-01,53,8,520470,fellipe-mateus
23/24,Problemas no Joelho,2024-06-01,2024-06-22,22,5,520470,fellipe-mateus
17/18,lesão na perna,2018-06-08,2018-07-27,50,8,520470,fellipe-mateus
21/22,Lesão muscular,2022-02-24,2022-03-22,27,5,158333,yerson-candelo
25/26,Problemas no Joelho,2025-10-19,2025-11-08,21,3,75471,yannick-bolasie
24/25,Problemas físicos,2025-04-07,2025-04-25,19,4,75471,yannick-bolasie
21/22,Lesão desconhecida,2021-12-20,2021-12-27,8,2,75471,yannick-bolasie
21/22,Lesão desconhecida,2021-11-22,2021-11-29,8,1,75471,yannick-bolasie
20/21,Rotura muscular na coxa,2021-02-11,2021-02-28,18,5,75471,yannick-bolasie
16/17,Rotura dos ligamentos cruzados,2016-12-05,2017-12-10,371,62,75471,yannick-bolasie
15/16,Ruptura muscular do músculo do perônio,2015-12-21,2016-02-04,46,15,75471,yannick-bolasie
25/26,Lesão na coxa,2026-02-14,,40,10,738503,eduardo-melo
25/26,Lesão no joelho,2025-10-26,2026-02-09,107,17,645602,lucas-arcanjo
23/24,Lesão no joelho,2024-02-02,2024-03-16,44,10,645602,lucas-arcanjo
25/26,Lesão na coxa,2026-02-19,,35,7,540963,yuri-sena
22/23,Problemas musculares na coxa,2022-10-17,2022-10-20,4,1,34344,cristian-zapata
21/22,Muskelbündelriss,2022-06-05,2022-06-30,26,4,34344,cristian-zapata
21/22,Muskelbündelriss,2022-04-24,2022-05-15,22,2,34344,cristian-zapata
21/22,Muskelbündelriss,2021-09-10,2021-09-23,14,2,34344,cristian-zapata
20/21,Problemas musculares,2020-12-07,2021-02-27,83,12,34344,cristian-zapata
20/21,Coronavírus,2020-11-07,2020-11-17,11,1,34344,cristian-zapata
19/20,Problemas musculares,2020-02-06,2020-02-13,8,1,34344,cristian-zapata
19/20,Problemas musculares na coxa,2020-01-10,2020-02-01,23,3,34344,cristian-zapata
19/20,Lesão na coxa,2019-11-29,2020-01-01,34,5,34344,cristian-zapata
18/19,Fibra muscular rasgado,2019-01-21,2019-03-12,51,9,34344,cristian-zapata
18/19,Lesão desconhecida,2018-08-10,2018-09-10,32,3,34344,cristian-zapata
16/17,Operação ao tornozelo,2016-07-10,2016-10-22,105,12,34344,cristian-zapata
14/15,Traumatismo no metatarso,2015-01-13,2015-03-27,74,12,34344,cristian-zapata
13/14,Rotura da fibra muscular,2014-01-22,2014-03-07,45,6,34344,cristian-zapata
12/13,Gripe,2013-01-04,2013-01-08,5,1,34344,cristian-zapata
11/12,Lesão no joelho,2011-10-31,2011-12-05,36,8,34344,cristian-zapata
10/11,Operação,2010-11-08,2010-11-28,21,4,34344,cristian-zapata
24/25,Problemas no Joelho,2024-08-11,2025-06-05,299,43,527192,felipe-vieira
23/24,Lesão no joelho,2023-09-05,2024-06-10,280,38,527192,felipe-vieira
19/20,Problemas musculares na coxa,2019-08-30,2019-10-28,60,11,527192,felipe-vieira
25/26,Fascite plantar,2025-07-24,2025-08-30,38,5,365368,matheuzinho
24/25,Problemas musculares,2025-02-20,2025-04-01,41,9,365368,matheuzinho
24/25,Lesão no tornozelo,2024-12-02,2025-01-28,58,7,365368,matheuzinho
24/25,Lesão na coxa,2024-08-26,2024-09-13,19,1,365368,matheuzinho
21/22,Lesão muscular,2022-03-17,2022-04-05,20,2,266451,eryc-castillo
17/18,Lesão muscular,2017-11-06,2017-11-27,22,5,266451,eryc-castillo
17/18,Lesão muscular,2017-08-11,2017-08-29,19,3,266451,eryc-castillo
24/25,Problemas musculares na coxa,2024-11-03,2024-11-19,17,1,1035650,eliel
25/26,Lesão nos adutores,2025-07-25,2025-07-30,6,1,985755,luciano-gimenez
24/25,Lesão muscular,2024-09-16,2024-10-16,31,3,985755,luciano-gimenez
24/25,Lesão muscular,2024-07-17,2024-08-16,31,8,524602,romercio
23/24,Lesão na coluna,2023-09-11,2024-07-09,303,43,524602,romercio
21/22,Lesão desconhecida,2022-03-21,2022-04-14,25,1,524602,romercio
25/26,Lesão nos adutores,2025-07-13,2025-09-26,76,12,363174,rodrigo-sam
24/25,Lesão no púbis,2024-11-10,2025-04-19,161,20,363174,rodrigo-sam
24/25,Lesão no púbis,2024-09-09,2024-11-01,54,7,363174,rodrigo-sam
24/25,Pubalgia,2024-08-08,2024-08-28,21,4,363174,rodrigo-sam
24/25,Lesão muscular,2024-06-25,2024-07-06,12,3,363174,rodrigo-sam
23/24,Distorção do tornozelo,2024-04-25,2024-04-30,6,1,363174,rodrigo-sam
25/26,Lesão na coxa,2025-09-13,2025-10-04,22,4,1086632,abner
25/26,Traumatismo grade costal,2025-10-01,2025-10-10,10,2,555310,caique-goncalves
24/25,Lesão do ligamento cruzado,2024-08-02,2025-05-04,276,40,555310,caique-goncalves
25/26,Problemas musculares,2025-11-09,2025-12-06,28,3,675047,daniel-peixoto
24/25,Lesão do ligamento cruzado,2024-07-25,2025-05-09,289,43,675047,daniel-peixoto
24/25,Lesão desconhecida,2025-01-26,2025-02-14,20,5,519877,dudu-vieira
24/25,Lesão na coxa,2024-09-12,2024-10-19,38,4,102574,jean-carlos
24/25,Entorse do tornozelo,2024-08-08,2024-08-17,10,2,102574,jean-carlos
23/24,Lesão na panturrilha,2024-04-22,2024-06-19,59,5,102574,jean-carlos
25/26,Problemas no Joelho,2026-01-10,2026-01-31,22,6.0,145707,danilo
25/26,Lesão na coxa,2025-07-21,2025-08-16,27,7.0,145707,danilo
24/25,Lesão na coxa,2025-02-23,2025-04-12,49,8.0,145707,danilo
24/25,Distorção do tornozelo,2024-12-20,2024-12-28,9,1.0,145707,danilo
23/24,Lesão no bíceps femoral,2024-05-05,2024-05-13,9,1.0,145707,danilo
23/24,Lesão no tornozelo,2024-02-18,2024-03-02,14,1.0,145707,danilo
23/24,Lesão desconhecida,2023-10-31,2023-12-01,32,3.0,145707,danilo
23/24,Muskelbündelriss,2023-10-13,2023-10-30,18,2.0,145707,danilo
22/23,Lesão no tornozelo,2022-11-24,2022-12-04,11,,145707,danilo
21/22,Problemas musculares,2022-05-11,2022-05-23,13,2.0,145707,danilo
21/22,Gestão de esforço,2022-05-05,2022-05-09,5,1.0,145707,danilo
21/22,Queixas adutores,2022-01-15,2022-01-17,3,1.0,145707,danilo
21/22,Lesão nos adutores,2021-11-20,2022-01-10,52,10.0,145707,danilo
19/20,Rotura muscular na coxa,2020-01-23,2020-02-09,18,3.0,145707,danilo
19/20,Lesão no bíceps femoral,2019-09-25,2019-10-15,21,3.0,145707,danilo
18/19,Lesão desconhecida,2018-12-10,2018-12-22,13,3.0,145707,danilo
18/19,Lesão no tornozelo,2018-10-16,2018-10-29,14,2.0,145707,danilo
18/19,Lesão no tornozelo,2018-07-05,2018-09-15,73,5.0,145707,danilo
17/18,Problemas na anca,2018-06-21,2018-06-29,9,,145707,danilo
16/17,lesão na perna,2017-02-13,2017-03-02,18,5.0,145707,danilo
16/17,Problemas musculares,2016-11-28,2016-12-05,8,2.0,145707,danilo
15/16,Contusão pulmonar,2015-09-10,2015-10-08,29,7.0,145707,danilo
14/15,Traumatismo craniano,2015-03-12,2015-03-19,8,1.0,145707,danilo
11/12,Lesão no ligamento interno,2012-02-16,2012-04-16,61,10.0,145707,danilo
25/26,Lesão na coxa,2026-02-07,2026-02-24,18,5,102017,jorginho
25/26,Problemas musculares na coxa,2025-10-30,2025-11-18,20,4,102017,jorginho
25/26,Lesão na coxa,2025-08-26,2025-09-24,30,4,102017,jorginho
24/25,Lesão no peito,2025-04-13,2025-05-06,24,5,102017,jorginho
21/22,Lesão desconhecida,2022-05-01,2022-05-08,8,1,102017,jorginho
14/15,Fadiga muscular,2014-09-29,2014-10-06,8,2,102017,jorginho
13/14,Febre,2013-12-13,2013-12-16,4,1,102017,jorginho
25/26,Lesão no calcanhar,2026-01-10,,75,20.0,148928,saul-niguez
25/26,Lesão tornozelo,2025-10-03,2025-10-18,16,2.0,148928,saul-niguez
24/25,Lesão na anca,2024-09-25,2024-11-20,57,7.0,148928,saul-niguez
20/21,Lesão muscular,2020-10-15,2020-11-02,19,,148928,saul-niguez
18/19,Problemas musculares,2019-01-28,2019-02-08,12,,148928,saul-niguez
18/19,Lesão na coxa,2019-01-17,2019-01-25,9,,148928,saul-niguez
16/17,Entorse do tornozelo,2016-10-03,2016-10-19,17,4.0,148928,saul-niguez
15/16,Entorse do tornozelo,2016-03-24,2016-04-02,10,1.0,148928,saul-niguez
14/15,Doente,2015-02-26,2015-04-01,35,7.0,148928,saul-niguez
14/15,Lesão no joelho,2015-02-09,2015-02-16,8,,148928,saul-niguez
13/14,Distensão abdominal,2014-05-14,2014-05-20,7,1.0,148928,saul-niguez
23/24,Lesão no joelho,2023-07-12,2023-08-23,43,8,354145,jorge-carrascal
22/23,Lesão desconhecida,2023-05-24,2023-06-01,9,1,354145,jorge-carrascal
22/23,Traumatismo no pé,2022-10-16,2022-10-20,5,1,354145,jorge-carrascal
16/17,Rotura do menisco,2016-09-09,2017-07-20,315,40,354145,jorge-carrascal
23/24,Lesão no joelho,2023-10-22,2023-11-05,15,3,694928,samuel-lino
20/21,Coronavírus,2020-11-05,2020-11-18,14,1,694928,samuel-lino
23/24,lesão no braço,2024-03-07,2024-03-12,6,1.0,465822,facundo-torres
21/22,Coronavírus,2022-01-06,2022-01-20,15,,465822,facundo-torres
21/22,Lesão no tornozelo,2021-11-01,2021-11-05,5,,465822,facundo-torres
21/22,Kreuzbanddehnung,2021-08-13,2021-09-09,28,5.0,465822,facundo-torres
25/26,Lesão na coxa,2025-10-06,2025-10-14,9,2,745191,ramon-sosa
25/26,Lesão muscular,2025-08-18,2025-08-24,7,1,745191,ramon-sosa
23/24,Muskelbündelriss,2024-04-05,2024-04-23,19,3,745191,ramon-sosa
23/24,Problemas físicos,2023-10-18,2023-11-09,23,4,745191,ramon-sosa
22/23,Rotura muscular na coxa,2023-04-14,2023-04-26,13,2,745191,ramon-sosa
22/23,Choque,2023-03-10,2023-03-15,6,1,745191,ramon-sosa
25/26,Problemas musculares na coxa,2025-09-15,2026-01-20,128,19,111819,neto
23/24,Lesão no tornozelo,2023-10-27,2023-11-24,29,3,111819,neto
22/23,Recuperação ritmo competitivo,2022-12-19,2023-01-13,26,5,111819,neto
22/23,Lesão na coxa,2022-10-24,2022-12-18,56,4,111819,neto
21/22,Constipação,2021-11-05,2021-11-08,4,1,111819,neto
20/21,Entorse do tornozelo,2021-03-22,2021-04-24,34,4,111819,neto
19/20,Entorse do tornozelo,2020-01-23,2020-02-14,23,5,111819,neto
19/20,Lesão na mão,2019-08-11,2019-09-17,38,4,111819,neto
18/19,Lesão nas costas,2019-03-15,2019-03-29,15,1,111819,neto
15/16,Lesão desconhecida,2016-04-16,2016-05-02,17,4,111819,neto
13/14,Lesão desconhecida,2014-05-04,2014-07-01,59,3,111819,neto
25/26,Problemas no Joelho,2025-10-02,,175,32,523363,kaio
25/26,Lesão na coxa,2025-08-04,2025-08-26,23,6,523363,kaio
24/25,Lesão no joelho,2024-08-10,2024-09-13,35,5,523363,kaio
23/24,Lesão no ombro,2023-08-25,2023-12-11,109,15,523363,kaio
22/23,Lesão muscular,2023-05-21,2023-06-09,20,2,523363,kaio
22/23,Lesão desconhecida,2023-04-30,2023-05-10,11,1,523363,kaio
22/23,Lesão no joelho,2022-07-11,2022-08-19,40,5,523363,kaio
20/21,Meniskusschaden,2020-12-09,2021-01-11,34,2,523363,kaio
25/26,Problemas no Joelho,2026-02-05,2026-03-17,41,11,465819,santiago-rodriguez
25/26,Problemas musculares,2025-11-10,2025-11-29,20,2,465819,santiago-rodriguez
24/25,lesão na perna,2025-04-13,2025-05-10,28,7,465819,santiago-rodriguez
23/24,lesão na perna,2023-08-22,2023-08-30,9,1,465819,santiago-rodriguez
21/22,Lesão na coxa,2021-09-13,2021-09-20,8,2,465819,santiago-rodriguez
20/21,Gestão de esforço,2020-09-22,2020-09-24,3,1,465819,santiago-rodriguez
19/20,Lesão no joelho,2019-07-10,2019-09-10,63,9,465819,santiago-rodriguez
25/26,Lesão muscular,2025-10-25,2025-11-17,24,4,1087334,jordan-barrera
25/26,Entorse do tornozelo,2025-07-27,2025-08-16,21,7,1087334,jordan-barrera
18/19,Lesão desconhecida,2018-10-01,2018-10-21,21,1,525257,gabriel-justino
25/26,Fratura do ombro,2025-10-09,2025-11-17,40,9,1228194,alvaro-montoro
25/26,Lesão muscular,2025-12-01,2026-02-24,86,14.0,227081,joaquin-correa
25/26,Problemas musculares,2025-11-10,2025-11-21,12,1.0,227081,joaquin-correa
25/26,Lesão na panturrilha,2025-10-27,2025-11-04,9,1.0,227081,joaquin-correa
25/26,Lesão desconhecida,2025-09-21,2025-10-03,13,3.0,227081,joaquin-correa
24/25,Distensão da panturrilha,2025-01-08,2025-02-07,31,7.0,227081,joaquin-correa
23/24,Lesão no tornozelo,2023-12-01,2024-01-19,50,8.0,227081,joaquin-correa
22/23,Lesão na panturrilha,2023-05-26,2023-06-08,14,2.0,227081,joaquin-correa
22/23,Lesão na coxa,2023-02-04,2023-03-12,37,7.0,227081,joaquin-correa
22/23,Problemas no Joelho,2022-11-17,2022-12-27,41,,227081,joaquin-correa
22/23,Problemas com o tendão rotuliano,2022-10-04,2022-10-14,11,2.0,227081,joaquin-correa
21/22,Lesão no bíceps femoral,2022-01-19,2022-02-28,41,9.0,227081,joaquin-correa
21/22,Lesão na coxa,2021-12-05,2021-12-31,27,4.0,227081,joaquin-correa
21/22,Problemas musculares,2021-10-22,2021-10-26,5,1.0,227081,joaquin-correa
21/22,Traumatismo na anca,2021-09-18,2021-09-27,10,2.0,227081,joaquin-correa
20/21,Problemas musculares,2021-05-16,2021-05-21,6,1.0,227081,joaquin-correa
20/21,Lesão na panturrilha,2020-12-23,2021-01-15,24,3.0,227081,joaquin-correa
20/21,Problemas musculares,2020-12-20,2020-12-22,3,1.0,227081,joaquin-correa
20/21,Lumbago,2020-09-30,2020-10-03,4,1.0,227081,joaquin-correa
19/20,Ferimento da banda lateral,2020-07-05,2020-07-22,18,4.0,227081,joaquin-correa
19/20,Lesão na panturrilha,2020-01-26,2020-02-08,14,2.0,227081,joaquin-correa
19/20,Problemas na panturrilha,2020-01-05,2020-01-17,13,2.0,227081,joaquin-correa
19/20,Lesão na panturrilha,2019-11-05,2019-11-09,5,1.0,227081,joaquin-correa
19/20,Queixas adutores,2019-09-29,2019-10-04,6,1.0,227081,joaquin-correa
18/19,Lesão no tornozelo,2019-04-13,2019-04-19,7,1.0,227081,joaquin-correa
18/19,Problemas nas costas,2019-03-31,2019-04-03,4,,227081,joaquin-correa
18/19,Síndrome gripal,2019-01-12,2019-01-15,4,1.0,227081,joaquin-correa
17/18,Problemas musculares,2017-10-30,2017-11-20,22,5.0,227081,joaquin-correa
16/17,Problemas na tibiotársica,2017-01-12,2017-01-19,8,1.0,227081,joaquin-correa
15/16,Problemas musculares,2015-11-05,2015-12-14,40,4.0,227081,joaquin-correa
25/26,Problemas na zona lombar,2026-01-14,,71,20,538810,chris-ramos
25/26,Problemas nas costas,2025-11-19,2025-12-03,15,2,538810,chris-ramos
25/26,Lesão na cabeça,2025-08-28,2025-09-12,16,1,538810,chris-ramos
21/22,Vírus,2022-03-17,2022-03-24,8,1,538810,chris-ramos
17/18,Problemas físicos,2018-04-10,2018-04-24,15,2,538810,chris-ramos
21/22,Rotura dos ligamentos cruzados,2022-05-15,2022-12-03,203,27,371247,gabriel-brazao
21/22,Rotura dos ligamentos cruzados,2021-08-16,2022-01-23,161,24,371247,gabriel-brazao
25/26,Lesão na panturrilha,2026-02-05,2026-02-21,17,3,598838,adonis-frias
25/26,Problemas na panturrilha,2025-09-22,2025-09-30,9,1,598838,adonis-frias
25/26,Fissura da banda,2026-03-03,,23,2,491587,alexis-duarte
23/24,Doente,2024-05-13,2024-05-17,5,1,491587,alexis-duarte
22/23,Constipação,2023-06-01,2023-06-08,8,1,491587,alexis-duarte
25/26,Lesão do ligamento cruzado,2026-03-16,,10,2,1253844,vinicius-lira
24/25,Lesão no tornozelo,2025-01-30,2025-05-11,102,17,1086258,souza
23/24,Problemas musculares na coxa,2024-02-11,2024-06-30,141,20,1086258,souza
24/25,Lesão na coxa,2025-05-05,2025-05-31,27,4,198859,joao-schmidt
23/24,Entorse do tornozelo,2024-05-21,2024-06-06,17,2,198859,joao-schmidt
17/18,Lesão meniscal,2017-09-11,2017-11-17,68,13,198859,joao-schmidt
25/26,Lesão na coxa,2026-01-17,2026-02-11,26,,1101124,gustavo-henrique
24/25,Estiramento do ligamento colateral interno do joelho,2025-02-06,2025-04-19,73,12,1082852,hyan
25/26,Lesão na coxa,2025-09-13,2025-10-04,22,4,1089958,gabriel-bontempo
24/25,Lesão nos adutores,2025-04-21,2025-05-03,13,2,1089958,gabriel-bontempo
25/26,Operado ao joelho,2025-12-15,2026-02-14,62,10,68290,neymar
25/26,Lesão meniscal,2025-11-21,2025-11-27,7,1,68290,neymar
25/26,Lesão na coxa,2025-09-19,2025-10-31,43,7,68290,neymar
24/25,Lesão na coxa,2025-04-17,2025-05-21,35,6,68290,neymar
24/25,Lesão na coxa,2025-03-04,2025-04-12,40,2,68290,neymar
24/25,Recuperação ritmo competitivo,2024-12-17,2025-02-03,49,6,68290,neymar
24/25,Lesão na coxa,2024-11-05,2024-12-16,42,6,68290,neymar
24/25,Recuperação ritmo competitivo,2024-09-23,2024-10-19,27,5,68290,neymar
23/24,Rotura dos ligamentos cruzados,2023-10-19,2024-09-22,340,48,68290,neymar
23/24,Problemas musculares,2023-08-04,2023-09-03,31,5,68290,neymar
22/23,Operação ao tornozelo,2023-02-20,2023-06-30,131,18,68290,neymar
22/23,Lesão no tornozelo,2022-11-25,2022-12-04,10,2,68290,neymar
21/22,Lesão no tornozelo,2021-11-29,2022-02-13,77,15,68290,neymar
21/22,Queixas adutores,2021-11-15,2021-11-18,4,1,68290,neymar
21/22,Queixas adutores,2021-10-16,2021-10-23,8,1,68290,neymar
21/22,Recuperação ritmo competitivo,2021-08-01,2021-08-26,26,4,68290,neymar
20/21,Queixas adutores,2021-02-11,2021-03-19,37,9,68290,neymar
20/21,Problemas na tibiotársica,2020-12-14,2021-01-10,28,5,68290,neymar
20/21,Gestão de esforço,2020-12-05,2020-12-06,2,1,68290,neymar
20/21,Queixas adutores,2020-10-28,2020-11-19,23,5,68290,neymar
20/21,Coronavírus,2020-09-02,2020-09-11,10,1,68290,neymar
19/20,Traumatismo grade costal,2020-02-03,2020-02-16,14,4,68290,neymar
19/20,Lesão na coxa,2019-10-14,2019-11-20,38,8,68290,neymar
19/20,Recuperação ritmo competitivo,2019-08-10,2019-09-06,28,4,68290,neymar
18/19,Rotura de ligamentos do tarso,2019-06-07,2019-08-09,64,8,68290,neymar
18/19,Fratura do Metatarso,2019-01-24,2019-04-19,86,20,68290,neymar
18/19,Gestão de esforço,2019-01-11,2019-01-13,3,1,68290,neymar
18/19,Queixas adutores,2018-12-03,2018-12-22,20,2,68290,neymar
18/19,Queixas adutores,2018-11-21,2018-11-27,7,1,68290,neymar
18/19,Gestão de esforço,2018-10-19,2018-10-21,3,1,68290,neymar
18/19,Gestão de esforço,2018-09-13,2018-09-16,4,1,68290,neymar
17/18,Fratura do Metatarso,2018-02-26,2018-05-27,91,18,68290,neymar
17/18,Problemas musculares na coxa,2018-01-19,2018-01-25,7,2,68290,neymar
17/18,Choque,2018-01-11,2018-01-15,5,1,68290,neymar
17/18,Pequena lesão,2017-11-02,2017-11-13,12,1,68290,neymar
17/18,Pequena lesão,2017-09-21,2017-09-25,5,1,68290,neymar
16/17,Problemas musculares,2017-03-09,2017-03-16,8,1,68290,neymar
16/17,Queixas adutores,2016-12-05,2016-12-12,8,2,68290,neymar
15/16,Problemas musculares na coxa,2016-01-21,2016-01-28,8,1,68290,neymar
15/16,Queixas adutores,2015-12-10,2015-12-21,12,1,68290,neymar
15/16,Rotura no tendão do adutor,2015-12-07,2015-12-14,8,2,68290,neymar
15/16,Doente,2015-08-10,2015-08-24,15,4,68290,neymar
14/15,Entorse do tornozelo,2014-08-21,2014-08-28,8,1,68290,neymar
14/15,Lesão na coluna,2014-07-05,2014-08-04,31,2,68290,neymar
13/14,Lesão no pé,2014-04-17,2014-05-12,26,4,68290,neymar
13/14,Lesão no tornozelo,2014-01-16,2014-02-17,33,8,68290,neymar
24/25,Lesão muscular,2024-08-01,2024-08-20,20,2.0,491704,benjamin-rollheiser
21/22,Muskelbündelriss,2021-11-09,2021-12-07,29,4.0,491704,benjamin-rollheiser
20/21,Coronavírus,2021-05-15,2021-05-23,9,2.0,491704,benjamin-rollheiser
19/20,Rotura parcial de ligamento,2020-02-18,2020-09-18,214,7.0,491704,benjamin-rollheiser
19/20,Lesão no joelho,2019-10-05,2019-10-25,21,,491704,benjamin-rollheiser
24/25,Pequena lesão,2024-12-03,2024-12-11,9,2,543051,billal-brahimi
25/26,Fratura da mão,2025-12-09,2026-01-29,52,6,1101447,ivan-roman
25/26,Gripe gastrointestinal,2025-09-17,2025-09-18,2,1,1101447,ivan-roman
25/26,Rotura de ligamentos no joelho,2026-03-09,,17,4,1339551,indio
25/26,Lesão desconhecida,2025-08-11,2025-08-20,10,2,1344099,joao-marcelo
25/26,Lesão nos ligamentos do tornozelo,2025-11-23,2026-01-13,52,5,723853,erick-noriega
24/25,Problemas musculares,2025-04-17,2025-05-09,23,6.0,423604,francis-amuzu
24/25,Lesão na cabeça,2025-04-06,2025-04-12,7,1.0,423604,francis-amuzu
24/25,Problemas musculares,2025-02-23,2025-03-07,13,1.0,423604,francis-amuzu
24/25,Traumatismo craniano,2025-01-12,2025-01-21,10,2.0,423604,francis-amuzu
24/25,Lesão na coxa,2024-09-26,2024-10-15,20,3.0,423604,francis-amuzu
24/25,Lesão na coxa,2024-08-17,2024-08-27,11,1.0,423604,francis-amuzu
24/25,Lesão no tornozelo,2024-07-20,2024-08-07,19,2.0,423604,francis-amuzu
23/24,Doente,2024-05-24,2024-05-28,5,1.0,423604,francis-amuzu
23/24,Pubalgia,2023-12-12,2024-03-18,98,14.0,423604,francis-amuzu
23/24,Pubalgia,2023-11-10,2023-12-08,29,4.0,423604,francis-amuzu
23/24,Lesão na anca,2023-09-24,2023-10-05,12,1.0,423604,francis-amuzu
22/23,Lesão muscular,2023-02-12,2023-02-18,7,1.0,423604,francis-amuzu
22/23,Lesão na coxa,2022-09-20,2022-09-29,10,,423604,francis-amuzu
22/23,Doente,2022-09-02,2022-09-06,5,1.0,423604,francis-amuzu
21/22,Doente,2022-02-26,2022-03-01,4,1.0,423604,francis-amuzu
19/20,Problemas musculares na coxa,2019-11-26,2019-11-29,4,,423604,francis-amuzu
18/19,Lesão no joelho,2018-09-01,2018-09-19,19,2.0,423604,francis-amuzu
25/26,Entorse do tornozelo,2025-11-06,2026-01-19,75,9,657746,cristian-olivera
25/26,Problemas musculares,2025-09-29,2025-10-15,17,2,657746,cristian-olivera
24/25,Problemas musculares,2025-06-13,2025-07-18,36,2,657746,cristian-olivera
24/25,Gripe gastrointestinal,2025-05-13,2025-05-20,8,1,657746,cristian-olivera
24/25,OP aos dentes,2025-04-09,2025-04-18,10,2,657746,cristian-olivera
24/25,Problemas musculares,2025-04-03,2025-04-07,5,1,657746,cristian-olivera
22/23,Rotura muscular na coxa,2023-03-28,2023-04-05,9,1,657746,cristian-olivera
21/22,Quarentena,2022-02-26,2022-03-07,10,2,657746,cristian-olivera
21/22,Problemas gástricos,2021-07-07,2021-07-27,21,4,657746,cristian-olivera
20/21,Síndrome gripal,2021-05-16,2021-05-19,4,1,657746,cristian-olivera
20/21,Lesão desconhecida,2020-10-14,2020-10-19,6,1,657746,cristian-olivera
25/26,Lesão na coxa,2025-09-22,2025-10-15,24,4.0,525287,carlos-vinicius
25/26,Problemas musculares,2025-09-12,2025-09-20,9,1.0,525287,carlos-vinicius
24/25,Lesão na panturrilha,2024-09-09,2024-10-18,40,5.0,525287,carlos-vinicius
23/24,Pequena lesão,2023-10-28,2023-10-31,4,1.0,525287,carlos-vinicius
21/22,Lesão na coxa,2022-05-01,2022-08-01,93,4.0,525287,carlos-vinicius
21/22,Lesão desconhecida,2022-01-12,2022-02-06,26,4.0,525287,carlos-vinicius
20/21,Choque,2020-11-30,2020-12-05,6,1.0,525287,carlos-vinicius
19/20,Choque,2019-12-24,2020-01-01,9,,525287,carlos-vinicius
19/20,Lesão muscular,2019-09-11,2019-09-27,17,4.0,525287,carlos-vinicius
25/26,Lesão na coxa,2026-02-15,2026-03-17,31,4,474589,carlos-cuesta
25/26,Problemas musculares na coxa,2025-09-28,2025-10-14,17,3,474589,carlos-cuesta
24/25,Pequena lesão,2025-03-13,2025-03-15,3,1,474589,carlos-cuesta
24/25,Ruptura muscular do músculo do perônio,2024-09-28,2024-10-24,27,4,474589,carlos-cuesta
22/23,Lesão no tornozelo,2023-04-09,2023-05-11,33,4,474589,carlos-cuesta
19/20,Problemas físicos,2019-12-09,2019-12-20,12,2,474589,carlos-cuesta
25/26,Lesão na panturrilha,2025-08-28,2025-10-14,48,8,135617,thiago-mendes
25/26,Recuperação ritmo competitivo,2025-07-11,2025-07-26,16,4,135617,thiago-mendes
24/25,Lesão na coxa,2024-09-14,2025-01-31,140,20,135617,thiago-mendes
23/24,Lesão desconhecida,2024-05-14,2024-06-30,48,1,135617,thiago-mendes
17/18,Problemas físicos,2017-08-14,2017-09-21,39,4,135617,thiago-mendes
13/14,Problemas na anca,2013-08-03,2013-08-30,28,8,135617,thiago-mendes
24/25,Lesão no tornozelo,2025-02-28,2025-03-28,29,5,957461,andres-gomez
24/25,Lesão na tíbia,2024-09-02,2024-09-23,22,4,957461,andres-gomez
22/23,Lesão no tornozelo,2023-06-19,2023-06-24,6,1,957461,andres-gomez
25/26,Pubalgia,2025-10-06,2025-12-20,76,13,462977,benjamin-garre
24/25,Lesão muscular,2024-07-26,2024-08-22,28,5,462977,benjamin-garre
23/24,Lesão muscular,2024-02-05,2024-04-29,85,7,462977,benjamin-garre
23/24,Lesão tornozelo,2023-08-18,2023-09-18,32,4,462977,benjamin-garre
23/24,Lesão desconhecida,2023-12-10,2024-01-15,37,5,461937,nuno-moreira
25/26,Lesão desconhecida,2026-01-25,2026-02-18,25,4,696693,loide-augusto
25/26,Lesão desconhecida,2025-11-03,2025-11-22,20,1,696693,loide-augusto
25/26,Lesão desconhecida,2025-09-28,2025-10-08,11,1,696693,loide-augusto
24/25,Recuperação ritmo competitivo,2025-01-02,2025-01-04,3,1,696693,loide-augusto
24/25,Lesão desconhecida,2024-10-27,2024-11-12,17,1,696693,loide-augusto
24/25,Lesão desconhecida,2024-08-18,2024-09-06,20,2,696693,loide-augusto
23/24,Lesão desconhecida,2024-04-14,2024-04-24,11,2,696693,loide-augusto
23/24,Recuperação ritmo competitivo,2024-03-12,2024-03-17,6,1,696693,loide-augusto
23/24,Lesão desconhecida,2024-03-04,2024-03-12,9,1,696693,loide-augusto
23/24,Problemas musculares,2023-11-04,2023-11-07,4,1,696693,loide-augusto
24/25,Lesão do ligamento cruzado,2025-05-06,2026-01-28,268,43,1097224,janderson
25/26,Lesão na coxa,2026-02-06,2026-02-23,18,4,1388409,kaua-moraes
24/25,Lesão desconhecida,2025-04-07,2025-05-15,39,5,877787,ryan-guilherme
25/26,Lesão na coxa,2026-02-13,,41,9,512385,luis-sinisterra
25/26,Problemas físicos,2026-01-09,2026-02-07,30,8,512385,luis-sinisterra
25/26,Lesão na coxa,2025-10-14,2025-10-25,12,2,512385,luis-sinisterra
25/26,Lesão na coxa,2025-09-16,2025-10-01,16,2,512385,luis-sinisterra
24/25,Problemas musculares na coxa,2025-03-15,2025-08-21,160,11,512385,luis-sinisterra
24/25,Lesão na coxa,2024-10-25,2025-02-10,109,18,512385,luis-sinisterra
23/24,Lesão muscular,2024-04-13,2024-05-20,38,4,512385,luis-sinisterra
22/23,Lesão no tornozelo,2023-04-26,2023-06-01,37,5,512385,luis-sinisterra
22/23,Lesão muscular,2023-02-08,2023-03-10,31,5,512385,luis-sinisterra
22/23,Lesão no pé,2022-10-23,2022-12-19,58,5,512385,luis-sinisterra
21/22,Pequena lesão,2022-05-25,2022-07-03,40,1,512385,luis-sinisterra
21/22,Lesão no joelho,2021-12-19,2022-01-22,35,3,512385,luis-sinisterra
20/21,Coronavírus,2021-04-02,2021-04-09,8,1,512385,luis-sinisterra
19/20,Rotura dos ligamentos cruzados,2020-02-16,2020-12-09,298,26,512385,luis-sinisterra
24/25,Lesão na coxa,2025-03-31,2025-04-15,16,4,268506,fabrizio-angileri
21/22,Muskelbündelriss,2021-11-04,2021-12-25,52,7,268506,fabrizio-angileri
21/22,Problemas musculares na coxa,2021-10-14,2021-10-27,14,3,268506,fabrizio-angileri
21/22,Muskelbündelriss,2021-08-20,2021-09-08,20,4,268506,fabrizio-angileri
20/21,Coronavírus,2021-05-21,2021-05-31,11,1,268506,fabrizio-angileri
20/21,Muskelbündelriss,2020-12-28,2021-01-08,12,2,268506,fabrizio-angileri
19/20,Traumatismo,2020-02-02,2020-03-02,30,5,268506,fabrizio-angileri
19/20,Problemas na anca,2019-07-25,2019-08-10,17,3,268506,fabrizio-angileri
25/26,Lesão nos ligamentos do tornozelo,2026-02-09,2026-02-14,6,1,1221818,andre
25/26,Lesão nos ligamentos do tornozelo,2025-10-16,2025-11-19,35,5,1221818,andre
25/26,Problema nos flexores do quadril,2025-11-21,2025-11-26,6,1,72441,rafael-toloi
25/26,Lesão na coxa,2025-09-30,2025-11-01,33,5,72441,rafael-toloi
24/25,Problemas na panturrilha,2025-05-11,2025-05-23,13,2,72441,rafael-toloi
24/25,Pubalgia,2025-03-27,2025-04-11,16,2,72441,rafael-toloi
24/25,Lesão muscular,2024-09-14,2024-10-21,38,7,72441,rafael-toloi
24/25,Lesão muscular,2024-08-09,2024-08-26,18,3,72441,rafael-toloi
23/24,Dilata,2024-04-21,2024-05-14,24,5,72441,rafael-toloi
23/24,Lesão desconhecida,2024-01-13,2024-01-23,11,1,72441,rafael-toloi
23/24,Problemas musculares,2023-11-12,2024-01-09,59,11,72441,rafael-toloi
23/24,Lesão desconhecida,2023-10-05,2023-10-21,17,1,72441,rafael-toloi
22/23,Lesão desconhecida,2022-11-13,2022-11-18,6,2,72441,rafael-toloi
22/23,Lesão no bíceps femoral,2022-10-04,2022-10-29,26,3,72441,rafael-toloi
21/22,Lesão desconhecida,2022-05-01,2022-05-31,31,4,72441,rafael-toloi
21/22,Problemas musculares,2022-04-10,2022-04-27,18,3,72441,rafael-toloi
21/22,Problemas no flexor direito da anca,2022-03-18,2022-04-08,22,5,72441,rafael-toloi
21/22,Lesão desconhecida,2022-01-11,2022-01-22,12,2,72441,rafael-toloi
21/22,Lesão desconhecida,2021-12-20,2022-01-01,13,1,72441,rafael-toloi
21/22,Problemas musculares,2021-10-17,2021-11-14,29,7,72441,rafael-toloi
21/22,Lesão muscular,2021-10-02,2021-10-14,13,3,72441,rafael-toloi
20/21,Lesão na coxa,2021-05-03,2021-05-15,13,2,72441,rafael-toloi
20/21,Lesão desconhecida,2020-12-23,2021-01-05,14,1,72441,rafael-toloi
20/21,Lesão desconhecida,2020-12-15,2020-12-17,3,1,72441,rafael-toloi
20/21,Coronavírus,2020-10-01,2020-10-05,5,1,72441,rafael-toloi
19/20,Lesão muscular,2020-02-24,2020-03-31,37,2,72441,rafael-toloi
18/19,Inflamação do tendão,2019-03-02,2019-06-01,92,15,72441,rafael-toloi
18/19,Lesão desconhecida,2018-11-25,2018-12-05,11,1,72441,rafael-toloi
18/19,Lesão desconhecida,2018-09-01,2018-09-05,5,1,72441,rafael-toloi
17/18,Problemas musculares,2017-09-24,2017-10-18,25,3,72441,rafael-toloi
16/17,Lesão muscular,2016-10-23,2016-11-15,24,3,72441,rafael-toloi
15/16,Fratura da virilha,2016-05-09,2016-05-22,14,1,72441,rafael-toloi
15/16,Queixas adutores,2015-11-20,2015-12-10,21,4,72441,rafael-toloi
15/16,Lesão desconhecida,2015-09-18,2015-09-22,5,1,72441,rafael-toloi
14/15,lesão na perna,2015-05-18,2015-06-08,22,4,72441,rafael-toloi
13/14,lesão na perna,2014-04-28,2014-05-09,12,1,72441,rafael-toloi
25/26,Fascite plantar,2025-10-17,2026-01-02,78,10.0,228433,wendell
25/26,Lesão na coxa,2025-08-01,2025-08-29,29,7.0,228433,wendell
24/25,Lesão na cabeça,2024-10-21,2025-01-05,77,14.0,228433,wendell
23/24,Lesão desconhecida,2023-10-26,2023-12-11,47,9.0,228433,wendell
22/23,Lesão desconhecida,2023-02-06,2023-02-16,11,2.0,228433,wendell
21/22,Lesão no joelho,2021-10-20,2021-11-16,28,5.0,228433,wendell
20/21,Coronavírus,2020-12-28,2021-01-07,11,1.0,228433,wendell
19/20,Rotura muscular na coxa,2019-10-19,2019-10-31,13,3.0,228433,wendell
17/18,Recuperação ritmo competitivo,2018-05-02,2018-05-07,6,,228433,wendell
17/18,Rotura Duplo Ligamento,2018-04-10,2018-05-04,25,4.0,228433,wendell
17/18,Traumatismo no pé,2018-02-19,2018-02-22,4,,228433,wendell
16/17,Pequena lesão,2017-04-10,2017-04-13,4,,228433,wendell
15/16,Rotura de sindesmose,2016-04-25,2016-06-30,67,3.0,228433,wendell
25/26,Lesão nos adutores,2026-03-02,2026-03-14,13,1,540458,enzo-diaz
25/26,Problemas na virilha,2025-11-19,2026-01-10,53,5,540458,enzo-diaz
25/26,Problema nos flexores do quadril,2025-10-06,2025-10-18,13,1,540458,enzo-diaz
25/26,Problemas gástricos,2025-07-17,2025-07-23,7,1,540458,enzo-diaz
24/25,Fratura da virilha,2024-11-08,2024-12-31,54,6,540458,enzo-diaz
22/23,Lesão no joelho,2023-05-27,2023-06-20,25,4,540458,enzo-diaz
21/22,Apendicite,2022-10-05,2022-10-21,17,5,540458,enzo-diaz
19/20,Lesão no tornozelo,2020-02-17,2020-03-12,25,3,540458,enzo-diaz
19/20,Lesão no tornozelo,2019-09-26,2019-10-15,20,3,540458,enzo-diaz
25/26,Fratura de um dedo do pé,2025-10-06,2025-11-04,30,4.0,112988,cedric-soares
25/26,Vírus,2025-09-19,2025-09-28,10,2.0,112988,cedric-soares
24/25,Problemas na panturrilha,2025-05-27,2025-05-30,4,1.0,112988,cedric-soares
20/21,Distensão da panturrilha,2020-08-30,2020-09-30,32,6.0,112988,cedric-soares
19/20,Fratura do nariz,2020-06-17,2020-06-26,10,,112988,cedric-soares
19/20,Lesão no joelho,2020-01-21,2020-03-02,42,6.0,112988,cedric-soares
19/20,Lesão na panturrilha,2019-09-26,2019-11-08,44,8.0,112988,cedric-soares
18/19,Distensão da panturrilha,2018-12-08,2018-12-31,24,5.0,112988,cedric-soares
17/18,Lesão no tornozelo,2017-12-16,2018-01-13,29,5.0,112988,cedric-soares
16/17,Doente,2016-12-09,2016-12-18,10,2.0,112988,cedric-soares
16/17,Lesão no pé,2016-10-02,2016-11-19,49,10.0,112988,cedric-soares
15/16,Lesão na virilha,2015-12-22,2016-01-08,18,3.0,112988,cedric-soares
14/15,Fratura na grelha costal,2014-08-17,2014-09-14,29,3.0,112988,cedric-soares
13/14,Síndrome gripal,2013-07-03,2013-07-07,5,,112988,cedric-soares
12/13,Traumatismo na anca,2013-05-13,2013-06-30,49,1.0,112988,cedric-soares
12/13,Problemas musculares na coxa,2013-04-13,2013-05-01,19,2.0,112988,cedric-soares
25/26,Lesão no joelho,2025-02-20,2026-01-11,326,55,1094501,hugo-leonardo
25/26,Problemas cardíacos,2025-11-11,,135,23,85314,oscar
25/26,Lesão na panturrilha,2025-10-13,2025-11-10,29,6,85314,oscar
25/26,Fratura da vertebra lombar,2025-07-20,2025-10-01,74,16,85314,oscar
24/25,Problemas musculares na coxa,2025-05-25,2025-06-27,34,3,85314,oscar
24/25,Lesão na coxa,2025-03-11,2025-05-16,67,11,85314,oscar
21/22,Fratura de um dedo do pé,2021-09-16,2021-10-28,43,3,85314,oscar
20/21,Rotura muscular na coxa,2020-11-02,2020-11-21,20,3,85314,oscar
16/17,Doente,2016-12-08,2016-12-17,10,2,85314,oscar
15/16,Traumatismo no joelho,2015-08-14,2015-09-16,34,6,85314,oscar
14/15,Lesão na coxa,2015-05-01,2015-06-30,61,10,85314,oscar
25/26,Lesão na anca,2025-10-17,2025-11-17,32,6,1127813,matheus-alves
25/26,Problemas musculares na coxa,2026-02-16,2026-03-12,25,3,1269378,lucca
25/26,Lesão na coxa,2025-07-13,2025-08-02,21,5,1269378,lucca
24/25,Entorse do tornozelo,2025-05-18,2025-05-30,13,3,1269378,lucca
21/22,Sehnenanriss,2021-07-17,2022-01-01,169,24,662739,gonzalo-tapia
20/21,Ruptura muscular,2021-04-29,2021-05-31,33,9,662739,gonzalo-tapia
20/21,Ruptura muscular,2021-03-29,2021-04-16,19,2,662739,gonzalo-tapia
25/26,Estiramento do ligamento colateral interno do joelho,2026-01-26,,59,13,1219851,paulinho
25/26,Lesão na coxa,2025-10-02,2025-10-18,17,2.0,688593,santiago-ramos-mingo
24/25,Problemas musculares,2024-11-04,2024-11-10,7,1.0,688593,santiago-ramos-mingo
24/25,Lesão desconhecida,2024-09-29,2024-10-14,16,1.0,688593,santiago-ramos-mingo
23/24,Lesão no joelho,2024-05-12,2024-05-31,20,4.0,688593,santiago-ramos-mingo
21/22,Lesão na coxa,2021-09-10,2021-09-18,9,1.0,688593,santiago-ramos-mingo
21/22,Coronavírus,2021-07-10,2021-07-16,7,,688593,santiago-ramos-mingo
20/21,Lesão na coxa,2020-12-07,2021-02-27,83,8.0,688593,santiago-ramos-mingo
25/26,Recuperação ritmo competitivo,2026-01-27,2026-02-04,9,2,984480,mateo-sanabria
25/26,Lesão do ligamento cruzado,2025-10-26,2026-01-26,93,13,984480,mateo-sanabria
24/25,Problemas na tibiotársica,2024-08-06,2024-08-12,7,1,984480,mateo-sanabria
25/26,Lesão na coxa,2025-09-01,2025-11-01,62,13,936544,erick-pulga
25/26,Lesão na coxa,2025-07-31,2025-08-15,16,3,936544,erick-pulga
25/26,Lesão na coxa,2026-03-19,,7,1,122155,willian-jose
25/26,Entorse do tornozelo,2025-07-13,2025-07-21,9,2,122155,willian-jose
24/25,Fadiga muscular,2025-04-18,2025-04-23,6,1,122155,willian-jose
24/25,Lesão desconhecida,2024-09-14,2024-09-24,11,3,122155,willian-jose
23/24,Lesão desconhecida,2023-09-24,2023-10-03,10,2,122155,willian-jose
21/22,Fibra muscular rasgado,2022-01-04,2022-01-17,14,3,122155,willian-jose
20/21,Coronavírus,2020-09-09,2020-09-29,21,2,122155,willian-jose
18/19,Lesão muscular,2019-03-04,2019-03-28,25,2,122155,willian-jose
18/19,Fibra muscular rasgado,2018-09-01,2018-09-20,20,1,122155,willian-jose
17/18,Traumatismo no metatarso,2018-02-05,2018-03-02,26,6,122155,willian-jose
16/17,Lesão na coxa,2017-04-27,2017-05-11,15,2,122155,willian-jose
16/17,Lesão muscular,2017-02-11,2017-03-30,48,6,122155,willian-jose
16/17,Lesão no tornozelo,2016-12-11,2016-12-19,9,1,122155,willian-jose
25/26,Corte na cabeça,2026-03-16,2026-03-20,5,1,628750,juan-pablo-freytes
25/26,lesão na perna,2025-11-20,2025-11-27,8,1,315169,luciano-acosta
24/25,Lesão no pé,2024-07-15,2024-07-19,5,1,315169,luciano-acosta
22/23,Lesão no ombro,2023-04-10,2023-04-20,11,1,315169,luciano-acosta
20/21,lesão no braço,2021-04-20,2021-05-10,21,2,315169,luciano-acosta
16/17,Lesão no tornozelo,2017-03-03,2017-03-15,13,2,315169,luciano-acosta
24/25,Problemas na tibiotársica,2025-02-25,2025-03-06,10,1,654766,santiago-moreno
23/24,Lesão no tornozelo,2023-08-18,2023-08-25,8,1,654766,santiago-moreno
23/24,Lesão desconhecida,2023-07-13,2023-07-20,8,1,654766,santiago-moreno
25/26,Rotura de ligamentos no joelho,2025-10-16,,161,27,732899,guzman-rodriguez
25/26,Lesão na coxa,2025-07-27,2025-08-08,13,3,732899,guzman-rodriguez
25/26,Lesão na coxa,2026-02-13,,41,6,400661,agustin-santanna
25/26,Lesão na coxa,2025-11-10,2025-12-10,31,5,400661,agustin-santanna
25/26,Problemas físicos,2025-08-04,2025-10-25,83,12,400661,agustin-santanna
24/25,Lesão na coxa,2025-05-19,2025-07-12,55,4,400661,agustin-santanna
24/25,Problemas musculares na coxa,2025-02-21,2025-04-15,54,7,400661,agustin-santanna
24/25,Rotura muscular na coxa,2024-11-27,2024-12-18,22,4,400661,agustin-santanna
24/25,Problemas no Joelho,2024-10-04,2024-11-15,43,8,400661,agustin-santanna
24/25,Rotura do menisco lateral,2024-07-10,2024-09-06,59,10,400661,agustin-santanna
23/24,Muskelbündelriss,2024-06-03,2024-06-24,22,1,400661,agustin-santanna
23/24,Problemas musculares,2023-10-05,2023-10-27,23,4,400661,agustin-santanna
23/24,Lesão desconhecida,2023-09-27,2023-09-29,3,1,400661,agustin-santanna
20/21,Coronavírus,2021-01-16,2021-01-28,13,2,400661,agustin-santanna
16/17,Lesão no tornozelo,2017-05-23,2017-06-06,15,2,400661,agustin-santanna
16/17,Problemas físicos,2017-02-16,2017-03-06,19,3,400661,agustin-santanna
15/16,Lesão desconhecida,2016-05-16,2016-06-03,19,4,400661,agustin-santanna
15/16,Lesão na coxa,2015-11-20,2015-11-23,4,1,400661,agustin-santanna
25/26,Estiramento do ligamento colateral interno do joelho,2025-09-13,2025-10-25,43,,1222308,davi-gomes
23/24,Lesão muscular,2023-12-01,2024-04-06,128,13,344676,alan-benitez
25/26,Lesão na coxa,2026-01-19,,66,,1312046,benjamin
25/26,Fascite plantar,2026-01-06,2026-02-06,32,8,465817,alan-rodriguez
25/26,Lesão na coxa,2025-10-20,2025-11-07,19,4,465817,alan-rodriguez
25/26,Lesão na coxa,2025-09-22,2025-10-14,23,3,465817,alan-rodriguez
24/25,Lesão muscular,2025-04-27,2025-05-15,19,2,465817,alan-rodriguez
24/25,Lesão ocular,2025-02-13,2025-02-19,7,1,465817,alan-rodriguez
24/25,Problemas de Ligamento,2024-10-21,2024-12-23,64,9,465817,alan-rodriguez
24/25,Problemas musculares,2024-08-04,2024-08-11,8,1,465817,alan-rodriguez
23/24,Problemas no Joelho,2024-05-06,2024-06-03,29,7,465817,alan-rodriguez
23/24,Problemas no Joelho,2024-04-13,2024-04-17,5,1,465817,alan-rodriguez
23/24,Lesão meniscal,2024-02-05,2024-03-24,49,10,465817,alan-rodriguez
23/24,Lesão muscular,2023-09-23,2023-09-30,8,1,465817,alan-rodriguez
22/23,Fratura no tornozelo,2023-04-10,2023-04-27,18,4,465817,alan-rodriguez
22/23,Lesão muscular,2023-03-08,2023-04-03,27,4,465817,alan-rodriguez
24/25,Lesão na coxa,2025-02-06,2025-03-18,41,2,1116614,gustavo
25/26,Lesão na coxa,2025-08-07,2025-08-19,13,3,572042,johan-carbonero
24/25,Lesão na coxa,2025-04-14,2025-07-11,89,15,572042,johan-carbonero
24/25,Amigdalite,2024-10-18,2024-10-21,4,1,572042,johan-carbonero
23/24,Muskelkater,2024-03-22,2024-04-13,23,4,572042,johan-carbonero
23/24,Lesão muscular,2024-01-29,2024-02-20,23,5,572042,johan-carbonero
23/24,Recuperação ritmo competitivo,2023-10-11,2023-11-03,24,3,572042,johan-carbonero
23/24,Muskelbündelriss,2023-10-08,2023-12-08,62,7,572042,johan-carbonero
22/23,Rotura parcial de ligamento,2023-03-18,2023-10-10,207,39,572042,johan-carbonero
22/23,Choque,2023-02-02,2023-02-08,7,1,572042,johan-carbonero
22/23,Muskelbündelriss,2022-08-16,2022-09-07,23,4,572042,johan-carbonero
21/22,Muskelbündelriss,2021-07-18,2021-08-11,25,4,572042,johan-carbonero
20/21,Coronavírus,2021-04-08,2021-04-16,9,1,572042,johan-carbonero
25/26,Problemas na zona lombar,2025-11-27,2025-12-08,12,3,175383,helton-leite
23/24,Lesão no ombro,2023-12-01,2023-12-29,29,4,175383,helton-leite
20/21,Coronavírus,2021-01-22,2021-02-03,13,3,175383,helton-leite
18/19,Rotura dos ligamentos cruzados,2019-02-12,2019-09-04,205,18,175383,helton-leite
25/26,Entorse do tornozelo,2026-01-14,2026-02-04,22,3,748601,gaston-avila
24/25,Lesão na mão,2025-04-30,2025-05-09,10,2,748601,gaston-avila
24/25,Recuperação ritmo competitivo,2025-01-01,2025-02-09,40,9,748601,gaston-avila
23/24,Rotura parcial de ligamento,2024-01-19,2024-12-31,348,51,748601,gaston-avila
21/22,Lesão nos adutores,2022-04-18,2022-05-02,15,4,748601,gaston-avila
20/21,Lesão no ombro,2021-03-09,2021-03-27,19,2,748601,gaston-avila
25/26,Lesão no cotovelo,2025-07-14,2025-07-25,12,1,1082582,gustavo-mancha
25/26,Lesão na coxa,2025-10-26,2025-12-06,42,8,869477,rodrigo-santos
24/25,Recuperação ritmo competitivo,2025-04-09,2025-05-31,53,15,869477,rodrigo-santos
23/24,Entorse do tornozelo,2024-02-15,2024-03-26,41,6,220647,pol-fernandez
22/23,Problemas musculares na coxa,2023-05-25,2023-06-04,11,2,220647,pol-fernandez
21/22,Problemas na panturrilha,2022-03-31,2022-04-07,8,2,220647,pol-fernandez
25/26,Pubalgia,2025-11-10,2026-01-10,62,6,1082523,lucca-prior
25/26,Lesão no púbis,2025-09-28,2025-10-18,21,3,1082523,lucca-prior
25/26,Estiramento do ligamento colateral interno do joelho,2025-08-20,2025-09-26,38,4,668953,jose-herrera
24/25,Lesão muscular,2024-11-30,2024-12-23,24,3,668953,jose-herrera
23/24,Muskelbündelriss,2024-05-26,2024-07-25,61,6,668953,jose-herrera
24/25,Entorse do tornozelo,2024-12-06,2024-12-27,22,2,514120,adam-bareiro
22/23,Problemas de calcanhares,2023-04-22,2023-04-25,4,1,514120,adam-bareiro
22/23,Distensão dos adutores,2023-03-24,2023-04-06,14,2,514120,adam-bareiro
21/22,Muskelbündelriss,2022-04-27,2022-05-11,15,2,514120,adam-bareiro
18/19,Lesão ligamentar,2019-01-12,2019-02-24,44,6,514120,adam-bareiro
23/24,Lesão no joelho,2023-09-28,,910,143,75102,denis
22/23,Rotura de ligamentos no joelho,2022-08-25,2023-05-31,280,48,75102,denis
20/21,Coronavírus,2020-12-30,2021-01-08,10,1,75102,denis
14/15,Lesão no ombro,2015-02-25,2015-06-30,126,27,75102,denis
25/26,Entorse do tornozelo,2025-11-02,2025-11-14,13,2,461903,joao-silva
25/26,Lesão do ligamento cruzado,2025-10-17,,160,,1459871,victor-hugo
23/24,Lesão muscular,2023-11-18,2023-12-18,31,1,621793,fabricio-dominguez
21/22,Lesão desconhecida,2021-10-05,2021-10-27,23,4,621793,fabricio-dominguez
21/22,Febre,2021-07-22,2021-07-28,7,2,621793,fabricio-dominguez
20/21,Lesão muscular,2021-04-25,2021-05-10,16,4,621793,fabricio-dominguez
19/20,Lesão muscular,2020-02-05,2020-03-08,33,4,621793,fabricio-dominguez
25/26,Lesão no púbis,2025-07-10,2025-12-02,146,25,634139,hereda
25/26,Lesão no tornozelo,2025-07-21,2025-10-04,76,11.0,112465,sergio-oliveira
24/25,Problemas musculares na coxa,2025-04-20,2025-05-08,19,2.0,112465,sergio-oliveira
24/25,Lesão na coxa,2025-04-13,2025-04-18,6,1.0,112465,sergio-oliveira
23/24,Lesão no peito,2023-12-15,2024-02-13,61,12.0,112465,sergio-oliveira
23/24,Lesão desconhecida,2023-08-29,2023-09-12,15,1.0,112465,sergio-oliveira
22/23,Recuperação ritmo competitivo,2022-12-19,2022-12-23,5,1.0,112465,sergio-oliveira
22/23,Fissura da banda lateral do tarso,2022-11-26,2022-12-19,24,,112465,sergio-oliveira
21/22,Problemas de calcanhares,2022-02-25,2022-03-05,9,1.0,112465,sergio-oliveira
20/21,Coronavírus,2021-01-17,2021-01-27,11,2.0,112465,sergio-oliveira
19/20,Lesão muscular,2020-07-10,2020-07-22,13,2.0,112465,sergio-oliveira
19/20,Lesão muscular,2019-11-01,2019-11-21,21,5.0,112465,sergio-oliveira
19/20,Lesão no tornozelo,2019-08-14,2019-10-19,67,13.0,112465,sergio-oliveira
16/17,Lesão no joelho,2017-02-23,2017-03-17,23,4.0,112465,sergio-oliveira
16/17,Problemas físicos,2016-08-15,2016-08-23,9,1.0,112465,sergio-oliveira
14/15,Luxation der Kniescheibe,2015-02-09,2015-03-12,32,4.0,112465,sergio-oliveira
24/25,Lesão na panturrilha,2025-02-23,2025-04-01,38,8,126239,christian-ortiz
24/25,Fratura de um dedo do pé,2025-03-03,2025-04-11,40,9,1013922,rodrigo-atencio
22/23,Problemas no Joelho,2023-03-19,2023-04-05,18,2,402079,ignacio-ramirez
21/22,Muskelbündelriss,2022-03-03,2022-04-05,34,3,402079,ignacio-ramirez
21/22,Coronavírus,2021-12-30,2022-01-16,18,2,402079,ignacio-ramirez
21/22,Lesão muscular,2021-07-13,2021-08-10,29,3,402079,ignacio-ramirez
18/19,Lesão na cabeça,2019-05-29,2019-06-04,7,1,402079,ignacio-ramirez
24/25,Problema nos flexores do quadril,2025-04-27,2025-07-08,73,5.0,181547,goncalo-paciencia
24/25,Problemas musculares,2025-03-27,2025-04-18,23,5.0,181547,goncalo-paciencia
23/24,Problemas na panturrilha,2023-08-18,2023-09-15,29,3.0,181547,goncalo-paciencia
21/22,Distensão muscular,2022-02-15,2022-02-22,8,1.0,181547,goncalo-paciencia
21/22,Coronavírus,2021-12-30,2022-01-04,6,,181547,goncalo-paciencia
21/22,Lesão muscular,2021-10-25,2021-11-24,31,4.0,181547,goncalo-paciencia
20/21,Lesão no joelho,2020-11-25,2021-04-02,129,20.0,181547,goncalo-paciencia
19/20,Recuperação ritmo competitivo,2020-06-12,2020-06-22,11,3.0,181547,goncalo-paciencia
19/20,Lesão muscular,2020-05-05,2020-06-12,39,7.0,181547,goncalo-paciencia
19/20,Quarentena,2020-03-19,2020-04-02,15,,181547,goncalo-paciencia
19/20,Problemas musculares,2019-12-19,2019-12-23,5,1.0,181547,goncalo-paciencia
18/19,Recuperação ritmo competitivo,2018-12-03,2018-12-31,29,5.0,181547,goncalo-paciencia
18/19,Rotura do menisco,2018-09-10,2018-12-02,84,20.0,181547,goncalo-paciencia
16/17,Problemas físicos,2017-03-01,2017-03-07,7,1.0,181547,goncalo-paciencia
14/15,Entorse dos ligamentos,2014-09-05,2014-11-06,63,12.0,181547,goncalo-paciencia
13/14,Lesão no joelho,2013-06-15,2014-01-10,210,23.0,181547,goncalo-paciencia
25/26,Artroscopia,2025-08-04,,234,38.0,468332,ruben-ismael
24/25,Lesão desconhecida,2025-05-01,2025-05-26,26,,468332,ruben-ismael
23/24,Lesão num dedo do pé,2023-09-24,2023-10-03,10,3,323740,aitor-cantalapiedra
23/24,Recuperação ritmo competitivo,2023-06-26,2023-08-21,57,4,323740,aitor-cantalapiedra
22/23,Rotura dos ligamentos cruzados,2022-10-23,2023-06-26,247,31,323740,aitor-cantalapiedra
19/20,Problemas físicos,2020-02-06,2020-06-30,146,5,323740,aitor-cantalapiedra
24/25,Entorse,2025-01-11,2025-01-24,14,1.0,388519,kike-saverio
23/24,Entorse do tornozelo,2023-08-03,2023-11-06,96,12.0,388519,kike-saverio
22/23,Recuperação ritmo competitivo,2022-11-08,2023-01-23,77,8.0,388519,kike-saverio
21/22,Rotura do tendão de Aquiles,2022-05-08,2022-11-08,185,17.0,388519,kike-saverio
19/20,Lesão muscular,2020-02-27,2020-03-27,30,2.0,388519,kike-saverio
19/20,lesão na perna,2019-12-12,2020-01-02,22,2.0,388519,kike-saverio
19/20,Lesão na coxa,2019-10-04,2019-10-11,8,1.0,388519,kike-saverio
19/20,Lesão na coxa,2019-08-13,2019-08-23,11,,388519,kike-saverio
18/19,Lesão na coxa,2018-10-07,2019-02-13,130,17.0,388519,kike-saverio
25/26,Lesão na panturrilha,2025-08-10,2025-09-12,34,3,193925,romarinho
23/24,Lesão desconhecida,2023-11-10,2023-12-08,29,5,193925,romarinho
22/23,Lesão muscular,2022-09-15,2022-10-07,23,1,193925,romarinho
25/26,Lesão na coluna,2026-01-09,2026-03-10,61,14.0,248030,renzo-lopez
25/26,Problemas musculares na coxa,2025-08-17,2025-09-12,27,2.0,248030,renzo-lopez
24/25,Lesão desconhecida,2025-03-15,2025-03-31,17,,248030,renzo-lopez
23/24,Problemas na zona lombar,2023-11-08,2023-12-08,31,2.0,248030,renzo-lopez
23/24,Lesão muscular,2023-09-21,2023-10-05,15,2.0,248030,renzo-lopez
23/24,Muskelbündelriss,2023-08-21,2023-09-17,28,3.0,248030,renzo-lopez
24/25,Problema nos flexores do quadril,2025-04-16,2025-05-31,46,6,214701,bruno
23/24,Lesão desconhecida,2024-01-09,2024-02-20,43,6,657387,fabiano
23/24,Lesão muscular,2023-12-14,2023-12-28,15,2,657387,fabiano
24/25,Lesão muscular,2024-08-16,2024-09-04,20,4,729356,alejandro-martinez
17/18,Problemas físicos,2017-09-06,2017-10-01,26,2,266070,gaston-guruceaga
24/25,Lesão na cabeça,2025-04-13,2025-04-19,7,1,185246,daniel-giraldo
22/23,Problemas físicos,2022-08-16,2022-08-30,15,3,654384,vitor-pernambuco
20/21,Quarentena,2021-03-01,2021-04-01,32,2,654384,vitor-pernambuco
25/26,Lesão no tornozelo,2025-05-06,2026-01-09,249,31,1047465,emerson-galego
25/26,Fadiga muscular,2026-02-22,2026-02-26,5,1,292731,danielzinho
25/26,Problemas na panturrilha,2026-01-10,2026-01-23,14,4,680681,negueba
24/25,Lesão desconhecida,2025-02-24,2025-04-15,51,4,680681,negueba
25/26,Lesão na coxa,2026-02-02,2026-03-07,34,7,559602,chico-da-costa
25/26,Problemas musculares na coxa,2025-09-22,2025-09-30,9,1,559602,chico-da-costa
25/26,Lesão nos adutores,2025-09-12,2025-09-16,5,1,559602,chico-da-costa
22/23,Ferida aberta,2023-01-21,2023-01-30,10,2,559602,chico-da-costa
25/26,Edema do osso,2026-02-13,2026-02-17,5,1,1182665,neiser-villarreal
25/26,Rotura muscular na coxa,2025-08-28,2025-09-04,8,1.0,149498,gabriel-paulista
24/25,Lesão desconhecida,2025-04-28,2025-05-02,5,,149498,gabriel-paulista
24/25,Recuperação ritmo competitivo,2025-02-18,2025-03-02,13,3.0,149498,gabriel-paulista
24/25,Rotura num tendão,2024-11-28,2025-02-18,83,15.0,149498,gabriel-paulista
24/25,Fissura parcial muscular,2024-10-06,2024-11-03,29,4.0,149498,gabriel-paulista
21/22,Lesão no joelho,2021-10-05,2022-02-20,139,18.0,149498,gabriel-paulista
20/21,Lesão na coxa,2020-09-20,2020-10-14,25,3.0,149498,gabriel-paulista
19/20,Entorse do tornozelo,2020-02-15,2020-02-29,15,2.0,149498,gabriel-paulista
18/19,Lesão muscular,2019-02-08,2019-02-22,15,4.0,149498,gabriel-paulista
18/19,Lesão muscular,2018-12-16,2018-12-30,15,1.0,149498,gabriel-paulista
18/19,Lesão muscular,2018-12-09,2018-12-14,6,1.0,149498,gabriel-paulista
16/17,Lesão no joelho,2017-05-21,2017-09-06,109,5.0,149498,gabriel-paulista
16/17,Lesão no tornozelo,2016-08-08,2016-09-19,43,6.0,149498,gabriel-paulista
14/15,Lesão na coxa,2015-03-05,2015-03-16,12,2.0,149498,gabriel-paulista
14/15,Lesão no tornozelo,2014-08-21,2014-08-21,1,,149498,gabriel-paulista
25/26,Problemas físicos,2025-08-01,2025-08-18,18,4,657743,pedro-milans
22/23,Lesão desconhecida,2023-06-16,2023-07-06,21,4,657743,pedro-milans
23/24,Lesão na coxa,2024-07-13,2024-08-13,32,4,141660,jesse-lingard
23/24,Lesão no joelho,2024-03-26,2024-05-13,49,10,141660,jesse-lingard
22/23,Lesão na coxa,2022-12-27,2023-01-16,21,5,141660,jesse-lingard
20/21,Traumatismo,2020-10-17,2020-12-01,46,13,141660,jesse-lingard
19/20,Doente,2020-01-09,2020-01-14,6,1,141660,jesse-lingard
19/20,Lesão na coxa,2019-10-04,2019-10-23,20,4,141660,jesse-lingard
19/20,Doente,2019-09-07,2019-09-18,12,3,141660,jesse-lingard
18/19,Lesão no joelho,2019-04-26,2019-05-11,16,2,141660,jesse-lingard
18/19,Lesão na coxa,2019-02-13,2019-03-16,32,5,141660,jesse-lingard
18/19,Problemas na virilha,2018-09-25,2018-10-27,33,7,141660,jesse-lingard
18/19,Traumatismo,2018-08-01,2018-08-18,18,1,141660,jesse-lingard
16/17,Lesão tornozelo,2016-08-07,2016-09-09,34,3,141660,jesse-lingard
14/15,Lesão no joelho,2014-08-16,2014-12-08,115,20,141660,jesse-lingard
23/24,Doente,2024-01-03,2024-01-17,15,1.0,123349,zakaria-labyad
23/24,Lesão desconhecida,2023-12-14,2023-12-18,5,1.0,123349,zakaria-labyad
23/24,Doente,2023-11-24,2023-11-28,5,1.0,123349,zakaria-labyad
22/23,Doente,2023-04-05,2023-04-10,6,1.0,123349,zakaria-labyad
21/22,Lesão no joelho,2022-04-08,2022-06-30,84,7.0,123349,zakaria-labyad
21/22,Lesão desconhecida,2021-12-10,2022-03-05,86,14.0,123349,zakaria-labyad
21/22,Doente,2021-10-29,2021-11-02,5,1.0,123349,zakaria-labyad
21/22,Doente,2021-09-13,2021-09-20,8,2.0,123349,zakaria-labyad
21/22,Lesão nas costas,2021-07-28,2021-08-13,17,1.0,123349,zakaria-labyad
20/21,Problemas físicos,2021-04-03,2021-04-17,15,4.0,123349,zakaria-labyad
20/21,Lesão no tornozelo,2021-02-25,2021-03-06,10,2.0,123349,zakaria-labyad
20/21,Problemas físicos,2020-12-11,2020-12-15,5,1.0,123349,zakaria-labyad
19/20,Recuperação ritmo competitivo,2020-03-01,2020-03-15,15,3.0,123349,zakaria-labyad
19/20,Lesão no joelho,2019-11-27,2020-02-29,95,15.0,123349,zakaria-labyad
19/20,Doente,2019-09-27,2019-10-03,7,2.0,123349,zakaria-labyad
19/20,Lesão na coxa,2019-08-05,2019-08-29,25,6.0,123349,zakaria-labyad
17/18,Lesão na virilha,2018-05-11,2018-05-14,4,1.0,123349,zakaria-labyad
16/17,Recuperação ritmo competitivo,2017-01-05,2017-01-19,15,3.0,123349,zakaria-labyad
15/16,Lesão na coxa,2015-07-18,2015-08-08,22,,123349,zakaria-labyad
14/15,Lesão na coxa,2014-09-22,2014-11-02,42,8.0,123349,zakaria-labyad
12/13,Problemas no Joelho,2013-04-29,2013-06-30,63,5.0,123349,zakaria-labyad
12/13,Lesão no tornozelo,2013-01-31,2013-02-08,9,1.0,123349,zakaria-labyad
12/13,Problemas musculares na coxa,2012-10-19,2012-10-21,3,,123349,zakaria-labyad
12/13,Problemas musculares na coxa,2012-09-02,2012-09-14,13,1.0,123349,zakaria-labyad
11/12,Problemas na virilha,2012-02-13,2012-02-17,5,1.0,123349,zakaria-labyad
11/12,Lesão no joelho,2011-08-03,2011-08-12,10,1.0,123349,zakaria-labyad
24/25,Distensão muscular,2025-02-06,2025-02-12,7,2,661133,cristian-medina
24/25,Problemas musculares,2024-09-29,2024-10-21,23,1,661133,cristian-medina
23/24,Choque,2024-05-16,2024-05-21,6,1,661133,cristian-medina
21/22,Quarentena,2021-07-22,2021-07-29,8,2,661133,cristian-medina
20/21,Coronavírus,2021-05-22,2021-06-05,15,2,661133,cristian-medina
24/25,Lesão muscular,2024-11-04,2024-12-01,28,6,495689,julian-millan
25/26,Problemas musculares,2026-02-10,2026-02-17,8,1,984416,rodrigo-castillo
24/25,Problemas musculares,2024-09-05,2024-09-10,6,,1241022,roman-gomez
25/26,Rotura muscular na coxa,2026-01-24,2026-02-04,12,2,839031,leonel-perez
25/26,Ruptura muscular,2025-09-20,2025-10-08,19,2,839031,leonel-perez
25/26,Problemas musculares,2025-07-30,2025-08-05,7,1,839031,leonel-perez
25/26,Ruptura muscular,2025-09-24,2025-10-19,26,5,689211,juan-nardoni
24/25,Ruptura muscular,2025-04-07,2025-04-25,19,4,689211,juan-nardoni
24/25,Problemas no Joelho,2025-02-01,2025-02-05,5,1,689211,juan-nardoni
24/25,Entorse do tornozelo,2024-08-04,2024-08-18,15,3,689211,juan-nardoni
23/24,Distensão muscular,2024-06-02,2024-06-18,17,3,689211,juan-nardoni
23/24,Ruptura muscular,2024-04-08,2024-05-05,28,4,689211,juan-nardoni
23/24,Ruptura muscular,2024-02-12,2024-03-04,22,4,689211,juan-nardoni
23/24,Ruptura muscular,2023-08-04,2023-08-28,25,4,689211,juan-nardoni
25/26,Lesão na coxa,2026-02-16,2026-02-28,13,2,371256,tete
25/26,Queixas adutores,2025-09-12,2025-09-15,4,1,371256,tete
24/25,Gestão de esforço,2024-07-24,2024-07-26,3,1,371256,tete
25/26,Problemas na panturrilha,2025-10-30,2025-11-13,15,2,989455,alan-saldivia
25/26,Pubalgia,2025-08-17,2025-10-28,73,6,989455,alan-saldivia
25/26,Problemas na virilha,2025-07-31,2025-08-14,15,2,989455,alan-saldivia
24/25,Meniskuseinriss,2024-08-03,2024-09-09,38,8,989455,alan-saldivia
23/24,Problemas musculares,2024-04-28,2024-05-06,9,2,989455,alan-saldivia
21/22,Lesão muscular,2022-02-10,2022-03-20,39,2,504882,claudio-spinelli
20/21,Lesão muscular,2020-08-20,2020-09-30,42,2,504882,claudio-spinelli
19/20,Lesão tornozelo,2019-11-05,2020-03-10,127,12,504882,claudio-spinelli
19/20,Lesão muscular,2019-10-02,2019-10-22,21,2,504882,claudio-spinelli
25/26,Problemas musculares,2025-10-01,2025-10-15,15,2,563812,christian-oliva
22/23,Lesão desconhecida,2023-05-29,2023-06-05,8,1,563812,christian-oliva
22/23,Lesão muscular,2023-04-12,2023-04-26,15,3,563812,christian-oliva
21/22,Problemas físicos,2022-05-01,2022-06-19,50,8,563812,christian-oliva
21/22,Coronavírus,2022-01-11,2022-01-24,14,4,563812,christian-oliva
19/20,Distorção do tornozelo,2020-06-11,2020-08-02,53,13,563812,christian-oliva
19/20,Febre,2020-02-08,2020-02-12,5,1,563812,christian-oliva
25/26,Distensão muscular,2025-09-28,2025-10-10,13,1,881645,ignacio-sosa
23/24,Muskelbündelriss,2024-08-07,2024-08-27,21,3,881645,ignacio-sosa
25/26,Entorse do tornozelo,2026-01-26,2026-01-31,6,1,450241,angelo-preciado
25/26,Lesão desconhecida,2025-10-01,2025-10-03,3,1,450241,angelo-preciado
25/26,Problemas na tibiotársica,2025-09-21,2025-09-25,5,1,450241,angelo-preciado
25/26,lesão na perna,2025-08-15,2025-08-20,6,1,450241,angelo-preciado
25/26,Lesão na coxa,2025-08-01,2025-08-13,13,3,450241,angelo-preciado
24/25,Lesão meniscal,2024-10-26,2025-04-21,178,31,450241,angelo-preciado
24/25,Gestão de esforço,2024-10-18,2024-10-20,3,1,450241,angelo-preciado
24/25,Gestão de esforço,2024-09-21,2024-09-23,3,1,450241,angelo-preciado
24/25,Gestão de esforço,2024-07-15,2024-07-24,10,2,450241,angelo-preciado
23/24,Lesão desconhecida,2023-12-14,2023-12-22,9,1,450241,angelo-preciado
23/24,Lesão desconhecida,2023-10-26,2023-11-03,9,2,450241,angelo-preciado
23/24,Gestão de esforço,2023-09-26,2023-09-28,3,1,450241,angelo-preciado
23/24,Dor de dentes,2023-07-28,2023-08-01,5,1,450241,angelo-preciado
22/23,Doente,2022-08-04,2022-08-08,5,1,450241,angelo-preciado
20/21,Problemas no Joelho,2021-02-20,2021-03-03,12,2,450241,angelo-preciado
19/20,Fratura do Metatarso,2019-09-26,2019-11-04,40,6,450241,angelo-preciado
18/19,Lesão meniscal,2019-05-13,2019-05-22,10,2,450241,angelo-preciado
25/26,Lesão muscular,2025-12-26,2026-02-18,55,11,1152154,tomas-perez
24/25,Entorse do tornozelo,2024-12-12,2025-02-01,52,6,1152154,tomas-perez
25/26,Lesão no pé,2026-03-09,,17,4,1410674,mamady-cisse
24/25,Lesão muscular,2025-03-09,2025-04-09,32,6,897051,alan-minda
24/25,Gestão de esforço,2024-10-20,2024-10-25,6,1,897051,alan-minda
24/25,Lesão muscular,2024-09-01,2024-09-24,24,4,897051,alan-minda
21/22,Rotura dos ligamentos cruzados,2021-10-30,2022-07-11,255,32,897051,alan-minda
25/26,Recuperação ritmo competitivo,2026-01-24,2026-02-06,14,4.0,362667,mateo-cassierra
25/26,lesão na perna,2025-10-20,2025-11-27,39,6.0,362667,mateo-cassierra
23/24,Lesão desconhecida,2023-11-12,2023-11-28,17,3.0,362667,mateo-cassierra
22/23,Lesão na coxa,2022-10-10,2022-10-31,22,4.0,362667,mateo-cassierra
21/22,Lesão muscular,2022-04-30,2022-05-10,11,1.0,362667,mateo-cassierra
21/22,Doente,2021-08-17,2021-09-01,16,2.0,362667,mateo-cassierra
23/24,Problemas na anca,2021-07-23,2021-08-03,12,,362667,mateo-cassierra
20/21,Lesão desconhecida,2021-04-27,2021-05-02,6,1.0,362667,mateo-cassierra
18/19,Lesão desconhecida,2018-08-09,2018-08-24,16,2.0,362667,mateo-cassierra
23/24,Equimose no Osso,2023-10-01,2023-10-29,29,3,213841,matheus-doria
22/23,Lesão no tornozelo,2022-07-28,2022-10-05,70,13,213841,matheus-doria
25/26,Problemas musculares,2026-03-09,2026-03-14,6,1.0,657220,rodrigo-villagra
25/26,Recuperação ritmo competitivo,2025-08-21,2025-09-15,26,4.0,657220,rodrigo-villagra
25/26,Ferimento da banda lateral,2025-07-05,2025-08-20,47,8.0,657220,rodrigo-villagra
24/25,Recuperação ritmo competitivo,2025-03-07,2025-06-02,88,15.0,657220,rodrigo-villagra
24/25,Distensão muscular,2025-01-16,2025-01-26,11,,657220,rodrigo-villagra
24/25,Febre,2024-08-03,2024-08-05,3,1.0,657220,rodrigo-villagra
20/21,Coronavírus,2021-01-08,2021-01-18,11,2.0,657220,rodrigo-villagra
25/26,Lesão tornozelo,2026-03-17,,9,2.0,649184,carlos-teran
24/25,Lesão na coxa,2025-04-21,2025-07-25,96,17.0,649184,carlos-teran
24/25,lesão na perna,2025-03-01,2025-03-20,20,3.0,649184,carlos-teran
24/25,lesão na perna,2024-09-16,2024-10-02,17,3.0,649184,carlos-teran
24/25,lesão na perna,2024-07-01,2024-08-15,46,7.0,649184,carlos-teran
23/24,Operado ao joelho,2024-01-29,2024-03-08,40,2.0,649184,carlos-teran
22/23,Lesão na coxa,2023-05-14,2023-06-23,41,9.0,649184,carlos-teran
22/23,Problemas físicos,2023-05-01,2023-05-11,11,2.0,649184,carlos-teran
21/22,Lesão na coxa,2022-02-21,2022-03-31,39,4.0,649184,carlos-teran
21/22,Problemas musculares na coxa,2021-08-23,2021-08-27,5,,649184,carlos-teran
21/22,lesão na perna,2021-06-25,2021-08-03,40,7.0,649184,carlos-teran
20/21,Lesão na coxa,2021-04-30,2021-05-20,21,3.0,649184,carlos-teran
20/21,Lesão na coxa,2021-04-10,2021-04-23,14,1.0,649184,carlos-teran
24/25,Lesão muscular,2024-10-13,2024-10-23,11,2,570521,juan-felipe-aguirre
20/21,Lesão muscular,2021-06-01,2021-06-21,21,3,570521,juan-felipe-aguirre
24/25,Entorse do tornozelo,2025-05-09,2025-05-24,16,1,696719,gaston-benavidez
24/25,Distensão muscular,2025-03-11,2025-03-20,10,2,696719,gaston-benavidez
22/23,Coronavírus,2022-02-09,2022-02-17,9,1,696719,gaston-benavidez
22/23,Coronavírus,2021-03-20,2021-04-06,18,3,696719,gaston-benavidez
24/25,Distensão muscular,2025-04-23,2025-05-01,9,1,585747,juan-portilla
23/24,Gripe,2024-05-31,2024-06-04,5,1,585747,juan-portilla
25/26,Lesão no púbis,2026-01-15,,70,14,632246,alejandro-garcia
21/22,Lesão meniscal,2022-02-10,2022-07-01,142,20,632246,alejandro-garcia
24/25,Traumatismo no joelho,2025-04-15,2025-05-01,17,4,580461,kevin-viveros
25/26,Problemas musculares,2026-01-18,2026-03-14,56,9,883623,renan-peixoto
23/24,Problema nos flexores do quadril,2024-04-19,2024-05-24,36,6,883623,renan-peixoto
22/23,Lesão na tíbia,2023-01-01,2024-03-08,433,41,883623,renan-peixoto
22/23,Lesão na coxa,2022-10-29,2022-11-13,16,2,883623,renan-peixoto
21/22,Doente,2022-04-29,2022-05-02,4,1,883623,renan-peixoto
23/24,Lesão desconhecida,2023-12-04,2024-01-02,30,3,646677,riccieli
22/23,Lesão desconhecida,2022-08-01,2022-08-23,23,3,646677,riccieli
21/22,Coronavírus,2021-07-20,2021-07-30,11,1,646677,riccieli
20/21,Lesão desconhecida,2020-10-28,2020-12-22,56,7,608943,lucas-silva
25/26,Recuperação ritmo competitivo,2026-01-31,,52,12,531916,pedro-henrique
18/19,Lesão meniscal,2018-10-01,2018-12-16,77,9,531916,pedro-henrique
25/26,Fratura de um dedo do pé,2026-02-09,,43,8,1095547,benassi
25/26,Lesão na cabeça,2026-03-12,2026-03-17,6,1,593382,jacy
18/19,Lesão desconhecida,2018-11-27,2018-11-30,4,1,72772,josue
17/18,Lesão desconhecida,2017-11-25,2017-12-26,32,6,72772,josue
15/16,Lesão na coxa,2016-03-21,2016-04-07,18,1,72772,josue
15/16,Pequena lesão,2016-03-03,2016-03-07,5,1,72772,josue
15/16,Problemas físicos,2016-01-07,2016-01-25,19,5,72772,josue
24/25,Rotura de ligamentos do tornozelo,2025-11-03,,141,21,638262,rodrigo-rodrigues
25/26,Problemas musculares na coxa,2025-09-13,2025-10-30,48,8,638262,rodrigo-rodrigues
24/25,Lesão muscular,2025-02-03,2025-03-24,50,9,638262,rodrigo-rodrigues
24/25,Lesão muscular,2024-12-22,2025-01-19,29,5,638262,rodrigo-rodrigues
24/25,Lesão na coxa,2024-08-20,2024-09-30,42,5,638262,rodrigo-rodrigues
25/26,Problemas musculares na coxa,2026-01-22,2026-03-09,47,7,539203,andre-luis
25/26,Problemas na zona lombar,2025-09-08,2025-10-16,39,5,539203,andre-luis
24/25,Lesão muscular,2025-05-03,2025-05-16,14,2,539203,andre-luis
24/25,Lesão muscular,2025-03-02,2025-03-13,12,2,539203,andre-luis
20/21,Lesão desconhecida,2020-12-17,2021-02-02,48,8,539203,andre-luis
20/21,Lesão muscular,2020-10-02,2020-11-18,48,4,539203,andre-luis
18/19,Gripe,2019-04-25,2019-04-30,6,1,539203,andre-luis
24/25,Lesão no ombro,2025-04-09,2025-05-07,29,4,490760,tchamba
24/25,Lesão muscular,2024-09-23,2024-11-15,54,6,490760,tchamba
23/24,Lesão muscular,2024-04-01,2024-04-10,10,1,490760,tchamba
23/24,Lesão muscular,2023-12-29,2024-01-09,12,2,490760,tchamba
23/24,Lesão muscular,2023-08-07,2023-10-03,58,8,490760,tchamba
22/23,Lesão desconhecida,2022-07-01,2023-02-13,228,31,490760,tchamba
21/22,Coronavírus,2021-08-10,2021-08-23,14,3,358738,cristian-tassano
20/21,Lesão desconhecida,2020-12-15,2021-03-31,107,17,358738,cristian-tassano
19/20,Lesão muscular,2019-10-06,2019-11-06,32,4,358738,cristian-tassano
17/18,Lesão no joelho,2017-08-09,2017-11-09,93,13,358738,cristian-tassano
16/17,Problemas no tendão de Aquiles,2016-09-03,2016-10-01,29,4,358738,cristian-tassano
24/25,Lesão desconhecida,2025-03-11,2025-05-06,57,8,539135,leo-andrade
24/25,Entorse,2024-10-19,2024-11-01,14,1,539135,leo-andrade
23/24,Lesão nos adutores,2024-03-12,2024-03-31,20,2,401521,braian-cufre
23/24,Lesão nos adutores,2023-12-27,2024-02-29,65,13,401521,braian-cufre
25/26,Abcesso,2025-08-04,2025-09-17,45,4,663077,leonel-picco
24/25,Lesão na panturrilha,2024-11-05,2024-11-09,5,1,663077,leonel-picco
24/25,Lesão muscular,2024-07-26,2024-08-14,20,3,663077,leonel-picco
23/24,Problemas musculares,2023-10-06,2023-11-01,27,3.0,62415,panagiotis-tachtsidis
20/21,Coronavírus,2020-08-24,2020-09-18,26,,62415,panagiotis-tachtsidis
19/20,Lesão no joelho,2020-01-27,2020-02-10,15,2.0,62415,panagiotis-tachtsidis
19/20,Problemas musculares na coxa,2019-09-23,2019-09-27,5,1.0,62415,panagiotis-tachtsidis
16/17,Distensão muscular,2016-11-10,2016-12-04,25,4.0,62415,panagiotis-tachtsidis
15/16,Lesão desconhecida,2016-01-22,2016-01-29,8,1.0,62415,panagiotis-tachtsidis
15/16,Lesão desconhecida,2015-12-05,2015-12-07,3,1.0,62415,panagiotis-tachtsidis
12/13,Problemas musculares na coxa,2012-11-16,2012-12-01,16,1.0,62415,panagiotis-tachtsidis
25/26,Ruptura muscular,2025-09-09,2025-09-12,4,1,833886,franco-catarozzi
21/22,Lesão desconhecida,2021-09-20,2021-10-28,39,6,833886,franco-catarozzi
23/24,Rotura dos ligamentos,2023-10-14,2023-11-11,29,2,726092,jaja
23/24,Meniskusreizung,2024-03-23,2024-04-12,21,2.0,298410,joao-pedro
23/24,Lesão no joelho,2023-07-31,2023-08-21,22,,298410,joao-pedro
25/26,Rotura dos ligamentos cruzados,2025-09-17,,188,12,671292,bruno-matias
25/26,Lesão no joelho,2026-01-02,2026-02-21,51,12,639751,neto-pessoa
20/21,Coronavírus,2021-01-16,2021-02-01,17,3,284701,samuel-portugal
19/20,Lesão desconhecida,2019-10-06,2019-11-11,37,5,375820,henrique-gelain
23/24,Lesão desconhecida,2024-04-08,2024-05-10,33,3,554993,marcos-moser
25/26,Lesão desconhecida,2026-01-26,,57,9,553062,vitor-carvalho
25/26,Lesão desconhecida,2025-10-15,2025-11-05,22,5,553062,vitor-carvalho
24/25,Lesão desconhecida,2025-02-01,2025-03-27,55,8,553062,vitor-carvalho
24/25,Lesão muscular,2024-07-22,2024-07-29,8,1,553062,vitor-carvalho
21/22,Lesão desconhecida,2022-02-01,2022-02-03,3,1,553062,vitor-carvalho
19/20,Lesão desconhecida,2020-02-23,2020-06-01,100,2,553062,vitor-carvalho
19/20,Problemas musculares na coxa,2019-08-13,2019-08-23,11,2,104850,chiquinho
25/26,Lesão desconhecida,2025-11-05,2026-01-26,83,11,484873,kady-borges
22/23,Fratura terço médio da face,2023-04-25,2023-06-09,46,8,484873,kady-borges
22/23,Lesão desconhecida,2022-10-13,2022-10-18,6,1,484873,kady-borges
22/23,Lesão desconhecida,2022-10-30,2022-11-09,11,1,383637,evandro
20/21,Lesão no joelho,2020-11-02,2021-03-11,130,19,383637,evandro
18/19,Rotura muscular,2019-02-24,2019-03-07,12,1,383637,evandro
21/22,Rotura parcial de ligamento,2022-02-15,2022-10-15,243,6,381430,fabricio-alvarenga
11/12,Problemas na panturrilha,2012-03-26,2012-06-01,68,14,15880,kleber
25/26,Rotura muscular na coxa,2025-10-17,2025-11-04,19,2,348260,edson-mardden
19/20,Lesão no joelho,2019-07-30,2019-11-10,104,21,348260,edson-mardden
21/22,Lesão tornozelo,2021-05-22,2021-12-10,203,40,211300,rafael-bonfim
19/20,Fratura do nariz,2019-09-12,2019-09-21,10,,225639,wellington-carvalho
18/19,Lesão desconhecida,2019-05-01,2019-06-05,36,7.0,225639,wellington-carvalho
12/13,Problemas musculares,2012-11-09,2012-11-25,17,2,76092,willians
18/19,Rotura de ligamentos no joelho,2019-05-15,2020-02-01,263,,53757,felipe-menezes
21/22,Lesão dos ligamentos laterais do joelho,2022-02-13,2022-12-31,322,26,68845,willians-santana
19/20,Lesão na coxa,2019-08-11,2019-10-01,52,10,68845,willians-santana
15/16,Problemas no tendão de Aquiles,2016-03-27,2016-04-28,33,4,68845,willians-santana
19/20,Lesão muscular,2019-08-22,2019-10-10,50,6,84654,mazola
14/15,Teilschädigung am Kreuzband,2014-11-22,2015-07-17,238,27,26231,tiago-cardoso
09/10,Fibra muscular rasgado,2009-09-20,2009-10-20,31,5,93178,victor-ramos
24/25,Lesão desconhecida,2024-10-31,2024-11-19,20,2,280283,raphael-silva
18/19,Lesão desconhecida,2018-10-01,2018-10-17,17,1,280283,raphael-silva
21/22,Lesão na anca,2022-05-01,2022-05-31,31,5,520459,william
19/20,Reação de estresse do osso,2020-05-12,2020-08-01,82,10,520459,william
14/15,Problemas no Joelho,2015-06-09,2015-07-16,38,,363774,everton
13/14,Lesão desconhecida,2014-05-05,2014-05-18,14,2,55489,renato-caja
13/14,Lesão desconhecida,2014-03-08,2014-03-18,11,1,55489,renato-caja
17/18,Ligamento intra-articular rasgado do joelho,2017-07-02,2017-08-13,43,5,98511,felipe-garcia
23/24,Lesão desconhecida,2024-04-16,2024-04-26,11,2.0,593206,robson-duarte
21/22,Quarentena,2021-12-27,2022-01-10,15,,593206,robson-duarte
20/21,Lesão desconhecida,2021-08-01,2021-08-10,10,1.0,593206,robson-duarte
18/19,Lesão desconhecida,2019-04-12,2019-04-29,18,4.0,593206,robson-duarte
14/15,Lesão na coxa,2015-05-01,2015-05-30,30,4,147404,junior-vicosa
21/22,Lesão tornozelo,2021-09-19,2021-10-09,21,2,132060,jorge-fellipe
09/10,Lesão desconhecida,2009-07-04,2009-09-27,86,18,7336,juan
16/17,Lesão no joelho,2017-04-08,2017-08-05,120,26,99500,wellington-silva
15/16,Lesão muscular,2015-08-21,2015-09-04,15,4,99500,wellington-silva
07/08,Rotura parcial de ligamento,2008-04-15,2008-12-01,231,37,68723,dick
24/25,Lesão desconhecida,2025-04-19,2025-05-04,16,3,594220,da-silva
19/20,Lesão no ombro,2019-10-07,2020-09-05,335,18,155351,ferrugem
19/20,Problemas musculares na coxa,2019-08-30,2019-09-27,29,5,155351,ferrugem
19/20,Problemas musculares na coxa,2019-08-01,2019-08-21,21,3,155351,ferrugem
09/10,Lesão no ombro,2010-02-08,2010-03-07,28,4,123708,marcos-antonio
16/17,Lesão desconhecida,2017-01-09,2017-02-10,33,5,141850,daniel-costa
22/23,Entorse no joelho,2023-05-28,2024-07-06,406,55,109652,neto-berola
22/23,Lesão no joelho,2022-07-25,2023-04-13,263,35,109652,neto-berola
21/22,Lesão desconhecida,2022-03-07,2022-06-12,98,17,109652,neto-berola
24/25,Fissura da banda do joelho,2024-11-10,2025-02-14,97,7,271353,niltinho
19/20,Lesão desconhecida,2019-07-19,2019-12-10,145,18,271353,niltinho
18/19,Lesão desconhecida,2018-10-18,2018-10-30,13,2,271353,niltinho
15/16,Lesão desconhecida,2015-08-22,2015-09-15,25,3,271353,niltinho
20/21,Fibra muscular rasgado,2020-09-09,2020-09-27,19,3,243185,daniel-angulo
16/17,lesão na perna,2017-02-02,2017-03-20,47,10,243185,daniel-angulo
15/16,Choque,2015-10-20,2015-11-14,26,6,243185,daniel-angulo
15/16,Lesão no joelho,2015-09-25,2015-10-09,15,4,243185,daniel-angulo
21/22,Fadiga muscular,2021-09-17,2021-09-29,13,1,68542,german-pacheco
15/16,Lesão no joelho,2015-06-01,2015-09-01,93,12,52850,wilson
19/20,Lesão no joelho,2019-10-28,2019-11-06,10,2,446043,getterson-alves
19/20,Problemas musculares,2019-08-12,2019-08-20,9,1,124183,renan-fonseca
24/25,Cirurgia Ligamento Cruzado,2025-05-27,2026-04-03,312,37,688686,heitor-roca
21/22,Lesão desconhecida,2022-03-10,2022-04-22,44,6,689818,vitinho
21/22,Lesão desconhecida,2021-07-12,2021-09-28,79,7,689818,vitinho
19/20,Braço fraturado,2020-08-20,2020-09-10,22,1,689818,vitinho
19/20,Problemas musculares na coxa,2019-10-10,2019-10-25,16,3,95274,paulinho
21/22,Lesão no tornozelo,2022-03-03,2022-06-05,95,13.0,333857,murilo-henrique
21/22,Recuperação ritmo competitivo,2022-02-01,2022-02-17,17,,333857,murilo-henrique
20/21,Lesão desconhecida,2021-08-23,2021-08-31,9,2.0,333857,murilo-henrique
14/15,Lesão do ligamento cruzado,2014-09-04,2015-09-01,363,70,296912,daniel
11/12,Operado ao joelho,2011-06-15,2011-09-30,108,32,19082,luis-fabiano
10/11,Ligamento Esticado,2011-03-06,2011-04-15,41,9,19082,luis-fabiano
10/11,Problemas musculares,2010-11-22,2010-12-13,22,4,19082,luis-fabiano
09/10,Lesão no tornozelo,2009-12-05,2010-01-13,40,6,19082,luis-fabiano
08/09,Problemas no Joelho,2009-01-29,2009-02-26,29,6,19082,luis-fabiano
08/09,Lesão nos adutores,2008-09-20,2008-10-12,23,2,19082,luis-fabiano
25/26,Rotura do tendão de Aquiles,2026-01-20,2026-07-20,182,4,514298,yuri-tanque
23/24,Lesão no tornozelo,2024-05-20,2024-07-11,53,10,514298,yuri-tanque
18/19,Lesão nos adutores,2019-03-18,2019-07-01,106,13,514298,yuri-tanque
23/24,Teilschädigung am Kreuzband,2024-06-24,2025-05-20,331,50,202959,neto-volpi
22/23,Gripe gastrointestinal,2022-07-14,2022-08-25,43,7,202959,neto-volpi
14/15,Problemas físicos,2015-05-06,2015-05-13,8,1,179020,alemao
24/25,Lesão na panturrilha,2025-05-26,2025-07-21,57,9,374090,henrique-trevisan
24/25,Lesão na panturrilha,2024-09-15,2024-10-27,43,4,374090,henrique-trevisan
22/23,Lesão no ombro,2022-07-05,2023-02-01,212,15,374090,henrique-trevisan
21/22,Explosão acromioclavicular,2022-04-30,2022-06-11,43,8,374090,henrique-trevisan
20/21,Lesão na anca,2021-02-23,2021-04-26,63,13,374090,henrique-trevisan
20/21,Coronavírus,2021-01-15,2021-02-12,29,6,374090,henrique-trevisan
12/13,Rotura dos ligamentos cruzados,2013-04-14,2013-10-14,184,40,75059,diego-renan
17/18,Lesão desconhecida,2017-12-25,2017-12-29,5,1.0,54275,andre-santos
15/16,Lesão na coxa,2016-05-07,2016-05-31,25,4.0,54275,andre-santos
12/13,Rotura muscular,2013-01-09,2013-01-20,12,,54275,andre-santos
12/13,Distensão abdominal,2012-11-17,2013-01-04,49,12.0,54275,andre-santos
11/12,Operação ao tornozelo,2011-12-14,2012-03-12,90,18.0,54275,andre-santos
11/12,Entorse na tibiotársica,2011-12-07,2011-12-13,7,1.0,54275,andre-santos
10/11,Problemas na virilha,2010-11-09,2010-11-15,7,1.0,54275,andre-santos
09/10,Lesão desconhecida,2010-01-10,2010-01-15,6,1.0,54275,andre-santos
19/20,Lesão tornozelo,2019-08-01,2019-09-20,51,9,214699,guilherme-lazaroni
18/19,Lesão na cabeça,2018-10-03,2018-11-01,30,3,214699,guilherme-lazaroni
19/20,Fratura na face,2019-09-16,2019-09-24,9,1,49141,ze-antonio
25/26,Contra,2026-02-15,2026-03-07,21,2,178893,victor-cedron
25/26,Operado ao joelho,2025-08-25,2025-12-31,129,11,178893,victor-cedron
25/26,Lesão meniscal,2025-08-17,2025-08-25,9,1,178893,victor-cedron
24/25,Muskelbündelriss,2025-06-21,2025-07-18,28,3,178893,victor-cedron
24/25,Muskelbündelriss,2024-09-15,2024-10-30,46,4,178893,victor-cedron
21/22,Fadiga muscular,2021-08-02,2021-08-07,6,1,178893,victor-cedron
21/22,Distensão dos adutores,2022-01-29,2022-05-01,93,13,333602,juninho
08/09,Problemas no Joelho,2008-08-18,2009-04-26,252,43,77389,maikon-leite
23/24,Lesão do ligamento cruzado,2023-10-23,2024-09-01,315,27,432976,gustavo-ermel
17/18,Lesão desconhecida,2017-08-18,2017-09-26,40,5,432976,gustavo-ermel
17/18,Lesão desconhecida,2017-10-03,2017-10-24,22,4,61379,henan
16/17,Lesão desconhecida,2017-05-13,2017-06-04,23,3,269866,roni
22/23,Recuperação ritmo competitivo,2023-07-07,2023-07-18,12,3,516127,walterson-silva
21/22,Coronavírus,2022-01-29,2022-02-04,7,1,516127,walterson-silva
21/22,Lesão desconhecida,2021-08-09,2021-08-30,22,3,516127,walterson-silva
18/19,Problemas no tendão de Aquiles,2019-03-30,2019-04-11,13,1,186459,bruno-nunes
20/21,Lesão muscular,2021-01-07,2021-03-15,68,11,269467,cesar-martins
20/21,Lesão desconhecida,2020-12-01,2020-12-30,30,3,269467,cesar-martins
20/21,Lesão desconhecida,2020-10-27,2020-11-15,20,2,269467,cesar-martins
17/18,Lesão desconhecida,2017-10-17,2017-10-31,15,3,269467,cesar-martins
14/15,Problemas musculares na coxa,2015-01-14,2015-03-20,66,11,269467,cesar-martins
13/14,Rotura muscular na coxa,2014-04-10,2014-05-10,31,4,52432,felipe-mattioni
11/12,Rotura dos ligamentos cruzados,2011-09-01,2012-06-01,275,43,52432,felipe-mattioni
10/11,Rotura dos ligamentos cruzados,2010-08-18,2011-02-18,185,27,52432,felipe-mattioni
14/15,Lesão na panturrilha,2015-02-09,2015-09-24,228,56,335698,matheus-bertotto
17/18,Problemas físicos,2018-04-10,2018-05-01,22,3,125521,gustavo-aprile
12/13,Rotura dos ligamentos cruzados,2013-01-01,2013-09-01,244,15,42764,gui-finkler
22/23,Contusão pulmonar,2022-09-20,2023-01-01,104,8,112060,tony
22/23,Lesão na coxa,2023-06-12,2023-07-24,43,7,520090,caprini
16/17,Problemas musculares,2017-04-21,2017-04-30,10,1,37598,rubinho
13/14,Problemas físicos,2013-09-13,2013-10-03,21,6,37598,rubinho
11/12,Lesão no dedo,2011-09-09,2011-09-20,12,2,37598,rubinho
10/11,Gripe,2011-04-06,2011-04-15,10,1,19695,gustavo
24/25,Fissura da banda lateral,2024-07-02,2024-08-18,48,6,391497,lucas-lovat
22/23,Pequena lesão,2022-07-01,2022-07-10,10,1,391497,lucas-lovat
21/22,Lesão muscular,2022-03-07,2022-03-30,24,3,391497,lucas-lovat
21/22,Muskelquetschung,2022-02-01,2022-02-22,22,2,391497,lucas-lovat
21/22,Lesão desconhecida,2021-07-01,2021-12-31,184,36,391497,lucas-lovat
20/21,Lesão desconhecida,2021-03-02,2021-04-26,56,9,391497,lucas-lovat
19/20,Problemas musculares,2019-12-04,2019-12-27,24,1,391497,lucas-lovat
22/23,Lesão desconhecida,2022-08-20,2022-10-05,47,5,261452,tiago-cameta
19/20,Lesão desconhecida,2020-06-12,2020-06-20,9,1,261452,tiago-cameta
23/24,Operado ao joelho,2023-08-02,2023-09-15,45,5,349744,judson
23/24,Lesão no joelho,2023-07-20,2023-08-01,13,2,349744,judson
22/23,Problemas no Joelho,2023-02-20,2023-03-24,33,4,349744,judson
18/19,lesão na perna,2019-04-01,2019-04-18,18,2,349744,judson
20/21,Quarentena,2020-07-29,2020-08-11,14,1,68558,alejandro-martinuccio
16/17,Lesão no joelho,2016-10-14,2016-12-31,79,14,68558,alejandro-martinuccio
22/23,Fissura da banda,2022-04-01,2022-10-01,184,,100242,guillermo-beltran
16/17,Fibra muscular rasgado,2016-10-30,2016-12-11,43,5,53532,dirceu
16/17,Lesão muscular,2016-09-16,2016-10-07,22,2,53532,dirceu
24/25,Lesão do ligamento cruzado,2024-07-30,,604,77,437777,marcondes
23/24,Rotura de ligamentos no joelho,2023-08-23,2024-06-09,292,45,437777,marcondes
19/20,Rotura do menisco,2019-08-08,2020-02-01,178,27,437777,marcondes
22/23,Lesão desconhecida,2023-02-01,2023-05-01,90,13,597087,lucas-africo
21/22,Lesão no joelho,2021-11-18,2022-09-13,300,31,597087,lucas-africo
19/20,Problemas musculares na coxa,2019-09-05,2019-10-28,54,,634738,pedro-cacho
17/18,Lesão na coxa,2017-10-19,2017-11-05,18,3,225392,thiago-primao
21/22,Lesão desconhecida,2021-07-20,2021-08-31,43,5,211094,higor-leite
14/15,Edema do osso,2015-03-22,2015-04-11,21,5,26266,dagoberto
11/12,Operado ao joelho,2011-12-06,2013-03-06,457,78,68821,keirrison
14/15,Traumatismo,2015-05-08,2015-05-23,16,2,75363,luiz
20/21,Ferimento na musculatura da barriga,2020-08-14,2020-10-15,63,15,53356,sandro
11/12,Lesão no tornozelo,2012-04-04,2012-05-04,31,6,195604,sueliton
23/24,Lesão no joelho,2024-04-15,2024-07-31,108,11,604929,gabriel-honorio
22/23,Lesão desconhecida,2022-12-08,2023-01-15,39,5,294823,joanderson
19/20,Lesão no bíceps femoral,2020-07-13,2020-08-03,22,4,294823,joanderson
23/24,Fratura do tornozelo,2023-10-03,2024-01-01,91,10,178942,bruno-brigido
18/19,Pneumonia,2019-01-19,2019-02-18,31,5,178942,bruno-brigido
16/17,Lesão na virilha,2016-11-24,2016-12-05,12,3,86917,fabricio
15/16,Problemas na virilha,2015-11-19,2015-11-26,8,1,86917,fabricio
12/13,Problemas na anca,2013-04-07,2013-04-22,16,2,42853,ferreira
19/20,Problemas musculares na coxa,2019-09-30,2019-10-10,11,2,154981,baraka
25/26,Fadiga muscular,2025-09-18,2025-10-01,14,3,593945,luan-silva
21/22,Lesão na coxa,2022-05-07,2022-05-26,20,4,216131,bruno-mendes
19/20,Lesão na panturrilha,2019-10-19,2019-12-08,51,5,216131,bruno-mendes
24/25,Lesão desconhecida,2025-08-01,2025-09-01,32,5,685803,nicolas-gianini-dantas
24/25,Lesão desconhecida,2025-07-01,2025-07-10,10,2,685803,nicolas-gianini-dantas
24/25,Lesão desconhecida,2025-05-08,2025-05-17,10,2,685803,nicolas-gianini-dantas
22/23,Lesão desconhecida,2023-06-01,2023-09-25,117,7,85308,washington
17/18,Edema do osso,2018-03-06,2018-04-03,29,2,85308,washington
17/18,Problemas musculares,2017-08-07,2017-08-14,8,1,85308,washington
24/25,Lesão desconhecida,2025-01-15,2025-03-26,71,10,585346,baltazar
23/24,Lesão desconhecida,2023-09-27,2023-10-18,22,2,585346,baltazar
21/22,Lesão desconhecida,2021-08-25,2021-10-13,50,6,585346,baltazar
18/19,Lesão meniscal,2018-11-21,2019-03-27,127,12,585346,baltazar
25/26,Rotura do tendão de Aquiles,2025-07-16,2025-12-01,139,4,404199,keke
24/25,Lesão na coxa,2025-06-01,2025-06-29,29,2,404199,keke
25/26,Lesão do ligamento cruzado,2025-10-23,,154,5,687347,emerson-deocleciano
24/25,lesão na perna,2024-09-10,2024-11-11,63,15,687347,emerson-deocleciano
24/25,lesão na perna,2024-07-23,2024-08-15,24,5,687347,emerson-deocleciano
24/25,Lesão desconhecida,2025-02-05,2025-03-10,34,6,232296,ramon-machado
22/23,Muskelquetschung,2023-01-24,2023-02-03,11,1,232296,ramon-machado
17/18,Lesão na coxa,2017-09-10,2017-10-19,40,7,232296,ramon-machado
12/13,Fibra muscular rasgado,2013-04-20,2013-05-14,25,3,232296,ramon-machado
15/16,Lesão desconhecida,2016-02-01,2016-05-31,121,15,100329,alex-henrique
20/21,Lesão desconhecida,2021-05-17,2021-06-30,45,4,592377,felipe-silva
20/21,Lesão na coxa,2021-02-22,2021-03-12,19,2,592377,felipe-silva
18/19,Lesão desconhecida,2019-05-14,2019-05-28,15,3,592377,felipe-silva
14/15,Problemas no Joelho,2015-06-24,2015-08-11,49,10,107317,luis-caceres
19/20,Problemas no Joelho,2019-11-01,2019-11-19,19,4,55480,pedro-carmona
15/16,Problemas musculares,2015-08-01,2015-09-01,32,5,55480,pedro-carmona
15/16,Problemas musculares,2015-07-03,2015-07-19,17,5,55480,pedro-carmona
17/18,Fratura na face,2017-11-05,2017-11-12,8,2,413297,moises-brito
24/25,Lesão na coxa,2025-06-01,2025-06-13,13,1,113389,caion
24/25,Lesão na panturrilha,2025-01-08,2025-01-18,11,1,113389,caion
17/18,Lesão desconhecida,2018-04-08,2018-05-31,54,9,113389,caion
10/11,Rotura dos ligamentos cruzados,2010-08-01,2011-03-01,213,39,152922,andre-vinicius
19/20,Lesão dos ligamentos laterais do joelho,2019-09-08,,2391,60,436832,bruno-lima
23/24,Lesão desconhecida,2024-04-12,2024-04-22,11,2,614325,cassio
23/24,Rotura dos ligamentos cruzados,2023-10-02,2024-06-30,273,24,514674,conrado
22/23,Lesão desconhecida,2023-02-19,2023-03-20,30,4,514674,conrado
20/21,Problemas musculares,2021-04-17,2021-04-30,14,3,271368,william-cordeiro
18/19,Lesão na coxa,2019-05-04,2019-05-18,15,1,380885,henrique
13/14,Lesão desconhecida,2013-11-10,2014-01-01,53,6,30505,ze-love
12/13,Rotura muscular,2012-12-08,2012-12-30,23,4,30505,ze-love
12/13,Queixas adutores,2012-11-06,2012-11-27,22,3,30505,ze-love
11/12,Lesão no tornozelo,2011-08-10,2011-12-01,114,13,30505,ze-love
14/15,Rotura muscular na coxa,2015-06-30,2015-07-30,31,,283167,bruno-lopes
22/23,Problemas físicos,2022-08-22,2023-01-14,146,13,345401,nicolas-careca
16/17,Problemas físicos,2017-04-16,2017-05-01,16,2,83757,william-alves
22/23,Lesão na panturrilha,2023-11-15,2023-11-27,13,1,377576,hugo-gomes
20/21,Problemas físicos,2021-04-06,2021-04-11,6,1,435169,roger
20/21,Lesão no joelho,2020-11-08,2020-12-25,48,2,435169,roger
24/25,Rotura dos ligamentos cruzados,2025-03-02,,389,41,281437,elder-santana
21/22,Lesão desconhecida,2022-10-08,2022-10-20,13,3.0,419146,alex-ruan
20/21,Lesão desconhecida,2021-09-17,2021-11-28,73,14.0,419146,alex-ruan
20/21,Lesão desconhecida,2021-06-30,2021-07-18,19,5.0,419146,alex-ruan
20/21,Lesão desconhecida,2021-06-20,2021-06-22,3,,419146,alex-ruan
19/20,Lesão no joelho,2019-07-21,2019-09-20,62,,592341,ze-augusto
23/24,Lesão no joelho,2024-04-10,2024-06-09,61,11.0,262002,welinton-junior
22/23,Lesão desconhecida,2022-09-29,2022-10-25,27,4.0,262002,welinton-junior
19/20,Lesão nos adutores,2019-10-09,2019-10-16,8,,262002,welinton-junior
24/25,Lesão no cotovelo,2025-01-26,2025-03-27,61,7,136574,gustavo-busatto
24/25,Fratura do nariz,2024-10-24,2024-11-23,31,4,136574,gustavo-busatto
23/24,Lesão desconhecida,2024-05-04,2024-05-31,28,2,373187,maracas
21/22,Lesão desconhecida,2022-05-01,2022-05-30,30,3,373187,maracas
21/22,Lesão desconhecida,2021-08-10,2021-08-24,15,4,373187,maracas
14/15,Rotura do ligamento externo do joelho,2015-05-16,2015-11-16,185,,325123,romulo-silva
23/24,Lesão desconhecida,2023-08-24,2023-09-15,23,2,554291,james
19/20,Fratura do perónio,2020-06-06,2021-06-30,390,48,520469,junio
18/19,lesão na perna,2018-06-15,2018-08-01,48,11,546804,bruninho
22/23,Lesão desconhecida,2022-08-24,2022-09-26,34,4,430121,everton
18/19,Lesão desconhecida,2018-07-01,2018-08-15,46,2,430121,everton
19/20,Lesão muscular,2019-07-16,2019-09-26,73,15,547009,uilliam
11/12,Problemas na anca,2011-08-18,2012-04-07,234,22,67834,darley
24/25,Lesão desconhecida,2024-08-15,2024-10-04,51,9,510782,rodrigao
24/25,Lesão desconhecida,2024-07-14,2024-08-12,30,5,510782,rodrigao
22/23,Rotura no tendão do adutor,2023-05-14,2023-09-18,128,15,510782,rodrigao
22/23,Ferimento na musculatura da barriga,2022-11-01,2022-11-26,26,3,510782,rodrigao
19/20,Lesão desconhecida,2020-02-06,2020-06-11,127,7,510782,rodrigao
19/20,Lesão desconhecida,2019-10-15,2020-01-14,92,13,510782,rodrigao
17/18,Lesão no tornozelo,2017-10-30,2017-11-08,10,2,520489,renato-justi
22/23,Lesão desconhecida,2022-08-13,2022-10-03,52,6,553684,rafael-jansen
20/21,Lesão na coxa,2020-07-13,2020-09-21,71,1,520593,kaio-cristian
25/26,Entorse da banda lateral,2025-07-11,2025-07-21,11,2,639754,tsunami
24/25,Lesão desconhecida,2025-03-03,2025-03-11,9,1,639754,tsunami
23/24,Lesão na anca,2023-11-12,2023-11-28,17,1,639754,tsunami
22/23,Lesão no joelho,2022-07-10,2022-07-24,15,2,639754,tsunami
20/21,Fratura do Metatarso,2021-03-02,2021-05-16,76,13,641507,tito
25/26,Lesão ligamentar,2025-07-24,2026-03-24,244,27,387928,lucas-taylor
24/25,Lesão desconhecida,2024-10-07,2024-11-09,34,4,387928,lucas-taylor
21/22,Lesão na coxa,2021-12-09,2021-12-27,19,4,387928,lucas-taylor
20/21,Coronavírus,2020-12-06,2020-12-20,15,2,387928,lucas-taylor
18/19,Lesão desconhecida,2019-02-15,2019-09-02,200,25,387928,lucas-taylor
13/14,Lesão no tornozelo,2013-10-11,2013-10-21,11,1,225408,franca
12/13,Tuberculose,2013-02-18,2013-08-22,186,16,225408,franca
12/13,Problemas no Joelho,2013-01-30,2013-02-15,17,3,225408,franca
19/20,Lesão nos adutores,2019-07-10,2019-07-24,15,2,45710,sammir
13/14,Ferimento da banda lateral,2013-07-02,2013-08-02,32,7,45710,sammir
21/22,Lesão no joelho,2022-04-23,2023-04-28,371,38,628522,victor-souza
14/15,Operado ao joelho,2015-03-18,2015-04-20,34,7,153950,guilherme-mattis
20/21,Coronavírus,2020-12-18,2020-12-30,13,2,644160,polaco
24/25,Doente,2024-11-23,2024-11-25,3,1,343794,gustavo-santos
23/24,Fibra muscular rasgado,2024-03-30,2024-04-21,23,3,343794,gustavo-santos
23/24,Operado ao joelho,2023-09-22,2023-11-04,44,7,343794,gustavo-santos
19/20,Rotura dos ligamentos cruzados,2020-01-26,2020-11-02,282,39,127829,martin-rodriguez
15/16,Lesão desconhecida,2016-02-08,2017-01-01,329,12,362831,gabriel-silva
22/23,Lesão desconhecida,2023-04-15,2023-05-15,31,5.0,645601,ruan-levine
18/19,Lesão do ligamento cruzado,2019-06-14,2020-02-01,233,,645601,ruan-levine
17/18,Lesão na coxa,2017-09-20,2017-12-31,103,13,116420,giovanni
17/18,Problemas físicos,2017-11-20,2017-12-14,25,3,100009,xandao
17/18,Fratura no pé,2018-01-23,2018-03-20,57,10,460125,inacio
17/18,Lesão muscular,2017-08-12,2017-11-15,96,13,460125,inacio
23/24,Lesão num dedo do pé,2024-02-17,2024-03-01,14,1.0,245778,fernando-viana
19/20,Lesão desconhecida,2019-11-25,2019-11-30,6,,245778,fernando-viana
18/19,Lesão desconhecida,2019-04-02,2019-04-04,3,1,52976,serginho
18/19,Lesão meniscal,2018-09-23,2018-11-12,51,9,52976,serginho
17/18,Lesão desconhecida,2018-04-16,2018-05-07,22,4,52976,serginho
17/18,Lesão desconhecida,2017-11-13,2017-12-11,29,5,52976,serginho
25/26,Fratura da clavícula,2025-09-25,2025-12-31,98,7,324046,francisco-arancibia
25/26,Entorse do tornozelo,2025-07-03,2025-07-24,22,2,324046,francisco-arancibia
17/18,Fratura no tornozelo,2018-06-29,2018-07-23,25,4,324046,francisco-arancibia
17/18,Fratura no tornozelo,2018-05-03,2018-05-21,19,4,324046,francisco-arancibia
17/18,Fratura no tornozelo,2018-02-12,2018-03-21,38,5,324046,francisco-arancibia
25/26,Lesão desconhecida,2025-11-02,2025-11-08,7,1,665602,lucas-tocantins
25/26,Lesão desconhecida,2025-08-23,2025-09-22,31,4,665602,lucas-tocantins
23/24,ferimento facial,2023-09-23,2023-10-03,11,1,296748,elton
23/24,Lesão desconhecida,2023-09-02,2023-11-10,70,8,296748,elton
23/24,Lesão no tornozelo,2023-08-06,2023-08-31,26,5,296748,elton
15/16,Perna fraturada,2015-08-01,2015-11-01,93,17,112147,marcos-martins
15/16,Lesão desconhecida,2016-03-02,2016-04-02,32,3,149946,raphael-martinho
15/16,Lesão desconhecida,2015-12-18,2015-12-21,4,1,149946,raphael-martinho
15/16,Lesão muscular,2015-10-10,2015-11-22,44,5,149946,raphael-martinho
14/15,Dilata,2014-11-16,2014-12-10,25,3,149946,raphael-martinho
13/14,Lesão na panturrilha,2014-05-08,2014-06-30,54,2,149946,raphael-martinho
13/14,Lesão desconhecida,2013-09-20,2013-09-28,9,2,149946,raphael-martinho
11/12,Dilata,2012-04-18,2012-04-28,11,2,149946,raphael-martinho
11/12,Lesão desconhecida,2011-12-08,2012-01-16,40,6,149946,raphael-martinho
11/12,Lesão desconhecida,2011-10-19,2011-11-10,23,4,149946,raphael-martinho
11/12,Lesão desconhecida,2011-08-20,2011-09-20,32,2,149946,raphael-martinho
10/11,Problemas no Joelho,2011-02-23,2011-05-06,73,9,149946,raphael-martinho
22/23,Lesão dos ligamentos laterais do joelho,2023-05-04,2024-01-01,243,34,676511,jean-carlos
21/22,Lesão no tornozelo,2022-05-15,2023-01-01,232,31,520088,tiago-marques
19/20,Entorse do tornozelo,2019-08-17,2019-10-11,56,11,520088,tiago-marques
22/23,Rotura dos ligamentos cruzados,2023-01-02,2023-08-01,212,20,542597,marlyson
18/19,Lesão desconhecida,2018-09-28,2018-10-04,7,1,577260,facundo-batista
10/11,Lesão num dedo do pé,2011-03-30,2011-04-09,11,1,42352,denilson
09/10,Problemas na virilha,2010-04-29,2010-05-10,12,2,42352,denilson
09/10,Problemas nas costas,2009-09-28,2009-11-28,62,9,42352,denilson
07/08,Sehnenanriss,2008-01-08,2008-02-08,32,5,42352,denilson
24/25,Lesão do ligamento cruzado,2025-04-29,2026-02-22,300,9,535417,pablo-oliveira
25/26,Lesão desconhecida,2026-01-10,2026-01-30,21,1,645327,gledson
19/20,Rotura dos ligamentos cruzados,2020-01-15,2020-12-01,322,26,314197,facundo-bone
20/21,Lesão desconhecida,2021-01-15,2021-01-26,12,3,515639,alan-carius
18/19,Distensão muscular,2019-05-25,2019-06-30,37,3,515639,alan-carius
09/10,Lesão ligamentar,2009-07-26,2010-05-14,293,31,86217,gilsinho
24/25,Lesão na coxa,2024-07-11,2024-08-22,43,4,659732,anderson-chaves
23/24,Ligamento intra-articular rasgado do joelho,2024-02-11,2024-04-21,71,12,659732,anderson-chaves
24/25,Fratura na grelha costal,2025-04-27,2025-05-16,20,2,527556,leo-rigo
19/20,Estiramento do ligamento colateral interno do joelho,2019-08-15,2019-09-19,36,7,411663,augusto
23/24,Lesão desconhecida,2024-01-17,2024-02-29,44,3,647074,willian-correia
23/24,Contusão da tíbia,2023-11-30,2023-12-10,11,1,647074,willian-correia
22/23,Problemas na panturrilha,2023-01-30,2023-02-23,25,4,647074,willian-correia
22/23,Contusão da tíbia,2022-11-01,2022-11-13,13,1,647074,willian-correia
20/21,Lesão desconhecida,2020-11-01,2021-02-06,98,16,671882,diogo-silva
19/20,Lesão desconhecida,2019-08-01,2019-08-16,16,1,651205,luquinha
23/24,Lesão desconhecida,2024-04-21,2024-09-26,159,6,647075,devid
23/24,Lesão desconhecida,2024-03-01,2024-04-15,46,4,647075,devid
23/24,Lesão desconhecida,2024-02-22,2024-03-08,16,2,670696,pedro
21/22,Problemas musculares,2021-12-05,2022-01-13,40,4,670696,pedro
24/25,Lesão desconhecida,2025-05-02,2025-05-08,7,1,676115,heliton
21/22,Lesão na cabeça,2021-09-23,2021-11-15,54,6,642983,mateus-brunetti
15/16,Fadiga muscular,2015-09-17,2015-09-21,5,1,181779,wallace-oliveira
14/15,Lesão desconhecida,2015-04-17,2015-04-23,7,1,181779,wallace-oliveira
14/15,Lesão na cabeça,2014-12-19,2015-01-05,18,1,181779,wallace-oliveira
14/15,Fratura da mão,2014-10-26,2014-11-07,13,2,181779,wallace-oliveira
14/15,Lesão no pé,2014-08-21,2014-09-12,23,2,181779,wallace-oliveira
18/19,Lesão desconhecida,2019-02-15,2019-03-01,15,1,52820,everton-santos
20/21,Recuperação ritmo competitivo,2020-11-03,2020-11-13,11,2,553666,junior-goiano
22/23,Lesão desconhecida,2022-10-06,2022-10-16,11,2,163710,rafael-chorao
19/20,Problemas musculares,2019-07-16,2019-08-20,36,7,163710,rafael-chorao
23/24,Lesão desconhecida,2024-04-23,2024-06-18,57,9,654236,galego
21/22,Lesão desconhecida,2021-08-10,2021-12-20,133,15,654236,galego
24/25,Ruptura muscular na coxa,2024-07-11,2024-10-07,89,11,524520,rodrigo-angelotti
23/24,Lesão na coxa,2024-02-15,2024-03-04,19,2,524520,rodrigo-angelotti
22/23,Rotura muscular na coxa,2023-04-02,2023-04-25,24,4,524520,rodrigo-angelotti
17/18,Lesão desconhecida,2018-03-02,2018-03-15,14,2,524520,rodrigo-angelotti
25/26,Lesão na coxa,2025-08-23,2025-09-26,35,5,541197,jardel
18/19,Lesão no joelho,2018-07-21,2019-09-02,409,46,177538,willian-rocha
17/18,Problemas na tibiotársica,2018-04-04,2018-04-16,13,4,177538,willian-rocha
17/18,Lesão tornozelo,2018-03-11,2018-03-27,17,2,177538,willian-rocha
12/13,Problemas no tendão de Aquiles,2013-01-22,2013-04-15,84,10,177538,willian-rocha
23/24,Lesão desconhecida,2023-06-08,2023-09-01,86,13,519885,gustavo-salomao
13/14,Lesão do ligamento cruzado,2013-06-01,2014-03-01,274,39,99632,cicinho
25/26,Recuperação ritmo competitivo,2026-01-31,2026-03-06,35,6,669870,bruno-paraiba
21/22,Außenbandanriss Sprunggelenk,2022-05-26,2022-07-04,40,8,669870,bruno-paraiba
18/19,Problemas físicos,2018-07-16,2018-10-01,78,8,181593,federico-platero
16/17,Gripe,2017-05-25,2017-05-29,5,1,181593,federico-platero
15/16,inflamação no joelho,2016-01-14,2016-01-28,15,2.0,18301,maicon
15/16,Lesão na coxa,2015-11-04,2015-11-07,4,,18301,maicon
15/16,Entorse no joelho,2015-08-17,2015-08-31,15,2.0,18301,maicon
14/15,Problemas no Joelho,2015-02-13,2015-05-25,102,18.0,18301,maicon
14/15,Problemas físicos,2014-10-21,2014-11-30,41,8.0,18301,maicon
14/15,Problemas físicos,2014-08-18,2014-09-01,15,1.0,18301,maicon
13/14,Problemas musculares,2014-02-19,2014-03-05,15,2.0,18301,maicon
13/14,Lesão no bíceps femoral,2013-09-25,2013-10-15,21,3.0,18301,maicon
12/13,Operado ao joelho,2013-02-26,2013-03-30,33,5.0,18301,maicon
12/13,Lesão no joelho,2012-12-12,2013-02-01,52,10.0,18301,maicon
12/13,Lesão no tornozelo,2012-09-18,2012-11-06,50,12.0,18301,maicon
11/12,Problemas no Joelho,2012-03-30,2012-04-21,23,3.0,18301,maicon
11/12,Problemas físicos,2012-02-15,2012-03-04,19,2.0,18301,maicon
11/12,Dilata,2011-10-30,2011-12-09,41,8.0,18301,maicon
11/12,Lesão meniscal,2011-08-16,2011-09-30,46,9.0,18301,maicon
10/11,Problemas musculares,2010-11-07,2010-12-04,28,7.0,18301,maicon
10/11,Problemas no Joelho,2010-08-28,2010-09-14,18,2.0,18301,maicon
08/09,Ruptura muscular,2009-03-29,2009-05-27,60,10.0,18301,maicon
07/08,Lesão desconhecida,2008-01-14,2008-02-10,28,6.0,18301,maicon
16/17,Lesão no ombro,2017-02-15,2017-03-13,27,3,251918,agustin-gutierrez
14/15,Fratura do Metatarso,2014-08-31,2014-11-25,87,11,251918,agustin-gutierrez
23/24,Lesão no joelho,2023-08-13,2024-02-01,173,13,663087,jefinho
17/18,Fratura do Metatarso,2018-01-24,2018-04-01,68,6,374089,carlos-jatoba
18/19,Lesão desconhecida,2018-10-01,2018-10-15,15,1,468874,alexandre-talento
25/26,Rotura do menisco,2025-09-21,2026-01-31,133,12,681497,ari-moura
21/22,Lesão na coxa,2022-01-14,2022-02-04,22,3,681497,ari-moura
21/22,Lesão na coxa,2021-12-01,2022-01-01,32,5,681497,ari-moura
19/20,Problemas no tendão de Aquiles,2019-07-01,2020-03-01,245,34,20400,thiago-braga
19/20,Contusão pulmonar,2019-07-12,2020-02-01,205,30,538262,juan-sosa
19/20,Contusão no tornozelo,2019-07-28,2019-12-31,157,26,530386,robinho
13/14,Lesão desconhecida,2013-11-11,2013-12-02,22,2.0,44662,schumacher-santos
10/11,Lesão desconhecida,2011-04-14,2011-05-12,29,6.0,44662,schumacher-santos
10/11,Angina,2011-01-10,2011-01-25,16,,44662,schumacher-santos
10/11,Lesão desconhecida,2010-09-11,2010-09-13,3,1.0,44662,schumacher-santos
10/11,Problemas musculares,2010-08-04,2010-08-16,13,3.0,44662,schumacher-santos
10/11,Lesão no tornozelo,2010-07-24,2010-07-28,5,1.0,44662,schumacher-santos
08/09,Problemas musculares,2009-04-01,2009-04-06,6,1.0,44662,schumacher-santos
08/09,Problemas musculares,2009-01-15,2009-03-01,46,2.0,44662,schumacher-santos
08/09,Fibra muscular rasgado,2008-11-02,2008-12-15,44,6.0,44662,schumacher-santos
25/26,Lesão na virilha,2025-11-09,,137,15,739438,matheus-pereira
24/25,Lesão desconhecida,2024-12-10,2024-12-17,8,1,739438,matheus-pereira
23/24,Lesão desconhecida,2024-04-01,2024-04-07,7,1,739438,matheus-pereira
22/23,lesão na perna,2023-02-01,2023-02-15,15,2,740376,valdir
24/25,Rotura de ligamentos no joelho,2024-09-21,2025-05-31,253,33,739442,guilherme-liberato
20/21,Coronavírus,2021-06-12,2021-06-22,11,5,54162,marcelo-martins
10/11,Febre,2010-11-08,2010-11-12,5,1,54162,marcelo-martins
09/10,Fratura do osso malar,2009-10-29,2009-11-11,14,3,54162,marcelo-martins
24/25,Lesão no joelho,2024-12-07,2025-05-02,147,21,739443,igor-thiago
24/25,Lesão meniscal,2024-07-21,2024-11-23,126,14,739443,igor-thiago
23/24,Lesão no joelho,2024-05-13,2024-06-30,49,2,739443,igor-thiago
23/24,Dilata,2024-03-01,2024-03-13,13,3,739443,igor-thiago
20/21,Coronavírus,2021-01-16,2021-01-24,9,2,739443,igor-thiago
19/20,Gripe,2020-01-08,2020-01-13,6,1,229854,leandrinho
18/19,Lesão no tornozelo,2019-03-20,2019-09-03,168,12,229854,leandrinho
18/19,Lesão no tornozelo,2019-02-06,2019-02-13,8,1,229854,leandrinho
17/18,Lesão desconhecida,2018-02-05,2018-03-07,31,4,229854,leandrinho
16/17,Rotura de ligamentos no joelho,2016-08-01,2017-02-28,212,28,229854,leandrinho
21/22,Lesão desconhecida,2022-02-18,2022-03-04,15,3,174835,adryan
21/22,Lesão desconhecida,2021-08-25,2021-09-08,15,1,174835,adryan
19/20,Lesão desconhecida,2019-10-31,2019-11-04,5,1,174835,adryan
18/19,Lesão desconhecida,2019-02-28,2019-04-01,33,4,174835,adryan
18/19,Lesão desconhecida,2018-10-18,2018-11-08,22,4,174835,adryan
18/19,Lesão desconhecida,2018-07-26,2018-08-29,35,5,174835,adryan
17/18,Lesão desconhecida,2018-05-11,2018-05-25,15,2,174835,adryan
17/18,Lesão desconhecida,2018-04-05,2018-04-20,16,3,174835,adryan
17/18,Lesão nos adutores,2017-08-28,2017-12-06,101,11,174835,adryan
13/14,Ferimento da banda lateral,2014-03-02,2014-05-18,78,11,174835,adryan
19/20,Lesão muscular,2019-07-28,2019-08-20,24,3,199877,gaston-rodriguez
18/19,Lesão muscular,2019-05-24,2019-07-01,39,3,199877,gaston-rodriguez
15/16,Lesão na virilha,2015-12-02,2015-12-31,30,1,199877,gaston-rodriguez
25/26,Rotura do menisco,2025-06-15,,284,2,109131,magno-cruz
17/18,Lesão desconhecida,2018-04-03,2018-04-12,10,2,109131,magno-cruz
14/15,Problemas gástricos,2015-02-17,2015-02-20,4,1,109131,magno-cruz
25/26,Traumatismo grade costal,2025-08-01,2025-08-18,18,1,825379,ramon-tanque
23/24,Lesão desconhecida,2023-10-20,2023-11-24,36,4,825379,ramon-tanque
15/16,Lesão no tornozelo,2016-01-28,2016-04-13,77,10,288502,gustavo-hebling
15/16,lesão na perna,2015-12-10,2015-12-18,9,1,288502,gustavo-hebling
21/22,Quarentena,2022-01-21,2022-01-31,11,1,138141,diego-mauricio
23/24,Lesão meniscal,2024-05-16,2024-08-08,85,11,739415,mateus-moraes
25/26,Lesão dos ligamentos laterais do joelho,2025-07-01,2025-12-31,184,19,677346,maykon-douglas
11/12,Distensão muscular,2012-03-14,2012-03-25,12,2,153999,marcelinho
23/24,Achillessehnenanriss,2024-01-17,2024-11-11,300,42,752725,samuel
22/23,Problemas musculares,2022-10-06,2022-11-06,32,5,140553,wellington
18/19,Lesão desconhecida,2019-01-22,2019-02-25,35,5,140553,wellington
24/25,Lesão no tornozelo,2025-01-15,2025-03-10,55,8,291968,neto
22/23,Lesão desconhecida,2023-01-08,2023-01-30,23,4,291968,neto
16/17,Lesão no joelho,2016-08-05,2016-08-11,7,1,265916,lucas-ontivero
18/19,Lesão desconhecida,2018-07-23,2018-09-17,57,5,288498,matheus-indio
10/11,Problemas na panturrilha,2010-11-03,2010-11-17,15,2,67207,wellington-tanque
10/11,Fibra muscular rasgado,2010-10-13,2010-11-01,20,2,67207,wellington-tanque
08/09,Rotura de ligamentos do tornozelo,2008-09-30,2008-10-21,22,2,67207,wellington-tanque
08/09,Fibra muscular rasgado,2008-08-12,2008-08-28,17,2,67207,wellington-tanque
20/21,Lesão desconhecida,2021-03-10,2021-06-30,113,7,269441,diego-jardel
14/15,Pancada na coxa,2015-06-27,2015-07-10,14,2,269441,diego-jardel
17/18,Lesão desconhecida,2017-11-22,2017-12-14,23,2,256696,perdigao
16/17,Lesão desconhecida,2016-08-17,2016-09-26,41,5,68443,renan-foguinho
15/16,Operação,2016-02-26,2016-04-03,38,5,68443,renan-foguinho
15/16,Lesão no ombro,2016-01-17,2016-02-14,29,5,68443,renan-foguinho
18/19,Lesão no joelho,2019-04-01,2019-05-18,48,5,655411,antonio-bustamante
22/23,Problemas musculares,2022-10-06,2022-10-20,15,1,638304,julio-rodrigues
17/18,Rotura de ligamentos no joelho,2017-10-02,2018-03-01,151,11,210120,rafael-oliveira
23/24,Fratura no tornozelo,2024-04-24,2024-05-08,15,2,480422,guillermo-paiva
20/21,Lesão muscular,2021-05-01,2021-05-10,10,3.0,242522,elacio-cordoba
20/21,Recuperação ritmo competitivo,2021-03-05,2021-03-15,11,2.0,242522,elacio-cordoba
20/21,Lesão tornozelo,2020-09-10,2021-02-01,145,16.0,242522,elacio-cordoba
20/21,Lesão muscular,2020-08-05,2020-09-03,30,,242522,elacio-cordoba
19/20,Recuperação ritmo competitivo,2020-01-20,2020-01-30,11,2.0,242522,elacio-cordoba
19/20,Lesão muscular,2019-10-01,2019-10-20,20,4.0,242522,elacio-cordoba
19/20,Lesão muscular,2019-08-10,2019-09-15,37,7.0,242522,elacio-cordoba
18/19,Lesão muscular,2019-03-25,2019-04-10,17,3.0,242522,elacio-cordoba
20/21,Lesão desconhecida,2021-07-24,2021-08-03,11,1,534024,gabriel-barbosa
20/21,Quarentena,2021-06-26,2021-07-09,14,1,534024,gabriel-barbosa
18/19,Lesão desconhecida,2018-07-29,2019-01-31,187,25,346923,waguininho
19/20,Lesão desconhecida,2019-10-01,2019-11-24,55,4.0,37944,bobo
14/15,Lesão desconhecida,2015-02-11,2015-03-16,34,5.0,37944,bobo
14/15,Lesão desconhecida,2014-12-20,2015-02-01,44,7.0,37944,bobo
13/14,Lesão no tornozelo,2014-04-12,2014-05-17,36,4.0,37944,bobo
13/14,Lesão desconhecida,2014-03-02,2014-03-10,9,1.0,37944,bobo
13/14,Lesão na coxa,2013-07-31,2013-11-10,103,13.0,37944,bobo
12/13,Lesão desconhecida,2012-12-02,2012-12-10,9,1.0,37944,bobo
10/11,Problemas na virilha,2011-04-23,2011-04-30,8,1.0,37944,bobo
08/09,Lesão na panturrilha,2009-01-07,2009-01-25,19,1.0,37944,bobo
07/08,Edema no joelho,2008-02-09,2008-03-04,25,4.0,37944,bobo
07/08,Lesão nas costas,2007-10-03,2007-10-15,13,1.0,37944,bobo
07/08,Lesão desconhecida,2007-08-15,2007-08-26,12,2.0,37944,bobo
06/07,Recuperação ritmo competitivo,2007-03-30,2007-04-04,6,1.0,37944,bobo
06/07,Rotura do menisco,2007-03-17,2007-03-30,14,1.0,37944,bobo
06/07,Operado ao joelho,2007-03-17,2007-03-17,1,,37944,bobo
06/07,Lesão tornozelo,2006-11-11,2006-11-26,16,2.0,37944,bobo
24/25,Lesão desconhecida,2024-10-05,2025-05-31,239,28,644908,lucas-santana
21/22,Lesão desconhecida,2022-02-11,2022-09-01,203,13,790290,haiderson-hurtado
21/22,Lesão desconhecida,2021-11-29,2021-12-31,33,3,790290,haiderson-hurtado
24/25,Operado ao joelho,2024-02-01,2025-02-12,378,2,738527,carlos-dias
22/23,Problemas musculares,2022-10-15,2022-10-25,11,1,120237,renie
22/23,Lesão desconhecida,2022-10-02,2023-01-15,106,6,733338,matheus-nogueira
24/25,Lesão ligamentar,2025-02-17,2025-11-18,275,38,520457,gustavo-cazonatti
23/24,Entorse do tornozelo,2024-02-05,2024-02-19,15,2,520457,gustavo-cazonatti
21/22,Lesão no joelho,2021-07-20,2022-01-01,166,19,502527,juninho-rocha
24/25,Rotura dos ligamentos cruzados,2025-03-03,2025-10-03,215,14,555672,djalma-silva
24/25,Lesão desconhecida,2024-11-18,2024-11-27,10,1,555672,djalma-silva
25/26,Lesão do ligamento cruzado,2025-09-25,2026-03-01,158,11,644711,moises-lucas
25/26,Lesão desconhecida,2025-10-17,2025-11-15,30,4,681814,allan-godoi
25/26,Lesão desconhecida,2025-08-16,2025-09-09,25,2,681814,allan-godoi
15/16,Lesão nas costas,2015-08-26,2015-10-26,62,10,265640,ricardo-capanema
25/26,Rotura dos ligamentos cruzados,2025-12-22,,94,12,808475,mttm
25/26,Lesão desconhecida,2025-10-20,2025-11-25,37,5,808475,mttm
22/23,Lesão desconhecida,2022-10-30,2022-11-20,22,2,808475,mttm
23/24,Lesão desconhecida,2024-01-01,2024-01-15,15,2,468260,leo-jaba
21/22,Lesão no ombro,2022-04-21,2022-05-12,22,5,468260,leo-jaba
21/22,Coronavírus,2022-02-01,2022-02-10,10,3,468260,leo-jaba
19/20,Rotura do menisco,2019-11-13,2020-02-10,90,16,468260,leo-jaba
19/20,Lesão muscular,2019-10-25,2019-10-31,7,1,468260,leo-jaba
18/19,Rotura muscular na coxa,2019-02-24,2019-03-02,7,1,468260,leo-jaba
25/26,lesão na perna,2025-08-19,2025-09-11,24,2,384741,vitor-costa
25/26,Lesão desconhecida,2025-07-18,2025-07-31,14,2,384741,vitor-costa
24/25,lesão na perna,2025-03-20,2025-04-03,15,2,384741,vitor-costa
18/19,Lesão desconhecida,2018-10-15,2018-11-06,23,3,384741,vitor-costa
18/19,Lesão desconhecida,2019-04-23,2019-05-03,11,2,373302,silas
25/26,Lesão desconhecida,,,,,638310,gabriel-tonini
16/17,Lesão desconhecida,2016-09-22,2016-11-06,46,7,369283,bruno-mota
22/23,Fratura do nariz,2023-01-16,2023-02-17,33,5,151736,nilson
22/23,Lesão desconhecida,2022-10-23,2022-11-18,27,4,151736,nilson
20/21,Choque,2021-02-18,2021-02-22,5,1,151736,nilson
20/21,Recuperação ritmo competitivo,2020-11-03,2020-11-13,11,2,151736,nilson
23/24,Rotura dos ligamentos cruzados,2023-09-13,,925,93,867483,geovane-jesus
23/24,Problemas musculares na coxa,2023-07-03,2023-07-10,8,2,867483,geovane-jesus
22/23,Lesão muscular,2023-05-04,2023-05-31,28,4,867483,geovane-jesus
19/20,Pancada na coxa,2020-02-08,2020-02-25,18,3,121756,romulo
17/18,Lesão desconhecida,2018-03-08,2018-03-25,18,1,121756,romulo
15/16,Fadiga muscular,2016-03-12,2016-04-08,28,3,121756,romulo
15/16,Pubalgia,2015-09-19,2016-01-29,133,20,121756,romulo
14/15,Lesão no nariz,2015-05-18,2015-06-30,44,3,121756,romulo
14/15,Queixas adutores,2014-12-04,2015-04-30,148,30,121756,romulo
14/15,Fratura da virilha,2014-09-30,2014-10-26,27,4,121756,romulo
17/18,Lesão muscular,2017-09-30,2017-12-15,77,8,153207,william
16/17,Lesão desconhecida,2017-02-27,2017-03-27,29,4,153207,william
16/17,Lesão muscular,2016-09-02,2016-09-19,18,3,153207,william
22/23,Pubalgia,2021-09-01,2023-01-05,492,5,606470,anderson-felippe
13/14,Rotura muscular na coxa,2013-08-16,2013-09-13,29,4,68804,renatinho
12/13,Lesão muscular,2013-04-22,2013-05-01,10,2,68804,renatinho
24/25,Lesão na panturrilha,2025-03-06,2025-04-03,29,4,743769,joao-victor
24/25,Rotura parcial de ligamento,2024-09-30,2025-05-26,239,23,458602,ricardo-lima
24/25,Lesão do ligamento cruzado,2025-04-24,,336,51,347285,renato-palm
24/25,Problemas nas costas,2024-10-06,2024-10-16,11,1,104544,saimon
24/25,Choque,2025-06-01,2025-07-12,42,4,631808,danilo-belao
24/25,Problemas físicos,2025-05-17,2025-05-25,9,1,631808,danilo-belao
24/25,Lesão na virilha,2024-10-21,2024-11-01,12,1,753320,matheus-porto
24/25,Lesão desconhecida,2024-08-31,2024-09-15,16,1,753320,matheus-porto
13/14,Rotura dos ligamentos cruzados,2014-03-31,2014-11-06,221,25,120266,jacob-murillo
16/17,Lesão desconhecida,2017-01-28,2017-03-08,40,6,52893,carlao
15/16,Problemas físicos,2015-12-11,2016-01-11,32,5,52893,carlao
15/16,Pequena lesão,2015-07-17,2015-07-27,11,1,52893,carlao
09/10,Pubalgia,2009-07-02,2009-10-29,120,11,52893,carlao
16/17,Recuperação ritmo competitivo,2017-01-13,2017-01-23,11,3,45593,welliton
15/16,Lesão desconhecida,2016-04-18,2016-05-19,32,5,45593,welliton
15/16,Lesão desconhecida,2016-02-06,2016-02-28,23,4,45593,welliton
15/16,Lesão desconhecida,2016-01-21,2016-01-29,9,2,45593,welliton
15/16,Lesão desconhecida,2015-11-30,2015-12-03,4,1,45593,welliton
15/16,Lesão desconhecida,2015-09-13,2015-09-19,7,1,45593,welliton
14/15,Lesão desconhecida,2015-04-06,2015-04-17,12,1,45593,welliton
14/15,Lesão desconhecida,2015-01-24,2015-01-28,5,1,45593,welliton
12/13,Problemas musculares na coxa,2012-08-25,2012-10-06,43,8,45593,welliton
11/12,Fratura da clavícula,2012-03-19,2012-05-19,62,9,45593,welliton
11/12,Problemas nas costas,2011-10-23,2011-11-06,15,2,45593,welliton
10/11,Problemas musculares na coxa,2011-04-30,2011-06-16,48,7,45593,welliton
10/11,Lesão no tornozelo,2010-07-13,2010-08-13,32,3,45593,welliton
07/08,Operação na virilha,2008-05-11,2008-12-11,215,29,45593,welliton
21/22,Lesão na anca,2021-09-09,2021-09-22,14,2,791409,kevem
18/19,Operado ao joelho,2019-01-10,2019-12-09,334,36,346879,marcel
18/19,Entorse no joelho,2018-10-16,2019-01-01,78,7,346879,marcel
18/19,Lesão desconhecida,2018-08-06,2018-09-24,50,5,346879,marcel
17/18,Ruptura muscular na coxa,2018-04-30,2018-05-10,11,1,346879,marcel
17/18,Lesão na coxa,2017-11-23,2017-12-22,30,5,346879,marcel
17/18,Problemas físicos,2017-08-01,2017-11-02,94,13,346879,marcel
18/19,Lesão na coxa,2019-04-19,2019-04-27,9,1,340113,marcelo-freitas
18/19,Recuperação ritmo competitivo,2019-01-04,2019-01-30,27,1,340113,marcelo-freitas
18/19,Innenbandanriss Knie,2018-11-10,2019-01-04,56,6,340113,marcelo-freitas
22/23,Fratura na face,2022-10-23,2022-11-03,12,1,555564,luiz-daniel
15/16,Rotura muscular na coxa,2015-07-21,2015-08-21,32,6,137225,rodrigo-andrade
25/26,Lesão desconhecida,2026-01-18,2026-02-11,25,4,183440,weslley-smith
23/24,Rotura de ligamentos no joelho,2024-03-09,,746,1,175070,lucas-mendes
25/26,Fratura do antebraço,2025-07-03,2025-09-17,77,9,862924,joao-pedro
18/19,Lesão desconhecida,2018-10-10,2018-11-17,39,5,55453,dinei
17/18,Lesão meniscal,2018-05-10,2018-07-11,63,13,55453,dinei
14/15,Lesão do ligamento cruzado,2015-06-24,2015-12-31,191,25,55453,dinei
14/15,Lesão num dedo do pé,2015-05-31,2015-06-17,18,2,55453,dinei
25/26,Lesão desconhecida,2025-07-12,2025-12-31,173,24,869463,gustavo-marins
24/25,Lesão desconhecida,2025-01-25,2025-02-16,23,5,869463,gustavo-marins
22/23,Problemas cardíacos,2022-12-01,2023-03-17,107,12.0,41414,lucas-leiva
20/21,Problemas musculares,2020-12-14,2020-12-29,16,3.0,41414,lucas-leiva
20/21,Quarentena,2020-11-03,2020-11-16,14,2.0,41414,lucas-leiva
20/21,Quarentena,2020-10-27,2020-10-31,5,1.0,41414,lucas-leiva
19/20,Problemas no Joelho,2020-07-13,2020-08-31,50,6.0,41414,lucas-leiva
19/20,Problemas no Joelho,2020-06-19,2020-07-02,14,3.0,41414,lucas-leiva
19/20,Operado ao joelho,2020-04-04,2020-05-31,58,,41414,lucas-leiva
19/20,Lesão na coxa,2019-07-17,2019-08-06,21,,41414,lucas-leiva
18/19,Queixas adutores,2018-11-19,2018-12-22,34,6.0,41414,lucas-leiva
18/19,Lesão nos adutores,2018-10-25,2018-11-11,18,3.0,41414,lucas-leiva
17/18,Fadiga muscular,2017-08-15,2017-08-22,8,1.0,41414,lucas-leiva
16/17,Lesão na coxa,2016-07-20,2016-08-23,35,2.0,41414,lucas-leiva
15/16,Problemas musculares na coxa,2016-04-04,2016-04-07,4,,41414,lucas-leiva
15/16,Lesão na coxa,2016-02-11,2016-02-15,5,1.0,41414,lucas-leiva
14/15,Problemas na virilha,2015-04-16,2015-04-30,15,3.0,41414,lucas-leiva
14/15,Lesão na virilha,2015-02-09,2015-03-19,39,9.0,41414,lucas-leiva
13/14,Lesão ligamentar,2014-01-20,2014-02-27,39,7.0,41414,lucas-leiva
12/13,Lesão na coxa,2012-08-27,2012-11-29,95,27.0,41414,lucas-leiva
11/12,Rotura dos ligamentos cruzados,2011-12-01,2012-06-14,197,39.0,41414,lucas-leiva
25/26,Rompimento do ligamento interior,2025-09-03,,203,,798448,emerson
22/23,Inflamação,2023-02-06,2023-02-14,9,1,980446,kevin-quejada
16/17,Lesão meniscal,2016-07-04,2016-07-25,22,4,189470,luis-canga
21/22,Lesão desconhecida,2021-08-11,2021-09-17,38,5,700680,luis-felipe
20/21,Coronavírus,2021-04-18,2021-05-16,29,5,700680,luis-felipe
25/26,Muskelbündelriss,2026-02-21,2026-05-21,90,4,978150,ageu
25/26,Lesão na coxa,2025-11-10,2026-01-19,71,11,978150,ageu
25/26,Lesão na coxa,2025-09-09,2025-10-20,42,4,978150,ageu
20/21,Coronavírus,2021-03-09,2021-03-23,15,3,189443,leonardo-pais
23/24,Problemas físicos,2023-11-03,2023-11-20,18,3,192701,luvannor
21/22,Problemas físicos,2021-08-03,2021-08-06,4,1,192701,luvannor
23/24,Lesão do ligamento cruzado,2023-11-19,2024-07-22,247,19,1003451,breno
25/26,Lesão na coxa,2025-09-22,2025-09-30,9,1,973703,brenner
18/19,Lesão desconhecida,2018-10-06,2018-10-21,16,1,54214,leandrinho
15/16,Lesão desconhecida,2016-02-07,2016-02-28,22,3,54214,leandrinho
15/16,Lesão no tornozelo,2015-11-06,2015-11-08,3,1,54214,leandrinho
13/14,Rotura dos ligamentos cruzados,2013-04-15,2013-10-15,184,26,54214,leandrinho
07/08,Rotura dos ligamentos cruzados,2008-02-24,2008-06-01,99,11,54214,leandrinho
22/23,Lesão na coxa,2023-04-12,2023-05-02,21,4,255977,ray-vanegas
18/19,Lesão muscular,2018-07-01,2018-08-31,62,8,255977,ray-vanegas
21/22,Innenbandzerrung,2021-08-29,2022-02-26,182,24,265822,wanderson
20/21,Operado ao joelho,2020-07-27,2021-02-10,199,26,265822,wanderson
19/20,Lesão desconhecida,2019-07-01,2019-07-19,19,4,265822,wanderson
22/23,Problemas no Joelho,2023-04-23,2023-07-03,72,18,486211,facundo-labandeira
21/22,Distensão dos adutores,2021-09-19,2021-11-07,50,1,486211,facundo-labandeira
20/21,Lesão desconhecida,2021-02-16,2021-02-20,5,1,486211,facundo-labandeira
24/25,Rotura da fibra muscular,2024-08-01,2024-08-21,21,3,181558,javier-parraguez
18/19,Queixas adutores,2019-05-19,2019-05-29,11,1,181558,javier-parraguez
18/19,Gripe,2019-03-29,2019-04-01,4,1,181558,javier-parraguez
18/19,Problemas na panturrilha,2019-03-08,2019-03-21,14,2,181558,javier-parraguez
22/23,Problemas musculares,2022-09-20,2022-11-06,48,8.0,67864,mauricio
18/19,Lesão desconhecida,2019-05-22,2019-06-12,22,,67864,mauricio
15/16,Lesão na coxa,2016-01-20,2016-01-29,10,1.0,67864,mauricio
15/16,Lesão na zona pélvica,2016-01-06,2016-01-09,4,,67864,mauricio
14/15,Lesão no nariz,2014-10-05,2014-10-07,3,,67864,mauricio
14/15,Traumatismo craniano,2014-10-01,2014-10-04,4,,67864,mauricio
14/15,Lesão ocular,2014-09-27,2014-09-29,3,,67864,mauricio
14/15,Problemas na virilha,2014-07-19,2014-08-08,21,,67864,mauricio
13/14,Problemas musculares,2013-10-28,2013-11-11,15,,67864,mauricio
18/19,Lesão desconhecida,2018-09-05,2018-11-08,65,8,283863,ailton
17/18,Lesão desconhecida,2018-02-19,2018-03-26,36,5,283863,ailton
17/18,Problemas na tibiotársica,2018-01-03,2018-01-25,23,2,283863,ailton
17/18,Fissura da banda,2017-09-29,2017-10-14,16,2,283863,ailton
17/18,Problemas musculares,2017-08-10,2017-08-14,5,1,283863,ailton
18/19,Lesão na virilha,2019-05-23,2019-07-21,60,11,107259,souza
17/18,Recuperação ritmo competitivo,2018-05-03,2018-06-05,34,2,107259,souza
17/18,Lesão na coxa,2018-03-27,2018-05-02,37,9,107259,souza
14/15,Problemas na panturrilha,2015-05-29,2015-06-14,17,3,220722,eduardo
20/21,Lesão no joelho,2020-07-21,2020-12-31,164,22,605326,pedro-vitor
25/26,Pubalgia,2026-02-19,,35,3,797813,luizinho
22/23,Lesão desconhecida,2022-09-10,2022-10-09,30,5,911994,alexis-alvarino
17/18,Lesão no joelho,2018-03-30,2018-04-27,29,4,431065,bruno-miranda
17/18,Lesão na coxa,2017-08-22,2017-09-13,23,5,431065,bruno-miranda
24/25,Operado ao joelho,2024-07-01,2024-12-31,184,27,401932,christian-ebere
22/23,Cirurgia Ligamento Cruzado,2022-07-10,2023-05-01,296,28,606729,kadu
24/25,Lesão desconhecida,2025-02-24,2025-03-28,33,2,1044157,rodrigo-souza
23/24,Inflamação,2024-03-24,2024-05-15,53,4,552255,arilson
25/26,Lesão desconhecida,2025-10-04,2025-10-17,14,1.0,164997,negueba
25/26,Lesão no pé,2025-09-07,2025-09-12,6,,164997,negueba
18/19,Lesão no joelho,2019-05-29,2019-12-31,217,8.0,164997,negueba
18/19,Pequena lesão,2019-05-15,2019-05-17,3,,164997,negueba
18/19,Problemas no tendão de Aquiles,2019-03-30,2019-04-07,9,2.0,164997,negueba
21/22,Lesão no joelho,2022-06-30,2023-07-01,367,40,271608,pacheco
23/24,Rotura de ligamentos no joelho,2024-04-01,2025-03-18,352,38,981271,ze-carlos
19/20,Lesão no cotovelo,2019-08-18,2019-09-15,29,3.0,271861,crislan
18/19,Lesão do ligamento cruzado,2018-10-21,2019-06-30,253,28.0,271861,crislan
18/19,Entorse do tornozelo,2018-08-29,2018-09-14,17,1.0,271861,crislan
18/19,Traumatismo no joelho,2018-07-23,2018-08-06,15,2.0,271861,crislan
17/18,Lesão no joelho,2018-05-04,2018-05-08,5,1.0,271861,crislan
16/17,Fibra muscular rasgado,2017-02-05,2017-03-05,29,2.0,271861,crislan
15/16,Problemas musculares na coxa,2016-04-30,2016-05-30,31,4.0,271861,crislan
15/16,Problemas musculares na coxa,2016-03-21,2016-04-01,12,,271861,crislan
15/16,Pequena lesão,2015-12-14,2015-12-17,4,1.0,271861,crislan
25/26,Lesão no pé,2026-01-11,,74,10,158038,lucas-silva
25/26,Entorse na tibiotársica,2025-08-31,2025-09-12,13,2,158038,lucas-silva
24/25,Lesão no pé,2025-03-24,2025-04-05,13,1,158038,lucas-silva
24/25,Lesão no pé,2025-02-27,2025-03-03,5,1,158038,lucas-silva
24/25,Lesão desconhecida,2024-12-01,2024-12-20,20,2,158038,lucas-silva
20/21,Rotura muscular na coxa,2021-04-17,2021-04-29,13,1,158038,lucas-silva
20/21,Lesão desconhecida,2021-03-16,2021-03-26,11,1,158038,lucas-silva
18/19,Lesão desconhecida,2019-03-24,2019-04-05,13,2,158038,lucas-silva
17/18,Rotura muscular,2018-04-22,2018-05-31,40,5,158038,lucas-silva
17/18,Lesão desconhecida,2017-11-20,2017-12-22,33,4,158038,lucas-silva
18/19,Lesão desconhecida,2018-11-22,2018-11-29,8,1,598251,patrick-carvalho
18/19,Lesão desconhecida,2018-10-18,2018-10-30,13,2,598251,patrick-carvalho
24/25,lesão na perna,2025-04-07,2025-04-09,3,,694495,joao-maistro
24/25,lesão na perna,2024-09-07,2024-09-15,9,2.0,694495,joao-maistro
19/20,Lesão desconhecida,2019-09-15,2019-09-30,16,3.0,694495,joao-maistro
22/23,Lesão na coxa,2023-04-29,2023-05-30,32,6,644780,santiago-patino
18/19,Lesão muscular,2019-04-14,2019-05-02,19,3.0,49500,roberto-rosales
16/17,Lesão no joelho,2017-04-23,2017-06-05,44,6.0,49500,roberto-rosales
15/16,Pequena lesão,2016-06-13,2016-06-13,1,,49500,roberto-rosales
15/16,Lesão no tornozelo,2016-05-02,2016-05-23,22,2.0,49500,roberto-rosales
14/15,Lesão na virilha,2014-11-06,2014-11-20,15,3.0,49500,roberto-rosales
13/14,Lesão na virilha,2014-03-31,2014-04-24,25,3.0,49500,roberto-rosales
12/13,Lesão na virilha,2013-03-07,2013-04-11,36,6.0,49500,roberto-rosales
08/09,Meniskusschaden,2009-04-30,2009-08-13,106,15.0,49500,roberto-rosales
24/25,Lesão desconhecida,2025-02-01,2025-02-11,11,2,190442,alan-ruiz
24/25,Gripe,2024-12-15,2024-12-18,4,1,190442,alan-ruiz
24/25,Lesão muscular,2024-10-01,2024-10-24,24,2,190442,alan-ruiz
17/18,Lesão nos adutores,2017-10-06,2017-11-03,29,5,190442,alan-ruiz
17/18,Problemas no Joelho,2017-08-01,2017-08-14,14,2,190442,alan-ruiz
16/17,Lesão no joelho,2017-05-01,2017-06-20,51,3,190442,alan-ruiz
25/26,Lesão no joelho,2025-10-10,,167,20,292715,gerardo-gordillo
24/25,Entorse do tornozelo,2025-02-16,2025-03-15,28,5,292715,gerardo-gordillo
24/25,Rotura parcial da banda plantar,2025-01-20,2025-02-07,19,4,292715,gerardo-gordillo
21/22,Lesão desconhecida,2021-09-11,2021-10-15,35,6,292715,gerardo-gordillo
20/21,Muskelbündelriss,2021-06-15,2021-06-22,8,1,292715,gerardo-gordillo
20/21,Lesão desconhecida,2021-05-19,2021-06-08,21,1.0,356685,felipe-carvalho
20/21,Problemas musculares,2021-05-04,2021-05-10,7,2.0,356685,felipe-carvalho
19/20,Lesão muscular,2019-12-07,2019-12-13,7,,356685,felipe-carvalho
16/17,Rotura do tendão de Aquiles,2017-06-22,2017-12-31,193,21.0,356685,felipe-carvalho
16/17,Lesão na virilha,2017-05-12,2017-05-15,4,1.0,356685,felipe-carvalho
22/23,Lesão desconhecida,2022-09-01,2022-10-03,33,1,144752,fernando-boldrin
20/21,Lesão desconhecida,2021-04-28,2021-05-16,19,4,144752,fernando-boldrin
20/21,Problemas no Joelho,2021-04-20,2021-04-24,5,1,144752,fernando-boldrin
20/21,Lesão desconhecida,2021-02-15,2021-02-24,10,1,144752,fernando-boldrin
20/21,Coronavírus,2021-01-14,2021-01-25,12,3,144752,fernando-boldrin
20/21,Lesão na coxa,2020-12-19,2021-01-07,20,4,144752,fernando-boldrin
19/20,Lesão desconhecida,2019-11-18,2019-12-10,23,4,144752,fernando-boldrin
17/18,Lesão desconhecida,2017-12-19,2017-12-28,10,2,144752,fernando-boldrin
17/18,Lesão no joelho,2018-03-06,2018-10-16,225,21,442424,murilo
22/23,Lesão na coxa,2022-07-07,2022-08-08,33,4,285020,gabriel-xavier
20/21,Lesão no bíceps femoral,2020-10-15,2020-11-01,18,4,285020,gabriel-xavier
20/21,Lesão desconhecida,2020-07-23,2020-08-06,15,2,285020,gabriel-xavier
18/19,Lesão na coxa,2019-04-21,2019-04-29,9,2,285020,gabriel-xavier
18/19,Lesão no pé,2018-09-01,2018-10-06,36,2,285020,gabriel-xavier
17/18,Problemas musculares na coxa,2018-04-06,2018-04-15,10,3,285020,gabriel-xavier
14/15,Lesão na coxa,2015-06-07,2015-07-11,35,6,285020,gabriel-xavier
23/24,Lesão na coxa,2024-05-15,2024-05-21,7,1,896879,danrlei
25/26,Lesão desconhecida,2025-11-10,2026-02-27,110,8,1001686,arthur
21/22,Rotura de ligamentos do tornozelo,2022-01-30,2022-04-03,64,10,576449,daiki-matsuoka
25/26,Rompimento dos adutores,2026-03-12,,14,1,160217,bryan-rabello
24/25,Entorse do tornozelo,2025-03-22,2025-04-23,33,4,160217,bryan-rabello
20/21,Lesão muscular,2021-03-19,2021-04-28,41,5.0,73783,joaozinho
16/17,Entzündung im Wadenbeinköpfchen,2017-01-05,2017-02-13,40,,73783,joaozinho
16/17,Pequena lesão,2016-10-24,2016-10-27,4,,73783,joaozinho
14/15,Fratura do perónio,2015-03-12,2015-08-13,155,17.0,73783,joaozinho
22/23,Lesão desconhecida,2022-08-25,2022-09-02,9,2,114340,gabriel-silva
18/19,Achillessehnenanriss,2019-02-22,2019-09-01,192,15,114340,gabriel-silva
16/17,Fratura de um dedo,2016-08-29,2016-10-01,34,4,114340,gabriel-silva
14/15,Lesão na coxa,2014-08-25,2014-12-07,105,14,114340,gabriel-silva
13/14,Lesão desconhecida,2014-03-09,2014-03-21,13,1,114340,gabriel-silva
13/14,Lesão desconhecida,2014-01-27,2014-02-02,7,1,114340,gabriel-silva
12/13,Lesão desconhecida,2012-11-02,2012-11-25,24,5,114340,gabriel-silva
11/12,Distorção do tornozelo,2012-03-22,2012-04-29,39,6,114340,gabriel-silva
25/26,Lesão desconhecida,2026-02-08,2026-02-19,12,1,1108966,jehtm
24/25,Fratura na face,2025-04-18,2025-05-27,40,5,791720,carlos-alexandre
16/17,Lesão desconhecida,2017-02-27,2017-03-12,14,2,218352,marquinhos-pedroso
25/26,Lesão desconhecida,2026-01-26,2026-02-05,11,1,897924,agustin-rodriguez
25/26,Lesão na cabeça,2025-07-13,2025-09-08,58,9,897924,agustin-rodriguez
21/22,Entorse no joelho,2022-04-08,2022-05-05,28,4.0,686150,anderson-cordeiro
20/21,Coronavírus,2020-11-03,2020-11-17,15,,686150,anderson-cordeiro
24/25,Lesão no joelho,2025-05-03,2025-05-12,10,1,691861,fabio-lima
24/25,Problemas musculares na coxa,2025-02-15,2025-02-19,5,1,691861,fabio-lima
24/25,Lesão muscular,2024-09-07,2024-09-30,24,3,691861,fabio-lima
24/25,Lesão muscular,2024-07-24,2024-08-20,28,4,691861,fabio-lima
23/24,Rotura muscular,2024-03-23,2024-04-19,28,4,691861,fabio-lima
17/18,Fibra muscular rasgado,2017-09-16,2017-10-25,40,7,256053,fabio-aguiar
17/18,Queixas adutores,2017-08-09,2017-08-13,5,1,256053,fabio-aguiar
19/20,Lesão no joelho,2019-07-06,2020-02-14,224,28,226141,henrique
18/19,Fratura da clavícula,2018-07-19,2018-10-31,105,19,226141,henrique
14/15,Rotura muscular na coxa,2015-06-11,2015-07-02,22,2,226141,henrique
21/22,Lesão na panturrilha,2022-01-16,2022-01-31,16,2,535975,arthur-felix
21/22,Lesão na coxa,2021-09-29,2021-10-07,9,1,535975,arthur-felix
25/26,Lesão desconhecida,2025-10-27,2025-12-11,46,5,1083068,pablo-ruan
24/25,lesão na perna,2024-11-18,2024-11-25,8,2,1152257,rafinha
24/25,Traumatismo no pé,2024-10-18,2024-10-24,7,2,1152257,rafinha
24/25,Traumatismo no pé,2024-09-21,2024-09-23,3,1,1152257,rafinha
24/25,lesão na perna,2024-08-23,2024-09-09,18,3,1152257,rafinha
23/24,Traumatismo no pé,2024-07-15,2024-07-18,4,1,1152257,rafinha
20/21,Lesão desconhecida,2021-04-16,2021-05-01,16,5,344627,rafael-silva
21/22,Lesão no bíceps femoral,2021-09-27,2021-10-25,29,4,140547,serginho
19/20,Rompimento de ligamento interno,2019-10-19,2019-12-08,51,5,140547,serginho
18/19,lesão na perna,2018-10-22,2018-11-02,12,1,140547,serginho
17/18,Fibra muscular rasgado,2017-08-20,2017-10-01,43,7,140547,serginho
21/22,Braço fraturado,2021-07-18,2021-10-04,79,12,450237,billy-arce
22/23,Lesão desconhecida,2022-08-21,2022-09-28,39,5.0,177964,yusupha-njie
21/22,Coronavírus,2022-01-01,2022-01-06,6,,177964,yusupha-njie
20/21,Lesão desconhecida,2020-09-21,2020-10-20,30,4.0,177964,yusupha-njie
18/19,Rotura do menisco,2018-08-01,2019-02-20,204,29.0,177964,yusupha-njie
17/18,Traumatismo no joelho,2018-03-19,2018-04-10,23,3.0,177964,yusupha-njie
17/18,Rotura do ligamento externo do joelho,2017-11-05,2018-01-16,73,7.0,177964,yusupha-njie
25/26,Lesão muscular,2025-08-19,2025-09-16,29,3,1210697,alejandro-villarreal
23/24,Lesão muscular,2024-05-01,2024-05-31,31,3,477161,aloisio
23/24,Lesão desconhecida,2023-12-01,2024-01-08,39,5,477161,aloisio
21/22,Problemas musculares,2021-10-01,2021-11-10,41,6,477161,aloisio
19/20,Lesão no tornozelo,2019-07-15,2019-07-25,11,1,178116,angelo-rodriguez
25/26,Lesão muscular,2026-02-18,2026-03-17,28,5,318843,facundo-castro
16/17,Lesão no pé,2016-09-30,2016-10-12,13,2,318843,facundo-castro
16/17,Problemas físicos,2016-08-29,2016-09-07,10,2,318843,facundo-castro
22/23,Lesão muscular,2022-04-02,2022-05-15,44,4,259911,facundo-barcelo
20/21,Lesão muscular,2021-04-30,2021-05-09,10,2,259911,facundo-barcelo
22/23,Lesão desconhecida,2023-03-07,2023-03-27,21,3,223024,fernando-elizari
21/22,Muskelbündelriss,2021-09-29,2021-10-16,18,2,223024,fernando-elizari
24/25,Lesão no tornozelo,2025-04-21,2025-04-27,7,1,1193867,pedro-lima
22/23,Lesão muscular,2023-04-10,2023-04-29,20,3,275319,julian-fernandez
22/23,Lesão no joelho,2022-08-14,2022-09-21,39,8,275319,julian-fernandez
25/26,Lesão desconhecida,2026-02-01,2026-06-30,150,5.0,523364,daniel-dos-anjos
20/21,Recuperação ritmo competitivo,2021-04-01,2021-05-17,47,7.0,523364,daniel-dos-anjos
20/21,Problemas cardíacos,2020-12-12,2021-03-31,110,,523364,daniel-dos-anjos
20/21,Coronavírus,2020-11-29,2020-12-11,13,2.0,523364,daniel-dos-anjos
20/21,Lesão desconhecida,2021-10-06,2021-12-07,63,5,187208,ademilson
20/21,Rotura muscular na coxa,2021-08-16,2021-09-17,33,4,187208,ademilson
19/20,Lesão na virilha,2019-10-16,2019-10-30,15,1,187208,ademilson
17/18,Lesão na virilha,2018-03-18,2018-07-11,116,19,187208,ademilson
17/18,Lesão na virilha,2017-09-16,2017-12-02,78,11,187208,ademilson
16/17,Lesão nos adutores,2017-04-09,2017-04-24,16,3,187208,ademilson
15/16,Lesão no tornozelo,2016-03-06,2016-03-18,13,3,187208,ademilson
24/25,Rotura dos ligamentos cruzados,2024-09-04,,568,31,936180,phtm
21/22,Lesão muscular,2022-05-22,2022-06-10,20,2,454256,yeferson-quintana
21/22,Lesão muscular,2021-09-06,2021-10-12,37,5,454256,yeferson-quintana
17/18,Lesão desconhecida,2018-04-30,2018-05-28,29,5,454256,yeferson-quintana
16/17,Queixas adutores,2017-05-23,2017-06-01,10,2,454256,yeferson-quintana
22/23,Queixas adutores,2023-04-17,2023-06-01,46,4,360314,geferson
18/19,Operação,2018-08-09,2018-10-31,84,13,360314,geferson
21/22,Lesão na panturrilha,2022-02-28,2022-04-25,57,13,179373,leandro-moura
17/18,Operado ao joelho,2018-05-03,2018-11-18,200,35,179373,leandro-moura
17/18,Problemas no Joelho,2018-04-24,2018-05-02,9,2,179373,leandro-moura
17/18,Patellasehnenanriss,2018-02-07,2018-03-27,49,8,179373,leandro-moura
25/26,Problemas musculares na coxa,2025-10-02,2025-11-02,32,4,347823,caio-cesar
25/26,Lesão no joelho,2026-02-03,2026-02-23,21,4,618986,alexander-diaz
19/20,Rotura do menisco,2020-01-10,2020-06-10,153,9,537928,rodrigo-rodrigues
24/25,Lesão no joelho,2024-10-25,2025-05-27,215,43,121791,eric-davis
24/25,Problemas no Joelho,2024-09-30,2024-10-20,21,5,121791,eric-davis
22/23,Problemas no Joelho,2024-09-03,2024-09-15,13,2,121791,eric-davis
22/23,Problemas na tibiotársica,2022-08-15,2022-11-12,90,16,121791,eric-davis
21/22,Doente,2022-07-12,2022-07-31,20,5,121791,eric-davis
21/22,Lesão desconhecida,2022-03-16,2022-03-31,16,2,121791,eric-davis
20/21,Lesão no joelho,2021-07-27,2021-08-10,15,3,121791,eric-davis
20/21,Coronavírus,2020-12-09,2021-02-24,78,5,121791,eric-davis
20/21,Coronavírus,2020-11-06,2020-11-19,14,3,121791,eric-davis
23/24,Lesão desconhecida,2024-05-19,2024-06-12,25,3.0,203018,alex-silva
20/21,Coronavírus,2021-05-17,2021-06-07,22,3.0,203018,alex-silva
17/18,Problemas físicos,2018-02-01,2018-02-08,8,,203018,alex-silva
17/18,Contra,2017-11-01,2017-11-17,17,4.0,203018,alex-silva
17/18,Lesão muscular,2017-08-18,2017-10-09,53,6.0,203018,alex-silva
16/17,Lesão no tornozelo,2016-08-18,2016-09-01,15,1.0,203018,alex-silva
21/22,Reação de estresse do osso,2021-10-22,2021-12-23,63,10,236952,ronaldo-mendes
21/22,Lesão no tornozelo,2021-08-23,2021-10-22,61,7,236952,ronaldo-mendes
24/25,Lesão desconhecida,2024-07-01,2024-10-25,117,12,1093907,joao-araujo
14/15,Lesão no joelho,2014-12-09,2015-04-20,133,16,189490,jonny-uchuari
14/15,Lesão no joelho,2014-10-28,2014-11-25,29,6,189490,jonny-uchuari
13/14,Lesão no joelho,2014-04-22,2014-04-30,9,1,189490,jonny-uchuari
22/23,Lesão desconhecida,2022-09-05,2022-10-05,31,3,513346,matheus-costa
21/22,Lesão desconhecida,2021-09-01,2021-10-24,54,6,513346,matheus-costa
21/22,Rotura dos ligamentos cruzados,2021-07-28,2022-05-31,308,,648812,sabit-abdulai
19/20,Rotura parcial de ligamento,2019-07-01,2020-01-01,185,25,481192,luis-haquin
24/25,Rompimento dos adutores,2025-03-21,2025-05-07,48,8,438000,agustin-gonzalez
24/25,Lesão nos adutores,2025-02-10,2025-03-03,22,2,438000,agustin-gonzalez
23/24,Lesão desconhecida,2023-12-14,2024-01-01,19,1,438000,agustin-gonzalez
23/24,Lesão desconhecida,2023-07-19,2023-08-23,36,4,438000,agustin-gonzalez
22/23,Lesão desconhecida,2023-05-03,2023-05-25,23,4,438000,agustin-gonzalez
22/23,Apendicectomia,2022-10-08,2022-11-06,30,6,438000,agustin-gonzalez
22/23,Lesão desconhecida,2023-02-23,2023-03-08,14,2,657748,matias-ocampo
22/23,Lesão desconhecida,2023-02-03,2023-02-16,14,2,657748,matias-ocampo
23/24,Lesão desconhecida,2023-10-18,2023-10-25,8,1,431784,rodrigo-pollero
21/22,Lesão desconhecida,2022-04-13,2022-04-21,9,1,431784,rodrigo-pollero
20/21,Lesão desconhecida,2021-02-03,2021-02-12,10,1,431784,rodrigo-pollero
20/21,Lesão na coxa,2020-12-21,2021-01-01,12,1,431784,rodrigo-pollero
20/21,Lesão desconhecida,2020-11-18,2020-11-23,6,1,431784,rodrigo-pollero
19/20,Lesão desconhecida,2020-02-12,2020-02-29,18,2,431784,rodrigo-pollero
19/20,Fratura do Metatarso,2019-08-21,2019-10-16,57,6,431784,rodrigo-pollero
19/20,Lesão desconhecida,2019-07-31,2019-08-06,7,1,431784,rodrigo-pollero
18/19,Lesão desconhecida,2019-04-24,2019-05-14,21,3,431784,rodrigo-pollero
18/19,Lesão desconhecida,2019-04-05,2019-04-18,14,2,431784,rodrigo-pollero
18/19,Lesão desconhecida,2019-03-07,2019-03-27,21,2,431784,rodrigo-pollero
23/24,Lesão do ligamento cruzado,2022-08-09,2023-09-15,403,56,582982,hayen-palacios
25/26,Lesão no joelho,2026-02-07,2026-03-10,32,7,1007972,elan-ricardo
24/25,Lesão desconhecida,2025-05-22,2025-06-02,12,2,1007972,elan-ricardo
24/25,Rotura muscular na coxa,2025-04-01,2025-05-14,44,7,1007972,elan-ricardo
21/22,Lesão desconhecida,2022-01-14,2022-01-26,13,1.0,225335,wallace
21/22,Lesão desconhecida,2021-12-26,2022-01-11,17,2.0,225335,wallace
21/22,Ruptura muscular na coxa,2021-11-05,2021-11-26,22,2.0,225335,wallace
21/22,Quarentena,2021-07-10,2021-07-24,15,,225335,wallace
20/21,Ruptura muscular na coxa,2021-04-21,2021-04-26,6,2.0,225335,wallace
20/21,Lesão desconhecida,2020-12-05,2020-12-13,9,2.0,225335,wallace
19/20,Lesão muscular,2020-02-21,2020-07-12,143,11.0,225335,wallace
19/20,Lesão muscular,2019-09-14,2019-10-21,38,6.0,225335,wallace
18/19,Lesão na coxa,2019-01-31,2019-03-17,46,8.0,225335,wallace
18/19,Problemas no Joelho,2019-01-12,2019-01-15,4,1.0,225335,wallace
17/18,Lesão na tíbia,2018-03-28,2018-04-02,6,1.0,225335,wallace
17/18,Lesão na tíbia,2018-02-05,2018-02-08,4,1.0,225335,wallace
17/18,Problemas musculares na coxa,2017-11-29,2017-12-06,8,1.0,225335,wallace
17/18,Ruptura muscular do músculo do perônio,2017-09-11,2017-11-24,75,14.0,225335,wallace
24/25,Lesão muscular,2025-03-25,2025-03-30,6,1,321612,ezequiel-ham
21/22,Lesão muscular,2021-09-22,2022-07-11,293,25,321612,ezequiel-ham
15/16,Fratura da tíbia e do perónio,2015-09-19,2016-11-01,410,32,321612,ezequiel-ham
22/23,Lesão muscular,2023-02-25,2023-03-17,21,3.0,411433,federico-martinez
22/23,Muskelbündelriss,2023-01-10,2023-01-28,19,,411433,federico-martinez
25/26,Lesão nos adutores,2026-02-26,,27,1,1022058,luciano-cosentino
24/25,Problemas com o tendão rotuliano,2025-02-07,2025-05-07,90,14,1022058,luciano-cosentino
19/20,Lesão desconhecida,2019-09-25,2019-11-06,43,7,190543,dener
19/20,Lesão muscular,2019-08-01,2019-08-17,17,2,190543,dener
18/19,Lesão muscular,2019-02-28,2019-03-28,29,3,190543,dener
18/19,Lesão muscular,2019-02-05,2019-02-21,17,2,190543,dener
17/18,Lesão desconhecida,2016-01-04,2017-04-03,456,61,190543,dener
22/23,Lesão no bíceps femoral,2023-06-12,2023-07-10,29,4,101253,adailton
18/19,Recuperação ritmo competitivo,2018-10-04,2018-11-28,56,7,101253,adailton
17/18,Rotura dos ligamentos cruzados,2018-03-18,2018-10-03,200,32,101253,adailton
17/18,Lesão meniscal,2018-03-18,2018-09-18,185,30,101253,adailton
25/26,Lesão desconhecida,2025-10-25,2025-12-10,47,5,1095335,jhonnatan-silva
22/23,Lesão muscular,2023-03-09,2023-03-31,23,3,150601,heber
20/21,Rotura dos ligamentos cruzados,2020-09-25,2021-09-13,354,35,150601,heber
18/19,Lesão muscular,2019-06-28,2019-07-10,13,3,150601,heber
23/24,Problemas na anca,2024-04-23,2024-06-18,57,12,339711,nathan-pelae
23/24,Lesão na anca,2024-04-01,2024-04-21,21,2,339711,nathan-pelae
22/23,Lesão do ligamento cruzado,2023-02-04,2023-12-31,331,38,339711,nathan-pelae
21/22,Rotura do menisco,2022-02-26,2022-04-14,48,5,339711,nathan-pelae
20/21,Lesão desconhecida,2021-04-09,2021-04-16,8,1,339711,nathan-pelae
19/20,Quarentena,2020-07-11,2020-07-21,11,2,339711,nathan-pelae
19/20,Lesão desconhecida,2019-07-31,2019-08-06,7,1,339711,nathan-pelae
18/19,Lesão meniscal,2019-04-15,2019-07-01,78,7,339711,nathan-pelae
18/19,Lesão meniscal,2018-09-05,2019-03-05,182,18,339711,nathan-pelae
17/18,Fibra muscular rasgado,2018-04-17,2018-04-26,10,2,339711,nathan-pelae
24/25,Fissura da banda do joelho,2025-02-24,2025-11-15,265,40,266600,yamil-asad
24/25,Lesão no joelho,2024-08-11,2024-09-11,32,3,266600,yamil-asad
18/19,Lesão no tornozelo,2018-08-28,2018-09-14,18,4,266600,yamil-asad
14/15,Meniskusschaden,2015-05-13,2015-08-01,81,2,68442,vagner
23/24,Fissura da banda,2023-08-02,2024-01-01,153,4,555431,jefferson-luis
23/24,Problemas musculares,2023-11-07,2023-11-20,14,1,415845,fernando-martinez
20/21,Lesão desconhecida,2021-01-12,2021-02-18,38,6,512127,fabricio-isidoro
19/20,Lesão desconhecida,2020-01-01,2020-02-24,55,5,512127,fabricio-isidoro
18/19,Lesão desconhecida,2018-12-01,2018-12-25,25,4,512127,fabricio-isidoro
18/19,Lesão desconhecida,2018-10-25,2018-11-12,19,3,512127,fabricio-isidoro
24/25,Meniskuseinriss,2025-04-01,2025-06-30,91,6,257456,chico-geraldes
18/19,Traumatismo,2018-12-11,2018-12-17,7,2,257456,chico-geraldes
18/19,Recuperação ritmo competitivo,2018-11-09,2018-12-03,25,4,257456,chico-geraldes
18/19,Lesão nas costas,2018-09-06,2018-11-09,65,12,257456,chico-geraldes
16/17,lesão na perna,2017-03-12,2017-03-20,9,1,257456,chico-geraldes
25/26,Lesão muscular,2026-03-09,,16,,337670,alessio-da-cruz
24/25,Operação ao pé,2024-07-01,2024-10-19,111,12.0,337670,alessio-da-cruz
23/24,Lesão desconhecida,2024-02-21,2024-02-29,9,1.0,337670,alessio-da-cruz
23/24,Operação ao tornozelo,2023-09-14,2023-11-19,67,12.0,337670,alessio-da-cruz
22/23,Lesão muscular,2022-07-24,2022-08-11,19,2.0,337670,alessio-da-cruz
21/22,Lesão muscular,2021-10-26,2021-12-01,37,6.0,337670,alessio-da-cruz
20/21,Lesão desconhecida,2020-11-03,2021-01-07,66,7.0,337670,alessio-da-cruz
19/20,Lesão desconhecida,2019-12-13,2019-12-15,3,1.0,337670,alessio-da-cruz
18/19,Lesão nos adutores,2018-03-28,2018-05-15,49,10.0,337670,alessio-da-cruz
22/23,Problemas musculares,2023-04-13,2023-05-07,25,5,375688,leo-coelho
22/23,Lesão muscular,2023-03-20,2023-03-27,8,1,375688,leo-coelho
22/23,Síndrome gripal,2022-08-19,2022-08-23,5,1,375688,leo-coelho
20/21,Lesão no joelho,2021-05-23,2021-07-27,66,7,375688,leo-coelho
25/26,Doente,2025-07-24,2025-08-06,14,2,135208,riza-durmisi
23/24,Doente,2024-03-28,2024-04-03,7,1,135208,riza-durmisi
22/23,Rotura do menisco lateral,2023-03-01,2023-05-31,92,13,135208,riza-durmisi
20/21,Lesão desconhecida,2021-02-02,2021-02-12,11,2,135208,riza-durmisi
19/20,Lesão na coxa,2019-07-13,2019-09-24,74,5,135208,riza-durmisi
18/19,Problemas musculares,2019-04-26,2019-05-03,8,1,135208,riza-durmisi
18/19,Problemas musculares na coxa,2019-02-16,2019-02-19,4,1,135208,riza-durmisi
18/19,Problemas nas costas,2018-12-25,2019-01-07,14,2,135208,riza-durmisi
18/19,Lesão no cotovelo,2018-10-04,2018-11-04,32,6,135208,riza-durmisi
17/18,Lesão muscular,2017-10-17,2017-11-07,22,4,135208,riza-durmisi
16/17,Lesão no joelho,2016-10-17,2016-11-23,38,4,135208,riza-durmisi
23/24,lesão na perna,2024-06-21,2024-09-10,82,15,225015,carlos-akapo
23/24,Lesão no pé,2024-03-04,2024-03-28,25,5,225015,carlos-akapo
22/23,Lesão muscular,2023-05-01,2023-06-02,33,5,225015,carlos-akapo
21/22,Lesão desconhecida,2021-11-22,2021-12-04,13,1,225015,carlos-akapo
21/22,Lesão desconhecida,2021-09-27,2021-10-17,21,1,225015,carlos-akapo
20/21,Lesão no joelho,2021-01-17,2021-03-15,58,9,225015,carlos-akapo
18/19,Lesão no joelho,2019-02-26,2019-12-03,281,36,225015,carlos-akapo
18/19,Lesão no joelho,2019-02-13,2019-02-20,8,1,225015,carlos-akapo
18/19,Lesão na coxa,2018-12-02,2018-12-22,21,3,225015,carlos-akapo
17/18,Lesão meniscal,2017-12-07,2018-04-19,134,21,225015,carlos-akapo
16/17,Problemas físicos,2016-10-10,2016-10-26,17,3,225015,carlos-akapo
22/23,Problemas na anca,2023-04-11,2023-05-07,27,5.0,339760,nilson-castrillon
22/23,Probleme im Fußgewölbe,2023-03-18,2023-03-20,3,1.0,339760,nilson-castrillon
22/23,Probleme im Fußgewölbe,2023-02-24,2023-02-26,3,1.0,339760,nilson-castrillon
22/23,Doente,2023-01-29,2023-01-31,3,1.0,339760,nilson-castrillon
22/23,Lesão no joelho,2022-09-15,2023-01-01,109,17.0,339760,nilson-castrillon
21/22,Problemas na tibiotársica,2022-04-10,2022-04-24,15,4.0,339760,nilson-castrillon
21/22,Problemas na tibiotársica,2022-02-21,2022-03-11,19,2.0,339760,nilson-castrillon
21/22,Lesão desconhecida,2021-12-02,2021-12-22,21,3.0,339760,nilson-castrillon
21/22,Calcanhar de Aquiles,2021-11-08,2021-12-01,24,3.0,339760,nilson-castrillon
21/22,Probleme im Fußgewölbe,2021-11-07,2021-11-09,3,1.0,339760,nilson-castrillon
21/22,Probleme im Fußgewölbe,2021-10-28,2021-10-31,4,1.0,339760,nilson-castrillon
21/22,Lesão muscular,2021-09-19,2021-10-29,41,9.0,339760,nilson-castrillon
21/22,Lesão desconhecida,2021-08-30,2021-09-14,16,2.0,339760,nilson-castrillon
21/22,Lesão no pé,2021-07-31,2021-08-26,27,5.0,339760,nilson-castrillon
20/21,Problemas na anca,2021-05-26,2021-05-31,6,1.0,339760,nilson-castrillon
20/21,Lesão na anca,2021-03-05,2021-04-04,31,8.0,339760,nilson-castrillon
20/21,Doente,2021-02-01,2021-02-03,3,,339760,nilson-castrillon
20/21,Doente,2021-01-17,2021-01-19,3,1.0,339760,nilson-castrillon
23/24,Problemas na tibiotársica,2023-10-30,2023-12-09,41,3.0,534616,nicolas-linares
23/24,Problemas no Joelho,2023-07-24,2023-08-06,14,2.0,534616,nicolas-linares
20/21,Coronavírus,2020-08-09,2020-08-23,15,,534616,nicolas-linares
16/17,Doente,2017-02-23,2017-02-27,5,1,421190,santiago-viera
16/17,Lesão meniscal,2016-08-15,2016-11-22,100,17,421190,santiago-viera
16/17,Lesão no tornozelo,2017-05-25,2017-06-13,20,3,311182,kevin-ramirez
16/17,Lesão no tornozelo,2017-03-20,2017-03-31,12,2,311182,kevin-ramirez
16/17,Problemas gástricos,2016-10-20,2016-10-25,6,1,311182,kevin-ramirez
16/17,Problemas gástricos,2016-09-27,2016-10-04,8,1,311182,kevin-ramirez
15/16,Queixas adutores,2016-05-14,2016-06-01,19,4,311182,kevin-ramirez
15/16,Queixas adutores,2016-03-18,2016-04-05,19,2,311182,kevin-ramirez
24/25,Lesão desconhecida,2024-08-10,2024-10-16,68,8,353211,vagner-dias
20/21,Lesão no tornozelo,2020-09-15,2020-10-19,35,7,353211,vagner-dias
19/20,Lesão no tornozelo,2019-11-30,2020-03-31,123,15,353211,vagner-dias
22/23,Lesão muscular,2023-06-10,2023-07-19,40,1,177562,diego-zabala
11/12,Fratura da clavícula,2011-08-28,2011-10-30,64,7,177562,diego-zabala
25/26,Lesão desconhecida,2026-02-15,2026-03-13,27,3,249975,aldair-rodriguez
21/22,Rotura muscular,2021-09-23,2021-10-01,9,1,249975,aldair-rodriguez
23/24,Muskelbündelriss,2023-09-03,2023-09-22,20,2,160139,jorge-benitez
22/23,Lesão ligamentar,2023-04-25,2023-05-30,36,6,160139,jorge-benitez
22/23,Muskelbündelriss,2023-03-21,2023-04-19,30,4,160139,jorge-benitez
24/25,Lesão desconhecida,2024-08-20,2024-11-01,74,8,530032,quaresma
23/24,Operado ao joelho,2023-08-28,2024-03-04,190,26,530032,quaresma
21/22,Lesão desconhecida,2021-09-19,2021-10-03,15,2,530032,quaresma
16/17,Lesão desconhecida,2017-05-12,2017-06-22,42,8,276925,robert-burbano
16/17,Lesão muscular,2017-01-01,2017-03-15,74,7,276925,robert-burbano
14/15,Acidente de viação,2015-04-10,2015-05-22,43,10,276925,robert-burbano
14/15,Fibra muscular rasgado,2014-10-12,2014-11-20,40,11,276925,robert-burbano
21/22,Fibra muscular rasgado,2022-04-16,2022-05-25,40,5,172142,hernani
19/20,Lesão no joelho,2020-02-07,2020-05-07,91,5,172142,hernani
18/19,Lesão nos adutores,2018-10-04,2018-10-22,19,2,172142,hernani
16/17,Problemas físicos,2016-10-25,2016-11-03,10,1,172142,hernani
15/16,Lesão do ligamento cruzado,2016-01-13,2016-02-24,43,9,172142,hernani
22/23,Rotura dos ligamentos,2022-10-20,2023-07-01,255,33,752713,luis-caceres
21/22,Lesão desconhecida,2022-03-26,2022-10-01,190,35,752713,luis-caceres
25/26,Lesão desconhecida,2025-09-16,2025-10-02,17,2,1093626,robinho
25/26,Lesão desconhecida,2025-08-12,2025-08-24,13,1,1093626,robinho
25/26,Lesão muscular,2026-01-05,2026-02-25,52,6,1114322,matheus-costa
23/24,Lesão muscular,2023-11-12,2023-12-01,20,1,728200,juan-miritello
24/25,Lesão do ligamento cruzado,2024-07-08,2025-07-01,359,37,335984,manuel-castro
22/23,Rotura dos ligamentos cruzados,2022-12-17,2023-12-31,380,37,335984,manuel-castro
19/20,Rotura dos ligamentos cruzados,2020-01-28,2021-03-01,399,47,240578,luiz-phellype
19/20,Lesão tornozelo,2019-09-12,2019-09-24,13,3,240578,luiz-phellype
15/16,Fratura da clavícula,2015-07-07,2015-08-31,56,3,240578,luiz-phellype
24/25,Entorse do tornozelo,2025-03-02,2025-03-28,27,1.0,740464,jhilmar-lora
24/25,Lesão na coxa,2024-08-26,2024-09-28,34,3.0,740464,jhilmar-lora
23/24,Distensão muscular,2024-03-12,2024-03-15,4,1.0,740464,jhilmar-lora
23/24,Traumatismo,2023-09-01,2023-09-09,9,,740464,jhilmar-lora
23/24,Lesão na coxa,2023-07-10,2023-08-05,27,4.0,740464,jhilmar-lora
22/23,Lesão no tornozelo,2022-08-22,2022-09-17,27,3.0,740464,jhilmar-lora
23/24,Lesão desconhecida,2023-08-01,2023-09-20,51,5,212216,jhonatan
20/21,Lesão desconhecida,2021-02-10,2021-03-02,21,4,212216,jhonatan
20/21,Coronavírus,2021-01-27,2021-02-09,14,3,212216,jhonatan
18/19,Braço fraturado,2019-03-11,2020-02-26,353,49,212216,jhonatan
23/24,Lesão desconhecida,2024-09-28,2025-03-14,168,21.0,796476,hernandes
23/24,lesão na perna,2024-02-14,2024-06-24,132,20.0,796476,hernandes
21/22,Rotura de ligamentos do tornozelo,2022-08-27,2022-12-31,127,10.0,796476,hernandes
20/21,Recuperação ritmo competitivo,2021-08-07,2021-08-23,17,3.0,796476,hernandes
20/21,Quarentena,2021-07-23,2021-08-06,15,2.0,796476,hernandes
20/21,Pequena lesão,2021-07-19,2021-07-21,3,,796476,hernandes
24/25,Problemas no Joelho,2025-02-23,2025-03-18,24,3,981666,junior-barreto
25/26,Lesão desconhecida,2025-06-23,2025-07-01,9,1,665978,nicolas-cabral
24/25,Lesão nos adutores,2025-04-06,2025-05-27,52,10,216375,felipe-avenatti
21/22,Lesão desconhecida,2021-08-25,2021-09-08,15,1,216375,felipe-avenatti
20/21,Coronavírus,2021-04-29,2021-05-12,14,2,216375,felipe-avenatti
20/21,Lesão desconhecida,2021-02-10,2021-02-16,7,1,216375,felipe-avenatti
19/20,Lesão desconhecida,2019-07-22,2019-09-09,50,6,216375,felipe-avenatti
17/18,Problemas cardíacos,2017-07-01,2017-12-07,160,19,216375,felipe-avenatti
14/15,Distorção do tornozelo,2015-03-03,2015-03-12,10,1,216375,felipe-avenatti
20/21,Coronavírus,2020-07-29,2020-08-20,23,,290384,berto
19/20,Gripe,2020-01-08,2020-01-13,6,1.0,290384,berto
19/20,Lesão desconhecida,2019-11-25,2019-12-04,10,1.0,290384,berto
18/19,Lesão desconhecida,2018-10-22,2018-11-28,38,5.0,290384,berto
25/26,Entorse do tornozelo,2025-11-13,2025-11-27,15,1,750753,rodrigo-saravia
22/23,Febre,2023-06-23,2023-06-28,6,1,750753,rodrigo-saravia
22/23,Entorse,2022-10-09,2022-10-14,6,1,750753,rodrigo-saravia
